DATE,TIME,TEMPERATURE,RH,WIND,WINDDIR,RS,PRESSURE,PRECIP
YYYY-MM-DD,HH:MM,C,%,m s-1,deg,W m-2,mbar,mm
2020-01-01,00:00,26.72,74.93,3.491,84.2,0,1018,0
2020-01-01,00:10,26.66,76.5,4.444,88.2,0,1018,0
2020-01-01,00:20,26.43,77.53,3.777,85.2,0,1017,0
2020-01-01,00:30,26.16,78.27,3.511,73.68,0,1017,0
2020-01-01,00:40,26.07,78.42,2.891,74.05,0,1017,0
2020-01-01,00:50,26.14,77.5,3.049,72,0,1017,0
2020-01-01,01:00,26.47,77.03,4.028,78.54,0,1017,0
2020-01-01,01:10,26.47,79.22,4.774,88.7,0,1017,0
2020-01-01,01:20,25.66,80.4,4.689,92.6,0,1017,0
2020-01-01,01:30,25.63,79.64,3.505,77.69,0,1017,0
2020-01-01,01:40,M,M,M,M,0,1016,0
2020-01-01,01:50,M,M,M,M,0,1017,0
2020-01-01,02:00,M,M,M,M,0,1016,0
2020-01-01,02:10,M,M,M,M,0,1016,0
2020-01-01,02:20,M,M,M,M,0,1016,0
2020-01-01,02:30,M,M,M,M,0,1016,0
2020-01-01,02:40,M,M,M,M,0,1016,0
2020-01-01,02:50,M,M,M,M,0,1016,0
2020-01-01,03:00,26.34,75.9,4.104,68.06,0,1015,0
2020-01-01,03:10,26.34,75.87,4.055,70.48,0,1015,0
2020-01-01,03:20,26.37,76.52,3.457,74.35,0,1015,0
2020-01-01,03:30,26.29,76.92,4.372,70.1,0,1015,0
2020-01-01,03:40,26.16,78.36,4.207,80.2,0,1015,0
2020-01-01,03:50,26.19,80.7,4.059,94.5,0,1015,0
2020-01-01,04:00,26.08,82.3,3.462,81.5,0,1015,0
2020-01-01,04:10,25.77,81.1,3.666,76.67,0,1015,0
2020-01-01,04:20,25.91,80.2,2.749,75.09,0,1015,0
2020-01-01,04:30,25.9,79.76,3.345,74.19,0,1015,0
2020-01-01,04:40,26,78,2.88,82.2,0,1015,0
2020-01-01,04:50,26.12,77.39,3.191,66.05,0,1015,0
2020-01-01,05:00,26.19,77.45,3.287,79.42,0,1015,0
2020-01-01,05:10,26.07,79.33,2.563,91.9,0,1015,0
2020-01-01,05:20,25.71,81.9,3.138,88.1,1.197,1015,0
2020-01-01,05:30,25.59,83.7,2.597,77.74,0,1015,0
2020-01-01,05:40,25.64,83.9,2.268,73.53,0,1015,0
2020-01-01,05:50,25.81,82.8,2.918,79.19,0,1015,0
2020-01-01,06:00,25.95,81.5,3.374,67.32,0,1015,0
2020-01-01,06:10,26.02,80.5,3.167,72.79,0,1015,0
2020-01-01,06:20,25.93,79.15,3.038,81.4,0,1015,0
2020-01-01,06:30,25.88,78.36,4.676,78.28,1.309,1015,0
2020-01-01,06:40,24.83,81.2,4.283,89.1,4.437,1016,0
2020-01-01,06:50,24.96,81.6,2.165,84,5.227,1016,0
2020-01-01,07:00,25.12,81.6,1.661,103.7,8.81,1016,0
2020-01-01,07:10,25.33,82.3,2.134,97.9,13.8,1016,0
2020-01-01,07:20,25.98,81.5,3.071,90.2,40.98,1016,0
2020-01-01,07:30,26.13,78.14,3.764,87.2,63.8,1017,0
2020-01-01,07:40,26.43,74.36,4.368,80.3,86.9,1017,0
2020-01-01,07:50,26.58,72.66,4.278,92,101,1017,0
2020-01-01,08:00,26.67,72.45,3.773,90.6,119.3,1017,0
2020-01-01,08:10,26.72,72,3.434,91,154.9,1017,0
2020-01-01,08:20,26.89,70.67,3.172,85.1,200.4,1017,0
2020-01-01,08:30,27.06,70.18,3.585,82.1,225,1017,0
2020-01-01,08:40,27.28,69.32,3.429,79.69,287.6,1018,0
2020-01-01,08:50,27.56,69.75,3.191,76.68,316.5,1017,0
2020-01-01,09:00,27.78,69.15,3.934,75.42,383.9,1018,0
2020-01-01,09:10,27.89,68.53,4.113,70.99,378.4,1018,0
2020-01-01,09:20,27.89,68.71,4.461,71.64,458.6,1018,0
2020-01-01,09:30,27.94,67.66,3.666,79.05,378,1018,0
2020-01-01,09:40,27.72,68.69,3.849,73.64,232.3,1018,0
2020-01-01,09:50,27.78,70.13,3.63,78.43,285.8,1018,0
2020-01-01,10:00,27.94,70.53,3.965,67.52,311.4,1018,0
2020-01-01,10:10,28.06,70.67,3.505,73.31,446.7,1018,0
2020-01-01,10:20,28.22,70.32,4.032,77.5,495.1,1018,0
2020-01-01,10:30,28.06,69.33,4.22,89.3,429.2,1017,0
2020-01-01,10:40,28.22,68.15,3.818,77.4,434.2,1018,0
2020-01-01,10:50,28.28,69.39,3.8,76.96,509,1017,0
2020-01-01,11:00,28.22,69.88,4.815,75.35,539.9,1017,0
2020-01-01,11:10,27.5,70.51,4.886,93.5,290.6,1017,0
2020-01-01,11:20,27.44,66.52,3.484,99.3,368.8,1017,0
2020-01-01,11:30,28.06,66.96,3.25,81.1,358.6,1017,0
2020-01-01,11:40,28.06,70.26,4.131,82.3,355.8,1017,0
2020-01-01,11:50,28.22,69.43,4.336,90.1,493.8,1017,0
2020-01-01,12:00,28.67,67.99,3.845,87.5,662.7,1016,0
2020-01-01,12:10,28.83,66.95,3.894,96.6,724,1016,0
2020-01-01,12:20,28.78,67,4.555,78.77,726,1016,0
2020-01-01,12:30,28.61,66.81,4.596,89.1,556.3,1016,0
2020-01-01,12:40,28.78,66.78,4.005,92.2,675,1016,0
2020-01-01,12:50,28.67,67.26,4.739,91.6,641.9,1016,0
2020-01-01,13:00,28.61,68.08,4.377,93.1,606.6,1016,0
2020-01-01,13:10,28.56,69.35,3.929,84.1,457,1016,0
2020-01-01,13:20,28.44,69.98,4.207,87.2,595.2,1016,0
2020-01-01,13:30,28.67,68.91,4.019,83.9,608.8,1015,0
2020-01-01,13:40,28.56,68.66,3.773,75.79,562.5,1015,0
2020-01-01,13:50,28.67,69.1,4.113,90.1,624.1,1015,0
2020-01-01,14:00,28.72,69.18,3.952,82.3,562.9,1015,0
2020-01-01,14:10,28.44,69.15,4.238,80.4,591.7,1015,0
2020-01-01,14:20,28.5,69.23,4.032,86.5,457.1,1015,0
2020-01-01,14:30,28.44,69.26,3.489,77.56,503.3,1015,0
2020-01-01,14:40,28.61,69.49,3.648,77.89,521.6,1015,0
2020-01-01,14:50,28.5,69.71,3.389,87.4,491.1,1015,0
2020-01-01,15:00,28.78,69.49,3.253,66.52,521.1,1015,0
2020-01-01,15:10,28.44,70.09,4.028,79.2,415.2,1015,0
2020-01-01,15:20,28.06,71.96,3.458,73.68,213.5,1015,0
2020-01-01,15:30,28.11,70.47,4.001,81.4,331.7,1015,0
2020-01-01,15:40,28.06,69.71,3.566,85,313.4,1015,0
2020-01-01,15:50,28.33,70.15,3.214,87.5,333.4,1015,0
2020-01-01,16:00,28.17,71.11,3.576,77.85,316.3,1015,0
2020-01-01,16:10,28.28,70.67,3.314,87.2,329.6,1015,0
2020-01-01,16:20,28.06,70.22,3.885,73.53,248.2,1015,0
2020-01-01,16:30,28,70.3,3.544,83.7,229.2,1015,0
2020-01-01,16:40,28.06,70.28,3.186,81.8,237.1,1015,0
2020-01-01,16:50,28.33,71.27,2.714,73.49,274.4,1015,0
2020-01-01,17:00,28.17,72.59,2.902,72,203.9,1015,0
2020-01-01,17:10,27.89,72.66,3.089,80.1,159.8,1015,0
2020-01-01,17:20,27.72,72.56,2.972,76.61,123.6,1015,0
2020-01-01,17:30,27.56,73.33,2.657,78.55,62.25,1015,0
2020-01-01,17:40,27.22,73.63,3.232,70.38,41.26,1015,0
2020-01-01,17:50,27.17,74.05,2.591,72.65,23.18,1015,0
2020-01-01,18:00,27.06,74.5,2.615,76.42,6.809,1015,0
2020-01-01,18:10,26.94,74.8,2.588,72.78,2.944,1015,0
2020-01-01,18:20,26.83,75.29,2.138,68.68,0.125,1016,0
2020-01-01,18:30,26.78,75.77,2.917,72.02,0,1016,0
2020-01-01,18:40,26.67,75.91,2.466,67.34,0,1016,0
2020-01-01,18:50,26.63,76.02,2.491,66.97,0,1016,0
2020-01-01,19:00,26.67,76.09,2.699,66.83,0,1016,0
2020-01-01,19:10,26.63,76.22,2.417,69.65,0,1016,0
2020-01-01,19:20,26.64,76.36,2.496,73.66,0,1016,0
2020-01-01,19:30,26.72,76.85,2.455,70.66,0,1016,0
2020-01-01,19:40,26.72,77.43,2.322,62.88,0,1016,0
2020-01-01,19:50,26.64,77.67,2.308,67.86,0,1016,0
2020-01-01,20:00,26.57,77.65,2.568,69.48,0,1016,0
2020-01-01,20:10,26.49,77.42,2.188,67.31,0,1017,0
2020-01-01,20:20,26.55,77.63,2.187,73.4,0,1017,0
2020-01-01,20:30,26.51,78.08,2.244,68.56,0,1017,0
2020-01-01,20:40,26.42,78.48,2.39,68.51,0,1017,0
2020-01-01,20:50,26.44,78.37,2.423,72.97,0,1017,0
2020-01-01,21:00,26.35,78.47,2.506,70.82,0,1017,0
2020-01-01,21:10,26.37,78.6,2.527,69.34,0,1017,0
2020-01-01,21:20,26.42,78.55,2.85,70.53,0,1017,0
2020-01-01,21:30,26.36,78.73,2.477,67.56,0,1017,0
2020-01-01,21:40,26.3,78.74,2.732,73.05,0,1017,0
2020-01-01,21:50,26.37,78.68,2.699,71.4,0,1017,0
2020-01-01,22:00,26.49,78.76,3.184,74.6,0,1017,0
2020-01-01,22:10,26.15,79.77,2.49,67.74,0,1017,0
2020-01-01,22:20,26.21,80.8,2.388,69.09,0,1017,0
2020-01-01,22:30,26.21,80.7,3.102,72.52,0,1017,0
2020-01-01,22:40,26.31,79.96,2.982,66.45,0,1017,0
2020-01-01,22:50,26.32,79.91,2.992,67.34,0,1017,0
2020-01-01,23:00,26.34,79.6,3.181,69.39,0,1017,0
2020-01-01,23:10,26.24,79.86,2.757,70.07,0,1017,0
2020-01-01,23:20,26.15,80.2,2.364,67.87,0,1017,0
2020-01-01,23:30,26.2,80.3,2.997,68.93,0,1017,0
2020-01-01,23:40,26.23,80.1,2.913,69.75,0,1017,0
2020-01-01,23:50,26.2,79.72,3.004,68.58,0,1017,0
2020-01-02,00:00,26.22,79.16,2.788,69.05,0,1017,0
2020-01-02,00:10,26.36,78.48,3.59,66.89,0,1017,0
2020-01-02,00:20,26.39,78.44,3.227,68.26,0,1017,0
2020-01-02,00:30,26.43,78.63,3.052,69.91,0,1017,0
2020-01-02,00:40,26.41,78.76,3.316,70.18,0,1016,0
2020-01-02,00:50,26.49,78.32,3.566,62.94,0,1016,0
2020-01-02,01:00,26.56,77.56,3.862,66.78,0,1016,0
2020-01-02,01:10,26.46,77.08,3.413,65.67,0,1016,0
2020-01-02,01:20,26.47,77.37,3.005,67.12,0,1016,0
2020-01-02,01:30,26.49,77.84,3.364,67.28,0,1016,0
2020-01-02,01:40,26.43,77.35,4.14,68.96,0,1016,0
2020-01-02,01:50,26.29,77.13,3.427,72.15,0,1016,0
2020-01-02,02:00,26.29,76.71,2.994,64.56,0,1016,0
2020-01-02,02:10,26.42,76.1,3.697,65.22,0,1016,0
2020-01-02,02:20,26.45,76.06,3.404,68.02,0,1016,0
2020-01-02,02:30,26.32,76.47,3.399,66.05,0,1016,0
2020-01-02,02:40,26.34,75.36,3.988,64.89,0,1015,0
2020-01-02,02:50,26.36,74.67,3.921,64.21,0,1015,0
2020-01-02,03:00,26.21,74,3.266,69.16,0,1015,0
2020-01-02,03:10,26.12,73.68,3.545,66.99,0,1015,0
2020-01-02,03:20,26.03,73.67,2.878,72.48,0,1015,0
2020-01-02,03:30,25.91,74.19,2.953,71.81,0,1015,0
2020-01-02,03:40,25.81,74.3,2.505,68.15,0,1015,0
2020-01-02,03:50,25.72,74.22,2.283,66.73,0,1015,0
2020-01-02,04:00,25.59,74.22,2.161,70.78,0,1015,0
2020-01-02,04:10,25.43,74.51,2.06,75.63,0,1015,0
2020-01-02,04:20,25.34,74.61,1.713,77.21,0,1014,0
2020-01-02,04:30,25.28,75.4,1.832,75.91,0,1014,0
2020-01-02,04:40,25.48,75.7,2.033,72.17,0,1014,0
2020-01-02,04:50,25.53,76.19,1.775,68.85,0,1014,0
2020-01-02,05:00,25.62,76.78,2.498,73.18,0,1014,0
2020-01-02,05:10,25.66,77.01,2.057,71.16,0,1014,0
2020-01-02,05:20,25.66,77.41,2.343,71.94,0,1014,0
2020-01-02,05:30,25.72,77.84,2.317,72.59,0,1014,0
2020-01-02,05:40,25.72,78,2.26,69.19,0,1014,0
2020-01-02,05:50,25.81,78.01,2.815,67.75,0,1014,0
2020-01-02,06:00,25.98,77.53,3.254,68.1,0,1015,0
2020-01-02,06:10,25.96,77.63,2.556,66.29,0,1015,0
2020-01-02,06:20,25.91,77.96,2.341,71.87,0,1015,0
2020-01-02,06:30,25.87,77.99,2.752,70.04,0.135,1015,0
2020-01-02,06:40,25.94,77.43,2.725,69.55,1.131,1015,0
2020-01-02,06:50,25.96,77.49,2.623,66.03,5.122,1015,0
2020-01-02,07:00,25.94,77.64,2.398,66.6,15.62,1015,0
2020-01-02,07:10,25.9,77.72,2.296,69.21,22.65,1015,0
2020-01-02,07:20,25.96,77.38,2.499,69.12,44.11,1015,0
2020-01-02,07:30,26.18,76.5,2.495,68.64,83.9,1016,0
2020-01-02,07:40,26.53,74.48,2.785,67.42,131.8,1016,0
2020-01-02,07:50,26.78,72.41,2.604,68.02,158.9,1016,0
2020-01-02,08:00,26.94,72.04,2.434,69.82,179.9,1016,0
2020-01-02,08:10,27.06,71.78,2.819,69.79,213.8,1016,0
2020-01-02,08:20,27.22,71.41,2.782,71.66,239.1,1017,0
2020-01-02,08:30,27.39,70.67,3.093,67.86,279.3,1017,0
2020-01-02,08:40,27.67,70.38,2.787,72.3,331.2,1017,0
2020-01-02,08:50,27.89,69.82,3.227,74.1,366.5,1017,0
2020-01-02,09:00,27.89,68.96,3.912,76.61,361.6,1017,0
2020-01-02,09:10,28.06,67.47,4.341,79.91,447.1,1017,0
2020-01-02,09:20,28.22,67.42,3.822,76.5,409.8,1017,0
2020-01-02,09:30,27.94,68.63,3.512,78.27,352.3,1017,0
2020-01-02,09:40,28.11,68.87,3.463,74.57,358.9,1017,0
2020-01-02,09:50,27.94,69.91,3.5,74.72,354.7,1017,0
2020-01-02,10:00,28.28,69.44,3.804,75.34,497.5,1017,0
2020-01-02,10:10,28.56,68.86,3.436,85.9,511,1017,0
2020-01-02,10:20,28.61,68.75,3.818,73.33,577.2,1017,0
2020-01-02,10:30,28.5,69.16,4.229,79.59,572.6,1017,0
2020-01-02,10:40,29.17,68.06,3.894,73.33,767.8,1017,0
2020-01-02,10:50,29.22,65.47,4.345,64.92,700.6,1017,0
2020-01-02,11:00,29.06,65.67,4.381,71.11,710.9,1017,0
2020-01-02,11:10,29.22,67,3.697,71.73,688.8,1017,0
2020-01-02,11:20,28.94,69.53,3.858,73.27,682.1,1017,0
2020-01-02,11:30,28.94,69.11,4.046,76.37,612.5,1016,0
2020-01-02,11:40,28.83,69.28,4.35,74.85,619.7,1016,0
2020-01-02,11:50,28.78,68.5,4.171,73.68,566.3,1016,0
2020-01-02,12:00,28.89,69,4.032,81.8,843,1016,0
2020-01-02,12:10,29.28,67.78,4.412,83.1,824,1016,0
2020-01-02,12:20,28.89,68.75,4.605,71.67,633.4,1015,0
2020-01-02,12:30,28.83,68.92,4.403,76.68,726.2,1015,0
2020-01-02,12:40,29,68.32,4.533,74.4,722.7,1015,0
2020-01-02,12:50,29.17,67.09,4.493,87.9,899,1015,0
2020-01-02,13:00,29.22,67.7,4.529,87.6,664.4,1015,0
2020-01-02,13:10,28.5,69.28,4.689,88.3,475.7,1015,0
2020-01-02,13:20,28.61,69.92,4.542,90.2,639.7,1014,0
2020-01-02,13:30,29,68.87,4.448,81.3,751.6,1014,0
2020-01-02,13:40,28.83,68.3,4.926,78.16,679.8,1014,0
2020-01-02,13:50,29.11,69.36,3.764,72.72,758.6,1014,0
2020-01-02,14:00,29.39,67.76,3.965,72.24,718.3,1014,0
2020-01-02,14:10,28.78,68.05,4.546,84.1,514,1014,0
2020-01-02,14:20,28.83,69.42,4.287,75.98,624.9,1014,0
2020-01-02,14:30,28.67,68.7,4.18,71.07,430.1,1014,0
2020-01-02,14:40,28.94,67.77,4.247,82.1,654.2,1014,0
2020-01-02,14:50,28.94,68.67,4.175,78.66,470.1,1014,0
2020-01-02,15:00,28.67,68.7,4.47,74.37,503.2,1013,0
2020-01-02,15:10,28.61,69.91,4.238,76.53,521,1013,0
2020-01-02,15:20,28.67,67.02,4.654,72.78,517.8,1013,0
2020-01-02,15:30,28.78,67.35,4.479,80.2,487.6,1013,0
2020-01-02,15:40,28.78,69.69,3.974,77.33,481,1013,0
2020-01-02,15:50,28.39,70.82,4.162,72.73,309.7,1013,0
2020-01-02,16:00,28.33,69.74,4.461,73.5,388,1013,0
2020-01-02,16:10,28.44,67.32,4.117,80.7,349.5,1013,0
2020-01-02,16:20,28.44,67.6,3.929,81.3,315.2,1013,0
2020-01-02,16:30,28.39,68.54,3.469,79.72,279.8,1013,0
2020-01-02,16:40,28.22,68.03,3.876,75.22,242.9,1014,0
2020-01-02,16:50,28.17,69.15,3.97,84.4,205.4,1014,0
2020-01-02,17:00,28.11,69.17,3.096,79.65,171.7,1014,0
2020-01-02,17:10,28,68.73,3.325,72.97,137.2,1014,0
2020-01-02,17:20,27.83,70.22,2.441,73.33,93.3,1014,0
2020-01-02,17:30,27.56,71.53,2.857,76.93,34.04,1014,0
2020-01-02,17:40,27.33,72.54,3.288,68.57,31.54,1014,0
2020-01-02,17:50,27.17,73.25,2.98,70.64,15.48,1014,0
2020-01-02,18:00,27.06,73.89,2.055,71.67,7.515,1014,0
2020-01-02,18:10,26.89,73.93,3.201,74.64,1.82,1014,0
2020-01-02,18:20,26.78,74.16,2.429,73.69,0.176,1014,0
2020-01-02,18:30,26.78,74.5,2.325,75.2,0,1014,0
2020-01-02,18:40,26.78,74.69,2.596,66.75,0,1015,0
2020-01-02,18:50,26.78,74.84,2.611,72.79,0,1015,0
2020-01-02,19:00,26.89,75.46,2.438,90.7,0,1015,0
2020-01-02,19:10,26.63,77.27,2.885,84.1,1.224,1015,0
2020-01-02,19:20,26.48,79.15,2.756,76.29,0.41,1015,0
2020-01-02,19:30,26.24,79.98,2.883,70.55,0.217,1015,0
2020-01-02,19:40,26.11,80.8,2.157,68.24,0.034,1015,0
2020-01-02,19:50,25.99,82.1,2.396,70.76,0,1015,0
2020-01-02,20:00,25.93,83,2.123,81.5,0,1015,0
2020-01-02,20:10,25.87,83,2.22,69.65,0,1015,0
2020-01-02,20:20,25.88,83,2.41,73.18,0,1015,0
2020-01-02,20:30,25.99,82.8,1.842,74.93,0,1015,0
2020-01-02,20:40,26.1,82.9,2.048,72.1,0,1016,0
2020-01-02,20:50,26.14,82.9,3.077,77.06,0.781,1016,0
2020-01-02,21:00,25.16,85.4,3.275,87.3,2.393,1016,0
2020-01-02,21:10,24.95,87.3,2.006,77.76,2.353,1016,0
2020-01-02,21:20,24.89,88.2,1.404,84.8,2.617,1016,0
2020-01-02,21:30,24.87,88.7,1.577,71.08,2.658,1016,0
2020-01-02,21:40,24.89,89,1.198,56.5,2.642,1016,0
2020-01-02,21:50,24.98,89.3,1.279,74.04,2.807,1016,0
2020-01-02,22:00,25.2,89.4,0.9871,89.7,2.873,1016,0
2020-01-02,22:10,25.27,89.4,1.349,82.5,2.939,1016,0
2020-01-02,22:20,25.37,89.2,1.724,68.36,3.047,1016,0
2020-01-02,22:30,25.45,89,1.823,68.15,3.193,1016,0
2020-01-02,22:40,25.49,88.9,1.986,71.7,3.206,1016,0
2020-01-02,22:50,25.6,88.7,2.181,74.25,3.072,1016,0
2020-01-02,23:00,25.55,88.2,2.017,74.25,3.506,1016,0
2020-01-02,23:10,25.53,87.9,1.759,73.5,3.266,1016,0
2020-01-02,23:20,25.54,87.6,1.717,70.51,0.894,1015,0
2020-01-02,23:30,25.57,87.5,1.187,100.8,0.386,1015,0
2020-01-02,23:40,25.54,87.5,1.359,95.9,0.274,1015,0
2020-01-02,23:50,25.52,87.2,1.798,76.4,0,1015,0
2020-01-03,00:00,25.63,86.2,2.136,78.49,0,1015,0
2020-01-03,00:10,25.76,85.5,2.114,75.74,0,1015,0
2020-01-03,00:20,25.8,85.2,2.254,69.59,0,1015,0
2020-01-03,00:30,25.87,85.5,1.955,66.4,0,1015,0
2020-01-03,00:40,25.74,85.9,3.111,69.41,0,1015,0
2020-01-03,00:50,25.26,87.1,3.215,81.1,2.491,1014,0
2020-01-03,01:00,24.66,88.3,1.656,73.96,2.923,1014,0
2020-01-03,01:10,24.62,88.9,1.526,55.86,3.111,1014,0
2020-01-03,01:20,24.67,89.3,1.525,65.13,3.052,1014,0
2020-01-03,01:30,24.76,89.5,2.191,77.79,3.296,1014,0
2020-01-03,01:40,24.84,89.9,1.8,58.03,2.49,1014,0
2020-01-03,01:50,24.91,90.3,1.057,70.83,2.437,1014,0
2020-01-03,02:00,24.96,90.5,1.036,75.45,2.52,1014,0
2020-01-03,02:10,25.03,90.8,0.7443,99.7,2.638,1014,0
2020-01-03,02:20,25.08,90.9,0.9759,70.98,2.642,1013,0
2020-01-03,02:30,25.16,91,1.366,61.55,2.695,1013,0
2020-01-03,02:40,25.32,90.9,1.632,60.82,2.827,1013,0
2020-01-03,02:50,25.39,90.8,1.768,66.76,2.959,1013,0
2020-01-03,03:00,25.41,90.8,1.876,66.06,3.117,1013,0
2020-01-03,03:10,25.42,90.7,2.046,69.39,2.987,1013,0
2020-01-03,03:20,25.39,90.2,2.489,72.65,3.003,1013,0
2020-01-03,03:30,25.18,89.2,2.66,74.92,2.827,1013,0
2020-01-03,03:40,25.28,88.2,2.662,84,2.681,1013,0
2020-01-03,03:50,25.52,87.5,2.646,75.67,3.267,1013,0
2020-01-03,04:00,25.52,86.9,2.425,64.81,2.902,1013,0
2020-01-03,04:10,25.42,85.9,2.778,69.94,2.499,1013,0
2020-01-03,04:20,25.48,84.8,2.923,71.97,1.989,1013,0
2020-01-03,04:30,25.54,84.1,2.828,66.41,0,1013,0
2020-01-03,04:40,25.57,83.4,2.921,72.58,0,1013,0
2020-01-03,04:50,25.58,82.8,2.746,67.05,0,1013,0
2020-01-03,05:00,25.55,82.4,2.655,73.35,0,1013,0
2020-01-03,05:10,25.58,81.4,2.753,71.79,0,1013,0
2020-01-03,05:20,25.53,80.9,2.549,72.81,0,1013,0
2020-01-03,05:30,25.54,80.2,2.979,71.61,0,1013,0
2020-01-03,05:40,25.57,79.38,2.623,70.04,0,1013,0
2020-01-03,05:50,25.7,77.99,2.701,63.86,0,1013,0
2020-01-03,06:00,25.73,75.54,2.608,69.21,0,1013,0
2020-01-03,06:10,25.52,75.01,2.892,75.37,0,1013,0
2020-01-03,06:20,25.43,74.49,2.899,74.29,0,1013,0
2020-01-03,06:30,25.49,73.12,2.991,70.96,0.118,1013,0
2020-01-03,06:40,25.52,73.08,2.87,71.99,1.652,1013,0
2020-01-03,06:50,25.65,73.95,2.883,68.29,4.922,1014,0
2020-01-03,07:00,25.65,75.42,2.548,72.5,9.96,1014,0
2020-01-03,07:10,25.71,75.43,3.021,69.83,20,1014,0
2020-01-03,07:20,25.96,75.06,3.247,72.1,49.67,1014,0
2020-01-03,07:30,26.16,75.31,3.144,70.08,80.2,1014,0
2020-01-03,07:40,26.1,75.38,2.861,70.32,64.04,1014,0
2020-01-03,07:50,26.35,75.4,3.979,67.32,98.4,1015,0
2020-01-03,08:00,26.53,75.53,3.018,64,162.4,1015,0
2020-01-03,08:10,26.72,73.7,3.413,65.25,184.2,1015,0
2020-01-03,08:20,27.06,72.75,2.954,65.43,203.1,1015,0
2020-01-03,08:30,27.11,73.27,2.867,64.9,250.3,1015,0
2020-01-03,08:40,27.28,73.04,3.486,65.11,333.4,1015,0
2020-01-03,08:50,27.28,72.18,3.67,62.3,243,1015,0
2020-01-03,09:00,27.61,71,4.153,62.38,415.6,1015,0
2020-01-03,09:10,27.89,70.63,4.126,63.83,445.1,1015,0
2020-01-03,09:20,28,70.88,3.554,61.83,385.5,1015,0
2020-01-03,09:30,28.11,70.16,3.742,62.24,423.2,1015,0
2020-01-03,09:40,27.61,69.73,4.533,75.06,226.1,1015,0
2020-01-03,09:50,28.06,71.77,4.524,71.59,503.3,1015,0
2020-01-03,10:00,27.44,73.84,5.852,80.1,644.8,1015,0
2020-01-03,10:10,27.33,72.97,5.172,81.2,523.8,1015,0
2020-01-03,10:20,27.17,72.98,4.283,77.24,392.1,1015,0
2020-01-03,10:30,27.5,71.68,3.513,79.76,425.4,1015,0
2020-01-03,10:40,27.89,68.86,3.334,74.3,492.7,1015,0
2020-01-03,10:50,28,67.11,3.184,56.81,483,1015,0
2020-01-03,11:00,28.06,68.2,2.904,61.06,532.8,1015,0
2020-01-03,11:10,28.61,71.24,2.625,49.53,791.6,1015,0
2020-01-03,11:20,28.33,72.4,2.652,48.69,719,1015,0
2020-01-03,11:30,28.39,71.91,2.9,50.32,722.5,1015,0
2020-01-03,11:40,28.28,72.07,2.472,45.91,699.9,1015,0
2020-01-03,11:50,28.22,71.62,2.799,49.14,609.9,1014,0
2020-01-03,12:00,28.33,70.36,3.16,48.07,627.7,1014,0
2020-01-03,12:10,28.44,70.6,2.742,46.92,598.3,1014,0
2020-01-03,12:20,28.39,71.5,2.924,53.32,458.3,1014,0
2020-01-03,12:30,28.22,70.03,3.612,53.19,483.8,1014,0
2020-01-03,12:40,28.33,70.8,2.587,53.29,427.2,1014,0
2020-01-03,12:50,28.22,71.66,2.448,50.34,309.6,1013,0
2020-01-03,13:00,28.39,70.11,3.45,54.48,748.1,1013,0
2020-01-03,13:10,29,69.53,2.417,47.18,532.2,1013,0
2020-01-03,13:20,28.06,71.45,3.506,52.22,287.2,1013,0
2020-01-03,13:30,28.22,72.09,3.042,48.81,456.6,1013,0
2020-01-03,13:40,28.11,71.57,2.975,56,364.9,1013,0
2020-01-03,13:50,28.33,71.82,2.704,54.78,582.8,1012,0
2020-01-03,14:00,28.78,69.21,3.21,55.26,592.1,1012,0
2020-01-03,14:10,28.72,68.55,2.648,51.98,578.9,1012,0
2020-01-03,14:20,28.72,64.49,3.553,57.79,589.3,1012,0
2020-01-03,14:30,28.89,65.57,4.117,59.88,624.4,1012,0
2020-01-03,14:40,28.83,66.52,3.827,59.62,465,1012,0
2020-01-03,14:50,28.67,67.7,4.403,63.32,623.6,1012,0
2020-01-03,15:00,28.72,67.24,4.023,61.61,401.1,1012,0
2020-01-03,15:10,28.33,68.06,3.938,65.33,404.5,1011,0
2020-01-03,15:20,28.33,67.89,3.777,56.71,253.3,1011,0
2020-01-03,15:30,27.78,69.81,4.175,51.92,168.8,1011,0
2020-01-03,15:40,27.94,67.39,3.929,58.81,286.3,1012,0
2020-01-03,15:50,28.22,66.93,3.639,72.07,347,1012,0
2020-01-03,16:00,28.39,65.92,3.845,63.84,341,1012,0
2020-01-03,16:10,28.22,67.34,3.545,61.36,311,1012,0
2020-01-03,16:20,27.89,69.42,3.051,68.69,173.4,1012,0
2020-01-03,16:30,28.11,68.56,3.408,59.82,233.8,1012,0
2020-01-03,16:40,28,67.4,3.903,69.45,248.1,1012,0
2020-01-03,16:50,28,66.86,3.639,56.92,205.3,1012,0
2020-01-03,17:00,27.94,67.11,3.246,69.33,173.1,1012,0
2020-01-03,17:10,27.83,68.39,3.44,67.72,135.8,1012,0
2020-01-03,17:20,27.61,68.61,3.488,60.23,93.5,1012,0
2020-01-03,17:30,27.39,69.65,3.438,67.05,33.95,1012,0
2020-01-03,17:40,27.17,70.6,3.048,70.75,22.96,1012,0
2020-01-03,17:50,27,70.87,3.008,68.27,14.01,1012,0
2020-01-03,18:00,26.89,71.2,3.017,68.89,6.895,1013,0
2020-01-03,18:10,26.67,72.19,2.788,69.86,2.136,1013,0
2020-01-03,18:20,26.65,73.17,2.933,68.81,0.039,1013,0
2020-01-03,18:30,26.58,73.53,2.74,69.24,0,1013,0
2020-01-03,18:40,26.53,73.43,3.3,69.15,0,1013,0
2020-01-03,18:50,26.57,73.13,3.35,72.45,0,1013,0
2020-01-03,19:00,26.5,73.09,2.752,67.36,0,1013,0
2020-01-03,19:10,26.4,73.26,2.802,67.1,0,1013,0
2020-01-03,19:20,26.41,73.28,3.023,70.2,0,1013,0
2020-01-03,19:30,26.41,72.92,3.053,67.29,0,1014,0
2020-01-03,19:40,26.37,72.89,2.997,69.81,0,1014,0
2020-01-03,19:50,26.36,73.13,3.048,69.59,0,1014,0
2020-01-03,20:00,26.36,73.44,3.239,66.73,0,1014,0
2020-01-03,20:10,26.32,73.54,2.938,67.12,0,1014,0
2020-01-03,20:20,26.35,74.09,2.975,70.78,0,1014,0
2020-01-03,20:30,26.34,74.55,3.301,70.47,0,1014,0
2020-01-03,20:40,26.28,74.85,3.187,70.42,0,1014,0
2020-01-03,20:50,26.33,75.06,2.68,74.23,0,1014,0
2020-01-03,21:00,26.33,75.4,2.913,70.13,0,1014,0
2020-01-03,21:10,26.33,75.43,3.331,74.18,0,1014,0
2020-01-03,21:20,26.37,75.51,2.85,71.04,0,1014,0
2020-01-03,21:30,26.27,75.6,2.885,72.89,0,1014,0
2020-01-03,21:40,26.31,75.74,2.743,68.02,0,1014,0
2020-01-03,21:50,26.26,75.77,3.197,69.4,0,1015,0
2020-01-03,22:00,26.27,75.76,3.077,69.75,0,1014,0
2020-01-03,22:10,26.22,75.56,3.208,70.25,0,1014,0
2020-01-03,22:20,26.19,75.33,2.61,70.1,0,1014,0
2020-01-03,22:30,26.2,75.46,2.6,72.92,0,1014,0
2020-01-03,22:40,26.21,75.67,2.66,71.87,0,1014,0
2020-01-03,22:50,26.12,75.46,2.602,71.84,0,1014,0
2020-01-03,23:00,26.12,75.54,2.677,72.94,0,1014,0
2020-01-03,23:10,26.12,75.63,2.747,65.7,0,1014,0
2020-01-03,23:20,26.12,75.61,2.945,70.01,0,1014,0
2020-01-03,23:30,26.08,75.99,2.372,70.39,0,1014,0
2020-01-03,23:40,26.1,75.8,2.832,67.34,0,1014,0
2020-01-03,23:50,26.04,75.61,2.593,71.01,0,1013,0
2020-01-04,00:00,26.02,75.62,2.558,68.14,0,1013,0
2020-01-04,00:10,26.01,75.92,2.646,69.77,0,1013,0
2020-01-04,00:20,26.02,75.82,2.993,70.67,0,1013,0
2020-01-04,00:30,26.06,75.77,2.503,66.53,0,1013,0
2020-01-04,00:40,26.02,76.28,2.3,67.96,0,1013,0
2020-01-04,00:50,26.1,76.36,2.394,69.39,0,1013,0
2020-01-04,01:00,26.14,76.29,2.66,68.45,0,1013,0
2020-01-04,01:10,26.09,76.42,2.519,67.5,0,1013,0
2020-01-04,01:20,26.04,76.06,2.458,71.31,0,1013,0
2020-01-04,01:30,25.94,75.53,2.564,71.05,0,1012,0
2020-01-04,01:40,25.75,74.93,2.857,68.71,0,1012,0
2020-01-04,01:50,25.79,74.44,2.909,71.75,0,1012,0
2020-01-04,02:00,25.8,74.41,2.845,67.31,0,1012,0
2020-01-04,02:10,25.83,75.33,2.376,73.85,0,1012,0
2020-01-04,02:20,25.77,75.82,2.663,69.18,0,1012,0
2020-01-04,02:30,25.68,74.8,2.462,68.94,0,1012,0
2020-01-04,02:40,25.61,74.83,2.207,71.93,0,1012,0
2020-01-04,02:50,25.58,74.99,2.068,67.64,0,1012,0
2020-01-04,03:00,25.53,75.64,1.905,71.8,0,1012,0
2020-01-04,03:10,25.51,76.12,1.563,73.39,0,1012,0
2020-01-04,03:20,25.51,76.56,1.691,75.65,0,1011,0
2020-01-04,03:30,25.73,76.72,1.932,68.13,0,1011,0
2020-01-04,03:40,25.87,76.95,2.368,72.37,0,1011,0
2020-01-04,03:50,26.02,77.1,3.495,72.44,0,1011,0
2020-01-04,04:00,25.93,77.63,2.549,69.53,0,1011,0
2020-01-04,04:10,25.91,78.76,2.14,72.46,0,1011,0
2020-01-04,04:20,25.8,79.51,2.502,65.91,0,1011,0
2020-01-04,04:30,25.87,79.82,2.386,62.54,0,1011,0
2020-01-04,04:40,25.76,80.1,2.394,67.07,0,1011,0
2020-01-04,04:50,25.72,79.75,2.602,67.72,0,1011,0
2020-01-04,05:00,25.76,79.22,2.815,67.23,0,1011,0
2020-01-04,05:10,25.72,78.41,2.845,66.85,0,1011,0
2020-01-04,05:20,25.75,77.84,2.579,64.31,0,1011,0
2020-01-04,05:30,25.69,78.15,2.739,67.94,0,1011,0
2020-01-04,05:40,25.79,78.82,2.425,68.14,0,1011,0
2020-01-04,05:50,25.73,79.3,2.61,68.59,0,1012,0
2020-01-04,06:00,25.55,78.98,2.433,70.89,0,1012,0
2020-01-04,06:10,25.58,78.45,2.088,70.84,0,1012,0
2020-01-04,06:20,25.69,78.43,2.437,65.33,0,1012,0
2020-01-04,06:30,25.83,77.77,2.736,69.23,0.068,1012,0
2020-01-04,06:40,25.96,76.89,3.166,69.28,1.847,1012,0
2020-01-04,06:50,25.91,76.7,2.964,70.84,4.479,1013,0
2020-01-04,07:00,25.88,76.48,2.819,66.76,10.49,1013,0
2020-01-04,07:10,25.94,76.4,3.016,67.18,41.2,1013,0
2020-01-04,07:20,26.19,76,3.111,74.1,53.11,1013,0
2020-01-04,07:30,26.16,75.61,3.522,69.06,40.52,1013,0
2020-01-04,07:40,26.22,74.64,2.981,67.86,52.3,1013,0
2020-01-04,07:50,26.43,74.88,2.871,66.2,79.74,1013,0
2020-01-04,08:00,26.62,74.54,3.008,63.18,75.72,1013,0
2020-01-04,08:10,26.72,73.89,3.199,62.18,118.3,1014,0
2020-01-04,08:20,26.83,73.97,2.692,70.12,179.5,1014,0
2020-01-04,08:30,27.33,71.87,3.428,76.34,328.2,1014,0
2020-01-04,08:40,27.44,69.89,3.813,67.71,262.2,1014,0
2020-01-04,08:50,27.5,71.15,3.305,73.61,299.8,1014,0
2020-01-04,09:00,27.5,72.33,3.117,68.86,149.6,1014,0
2020-01-04,09:10,27.44,73.14,3.009,62.41,333.5,1014,0
2020-01-04,09:20,28.5,71.65,3.227,60.03,601.1,1014,0
2020-01-04,09:30,28.28,70.76,3.76,74.52,458.2,1014,0
2020-01-04,09:40,28.22,70.07,3.495,73.17,468.3,1014,0
2020-01-04,09:50,28.17,70.46,4.126,76.03,461.1,1014,0
2020-01-04,10:00,28.5,68.98,3.733,71.19,595.7,1014,0
2020-01-04,10:10,28.56,66.97,4.457,85.1,630.1,1014,0
2020-01-04,10:20,28.56,66.9,4.336,79.72,619.9,1014,0
2020-01-04,10:30,28.33,68.22,4.207,75.16,434.4,1014,0
2020-01-04,10:40,28.72,68.19,4.135,67.32,611,1014,0
2020-01-04,10:50,28.5,68,4.52,79.23,617.2,1014,0
2020-01-04,11:00,28.56,69.12,3.925,71.76,573.6,1014,0
2020-01-04,11:10,28.83,65.94,4.256,54.38,756.5,1014,0
2020-01-04,11:20,28.83,66.73,4.301,77.45,684.9,1014,0
2020-01-04,11:30,28.44,68.23,4.935,75.9,617,1013,0
2020-01-04,11:40,29.28,66.57,3.979,84.4,870,1013,0
2020-01-04,11:50,29.17,66.32,4.278,76.26,747,1013,0
2020-01-04,12:00,28.72,67.36,4.649,81.6,739.4,1013,0
2020-01-04,12:10,28.83,65.93,4.569,77.69,767.2,1013,0
2020-01-04,12:20,28.83,66,4.233,74.58,852,1013,0
2020-01-04,12:30,29.17,65.25,3.867,71.66,628.2,1012,0
2020-01-04,12:40,29.22,65.43,3.413,74.66,758.4,1012,0
2020-01-04,12:50,28.89,65.3,4.117,85.6,622.7,1012,0
2020-01-04,13:00,29.28,64.23,4.01,85.2,846,1012,0
2020-01-04,13:10,29.06,64.85,4.162,82.7,706.6,1012,0
2020-01-04,13:20,29.06,63.72,4.645,78.77,775.6,1012,0
2020-01-04,13:30,28.61,64.82,4.828,89.9,670,1011,0
2020-01-04,13:40,28.83,64.62,4.698,95.3,780.5,1011,0
2020-01-04,13:50,28.94,64.66,4.578,94.1,779.1,1011,0
2020-01-04,14:00,29,65.23,4.126,86.8,707.4,1011,0
2020-01-04,14:10,28.56,66.79,4.546,76.26,374.4,1011,0
2020-01-04,14:20,28.22,68.51,4.792,72.51,578.6,1011,0
2020-01-04,14:30,29.06,66.8,3.907,67.3,749.4,1011,0
2020-01-04,14:40,28.94,66.5,3.576,66.12,514.3,1011,0
2020-01-04,14:50,29.11,66.01,3.751,74.65,619.9,1011,0
2020-01-04,15:00,28.78,63.74,4.283,71.06,550.7,1011,0
2020-01-04,15:10,28.72,63.79,4.242,74.18,529.5,1011,0
2020-01-04,15:20,28.72,65.09,3.782,76.85,531.5,1011,0
2020-01-04,15:30,28.89,63.78,4.216,85.4,526.8,1011,0
2020-01-04,15:40,28.67,65.39,3.862,71.17,468.3,1011,0
2020-01-04,15:50,28.89,64.42,3.425,78.93,433,1011,0
2020-01-04,16:00,28.61,65.93,3.559,72.08,378,1011,0
2020-01-04,16:10,28.56,64.51,3.845,67.4,373.3,1011,0
2020-01-04,16:20,28.44,65.17,3.643,71.98,325.8,1011,0
2020-01-04,16:30,28.44,64.29,3.518,81.1,281.3,1011,0
2020-01-04,16:40,28.28,65.26,3.831,78.7,263.8,1011,0
2020-01-04,16:50,28.17,65.61,3.435,78.81,212.8,1011,0
2020-01-04,17:00,27.94,66.06,3.608,77.35,180.5,1011,0
2020-01-04,17:10,27.89,66.65,2.909,69.68,138,1011,0
2020-01-04,17:20,27.72,67.68,2.877,79.37,99.2,1011,0
2020-01-04,17:30,27.44,68.67,3.159,79.83,41.06,1011,0
2020-01-04,17:40,27.22,69.34,3.014,68.08,31.44,1011,0
2020-01-04,17:50,27.06,70.71,2.733,67.93,16.25,1011,0
2020-01-04,18:00,26.89,71.24,2.433,70.88,7.299,1012,0
2020-01-04,18:10,26.78,71.9,2.616,74.68,1.9,1012,0
2020-01-04,18:20,26.61,72.35,2.426,70.02,0.054,1012,0
2020-01-04,18:30,26.56,72.68,2.188,69.68,0,1012,0
2020-01-04,18:40,26.57,73.27,2.264,71.73,0,1012,0
2020-01-04,18:50,26.51,73.84,2.507,67.25,0,1012,0
2020-01-04,19:00,26.44,74.08,2.444,70.85,0,1012,0
2020-01-04,19:10,26.41,74.45,2.009,69.28,0,1013,0
2020-01-04,19:20,26.41,74.63,2.522,70.91,0,1013,0
2020-01-04,19:30,26.37,74.67,2.168,70.42,0,1013,0
2020-01-04,19:40,26.44,74.9,1.71,68.31,0,1013,0
2020-01-04,19:50,26.56,75.16,1.842,66.41,0,1013,0
2020-01-04,20:00,26.61,75.39,2.227,72.15,0,1013,0
2020-01-04,20:10,26.66,75.8,2.479,76.8,0,1014,0
2020-01-04,20:20,26.56,76.24,2.564,69.7,0,1014,0
2020-01-04,20:30,26.48,76.1,2.985,70.02,0,1014,0
2020-01-04,20:40,26.43,75.73,2.962,69.76,0,1014,0
2020-01-04,20:50,26.42,75.52,2.907,78.38,0,1014,0
2020-01-04,21:00,26.37,75.34,3.097,75.01,0,1014,0
2020-01-04,21:10,26.28,74.94,2.493,79.45,0,1015,0
2020-01-04,21:20,26.23,75.09,2.117,83,0,1015,0
2020-01-04,21:30,26.31,75.6,3.024,68.95,0,1015,0
2020-01-04,21:40,26.19,75.54,2.614,71.87,0,1015,0
2020-01-04,21:50,26.08,75.37,2.492,73.04,0,1015,0
2020-01-04,22:00,26.12,75.27,2.587,73.18,0,1015,0
2020-01-04,22:10,26.07,75.38,2.537,72.23,0,1015,0
2020-01-04,22:20,25.94,75.1,2.129,71.88,0,1015,0
2020-01-04,22:30,25.82,75.35,1.658,76.33,0,1015,0
2020-01-04,22:40,25.88,75.29,2.185,74.46,0,1015,0
2020-01-04,22:50,25.77,75.28,1.641,89.2,0,1015,0
2020-01-04,23:00,25.82,75.34,1.823,78.26,0,1015,0
2020-01-04,23:10,25.87,75.73,2.304,75.58,0,1014,0
2020-01-04,23:20,25.86,75.93,1.62,81.9,0,1014,0
2020-01-04,23:30,25.74,76.23,1.512,77.22,0,1014,0
2020-01-04,23:40,25.72,76.17,1.701,84.1,0,1014,0
2020-01-04,23:50,25.66,75.99,1.412,81.7,0,1014,0
2020-01-05,00:00,25.66,76.25,1.22,87.9,0,1014,0
2020-01-05,00:10,25.58,76.22,1.634,75.98,0,1014,0
2020-01-05,00:20,25.62,75.51,1.675,75.11,0,1014,0
2020-01-05,00:30,25.64,75.68,1.735,75.76,0,1013,0
2020-01-05,00:40,25.61,75.95,1.407,92,0,1013,0
2020-01-05,00:50,25.55,75.94,1.729,88.4,0,1013,0
2020-01-05,01:00,25.57,75.94,1.41,89,0,1013,0
2020-01-05,01:10,25.47,75.74,1.48,86.5,0,1013,0
2020-01-05,01:20,25.46,75.5,1.638,87,0,1013,0
2020-01-05,01:30,25.33,75.75,1.363,93.2,0,1013,0
2020-01-05,01:40,25.37,76.08,1.657,100,0,1013,0
2020-01-05,01:50,25.28,76.09,1.786,100.8,0,1012,0
2020-01-05,02:00,25.23,76.27,1.737,103.5,0,1012,0
2020-01-05,02:10,25.14,76.56,1.718,93.7,0,1012,0
2020-01-05,02:20,25.16,76.78,1.435,91,0,1012,0
2020-01-05,02:30,25.12,77.12,1.374,90.7,0,1012,0
2020-01-05,02:40,25.1,77.27,1.367,96,0,1012,0
2020-01-05,02:50,25.09,77.15,1.305,113.9,0,1012,0
2020-01-05,03:00,24.94,77.3,1.222,113.7,0,1012,0
2020-01-05,03:10,24.91,77.59,1.237,110.4,0,1012,0
2020-01-05,03:20,24.86,77.6,1.157,105.3,0,1012,0
2020-01-05,03:30,24.87,77.7,1.241,104.6,0,1012,0
2020-01-05,03:40,24.77,78.18,1.039,92.3,0,1012,0
2020-01-05,03:50,24.72,78.94,1.195,96.5,0,1012,0
2020-01-05,04:00,24.57,79.18,1.114,101,0,1012,0
2020-01-05,04:10,24.55,79.14,1.335,103.1,0,1012,0
2020-01-05,04:20,24.68,79.04,1.417,103.5,0,1012,0
2020-01-05,04:30,24.68,79.41,1.3,104.5,0,1012,0
2020-01-05,04:40,24.72,79.98,1.304,104.8,0,1012,0
2020-01-05,04:50,24.7,80.3,1.376,102,0,1012,0
2020-01-05,05:00,24.73,80.5,1.471,109.8,0,1012,0
2020-01-05,05:10,24.72,80.5,1.402,105,0,1012,0
2020-01-05,05:20,24.73,80.7,1.304,103.2,0,1012,0
2020-01-05,05:30,24.72,80.9,1.376,103.4,0,1012,0
2020-01-05,05:40,24.67,81.2,1.213,102.6,0,1012,0
2020-01-05,05:50,24.63,81.4,1.173,111.3,0,1012,0
2020-01-05,06:00,24.58,81.6,1.029,105.7,0,1013,0
2020-01-05,06:10,24.57,81.9,1.056,110,0,1013,0
2020-01-05,06:20,24.57,82.1,1.01,113.7,0,1013,0
2020-01-05,06:30,24.49,82.2,0.7837,112.1,0.066,1013,0
2020-01-05,06:40,24.32,82.4,0.7193,114,1.426,1013,0
2020-01-05,06:50,24.36,82.7,0.9835,105.1,4.586,1013,0
2020-01-05,07:00,24.32,82.8,1.005,106.3,12.16,1014,0
2020-01-05,07:10,24.41,82.9,1.042,103.7,24.48,1014,0
2020-01-05,07:20,24.77,82.7,0.8977,102.7,67.8,1014,0
2020-01-05,07:30,25.27,81.8,0.7998,93.6,80.1,1014,0
2020-01-05,07:40,25.32,81.1,0.9307,114.8,73.55,1015,0
2020-01-05,07:50,25.32,81,0.5941,106.9,70.97,1015,0
2020-01-05,08:00,25.61,80.9,1.046,114.8,142.4,1015,0
2020-01-05,08:10,26.29,79.66,1.476,71.14,157.5,1015,0
2020-01-05,08:20,26.62,77.8,2.272,66.21,195,1015,0
2020-01-05,08:30,27.28,75.32,2.053,66.19,297.7,1015,0
2020-01-05,08:40,27.56,72.83,2.469,70.1,327.8,1015,0
2020-01-05,08:50,27.67,71.91,2.547,63.99,319.1,1015,0
2020-01-05,09:00,27.89,71.67,3.108,66.9,416.4,1015,0
2020-01-05,09:10,28,71.4,2.503,67.31,360.8,1015,0
2020-01-05,09:20,28.11,71.43,3.029,67.99,472.4,1015,0
2020-01-05,09:30,28.17,70.6,3.218,60.12,540.5,1015,0
2020-01-05,09:40,28.5,69.32,2.718,76.72,533.3,1015,0
2020-01-05,09:50,28.67,69.62,2.854,67.7,573.9,1015,0
2020-01-05,10:00,28.89,68.38,3.175,75.06,622.7,1015,0
2020-01-05,10:10,28.72,67.86,3.096,71.56,446.3,1015,0
2020-01-05,10:20,28.72,67.48,2.884,69.49,641.8,1015,0
2020-01-05,10:30,29.06,66.09,3.044,62.65,642.8,1015,0
2020-01-05,10:40,29.22,65.99,3.424,81.1,677.5,1015,0
2020-01-05,10:50,28.78,66.04,3.715,81.8,759.3,1015,0
2020-01-05,11:00,28.94,64.46,3.643,79.59,721.1,1015,0
2020-01-05,11:10,28.94,62.42,3.493,90.5,731.8,1015,0
2020-01-05,11:20,29.33,61.3,3.003,79.42,744.7,1015,0
2020-01-05,11:30,29.39,62.86,3.123,82.3,759.1,1014,0
2020-01-05,11:40,29.22,63.03,3.246,82.8,775.8,1014,0
2020-01-05,11:50,29.33,64.35,3.21,76.04,736.8,1014,0
2020-01-05,12:00,29.5,64.34,3.128,80.8,858,1014,0
2020-01-05,12:10,29.17,64.56,3.49,81.4,755.5,1014,0
2020-01-05,12:20,29.33,64.5,3.63,73.89,810,1014,0
2020-01-05,12:30,29.33,63.86,3.621,79.53,823,1014,0
2020-01-05,12:40,29.56,64.66,3.111,74.42,794.9,1013,0
2020-01-05,12:50,29.39,64.85,3.373,69.98,715.2,1013,0
2020-01-05,13:00,29.28,65.43,2.9,57.65,773.4,1013,0
2020-01-05,13:10,29.5,65.79,3.214,71.99,843,1013,0
2020-01-05,13:20,29.56,65.14,3.36,68.38,813,1013,0
2020-01-05,13:30,29.44,64.25,3.45,73.43,810,1013,0
2020-01-05,13:40,29.67,64.76,2.819,59.91,801,1013,0
2020-01-05,13:50,29.5,64.7,2.954,59.92,691.7,1013,0
2020-01-05,14:00,29.11,65.67,3.309,58.34,467.4,1013,0
2020-01-05,14:10,28.83,66.17,3.169,56.83,577.1,1012,0
2020-01-05,14:20,29.11,66.14,3.043,51.98,572.7,1012,0
2020-01-05,14:30,28.78,67.96,3.612,66.62,464.1,1012,0
2020-01-05,14:40,28.61,67.12,3.134,61.01,348.9,1012,0
2020-01-05,14:50,28.78,66.95,3.407,65.96,563,1012,0
2020-01-05,15:00,28.78,65.98,3.119,65.81,399.6,1012,0
2020-01-05,15:10,28.94,66.09,3.368,72.05,625.2,1012,0
2020-01-05,15:20,29.06,65.74,3.12,63.25,556.5,1012,0
2020-01-05,15:30,29.06,66.04,3.269,66.29,503.1,1012,0
2020-01-05,15:40,28.67,66.98,2.87,61.85,340.5,1012,0
2020-01-05,15:50,28.28,69.93,2.629,55.48,130,1012,0
2020-01-05,16:00,28,71.58,2.27,55.24,226.9,1012,0
2020-01-05,16:10,28.11,70.82,2.605,52.58,197.7,1013,0
2020-01-05,16:20,27.72,71.85,2.335,61.05,116.6,1013,0
2020-01-05,16:30,28,71.7,2.638,57.42,183.8,1013,0
2020-01-05,16:40,27.83,70.82,2.894,58.8,238.2,1013,0
2020-01-05,16:50,28.17,68.92,2.682,59.66,279.4,1013,0
2020-01-05,17:00,28.33,70.18,2.239,53.72,164.2,1013,0
2020-01-05,17:10,27.61,72.1,3.569,62.33,125.4,1013,0
2020-01-05,17:20,27.44,72.34,3.121,64.93,98.1,1013,0
2020-01-05,17:30,27.22,72.91,3.158,70.67,37.94,1013,0
2020-01-05,17:40,27.11,72.56,3.205,71.8,24.82,1013,0
2020-01-05,17:50,27,72.83,2.762,70.14,14.98,1014,0
2020-01-05,18:00,26.83,73.52,2.127,69.92,6.217,1014,0
2020-01-05,18:10,26.64,74.06,2.316,67.22,1.935,1014,0
2020-01-05,18:20,26.62,74.51,2.072,67.91,0.07,1014,0
2020-01-05,18:30,26.48,74.92,2.085,75.21,0,1014,0
2020-01-05,18:40,26.32,75.23,2.219,71.71,0,1014,0
2020-01-05,18:50,26.21,75.38,2.223,68.72,0,1014,0
2020-01-05,19:00,26.14,75.41,2.245,65.51,0,1014,0
2020-01-05,19:10,26.12,75.42,2.148,67.64,0,1014,0
2020-01-05,19:20,26.02,75.39,1.913,68.66,0,1014,0
2020-01-05,19:30,26.03,75.48,2.513,68.3,0,1015,0
2020-01-05,19:40,26.07,75.33,2.378,68.42,0,1015,0
2020-01-05,19:50,26.07,75.5,2.201,68.14,0,1015,0
2020-01-05,20:00,25.96,75.59,2.068,71.43,0,1015,0
2020-01-05,20:10,25.92,75.66,2.19,71.09,0,1015,0
2020-01-05,20:20,25.91,75.72,2.032,72.78,0,1015,0
2020-01-05,20:30,25.96,75.61,2.491,68.1,0,1015,0
2020-01-05,20:40,25.99,75.57,2.317,72.25,0,1015,0
2020-01-05,20:50,25.91,75.75,2.082,75.47,0,1015,0
2020-01-05,21:00,25.85,75.96,2.306,71.92,0,1015,0
2020-01-05,21:10,25.91,75.81,2.571,70.54,0,1015,0
2020-01-05,21:20,25.87,75.71,2.409,72.96,0,1016,0
2020-01-05,21:30,25.89,75.8,2.36,69.93,0,1016,0
2020-01-05,21:40,25.84,75.79,2.371,67.82,0,1016,0
2020-01-05,21:50,25.83,75.52,2.538,72.87,0,1016,0
2020-01-05,22:00,25.74,75.29,2.442,67.88,0,1016,0
2020-01-05,22:10,25.69,75.37,2.566,70.24,0,1016,0
2020-01-05,22:20,25.71,75.34,2.325,71.33,0,1016,0
2020-01-05,22:30,25.61,75.3,2.478,71.67,0,1016,0
2020-01-05,22:40,25.67,75.09,2.237,74.05,0,1016,0
2020-01-05,22:50,25.67,75.39,2.456,64.88,0,1016,0
2020-01-05,23:00,25.68,75.46,2.162,68.37,0,1016,0
2020-01-05,23:10,25.72,75.66,2.389,67.93,0,1016,0
2020-01-05,23:20,25.69,76,2.401,68.27,0,1015,0
2020-01-05,23:30,25.71,75.72,2.51,65.91,0,1015,0
2020-01-05,23:40,25.71,75.23,2.802,72.45,0,1015,0
2020-01-05,23:50,25.7,75.21,2.466,69.77,0,1015,0
2020-01-06,00:00,25.67,75.47,2.347,70.85,0,1015,0
2020-01-06,00:10,25.62,75.45,2.613,68.58,0,1015,0
2020-01-06,00:20,25.61,75.28,2.46,72.43,0,1015,0
2020-01-06,00:30,25.63,75.24,2.805,71.13,0,1015,0
2020-01-06,00:40,25.69,75.33,2.342,70.97,0,1015,0
2020-01-06,00:50,25.67,75.45,2.482,72.32,0,1015,0
2020-01-06,01:00,25.58,75.52,2.282,68.27,0,1014,0
2020-01-06,01:10,25.58,75.69,2.237,74.75,0,1014,0
2020-01-06,01:20,25.48,75.73,2.435,69.7,0,1014,0
2020-01-06,01:30,25.46,75.5,2.567,71.32,0,1014,0
2020-01-06,01:40,25.48,75.24,2.863,69.54,0,1014,0
2020-01-06,01:50,25.53,75.16,2.701,71.47,0,1014,0
2020-01-06,02:00,25.53,74.99,2.627,66.72,0,1013,0
2020-01-06,02:10,25.58,74.91,2.596,69.83,0,1013,0
2020-01-06,02:20,25.54,75.32,2.36,71.03,0,1013,0
2020-01-06,02:30,25.5,75.33,2.472,71.88,0,1013,0
2020-01-06,02:40,25.36,75.58,2.212,72.59,0,1013,0
2020-01-06,02:50,25.43,75.85,2.422,71.28,0,1013,0
2020-01-06,03:00,25.42,75.94,2.696,72.6,0,1013,0
2020-01-06,03:10,25.41,75.63,2.54,71.02,0,1012,0
2020-01-06,03:20,25.47,75.86,2.678,67.38,0,1012,0
2020-01-06,03:30,25.59,76.04,2.504,66.72,0,1012,0
2020-01-06,03:40,25.53,76.09,2.621,73.62,0,1012,0
2020-01-06,03:50,25.47,76.06,2.843,72.35,0,1012,0
2020-01-06,04:00,25.4,76.2,2.61,70.95,0,1012,0
2020-01-06,04:10,25.42,76.36,2.544,67.56,0,1012,0
2020-01-06,04:20,25.41,76.27,2.573,70.79,0,1012,0
2020-01-06,04:30,25.31,75.52,3.031,69.39,0,1012,0
2020-01-06,04:40,25.25,75.13,2.532,67.98,0,1012,0
2020-01-06,04:50,25.16,75.27,2.736,70.69,0,1012,0
2020-01-06,05:00,25.16,75,2.536,71.73,0,1012,0
2020-01-06,05:10,25.19,74.95,2.753,70.17,0,1012,0
2020-01-06,05:20,25.22,74.88,3.009,68.84,0,1013,0
2020-01-06,05:30,25.29,74.61,3.018,69.36,0,1013,0
2020-01-06,05:40,25.27,74.11,2.88,67.6,0,1013,0
2020-01-06,05:50,25.53,74.47,2.954,64.16,0,1013,0
2020-01-06,06:00,25.53,74.43,2.997,65.41,0,1014,0
2020-01-06,06:10,25.61,74.03,3.751,66.53,0,1014,0
2020-01-06,06:20,25.55,73.41,3.194,70.06,0,1014,0
2020-01-06,06:30,25.49,73.02,3.242,69.32,0.061,1015,0
2020-01-06,06:40,25.33,73.24,2.975,68.5,1.192,1015,0
2020-01-06,06:50,25.35,73.43,2.883,70.39,4.46,1015,0
2020-01-06,07:00,25.51,73.76,3.045,70.21,11.51,1015,0
2020-01-06,07:10,25.67,73.42,3.531,72.33,25.74,1015,0
2020-01-06,07:20,25.94,72.93,3.149,67.32,58.2,1015,0
2020-01-06,07:30,26.09,73.2,3.218,67.56,58.09,1015,0
2020-01-06,07:40,26.28,73.9,3.08,61.53,66.61,1015,0
2020-01-06,07:50,26.5,73.76,3.554,58.95,92.8,1016,0
2020-01-06,08:00,26.58,73.42,3.556,58.39,110.1,1016,0
2020-01-06,08:10,26.89,72.81,3.836,59.23,226.2,1016,0
2020-01-06,08:20,27.33,72.04,3.822,60.05,283,1016,0
2020-01-06,08:30,27.33,71.89,4.059,59.21,265.4,1016,0
2020-01-06,08:40,27.67,72.34,3.608,57.49,352.3,1016,0
2020-01-06,08:50,27.61,71.46,4.229,58.99,380.4,1016,0
2020-01-06,09:00,27.94,71.3,3.526,56.72,414.9,1016,0
2020-01-06,09:10,28,71.55,3.809,57.04,458.8,1016,0
2020-01-06,09:20,28,72.15,3.525,57.96,393.2,1016,0
2020-01-06,09:30,28.17,72.48,3.836,55.79,530.2,1016,0
2020-01-06,09:40,28.06,72.28,3.818,59.69,407,1016,0
2020-01-06,09:50,28.22,71.35,3.666,58.02,471.9,1016,0
2020-01-06,10:00,28.33,71.89,3.247,53.03,431.9,1016,0
2020-01-06,10:10,28,72.93,3.385,54.87,447,1016,0
2020-01-06,10:20,28.56,71.36,3.271,53.79,595,1016,0
2020-01-06,10:30,28.5,71.01,3.293,57.97,569,1016,0
2020-01-06,10:40,28.78,70.41,3.399,52.67,659,1016,0
2020-01-06,10:50,28.83,70.23,3.338,53.93,714.1,1015,0
2020-01-06,11:00,28.33,71.68,3.428,54.07,268.5,1015,0
2020-01-06,11:10,28.39,72.69,3.408,53.88,682.3,1015,0
2020-01-06,11:20,28.61,71.7,3.871,57.83,598.6,1015,0
2020-01-06,11:30,28.39,72.32,3.327,53.58,408.3,1015,0
2020-01-06,11:40,28.67,72.67,3.413,51.59,768.3,1015,0
2020-01-06,11:50,28.94,70.78,3.022,50.15,555,1014,0
2020-01-06,12:00,27.89,72.71,3.467,52.77,271.1,1014,0
2020-01-06,12:10,28.39,71.92,3.634,52.82,729.4,1014,0
2020-01-06,12:20,28.56,71.06,3.256,52.89,516.8,1014,0
2020-01-06,12:30,28.44,71.78,3.411,51.24,492.8,1014,0
2020-01-06,12:40,28.67,72.04,3.151,49.89,759,1014,0
2020-01-06,12:50,28.78,70.64,3.465,52.29,521.2,1013,0
2020-01-06,13:00,28.39,72.15,2.891,49.27,562.6,1013,0
2020-01-06,13:10,28.72,70.2,3.376,48.54,711.2,1013,0
2020-01-06,13:20,28.83,69.62,3.539,53.24,725.1,1013,0
2020-01-06,13:30,28.94,70.51,2.872,49.05,658.4,1013,0
2020-01-06,13:40,28.78,69.88,3.105,49.22,561,1013,0
2020-01-06,13:50,28.44,71.02,3.424,48.12,586.2,1013,0
2020-01-06,14:00,28.33,71.09,2.942,47.89,386.6,1013,0
2020-01-06,14:10,28.44,70.84,3.289,49.28,613.7,1013,0
2020-01-06,14:20,28.44,69.99,2.891,47.87,531.3,1012,0
2020-01-06,14:30,28.56,68.33,3.559,48.82,628.5,1012,0
2020-01-06,14:40,28.72,68.18,2.959,49.41,547.2,1012,0
2020-01-06,14:50,28.56,69.76,2.998,49.9,500.9,1012,0
2020-01-06,15:00,28.67,69.69,3.251,49.55,595.7,1012,0
2020-01-06,15:10,28.33,70.26,3.219,50.04,341.5,1012,0
2020-01-06,15:20,28.28,69.45,3.23,48.38,424.1,1012,0
2020-01-06,15:30,28.28,69.21,3.67,47.09,512.2,1012,0
2020-01-06,15:40,28.5,67.58,3.467,50.44,510.6,1012,0
2020-01-06,15:50,28.5,68.31,3.503,54.32,478.3,1012,0
2020-01-06,16:00,28.17,70.18,3.594,51.61,314.1,1012,0
2020-01-06,16:10,28.28,69.98,3.147,48.54,413.1,1012,0
2020-01-06,16:20,28.17,70.95,3.102,47.42,286.4,1012,0
2020-01-06,16:30,27.94,72.15,3.446,52.38,201.3,1013,0
2020-01-06,16:40,27.78,72.73,3.096,51.5,199.5,1013,0
2020-01-06,16:50,27.78,71.42,3.479,51.91,167,1013,0
2020-01-06,17:00,27.67,72.43,3.311,52.82,185,1013,0
2020-01-06,17:10,27.5,72.99,3.769,55.71,103.4,1013,0
2020-01-06,17:20,27.44,72.7,3.929,55.21,112.1,1013,0
2020-01-06,17:30,27.33,73.34,3.122,54.79,51.35,1013,0
2020-01-06,17:40,27.22,74.29,3.065,53.32,22.33,1013,0
2020-01-06,17:50,27.11,74.57,2.997,54.37,14.31,1013,0
2020-01-06,18:00,27.06,74.18,3.027,56.21,6.551,1013,0
2020-01-06,18:10,27.06,73.78,3.345,52.01,2.637,1014,0
2020-01-06,18:20,27.11,73.53,3.118,48.9,0.479,1014,0
2020-01-06,18:30,27.06,73.43,3.021,49.53,0,1014,0
2020-01-06,18:40,26.94,73.64,3.108,48.29,0,1014,0
2020-01-06,18:50,26.94,73.96,3.137,47.81,0,1014,0
2020-01-06,19:00,26.89,74.36,3.925,55.31,0,1014,0
2020-01-06,19:10,27,75.13,3.446,56.7,0,1014,0
2020-01-06,19:20,27.06,75.98,3.29,54.41,0,1014,0
2020-01-06,19:30,26.94,76.22,3.849,57.23,0,1014,0
2020-01-06,19:40,26.94,76.4,3.786,54.48,0,1014,0
2020-01-06,19:50,27,76.72,3.625,54.94,0,1015,0
2020-01-06,20:00,27,76.61,3.364,53.8,0,1015,0
2020-01-06,20:10,26.78,75.73,3.581,50.94,0,1015,0
2020-01-06,20:20,26.72,75.42,3.229,54.87,0,1015,0
2020-01-06,20:30,26.72,75.1,3.264,55.66,0,1015,0
2020-01-06,20:40,26.61,74.51,4.35,58.5,0,1015,0
2020-01-06,20:50,26.72,74.89,3.786,56.11,0,1015,0
2020-01-06,21:00,26.67,74.99,4.569,54.78,0,1015,0
2020-01-06,21:10,26.67,74.92,4.166,55.2,0,1015,0
2020-01-06,21:20,26.67,74.6,3.818,55.89,0,1016,0
2020-01-06,21:30,26.72,75.11,3.845,55.57,0,1016,0
2020-01-06,21:40,26.72,75.2,3.786,55.45,0,1016,0
2020-01-06,21:50,26.72,74.88,3.773,57.86,0,1016,0
2020-01-06,22:00,26.78,75.67,3.281,54.42,0,1016,0
2020-01-06,22:10,26.78,76.17,4.113,57.87,0,1016,0
2020-01-06,22:20,26.78,76.18,4.368,57.76,0,1016,0
2020-01-06,22:30,26.78,75.88,3.777,55.67,0,1016,0
2020-01-06,22:40,26.66,75.34,3.534,55.88,0,1016,0
2020-01-06,22:50,26.61,75.49,3.836,56.19,0,1016,0
2020-01-06,23:00,26.54,74.57,4.417,57.47,0,1015,0
2020-01-06,23:10,26.62,74.21,3.459,56.95,0,1015,0
2020-01-06,23:20,26.78,73.95,3.314,53.65,0,1015,0
2020-01-06,23:30,26.67,73.28,4.153,59.1,0,1015,0
2020-01-06,23:40,26.67,73.83,3.59,56.95,0,1015,0
2020-01-06,23:50,26.67,73.45,3.666,56.32,0,1015,0
2020-01-07,00:00,26.61,73.77,3.419,57.62,0,1015,0
2020-01-07,00:10,26.58,74.44,3.186,57.71,0,1015,0
2020-01-07,00:20,26.57,74.05,3.509,54.49,0,1015,0
2020-01-07,00:30,26.54,72.57,3.746,57.47,0,1015,0
2020-01-07,00:40,26.39,72.6,3.545,59.63,0,1015,0
2020-01-07,00:50,26.32,71.98,4.131,59.96,0,1015,0
2020-01-07,01:00,26.4,71.77,3.456,59.16,0,1015,0
2020-01-07,01:10,26.42,73.04,3.304,59.15,0,1014,0
2020-01-07,01:20,26.36,73.69,3.562,58.5,0,1014,0
2020-01-07,01:30,26.31,73.29,3.594,62.17,0,1014,0
2020-01-07,01:40,26.17,71.89,3.719,59.27,0,1014,0
2020-01-07,01:50,26.31,73.18,3.742,57.97,0,1014,0
2020-01-07,02:00,26.36,73.17,3.413,59.59,0,1014,0
2020-01-07,02:10,26.27,73.01,3.862,61.79,0,1014,0
2020-01-07,02:20,26.26,72.17,3.925,61.93,0,1013,0
2020-01-07,02:30,26.11,72.07,3.39,62.68,0,1013,0
2020-01-07,02:40,26.02,72.74,3.603,73.21,0,1013,0
2020-01-07,02:50,25.96,73.29,3.336,61.49,0,1012,0
2020-01-07,03:00,25.96,73.8,3.421,65.75,0,1012,0
2020-01-07,03:10,25.99,72.87,3.346,59.39,0,1012,0
2020-01-07,03:20,26.12,71.97,4.09,60.03,0,1012,0
2020-01-07,03:30,26.18,72.41,3.634,59.38,0,1012,0
2020-01-07,03:40,26.07,73.37,3.59,65.82,0,1012,0
2020-01-07,03:50,25.83,72.72,3.525,66.97,0,1012,0
2020-01-07,04:00,25.93,72.65,3.326,63.02,0,1012,0
2020-01-07,04:10,25.89,73.41,3.024,63.51,0,1012,0
2020-01-07,04:20,25.77,72.87,3.411,67.53,0,1012,0
2020-01-07,04:30,25.72,72.62,3.894,66.8,0,1012,0
2020-01-07,04:40,25.72,72.54,3.343,64.17,0,1012,0
2020-01-07,04:50,25.83,71.43,3.434,66.63,0,1012,0
2020-01-07,05:00,25.68,71.79,2.979,66.22,0,1012,0
2020-01-07,05:10,25.67,72.11,3.333,66.88,0,1012,0
2020-01-07,05:20,25.99,70.69,4.09,61.95,0,1012,0
2020-01-07,05:30,25.99,70.94,3.621,63.88,0,1012,0
2020-01-07,05:40,25.75,71.25,3.547,67.21,0,1012,0
2020-01-07,05:50,25.65,72.37,3.235,63.92,0,1013,0
2020-01-07,06:00,25.71,73.84,2.971,61.77,0,1013,0
2020-01-07,06:10,25.64,74.64,3.085,67.75,0,1013,0
2020-01-07,06:20,25.69,75.25,3.165,64.14,0,1013,0
2020-01-07,06:30,25.66,75.23,3.424,68.69,0.049,1013,0
2020-01-07,06:40,25.63,75.11,3.056,67.99,1.257,1013,0
2020-01-07,06:50,25.67,75.38,2.954,62.79,4.724,1013,0
2020-01-07,07:00,25.73,75.54,3.079,65.98,11.04,1014,0
2020-01-07,07:10,25.76,75.32,3.044,64.2,19.47,1014,0
2020-01-07,07:20,25.88,74.89,2.83,63.74,43.82,1014,0
2020-01-07,07:30,25.99,74.7,3.086,65.53,71.75,1014,0
2020-01-07,07:40,26.24,73.2,3.657,64.44,90.8,1014,0
2020-01-07,07:50,26.33,72.61,3.267,66.03,96.8,1014,0
2020-01-07,08:00,26.57,72.62,3.291,64.65,146.3,1015,0
2020-01-07,08:10,26.83,71.62,3.382,61.18,195.4,1015,0
2020-01-07,08:20,27.39,70.69,3.037,67.05,263.3,1015,0
2020-01-07,08:30,27.44,70.26,3.566,69.53,288.2,1015,0
2020-01-07,08:40,27.33,70.3,3.639,67.4,219,1015,0
2020-01-07,08:50,27.28,70,3.458,65.5,250.7,1015,0
2020-01-07,09:00,27.67,69.65,3.737,62.69,314.7,1015,0
2020-01-07,09:10,27.94,68.49,3.965,67.8,444.4,1015,0
2020-01-07,09:20,28.11,67.1,4.113,57.66,497.7,1015,0
2020-01-07,09:30,28.28,66.11,4.292,62.57,544.9,1015,0
2020-01-07,09:40,28.44,65.51,4.529,68.18,540.1,1015,0
2020-01-07,09:50,28.44,64.78,4.189,63.71,552.2,1015,0
2020-01-07,10:00,28.61,63.66,4.01,57.58,563.5,1015,0
2020-01-07,10:10,28.72,64.97,3.858,57.77,594.7,1015,0
2020-01-07,10:20,28.72,63.77,4.041,54.61,648.7,1015,0
2020-01-07,10:30,28.72,64.72,3.965,53.32,641.1,1015,0
2020-01-07,10:40,28.61,66.41,4.157,58.32,639.7,1015,0
2020-01-07,10:50,28.89,63.22,4.287,63.67,713.5,1015,0
2020-01-07,11:00,29,63.95,4.104,55.07,709.4,1015,0
2020-01-07,11:10,29.17,63.73,4.247,58.6,752.3,1014,0
2020-01-07,11:20,29,64.6,4.797,64.46,762.8,1014,0
2020-01-07,11:30,29.11,63.13,4.43,67.19,778.6,1014,0
2020-01-07,11:40,29.06,62.76,4.855,66.38,709.6,1014,0
2020-01-07,11:50,29.06,63.69,4.533,63.16,782.2,1014,0
2020-01-07,12:00,29.22,63.26,4.278,58.98,688.9,1014,0
2020-01-07,12:10,29.39,63.99,4.189,68.1,845,1013,0
2020-01-07,12:20,29.22,64.69,4.117,65.05,778.8,1013,0
2020-01-07,12:30,29,65.56,4.457,70.74,494.3,1013,0
2020-01-07,12:40,28.06,70.28,4.64,65.01,503.8,1013,0
2020-01-07,12:50,28.67,68.56,4.439,58.19,610.9,1013,0
2020-01-07,13:00,28,67.96,4.864,62.86,355.7,1013,0
2020-01-07,13:10,28.61,67.25,5.065,72.68,754.5,1013,0
2020-01-07,13:20,27.89,70.09,3.916,56.04,289.1,1013,0
2020-01-07,13:30,27.72,71.45,3.55,65.2,182.5,1013,0
2020-01-07,13:40,27.67,72.55,3.751,57.78,284,1012,0
2020-01-07,13:50,28.28,68.42,4.43,63.47,585.9,1012,0
2020-01-07,14:00,28.33,70.15,3.079,51.51,323,1012,0
2020-01-07,14:10,27.72,73.04,3.279,52.18,448.9,1012,0
2020-01-07,14:20,28.44,71.77,3.187,48.62,554.5,1012,0
2020-01-07,14:30,27.11,75.34,3.322,50.59,177,1012,0
2020-01-07,14:40,26.78,78.12,2.547,52.05,183.1,1012,0
2020-01-07,14:50,27.06,77.82,3.279,55.39,233.7,1012,0
2020-01-07,15:00,26.83,77.38,3.537,54.01,182.9,1012,0
2020-01-07,15:10,27.28,77.35,4.435,55.67,471.4,1012,0
2020-01-07,15:20,27.28,75.43,4.551,59.4,384.6,1012,0
2020-01-07,15:30,27.56,73.74,4.274,55.96,463.7,1011,0
2020-01-07,15:40,27.44,73.78,4.703,56.29,346.5,1012,0
2020-01-07,15:50,27.61,73.12,3.849,58.23,447.9,1011,0
2020-01-07,16:00,27.56,72.63,3.804,57.05,257.9,1011,0
2020-01-07,16:10,27.33,71.09,4.202,58.43,315.5,1011,0
2020-01-07,16:20,27.28,69.47,4.689,59.11,165.1,1012,0
2020-01-07,16:30,27.28,69.76,5.056,63.18,155.7,1012,0
2020-01-07,16:40,27.17,72.84,4.359,55.2,135.6,1012,0
2020-01-07,16:50,27,74.2,4.949,59.7,181.4,1012,0
2020-01-07,17:00,26.57,75.38,4.059,61.29,87.6,1012,0
2020-01-07,17:10,26.62,76.4,4.461,64.66,59.71,1012,0
2020-01-07,17:20,25.79,77.95,5.302,74.57,37.28,1012,0
2020-01-07,17:30,25.01,81,4.171,70.46,21.19,1012,0
2020-01-07,17:40,25.04,82.9,4.569,58,17.48,1013,1
2020-01-07,17:50,25.25,84.2,3.038,68.46,12.02,1013,0
2020-01-07,18:00,25.37,84.7,4.041,68.55,5.768,1013,0
2020-01-07,18:10,25.38,83.9,3.697,68.25,3.934,1013,0
2020-01-07,18:20,25.24,83.2,4.01,69,1.25,1013,0
2020-01-07,18:30,25.21,82.7,3.308,67.64,0,1013,0
2020-01-07,18:40,25.28,82.4,3.284,68.31,0,1013,0
2020-01-07,18:50,25.39,82.5,3.213,67.06,0,1013,0
2020-01-07,19:00,25.62,83,3.594,65.01,0,1013,0
2020-01-07,19:10,25.76,83.4,3.701,63.92,0,1013,0
2020-01-07,19:20,25.62,83.7,4.059,62.36,0,1013,0
2020-01-07,19:30,25.48,84.3,3.349,62.4,0,1014,0
2020-01-07,19:40,25.39,84.3,3.782,63.1,0,1014,0
2020-01-07,19:50,25.46,84.4,3.336,65.81,0,1014,0
2020-01-07,20:00,25.69,84.4,3.925,63.93,0.386,1014,0
2020-01-07,20:10,25.17,85.2,3.943,71.39,1.862,1014,0
2020-01-07,20:20,25.04,85.3,3.474,67.53,1.538,1015,0
2020-01-07,20:30,25.28,85.2,3.111,68.8,1.533,1015,0
2020-01-07,20:40,25.05,85.5,3.576,68.12,1.748,1015,0
2020-01-07,20:50,25.05,84.7,3.697,67.11,1.374,1015,0
2020-01-07,21:00,25.11,83.9,3.497,67.13,0.73,1015,0
2020-01-07,21:10,25.32,83.2,4.086,66.91,0,1015,0
2020-01-07,21:20,25.24,82.3,5.342,79.24,0,1015,0
2020-01-07,21:30,25.16,83,4.269,70.21,0,1015,0
2020-01-07,21:40,25.18,83.4,3.461,66.74,0,1015,0
2020-01-07,21:50,25.18,83.5,3.594,67.67,0,1015,0
2020-01-07,22:00,25.22,82.2,3.621,71.52,0,1015,0
2020-01-07,22:10,25.42,81.2,3.353,71.02,0,1015,0
2020-01-07,22:20,25.63,81.2,3.201,70.93,0,1015,0
2020-01-07,22:30,25.89,81.1,4.068,68.85,0,1015,0
2020-01-07,22:40,25.89,80.7,4.162,71.87,0,1015,0
2020-01-07,22:50,25.92,80.2,4.229,70.93,0,1015,0
2020-01-07,23:00,26,78.52,4.193,69,0,1015,0
2020-01-07,23:10,26.05,77.03,3.974,69.21,0,1014,0
2020-01-07,23:20,26.01,76.57,3.921,69.34,0,1014,0
2020-01-07,23:30,26.04,76.45,3.496,72.15,0,1014,0
2020-01-07,23:40,25.95,76.79,3.342,66.05,0,1013,0
2020-01-07,23:50,25.98,76.24,4.287,67.53,0,1013,0
2020-01-08,00:00,25.99,75.18,4.193,69.01,0,1013,0
2020-01-08,00:10,25.96,75.47,3.858,64.22,0,1013,0
2020-01-08,00:20,26.02,75.79,3.54,67.85,0,1013,0
2020-01-08,00:30,26.01,76.45,3.455,67.98,0,1013,0
2020-01-08,00:40,26.01,76.96,3.907,68.49,0,1013,0
2020-01-08,00:50,26.07,77.52,3.51,64.77,0,1013,0
2020-01-08,01:00,26.13,77.54,3.414,62.29,0,1013,0
2020-01-08,01:10,26.14,78.39,4.448,59.78,0,1013,0
2020-01-08,01:20,25.71,80.9,3.813,59.55,0,1013,0
2020-01-08,01:30,25.61,82.4,3.49,57.05,0,1012,0
2020-01-08,01:40,25.53,82.9,3.274,61.25,0,1012,0
2020-01-08,01:50,25.65,84.3,3.385,59.81,0,1012,0
2020-01-08,02:00,25.64,84.9,3.804,60.8,0,1012,0
2020-01-08,02:10,25.64,85,3.339,57.53,0,1012,0
2020-01-08,02:20,25.49,84.6,3.88,58.8,0.883,1012,0
2020-01-08,02:30,25.13,85.7,3.407,61.34,2.191,1012,0
2020-01-08,02:40,24.87,86.3,3.59,62.42,0.754,1012,0
2020-01-08,02:50,24.98,86.5,2.886,59.25,0.111,1012,0
2020-01-08,03:00,25.2,86.4,3.538,59.43,0.004,1012,0
2020-01-08,03:10,25.32,85.8,3.585,57.99,0,1011,0
2020-01-08,03:20,25.31,85.6,3.764,58.02,0,1011,0
2020-01-08,03:30,24.99,85.5,4.591,59.71,0.577,1011,0
2020-01-08,03:40,24.68,86.6,3.321,68.14,2.042,1011,0
2020-01-08,03:50,24.96,87.2,3.262,62.98,1.596,1011,0
2020-01-08,04:00,25.24,86.6,3.445,59.86,0.861,1011,0
2020-01-08,04:10,25.28,86.3,3.302,64.23,0.56,1011,0
2020-01-08,04:20,25.34,86,4.01,64.73,0.06,1011,0
2020-01-08,04:30,25.26,85.7,3.543,63.92,0,1011,0
2020-01-08,04:40,25.18,85.5,3.67,62.1,0,1011,0
2020-01-08,04:50,25.34,85.3,3.965,61.31,0.122,1011,0
2020-01-08,05:00,25.38,85.6,3.786,59.14,2.265,1011,0
2020-01-08,05:10,24.86,86.6,3.506,64.15,2.09,1011,0
2020-01-08,05:20,24.84,86.8,3.314,62.6,1.697,1011,0
2020-01-08,05:30,25.12,86.9,2.926,57.05,1.45,1012,0
2020-01-08,05:40,25.33,86.8,3.402,54.27,0.9,1012,0
2020-01-08,05:50,24.08,87.4,4.099,59.23,0.36,1012,0
2020-01-08,06:00,23.77,89,3.474,59.18,0.715,1012,0
2020-01-08,06:10,24.04,89.9,2.546,60.87,1.144,1012,0
2020-01-08,06:20,23.98,90.3,2.831,68.19,1.244,1012,0
2020-01-08,06:30,23.96,90.5,3.149,65.29,0.856,1012,0
2020-01-08,06:40,23.92,90.5,2.683,67.58,1.772,1013,0
2020-01-08,06:50,24.18,90.1,2.491,69.61,4.343,1013,0
2020-01-08,07:00,24.52,89.1,3.524,62.93,9.56,1013,0
2020-01-08,07:10,24.89,87.6,4.023,62.67,14.29,1013,0
2020-01-08,07:20,25.1,86.4,4.627,64.64,30.74,1013,0
2020-01-08,07:30,25.15,85.5,4.296,65.5,43.23,1013,0
2020-01-08,07:40,25.24,84.3,4.779,62.72,55.58,1013,0
2020-01-08,07:50,25.35,83.2,4.233,63.91,43.52,1014,0
2020-01-08,08:00,25.57,82.8,4.385,59.92,89.8,1014,0
2020-01-08,08:10,25.74,82.1,4.645,63.64,131.7,1014,0
2020-01-08,08:20,25.76,81.4,5.204,57.74,100.2,1015,0
2020-01-08,08:30,25.78,82.3,4.435,59.29,144.1,1015,0
2020-01-08,08:40,25.81,82.7,4.493,58.37,213.1,1015,0
2020-01-08,08:50,25.55,83,4.198,53.59,128.3,1015,0
2020-01-08,09:00,25.26,84.7,4.301,59.35,275.8,1015,0
2020-01-08,09:10,25.48,85.1,4.502,60.09,254.4,1015,0
2020-01-08,09:20,25.43,86.2,4.645,57.61,369.5,1015,0
2020-01-08,09:30,25.15,85.7,4.484,55.26,352,1015,0
2020-01-08,09:40,25.59,85,4.546,57.46,533.2,1015,0
2020-01-08,09:50,26.28,83.4,4.153,56.81,552,1015,0
2020-01-08,10:00,26.44,82.6,4.193,57.53,490.7,1015,0
2020-01-08,10:10,26.42,82.6,4.439,57.26,383.8,1015,0
2020-01-08,10:20,26.78,81,4.685,59.34,522,1015,0
2020-01-08,10:30,26.89,80.2,3.916,56.54,315.5,1014,0
2020-01-08,10:40,26.94,80.4,4.394,58.83,579.2,1014,0
2020-01-08,10:50,27.39,78.2,4.801,64.49,700.3,1014,0
2020-01-08,11:00,27.5,75.41,5.423,58.99,649.4,1014,0
2020-01-08,11:10,27.33,76.2,4.439,58,520.3,1014,0
2020-01-08,11:20,27.39,78.26,3.929,53.79,672.4,1013,0
2020-01-08,11:30,27.56,76.37,5.136,54.4,841,1013,0
2020-01-08,11:40,27.5,76.29,4.882,61.53,737.1,1013,0
2020-01-08,11:50,27.5,75.89,5.226,66.57,657,1013,0
2020-01-08,12:00,27.22,76.34,5.351,63.38,553.7,1013,0
2020-01-08,12:10,27.44,76.57,5.145,69.39,785.1,1013,0
2020-01-08,12:20,27.22,75.78,5.561,71.07,452.5,1013,0
2020-01-08,12:30,26.83,78.08,4.882,64.8,375.4,1012,0
2020-01-08,12:40,27.06,77.83,5.521,65.02,634,1012,0
2020-01-08,12:50,27.72,75.01,5.145,65.05,717,1012,0
2020-01-08,13:00,27.67,72.87,5.673,72.54,475.8,1012,0
2020-01-08,13:10,26.06,79.53,5.803,75.19,638.6,1012,0
2020-01-08,13:20,26.61,81.3,4.631,66.98,740.4,1012,0
2020-01-08,13:30,27.39,79.02,4.533,62.69,657.6,1012,0
2020-01-08,13:40,27.83,76.59,4.198,57.81,767,1011,0
2020-01-08,13:50,28,74.66,4.524,58.09,580.6,1011,0
2020-01-08,14:00,27.67,74.39,4.9,62,561.1,1011,0
2020-01-08,14:10,27.89,73.51,4.859,63.4,606.4,1011,0
2020-01-08,14:20,27.89,73.24,5.382,62.83,550.2,1011,0
2020-01-08,14:30,27.83,73.5,4.931,59.87,637.9,1011,0
2020-01-08,14:40,27.83,73.25,4.971,62.76,417.4,1011,0
2020-01-08,14:50,27.67,74.11,4.631,63.01,313.8,1011,0
2020-01-08,15:00,27.72,74.49,4.52,62.27,427.4,1011,0
2020-01-08,15:10,27.56,75.03,5.172,60.45,334.3,1011,0
2020-01-08,15:20,27.44,75.08,5.288,63.31,276.9,1011,0
2020-01-08,15:30,27.78,73.98,4.689,63.08,469.1,1011,0
2020-01-08,15:40,27.72,74.51,4.385,60.13,344,1011,0
2020-01-08,15:50,27.22,75.9,4.998,63.66,372.9,1011,0
2020-01-08,16:00,27.44,74.96,4.636,62.59,309.3,1011,0
2020-01-08,16:10,27.22,75.43,4.681,64.7,144,1011,0
2020-01-08,16:20,27.17,75.85,4.605,64.46,259,1011,0
2020-01-08,16:30,27.22,75.82,4.98,66.58,230.2,1011,0
2020-01-08,16:40,26.94,76.94,4.734,63.16,288.5,1011,0
2020-01-08,16:50,25.48,82,5.096,71.42,88.3,1011,0
2020-01-08,17:00,25.36,85.7,3.429,77.28,89.4,1011,0
2020-01-08,17:10,24.89,86.2,4.703,81.4,63.92,1012,0
2020-01-08,17:20,25.03,86.9,3.442,68.21,41.42,1012,0
2020-01-08,17:30,25.34,86.7,3.438,67.67,20.65,1012,0
2020-01-08,17:40,25.39,86.2,3.938,69.21,14.71,1012,0
2020-01-08,17:50,25.42,85.8,3.145,65.74,8.51,1012,0
2020-01-08,18:00,25.48,85.6,3.25,66.54,6.142,1012,0
2020-01-08,18:10,24.92,86.6,5.163,73.41,2.417,1012,1
2020-01-08,18:20,24.58,88,4.01,71.86,1.526,1012,0
2020-01-08,18:30,24.71,88.3,3.258,68.11,1.013,1013,0
2020-01-08,18:40,24.91,88,3.426,69.26,1.021,1013,0
2020-01-08,18:50,25.08,87.8,3.277,67.13,1.032,1013,0
2020-01-08,19:00,25.36,87.6,3.38,71.84,0.838,1013,0
2020-01-08,19:10,25.47,87.4,3.701,69.09,0.307,1013,0
2020-01-08,19:20,25.61,85.9,4.104,70.08,0,1013,0
2020-01-08,19:30,25.71,85.1,4.43,73.14,0,1013,0
2020-01-08,19:40,25.7,85.4,3.912,71.34,0,1013,0
2020-01-08,19:50,25.6,85.6,4.242,68.25,0,1014,0
2020-01-08,20:00,25.47,85.3,4.466,69.38,0,1014,0
2020-01-08,20:10,25.52,85.2,4.086,73.45,0,1014,0
2020-01-08,20:20,25.42,84.6,4.39,72.89,0,1014,0
2020-01-08,20:30,25.41,84.7,3.818,65.23,0,1014,0
2020-01-08,20:40,25.47,84.9,4.399,67.69,0,1014,0
2020-01-08,20:50,25.42,85.2,3.885,69.76,0,1014,0
2020-01-08,21:00,25.31,85.8,3.558,71.47,0,1014,0
2020-01-08,21:10,25.38,85.8,4.354,69.66,0,1014,0
2020-01-08,21:20,25.46,84.5,3.938,71.78,0,1014,0
2020-01-08,21:30,25.51,84.8,3.449,68.46,0,1014,0
2020-01-08,21:40,25.35,85.3,3.836,78.35,0,1014,0
2020-01-08,21:50,25.27,84.7,4.309,78.1,0,1014,0
2020-01-08,22:00,25.48,83.5,4.354,72.89,0,1014,0
2020-01-08,22:10,25.59,84.2,4.841,71.08,0.908,1014,0
2020-01-08,22:20,25.76,84.4,4.908,82.4,1.823,1014,0
2020-01-08,22:30,25.96,83.8,3.988,75.25,1.743,1014,0
2020-01-08,22:40,26.01,83.6,4.667,73.73,0.245,1013,0
2020-01-08,22:50,25.99,83,3.992,74.48,0,1013,0
2020-01-08,23:00,26.01,82.3,4.569,77.37,0,1013,0
2020-01-08,23:10,25.96,81.6,4.681,85.6,0,1013,0
2020-01-08,23:20,26.11,80.7,4.841,83.6,0,1013,0
2020-01-08,23:30,26.13,80.3,4.453,83.5,0,1013,0
2020-01-08,23:40,26.2,80.5,4.099,76.52,0,1013,0
2020-01-08,23:50,26.25,81,4.171,75.11,0,1013,0
2020-01-09,00:00,26.14,80.6,4.457,74.91,0,1012,0
2020-01-09,00:10,26.11,80.2,3.822,72.18,0,1012,0
2020-01-09,00:20,26.14,79.86,3.566,74.46,0,1012,0
2020-01-09,00:30,26.14,80.1,3.246,72.37,0,1012,0
2020-01-09,00:40,26.04,80.5,3.267,72.6,0,1012,0
2020-01-09,00:50,26.03,80.4,3.384,76.26,0,1012,0
2020-01-09,01:00,26.09,79.95,3.571,69.57,0,1012,0
2020-01-09,01:10,26.14,79.44,3.71,69.7,0,1012,0
2020-01-09,01:20,26.16,79.14,3.405,70.21,0,1011,0
2020-01-09,01:30,26.13,79.58,3.724,66.67,0,1011,0
2020-01-09,01:40,25.87,80.2,4.47,73.75,0,1011,0
2020-01-09,01:50,25.92,80.4,3.706,74.57,0,1011,0
2020-01-09,02:00,25.96,81.1,3.585,70.34,0,1011,0
2020-01-09,02:10,25.98,81.4,3.292,73.41,0,1011,0
2020-01-09,02:20,25.84,81.7,3.41,71.2,0,1011,0
2020-01-09,02:30,25.8,81.8,3.042,70.52,0,1011,0
2020-01-09,02:40,25.81,81.9,2.718,70.63,0,1011,0
2020-01-09,02:50,25.84,81.9,2.577,69.78,0,1011,0
2020-01-09,03:00,25.95,82.1,2.736,73.6,0,1010,0
2020-01-09,03:10,25.92,82.4,2.439,64.85,0.668,1010,0
2020-01-09,03:20,25.55,84.2,2.634,70.99,1.374,1010,0
2020-01-09,03:30,25.52,84.8,3.286,71.62,1.185,1010,0
2020-01-09,03:40,25.61,84.6,2.704,72.67,1.166,1010,0
2020-01-09,03:50,25.71,84.6,3.214,69.57,0.456,1010,0
2020-01-09,04:00,25.69,84.8,2.853,72.2,0,1010,0
2020-01-09,04:10,25.77,84.9,3.272,65.85,0,1010,0
2020-01-09,04:20,25.8,84.6,3.478,71.18,0,1010,0
2020-01-09,04:30,25.65,84.2,3.534,70.59,0,1010,0
2020-01-09,04:40,25.66,84,3.187,66.61,0,1010,0
2020-01-09,04:50,25.71,83.9,3.101,68.71,0,1010,0
2020-01-09,05:00,25.79,83.9,3.205,70.63,0,1010,0
2020-01-09,05:10,25.76,83.8,3.34,67.47,0,1010,0
2020-01-09,05:20,25.85,83.9,2.979,62.42,0,1010,0
2020-01-09,05:30,25.92,84.2,3.207,63.53,0,1011,0
2020-01-09,05:40,25.89,84.3,2.978,67.74,0,1011,0
2020-01-09,05:50,25.81,84.3,3.145,68.15,0,1011,0
2020-01-09,06:00,25.72,84.1,3.337,72.47,0,1011,0
2020-01-09,06:10,25.66,83.6,2.827,68.18,0,1011,0
2020-01-09,06:20,25.69,83.2,2.736,69.25,0,1011,0
2020-01-09,06:30,25.8,83.1,2.315,67.11,0,1011,0
2020-01-09,06:40,25.79,83.3,2.356,70.13,0.076,1012,0
2020-01-09,06:50,25.87,83.4,2.565,67.7,1.01,1012,0
2020-01-09,07:00,25.93,83.3,2.363,68.35,5.228,1012,0
2020-01-09,07:10,26.02,83.4,2.855,66.68,8.66,1012,0
2020-01-09,07:20,25.74,84.1,3.25,76.84,16.35,1012,0
2020-01-09,07:30,25.39,86.4,2.967,60.14,27.59,1012,1
2020-01-09,07:40,25.36,88.2,3.715,61.05,55.13,1012,0
2020-01-09,07:50,25.58,89,3.639,62.91,69.17,1012,0
2020-01-09,08:00,25.51,89.2,3.14,66.33,103.2,1012,0
2020-01-09,08:10,25.6,88.8,3.138,59.72,116.1,1012,0
2020-01-09,08:20,25.78,88.1,3.489,59.18,107.5,1013,0
2020-01-09,08:30,25.96,87.6,3.356,58.77,102.1,1013,0
2020-01-09,08:40,26.22,87.2,3.07,63.26,127.1,1013,0
2020-01-09,08:50,26.49,86.4,3.244,67,250.8,1013,0
2020-01-09,09:00,26.78,84.9,3.505,65.71,186.7,1013,0
2020-01-09,09:10,26.83,84.3,3.365,63.29,256.4,1013,0
2020-01-09,09:20,27,83.2,3.885,64.99,268.3,1013,0
2020-01-09,09:30,27.28,82.1,3.983,63.34,312.3,1013,0
2020-01-09,09:40,27.56,81.7,4.278,63.06,515.5,1013,0
2020-01-09,09:50,27.78,80.2,4.672,60.04,550.2,1013,0
2020-01-09,10:00,27.89,79.37,3.755,61.21,554.2,1013,0
2020-01-09,10:10,28.06,77.8,4.01,63.44,527.2,1013,0
2020-01-09,10:20,28.44,76.42,4.108,63.23,628.6,1013,0
2020-01-09,10:30,28.22,74.61,4.26,66.78,565.7,1013,0
2020-01-09,10:40,28.61,73.73,4.001,59.18,645.2,1013,0
2020-01-09,10:50,28.5,73.25,3.862,65.51,548.2,1013,0
2020-01-09,11:00,28.39,73.8,4.064,59.66,398.9,1013,0
2020-01-09,11:10,28.22,74.8,4.274,62.06,400.3,1012,0
2020-01-09,11:20,28.44,75.94,3.319,59.04,461.5,1012,0
2020-01-09,11:30,28.5,76.47,3.576,61.67,467.8,1012,0
2020-01-09,11:40,28.61,76.47,4.073,64.81,736,1012,0
2020-01-09,11:50,28.89,74.54,4.497,64.31,763.7,1012,0
2020-01-09,12:00,28.78,74.09,4.18,63.35,722.9,1011,0
2020-01-09,12:10,28.89,73.58,3.715,58.27,592.5,1011,0
2020-01-09,12:20,28.67,75.05,3.256,57.36,355.5,1011,0
2020-01-09,12:30,28.17,76.45,3.661,57.9,173.3,1011,0
2020-01-09,12:40,27.67,79.03,3.454,58.04,278.6,1011,0
2020-01-09,12:50,27.5,80,4.117,61.46,241.9,1011,0
2020-01-09,13:00,26.89,81.9,3.983,58.9,414.7,1011,0
2020-01-09,13:10,27.67,81.7,3.952,58.88,738.5,1010,0
2020-01-09,13:20,28.06,79.1,5.136,69.15,580.2,1010,0
2020-01-09,13:30,28.06,77.75,5.351,66.97,492.5,1010,0
2020-01-09,13:40,28.28,76.57,4.681,70.26,513.3,1010,0
2020-01-09,13:50,28.5,76.11,3.581,56.82,422.3,1009,0
2020-01-09,14:00,28.67,76.13,3.22,49.21,584.1,1009,0
2020-01-09,14:10,28.72,76.23,2.872,53.13,538.3,1009,0
2020-01-09,14:20,28.5,77.31,2.809,52.57,474.9,1009,0
2020-01-09,14:30,28.06,79.53,2.568,54.11,285,1009,0
2020-01-09,14:40,27.78,81.3,2.541,51.72,254.8,1009,0
2020-01-09,14:50,27.67,82.2,3.625,57.39,381.2,1009,0
2020-01-09,15:00,27.83,81.1,3.376,70.87,304.5,1009,0
2020-01-09,15:10,27.89,78.18,3.979,62,364.5,1009,0
2020-01-09,15:20,28.11,77.41,3.17,56.81,360.1,1009,0
2020-01-09,15:30,28,78.21,2.921,60.57,137.4,1009,0
2020-01-09,15:40,27.67,79.85,2.937,53.5,252.4,1009,0
2020-01-09,15:50,27.83,79.04,3.142,59,279.7,1009,0
2020-01-09,16:00,27.61,79.15,2.906,54.07,166.2,1009,0
2020-01-09,16:10,27.61,80.4,3.112,57.14,261.1,1009,0
2020-01-09,16:20,27.56,80.3,3.245,56.15,209.7,1009,0
2020-01-09,16:30,27.61,79.82,3.225,57.9,165.6,1009,0
2020-01-09,16:40,27.44,79.24,3.323,56.04,123.6,1009,0
2020-01-09,16:50,27.39,78.63,3.804,59.92,97.6,1009,0
2020-01-09,17:00,27.44,79.09,3.058,59.02,91.1,1009,0
2020-01-09,17:10,27.33,79.93,3.415,58.02,70.33,1010,0
2020-01-09,17:20,27.28,80.6,2.92,61.43,55.06,1010,0
2020-01-09,17:30,27.22,81,2.367,60.4,39.75,1010,0
2020-01-09,17:40,27.17,81.5,2.682,61,22.53,1010,0
2020-01-09,17:50,27.11,81.8,3.146,60.02,7.759,1010,0
2020-01-09,18:00,27.11,81.8,3.077,64.85,2.626,1010,0
2020-01-09,18:10,27,81.2,3.538,62.7,0.522,1010,0
2020-01-09,18:20,26.54,82.3,3.199,67.16,2.155,1010,0
2020-01-09,18:30,26.72,83.3,3.115,67.09,0.347,1011,0
2020-01-09,18:40,26.78,83.6,3.139,63.93,0,1011,0
2020-01-09,18:50,26.67,84.1,3.111,65.6,1.132,1011,0
2020-01-09,19:00,26.55,84.8,3.195,67.74,1.049,1011,0
2020-01-09,19:10,26.59,84.4,3.185,70.47,0,1011,0
2020-01-09,19:20,26.66,83.9,2.825,60.84,0,1011,0
2020-01-09,19:30,26.78,83.6,2.466,64.94,0,1011,0
2020-01-09,19:40,26.72,83.6,3.182,67,0,1011,0
2020-01-09,19:50,26.25,84.6,2.634,61.15,0,1011,0
2020-01-09,20:00,26.1,85.7,2.345,72.51,0,1011,0
2020-01-09,20:10,26.18,86.5,2.188,67.44,0,1011,0
2020-01-09,20:20,26.28,87.1,2.371,61.63,0,1012,0
2020-01-09,20:30,26.21,87.3,2.886,60.92,0,1012,0
2020-01-09,20:40,26.21,87.5,3.128,53.69,0,1012,0
2020-01-09,20:50,26.21,87.8,3.043,59.96,0,1012,0
2020-01-09,21:00,26.28,88.2,3.303,60.15,0,1012,0
2020-01-09,21:10,26.34,88.4,3.507,59.7,0,1012,0
2020-01-09,21:20,26.29,88.6,3.362,61.89,0,1012,0
2020-01-09,21:30,26.33,88.9,3.324,61.26,0,1012,0
2020-01-09,21:40,26.41,89.1,3.37,62.12,0,1012,0
2020-01-09,21:50,26.44,89.3,3.569,57.5,0,1012,0
2020-01-09,22:00,26.41,89.2,3.12,58.83,0,1012,0
2020-01-09,22:10,26.42,89.2,3.157,57.12,0,1012,0
2020-01-09,22:20,26.41,89.1,2.836,58.21,0,1012,0
2020-01-09,22:30,26.35,89.2,3.666,59.45,0,1012,0
2020-01-09,22:40,26.2,89.5,3.428,61.55,1.016,1012,0
2020-01-09,22:50,26.04,90,3.263,58.3,0.76,1011,0
2020-01-09,23:00,26.11,90.1,3.245,56.07,0,1011,0
2020-01-09,23:10,26.19,90.3,2.926,59.11,0,1011,0
2020-01-09,23:20,26.12,90.5,2.479,61.86,0,1011,0
2020-01-09,23:30,26.06,90.6,2.901,61.35,0,1011,0
2020-01-09,23:40,25.93,90.8,3.209,57.23,0,1011,0
2020-01-09,23:50,25.93,90.9,2.678,57.24,0,1011,0
2020-01-10,00:00,26.08,91.2,2.536,59.31,0,1010,0
2020-01-10,00:10,25.98,91.3,2.84,60.1,0,1010,0
2020-01-10,00:20,25.89,91.3,3.505,57.68,0,1010,0
2020-01-10,00:30,25.92,91.4,2.828,54.16,0,1010,0
2020-01-10,00:40,26.06,91.4,3.01,61.8,0,1010,0
2020-01-10,00:50,26.14,90.9,3.16,64.38,0,1010,0
2020-01-10,01:00,26.31,90.3,3.108,60.96,0,1010,0
2020-01-10,01:10,26.37,89.9,3.008,61.55,0,1010,0
2020-01-10,01:20,26.29,89.9,3.284,58.8,2.096,1010,0
2020-01-10,01:30,25.97,90.2,3.287,60.05,1.515,1009,0
2020-01-10,01:40,25.87,90.8,2.786,70.87,1.33,1009,0
2020-01-10,01:50,25.9,91.2,3.206,62.6,0.807,1009,0
2020-01-10,02:00,25.62,91.5,3.045,64.55,0.471,1009,0
2020-01-10,02:10,25.61,91.9,3.191,65.96,0.62,1009,0
2020-01-10,02:20,25.49,91.8,3.1,54.88,0.645,1009,0
2020-01-10,02:30,25.48,91.8,2.228,58.77,0.708,1009,0
2020-01-10,02:40,25.63,91.7,2.051,58.81,0.972,1009,0
2020-01-10,02:50,25.61,91.7,2.076,67.54,1.206,1008,0
2020-01-10,03:00,25.61,91.7,2.44,63.71,1.219,1008,0
2020-01-10,03:10,25.67,91.5,2.585,71.93,1.219,1008,0
2020-01-10,03:20,25.74,91.3,2.611,69.26,1.156,1008,0
2020-01-10,03:30,25.87,91.3,2.59,61.93,1.041,1008,0
2020-01-10,03:40,26.04,91.4,3.174,58.71,1.638,1008,0
2020-01-10,03:50,25.85,91.3,3.378,65.52,1.422,1008,0
2020-01-10,04:00,25.62,91.4,3.295,65.59,1.426,1008,0
2020-01-10,04:10,25.51,91.8,3.182,58.34,0.588,1008,0
2020-01-10,04:20,25.54,92.2,3.098,58.61,0.473,1008,0
2020-01-10,04:30,25.72,92.4,3.381,58.07,0.775,1008,0
2020-01-10,04:40,25.71,92.6,3.764,62.42,0.05,1008,1
2020-01-10,04:50,25.57,93.1,3.76,63.25,0.018,1008,0
2020-01-10,05:00,25.68,93.3,3.625,60.18,0.087,1008,1
2020-01-10,05:10,25.63,93.6,3.495,60.6,0.005,1009,0
2020-01-10,05:20,25.77,93.9,3.23,64.51,0.168,1009,0
2020-01-10,05:30,25.82,94.1,2.739,64.26,0.103,1009,0
2020-01-10,05:40,25.7,94.2,3.113,58.29,0,1009,1
2020-01-10,05:50,25.81,94.4,2.998,63.48,0,1009,0
2020-01-10,06:00,25.42,94.3,4.636,60.68,0,1009,2
2020-01-10,06:10,24.98,94.7,3.979,70.95,0,1009,3
2020-01-10,06:20,25.04,94.9,2.962,71.87,0,1010,1
2020-01-10,06:30,25.07,95.1,3.813,67.13,0,1010,1
2020-01-10,06:40,24.99,95,3.997,65.78,0.299,1010,1
2020-01-10,06:50,25.16,95.2,3.013,63.8,0.909,1010,0
2020-01-10,07:00,25.34,95.2,4.153,61.46,3.229,1010,0
2020-01-10,07:10,25.24,95.1,3.701,61.77,10.15,1010,0
2020-01-10,07:20,25.41,95.2,3.355,61.16,13.03,1010,0
2020-01-10,07:30,25.41,95.2,3.382,67.75,11.06,1010,2
2020-01-10,07:40,25.26,95.3,2.949,61.62,19.07,1010,0
2020-01-10,07:50,25.33,95.3,2.919,65.92,24.48,1011,2
2020-01-10,08:00,25.01,95.2,3.506,62.24,39.39,1011,0
2020-01-10,08:10,25.11,95.3,4.175,69.03,55.09,1011,1
2020-01-10,08:20,25.2,95.1,5.119,70.01,67.33,1011,0
2020-01-10,08:30,25.16,95,5.016,73.69,110.3,1011,1
2020-01-10,08:40,25.29,95,3.925,64.6,239.2,1011,0
2020-01-10,08:50,25.53,94.8,3.385,58,167.2,1011,0
2020-01-10,09:00,25.48,94.2,3.813,61.97,136.7,1011,0
2020-01-10,09:10,25.61,93.7,3.871,70.43,182.7,1011,0
2020-01-10,09:20,25.75,93.6,3.576,70.6,196.9,1011,0
2020-01-10,09:30,25.79,93.5,4.94,71.42,218,1011,0
2020-01-10,09:40,25.73,93.2,4.64,87.5,291.7,1011,0
2020-01-10,09:50,26.12,92.8,3.786,78.82,344.1,1011,0
2020-01-10,10:00,26.2,92.2,4.305,75.15,279.2,1011,0
2020-01-10,10:10,26.37,91.5,4.502,75.75,397.4,1011,0
2020-01-10,10:20,26.61,90.7,4.22,69.53,292.2,1011,0
2020-01-10,10:30,26.78,90,4.694,68.55,352.7,1011,0
2020-01-10,10:40,26.78,89,4.761,75.84,410.3,1011,0
2020-01-10,10:50,27.06,88,4.484,82.1,503.9,1011,0
2020-01-10,11:00,27.39,86.2,4.555,76.36,720.2,1011,0
2020-01-10,11:10,27.72,84.6,4.153,77.17,563.8,1011,0
2020-01-10,11:20,27.67,84.9,3.858,63.63,411.1,1010,0
2020-01-10,11:30,27.61,85.1,4.153,68.79,470.3,1010,0
2020-01-10,11:40,27.61,85.8,4.345,65.53,679.2,1010,0
2020-01-10,11:50,27.56,85,4.037,69.35,273.2,1010,0
2020-01-10,12:00,26.89,86.4,4.457,75.32,361.1,1010,0
2020-01-10,12:10,27.06,88.5,4.162,70.84,800,1010,0
2020-01-10,12:20,27.72,88.2,4.153,68.77,773.9,1009,0
2020-01-10,12:30,27.67,87.3,5.034,67.37,745,1009,0
2020-01-10,12:40,27.78,85.5,4.882,68.94,647.3,1009,0
2020-01-10,12:50,27.83,84.5,4.309,66.36,319.3,1009,0
2020-01-10,13:00,27.61,84.2,4.721,69.09,291.4,1009,0
2020-01-10,13:10,27.61,84.2,4.654,73.1,331.2,1009,0
2020-01-10,13:20,27.39,84,5.123,72.37,284.6,1009,0
2020-01-10,13:30,27.17,85.4,3.965,68.11,353.7,1008,0
2020-01-10,13:40,27.5,85.8,4.086,74.7,278.4,1008,0
2020-01-10,13:50,27.67,85,4.618,72.15,387,1008,0
2020-01-10,14:00,27.83,84,4.318,75.02,326.4,1008,0
2020-01-10,14:10,27.72,84.4,3.38,65.78,205.4,1008,0
2020-01-10,14:20,27.39,85.3,3.76,65.98,182,1008,0
2020-01-10,14:30,26.72,86.1,4.757,71.48,223.2,1008,0
2020-01-10,14:40,27.11,87.4,3.777,64.74,523,1008,0
2020-01-10,14:50,27.67,86.6,3.625,61.72,464.4,1008,0
2020-01-10,15:00,27.56,85.3,4.256,66.25,383.2,1007,0
2020-01-10,15:10,27.61,84.8,3.372,61.67,199.6,1008,0
2020-01-10,15:20,27.17,86,3.822,63.4,160.2,1008,0
2020-01-10,15:30,27.28,86,3.956,63.86,269.2,1008,0
2020-01-10,15:40,27.33,85.6,4.064,62.12,268.5,1007,0
2020-01-10,15:50,27.28,85.6,4.444,62.39,312,1008,0
2020-01-10,16:00,27.44,85.3,4.654,70.47,405.4,1008,0
2020-01-10,16:10,27.72,84.1,4.564,70.33,344.6,1008,0
2020-01-10,16:20,27.72,83.6,3.733,66.75,251.8,1008,0
2020-01-10,16:30,27.78,83.1,4.171,72.7,285.4,1008,0
2020-01-10,16:40,27.5,83.2,3.956,58.13,117.2,1008,0
2020-01-10,16:50,27.28,84.5,3.564,67.72,102.9,1008,0
2020-01-10,17:00,27.28,84.6,4.18,65.28,119,1008,0
2020-01-10,17:10,27.17,84.6,3.585,61.8,53.19,1008,0
2020-01-10,17:20,27.17,85,3.289,69.07,39.73,1008,0
2020-01-10,17:30,27.06,85.5,2.875,61.04,35.35,1008,0
2020-01-10,17:40,26.94,86.1,3.273,62.26,33.05,1008,0
2020-01-10,17:50,26.67,86.6,3.414,64.52,19.53,1008,0
2020-01-10,18:00,26.58,87.4,3.364,58.94,12.08,1008,0
2020-01-10,18:10,26.6,87.8,2.979,56.43,5.067,1008,0
2020-01-10,18:20,26.6,88,2.58,64.67,0.866,1008,0
2020-01-10,18:30,26.49,88.3,3.002,56.65,0,1009,0
2020-01-10,18:40,26.54,88.4,2.702,56.39,0,1009,0
2020-01-10,18:50,26.61,88.5,2.424,58.95,0,1009,0
2020-01-10,19:00,26.56,88.6,2.823,62.6,0,1009,0
2020-01-10,19:10,26.45,89,2.996,64.57,0.063,1009,0
2020-01-10,19:20,26.36,89.4,2.084,55.69,0.127,1009,0
2020-01-10,19:30,26.36,89.7,2.222,62.52,0,1009,0
2020-01-10,19:40,26.34,89.7,2.384,56.65,0,1010,0
2020-01-10,19:50,26.34,89.6,2.57,59.68,0,1010,0
2020-01-10,20:00,26.36,89.5,2.878,60.18,0,1010,0
2020-01-10,20:10,26.41,89.3,2.598,59.77,0,1010,0
2020-01-10,20:20,26.47,89.2,2.847,64.05,0,1010,0
2020-01-10,20:30,26.48,88.9,3.441,64.5,0,1011,0
2020-01-10,20:40,26.55,88.7,3.552,65.73,0,1011,0
2020-01-10,20:50,26.61,88.5,3.755,68.88,0,1011,0
2020-01-10,21:00,26.64,88.2,3.657,68.13,0,1011,0
2020-01-10,21:10,26.67,88.1,3.292,68.03,0,1011,0
2020-01-10,21:20,26.67,88,3.482,71.04,0,1011,0
2020-01-10,21:30,26.67,87.7,3.507,68.29,0,1011,0
2020-01-10,21:40,26.61,87.5,3.464,66.65,0,1011,0
2020-01-10,21:50,26.66,87.3,3.612,69.74,0,1011,0
2020-01-10,22:00,26.65,87.5,2.717,68.14,0,1011,0
2020-01-10,22:10,26.65,87.6,3.037,65.37,0,1011,0
2020-01-10,22:20,26.72,87.5,2.568,57.7,0,1011,0
2020-01-10,22:30,26.72,87.6,2.223,53.48,0,1011,0
2020-01-10,22:40,26.72,87.5,2.11,48.24,0,1011,0
2020-01-10,22:50,26.72,87.4,1.891,59.45,0,1011,0
2020-01-10,23:00,26.78,87.3,2.06,55.75,0,1011,0
2020-01-10,23:10,26.21,87.4,4.314,86.9,1.223,1011,0
2020-01-10,23:20,25.54,88.9,2.934,87.7,0.351,1010,0
2020-01-10,23:30,25.52,89.8,1.858,67.03,0.546,1010,0
2020-01-10,23:40,25.71,90,1.802,65.85,0.678,1010,0
2020-01-10,23:50,25.96,90.1,1.754,59.77,0.799,1010,0
2020-01-11,00:00,26.17,90.1,1.711,82.3,0.902,1010,0
2020-01-11,00:10,26.26,90.1,1.725,78.64,1.026,1010,0
2020-01-11,00:20,26.27,90,1.382,70.24,0.984,1010,0
2020-01-11,00:30,26.3,89.7,2.106,75.14,0.892,1010,0
2020-01-11,00:40,26.32,89.4,1.791,74.03,0.86,1010,0
2020-01-11,00:50,26.33,89.2,1.992,70.46,1.105,1010,0
2020-01-11,01:00,26.36,89,1.606,97,0.42,1009,0
2020-01-11,01:10,26.31,89,1.108,105.7,0,1010,0
2020-01-11,01:20,26.32,88.8,2.079,65.55,0,1009,0
2020-01-11,01:30,26.34,88.5,2.192,66.99,0,1009,0
2020-01-11,01:40,26.41,88.2,2.239,58.65,0,1009,0
2020-01-11,01:50,26.42,87.9,1.937,62.22,0,1009,0
2020-01-11,02:00,26.41,87.8,1.663,64.09,0,1009,0
2020-01-11,02:10,26.42,87.7,1.906,67.07,0,1009,0
2020-01-11,02:20,26.43,87.6,2.423,71.62,0,1009,0
2020-01-11,02:30,26.46,87.5,2.402,70.46,0,1009,0
2020-01-11,02:40,26.41,87.3,2.756,74.62,0,1008,0
2020-01-11,02:50,26.41,87.3,2.836,76.93,0,1008,0
2020-01-11,03:00,26.47,87.3,2.27,66.32,0,1008,0
2020-01-11,03:10,26.43,87.5,2.07,67.13,0,1008,0
2020-01-11,03:20,26.44,87.6,2.404,71.33,0,1008,0
2020-01-11,03:30,26.43,87.9,2.258,79.79,0,1008,0
2020-01-11,03:40,26.31,87.9,2.638,85,0,1008,0
2020-01-11,03:50,26.24,87.5,2.569,90.5,0,1008,0
2020-01-11,04:00,26.21,87.3,2.715,89.6,0,1008,0
2020-01-11,04:10,26.28,87.3,3.237,91.8,0,1008,0
2020-01-11,04:20,26.32,87.1,2.651,85,0,1008,0
2020-01-11,04:30,26.27,86.9,2.791,81.4,0,1008,0
2020-01-11,04:40,26.27,86.8,2.235,86.3,0,1008,0
2020-01-11,04:50,26.31,86.9,2.504,78.04,0,1008,0
2020-01-11,05:00,26.34,87.1,2.431,81.9,0,1008,0
2020-01-11,05:10,26.45,87.2,2.715,77.63,0,1008,0
2020-01-11,05:20,26.41,87.6,2.289,76.31,0,1008,0
2020-01-11,05:30,26.37,87.8,2.338,75.05,0,1008,0
2020-01-11,05:40,26.37,87.5,2.219,82.8,0,1008,0
2020-01-11,05:50,26.43,87.5,1.868,74.62,0,1008,0
2020-01-11,06:00,26.43,87.4,2.148,70.81,0,1008,0
2020-01-11,06:10,26.45,87.2,2.108,69.71,0,1009,0
2020-01-11,06:20,26.51,87.1,2.023,85.2,0,1009,0
2020-01-11,06:30,26.47,87,1.852,81.9,0,1009,0
2020-01-11,06:40,26.46,86.7,1.636,82.3,0.194,1009,0
2020-01-11,06:50,26.41,86.5,1.782,88.7,1.457,1009,0
2020-01-11,07:00,26.4,86.7,2.014,93.1,13.3,1009,0
2020-01-11,07:10,26.4,87,2.487,101.1,20.85,1010,0
2020-01-11,07:20,26.41,86.8,2.93,98.9,23.15,1010,0
2020-01-11,07:30,26.57,86.6,2.101,90.5,49.19,1010,0
2020-01-11,07:40,26.78,86.2,2.554,79.4,58.1,1010,0
2020-01-11,07:50,26.89,85.7,2.347,90.2,75.73,1010,0
2020-01-11,08:00,26.94,85.4,2.716,76.63,69.44,1010,0
2020-01-11,08:10,27.11,85,2.751,84.7,78.43,1010,0
2020-01-11,08:20,27.17,84.7,2.476,84.5,106.9,1011,0
2020-01-11,08:30,27.28,84.2,3.006,86.4,145.1,1011,0
2020-01-11,08:40,27.33,83.8,2.927,82.1,85,1011,0
2020-01-11,08:50,27.33,83.7,3.317,78.97,148,1011,0
2020-01-11,09:00,27.44,83.4,2.678,81.8,110.6,1011,0
2020-01-11,09:10,27.5,83.1,3.585,73.81,149.2,1011,0
2020-01-11,09:20,27.89,82.7,3.208,74.11,483.1,1011,0
2020-01-11,09:30,27.94,81.4,3.28,83,188.6,1011,0
2020-01-11,09:40,27.67,81.5,3.49,77.53,363.9,1011,0
2020-01-11,09:50,28.17,81.8,2.939,78.27,554.8,1011,0
2020-01-11,10:00,28.11,81,3.421,87.7,338.6,1011,0
2020-01-11,10:10,28.22,80.9,3.167,86.6,441.9,1011,0
2020-01-11,10:20,28.39,79.86,3.804,90.5,533.5,1011,0
2020-01-11,10:30,28.33,79.77,3.549,90.2,454,1011,0
2020-01-11,10:40,28.28,79.7,3.359,79.34,379,1011,0
2020-01-11,10:50,28.22,79.78,2.983,87.7,208.1,1010,0
2020-01-11,11:00,28.39,79.93,3.156,82.6,540.3,1010,0
2020-01-11,11:10,28.72,77.84,3.643,84.9,545.5,1010,0
2020-01-11,11:20,28.5,77.89,3.284,83.5,367.3,1010,0
2020-01-11,11:30,28.39,77.71,3.436,87,392.5,1010,0
2020-01-11,11:40,28.39,77.64,3.34,82.4,281.7,1010,0
2020-01-11,11:50,28.17,78.68,3.35,83.6,267.2,1010,0
2020-01-11,12:00,28.22,78.87,3.889,96.1,398.9,1010,0
2020-01-11,12:10,28.5,77.98,3.316,101,375.9,1010,0
2020-01-11,12:20,28.56,77.95,3.246,92.7,362.4,1009,0
2020-01-11,12:30,28.5,77.36,3.368,90.4,303.5,1009,0
2020-01-11,12:40,28.33,77.72,3.277,87.5,258.6,1009,0
2020-01-11,12:50,28.5,77.83,3.149,88.8,458.4,1009,0
2020-01-11,13:00,28.67,76.83,3.795,78.09,564.2,1009,0
2020-01-11,13:10,27.22,79.2,3.189,70.96,213.9,1009,0
2020-01-11,13:20,27.33,83.5,2.467,70.29,397.2,1008,0
2020-01-11,13:30,27.83,82.2,3.346,68.4,670.9,1008,0
2020-01-11,13:40,28.39,79.5,3.724,66.45,661.8,1008,0
2020-01-11,13:50,28.44,78.7,3.084,82.7,679.2,1008,0
2020-01-11,14:00,28.78,77.17,2.898,75.42,727.7,1008,0
2020-01-11,14:10,28.83,76.42,3.282,76.71,674.5,1008,0
2020-01-11,14:20,28.89,76.64,3.284,74.62,621.8,1008,0
2020-01-11,14:30,28.89,76.39,3.023,82.1,619.1,1007,0
2020-01-11,14:40,28.94,76.13,3.078,84.1,553.8,1007,0
2020-01-11,14:50,29,76.13,3.258,78.11,634.3,1007,0
2020-01-11,15:00,28.83,75.85,3.443,85.1,480.3,1007,0
2020-01-11,15:10,28.5,76.69,2.885,96.2,447.9,1007,0
2020-01-11,15:20,28.61,76.54,3.017,89.5,280,1007,0
2020-01-11,15:30,28.61,76.96,3.249,78.68,423.1,1007,0
2020-01-11,15:40,28.56,77.41,2.956,89.4,302.9,1007,0
2020-01-11,15:50,28.67,77.84,2.87,78.85,435.6,1007,0
2020-01-11,16:00,28.5,77.6,3.14,92.1,266.1,1007,0
2020-01-11,16:10,28.33,78.24,2.751,89.4,216.6,1008,0
2020-01-11,16:20,28.22,78.92,2.864,73.93,230,1008,0
2020-01-11,16:30,28.56,78.81,2.787,75.36,363.4,1008,0
2020-01-11,16:40,28.28,78.87,2.776,73.33,253.8,1008,0
2020-01-11,16:50,28.44,78.8,2.53,75.28,231.9,1008,0
2020-01-11,17:00,28.33,78.77,2.587,79.03,188.9,1008,0
2020-01-11,17:10,28.06,79.39,2.652,76.65,93.6,1008,0
2020-01-11,17:20,28.06,80,2.425,83.4,100,1008,0
2020-01-11,17:30,27.78,80.7,2.459,87.4,52.55,1008,0
2020-01-11,17:40,27.72,81.2,2.2,93.6,45.31,1008,0
2020-01-11,17:50,27.61,81.7,2.709,87.8,21.42,1008,0
2020-01-11,18:00,27.44,82.2,2.43,84.6,8.67,1008,0
2020-01-11,18:10,27.28,82.9,1.726,77.03,3.58,1008,0
2020-01-11,18:20,27.17,83.6,1.707,79.15,0.8,1008,0
2020-01-11,18:30,27.11,84.2,1.779,84.9,0,1008,0
2020-01-11,18:40,27.11,84.4,1.794,95.6,0,1008,0
2020-01-11,18:50,27.11,84.6,1.822,83.1,0,1008,0
2020-01-11,19:00,27.06,84.7,2.069,70.01,0,1008,0
2020-01-11,19:10,27.06,84.6,2.007,66.68,0,1009,0
2020-01-11,19:20,27.06,84.6,0.9102,60.71,0,1009,0
2020-01-11,19:30,26.94,84.9,1.207,66.72,0,1009,0
2020-01-11,19:40,26.94,85.1,1.272,64.03,0,1009,0
2020-01-11,19:50,26.89,85.4,1.378,59.64,0,1009,0
2020-01-11,20:00,26.89,85.7,1.276,61,0,1009,0
2020-01-11,20:10,26.89,85.9,1.293,59.19,0,1009,0
2020-01-11,20:20,26.78,86.1,1.023,61.63,0,1009,0
2020-01-11,20:30,26.72,86.3,1.417,68.07,0,1010,0
2020-01-11,20:40,26.72,86.5,1.996,74.51,0,1010,0
2020-01-11,20:50,26.67,86.5,1.832,71.05,0,1010,0
2020-01-11,21:00,26.67,86.6,1.545,71.68,0,1010,0
2020-01-11,21:10,26.62,86.6,1.765,73.45,0,1010,0
2020-01-11,21:20,26.6,86.7,1.943,76.69,0,1010,0
2020-01-11,21:30,26.61,86.6,1.774,79.12,0,1011,0
2020-01-11,21:40,26.61,86.6,1.215,85.4,0,1011,0
2020-01-11,21:50,26.57,86.7,0.9531,92.8,0,1011,0
2020-01-11,22:00,26.51,87,1.291,89.8,0,1011,0
2020-01-11,22:10,26.48,87.2,1.405,81.4,0,1011,0
2020-01-11,22:20,26.47,87.3,1.215,84.8,0,1011,0
2020-01-11,22:30,26.47,87.4,1.249,82.8,0,1011,0
2020-01-11,22:40,26.49,87.4,1.668,68.63,0,1011,0
2020-01-11,22:50,26.59,87.4,1.466,63.52,0,1011,0
2020-01-11,23:00,26.56,87.5,1.259,68.48,0,1011,0
2020-01-11,23:10,26.49,87.7,1.568,73.57,0,1010,0
2020-01-11,23:20,26.46,87.8,1.532,68.84,0,1010,0
2020-01-11,23:30,26.41,88,1.373,67.21,0,1010,0
2020-01-11,23:40,26.45,88,2.114,84.2,0,1010,0
2020-01-11,23:50,26.37,88,2.013,81.8,0,1010,0
2020-01-12,00:00,26.22,87.7,2.324,87,0,1010,0
2020-01-12,00:10,26.13,87.3,1.913,88.1,0,1010,0
2020-01-12,00:20,26.21,87.3,1.275,83.3,0,1010,0
2020-01-12,00:30,26.21,87.3,1.175,78.77,0,1009,0
2020-01-12,00:40,26.18,87.5,1.069,57.78,0,1009,0
2020-01-12,00:50,26.26,87.9,1.392,68.92,0,1009,0
2020-01-12,01:00,26.29,87.9,1.628,71.62,0,1009,0
2020-01-12,01:10,26.19,87.9,1.616,71.98,0,1009,0
2020-01-12,01:20,26.14,87.8,1.137,85.6,0,1009,0
2020-01-12,01:30,26.05,87.9,1.122,85.1,0,1009,0
2020-01-12,01:40,26.01,88,1.257,77.14,0,1008,0
2020-01-12,01:50,26.01,88.1,1.412,76.01,0,1008,0
2020-01-12,02:00,26.04,88.3,1.536,76.09,0,1008,0
2020-01-12,02:10,26.02,88.3,1.281,70.66,0,1008,0
2020-01-12,02:20,25.99,88.3,1.15,63.13,0,1008,0
2020-01-12,02:30,26.02,88.2,1.551,72.74,0,1008,0
2020-01-12,02:40,26.11,88.4,1.656,72.82,0,1008,0
2020-01-12,02:50,26.21,88.7,1.595,79.5,0,1008,0
2020-01-12,03:00,26.14,89.1,1.962,70.97,0,1008,0
2020-01-12,03:10,26.13,89.2,2.142,69.07,0,1008,0
2020-01-12,03:20,26.14,89.1,1.974,72.54,0,1008,0
2020-01-12,03:30,26.07,89,2.207,72.66,0,1008,0
2020-01-12,03:40,26.04,88.9,1.931,68.4,0,1008,0
2020-01-12,03:50,26.01,88.8,2.057,68.75,0,1008,0
2020-01-12,04:00,26.01,88.5,1.972,69.89,0,1008,0
2020-01-12,04:10,26,88.5,1.802,72.28,0,1008,0
2020-01-12,04:20,25.94,88.7,1.922,67.67,0,1008,0
2020-01-12,04:30,25.99,88.7,1.778,68.17,0,1008,0
2020-01-12,04:40,26.02,88.7,1.795,66.97,0,1008,0
2020-01-12,04:50,26.03,88.5,1.718,67.5,0,1008,0
2020-01-12,05:00,26.01,88.3,1.689,75.86,0,1008,0
2020-01-12,05:10,26.07,88,1.844,72.16,0,1008,0
2020-01-12,05:20,26.18,87.8,1.588,68.63,0,1008,0
2020-01-12,05:30,26.18,87.8,1.588,65.99,0,1008,0
2020-01-12,05:40,26.17,87.7,1.872,71.93,0,1008,0
2020-01-12,05:50,26.14,87.5,1.873,72.88,0,1009,0
2020-01-12,06:00,26.12,87.2,2.102,66.35,0,1009,0
2020-01-12,06:10,26.09,87,1.964,63.12,0,1009,0
2020-01-12,06:20,26.2,86.8,2.466,66.19,0,1009,0
2020-01-12,06:30,26.24,86.8,2.452,67.51,0,1009,0
2020-01-12,06:40,26.23,86.6,2.496,74.13,0.318,1009,0
2020-01-12,06:50,26.21,86.5,2.465,74.16,3.491,1010,0
2020-01-12,07:00,26.23,86.5,2.704,70.09,8.78,1010,0
2020-01-12,07:10,26.29,86.5,2.402,71.87,14.81,1010,0
2020-01-12,07:20,26.34,86.4,2.343,66.74,19.93,1010,0
2020-01-12,07:30,26.42,86.3,2.505,69.44,33.45,1010,0
2020-01-12,07:40,26.51,86.1,2.374,67.99,62.94,1010,0
2020-01-12,07:50,26.63,85.6,2.39,67.31,93.4,1010,0
2020-01-12,08:00,26.78,85,2.808,67.43,99.7,1011,0
2020-01-12,08:10,26.89,84.5,2.768,74.26,94.6,1011,0
2020-01-12,08:20,27.22,84,2.598,70.31,210.3,1011,0
2020-01-12,08:30,27.5,82.8,3.031,72.23,215.2,1011,0
2020-01-12,08:40,27.5,82.4,3.439,64.71,225.2,1011,0
2020-01-12,08:50,27.78,82,3.373,72.9,375.6,1011,0
2020-01-12,09:00,27.89,81.3,3.661,71.77,419.3,1011,0
2020-01-12,09:10,28.22,79.9,3.243,77.97,438,1011,0
2020-01-12,09:20,28.22,78.81,3.522,71.29,413.8,1011,0
2020-01-12,09:30,28.11,79.27,3.305,78.12,339.4,1011,0
2020-01-12,09:40,28.17,78.36,4.099,84.6,392.3,1011,0
2020-01-12,09:50,28.22,78.34,3.387,83.7,443.5,1011,0
2020-01-12,10:00,28.06,78.73,3.359,62.76,305.8,1011,0
2020-01-12,10:10,27.83,79.01,3.755,75.34,163.7,1011,0
2020-01-12,10:20,28.11,79.96,3.88,92.5,654.6,1011,0
2020-01-12,10:30,28.44,78.83,3.742,75.93,893,1011,0
2020-01-12,10:40,28.28,77.5,3.997,75.85,536.6,1011,0
2020-01-12,10:50,27.39,81,2.487,65.64,320.6,1011,0
2020-01-12,11:00,27.78,83.4,2.466,63.19,561.6,1011,0
2020-01-12,11:10,28,83,2.659,60.65,339.6,1011,0
2020-01-12,11:20,28.11,83.1,2.84,57.55,501,1011,0
2020-01-12,11:30,28.11,82.8,2.108,60.97,486.6,1011,0
2020-01-12,11:40,27.56,84,2.532,51.97,338.4,1010,0
2020-01-12,11:50,27.11,84.6,3.066,61.16,260.4,1010,0
2020-01-12,12:00,26.57,85.6,1.872,73.77,246.2,1010,0
2020-01-12,12:10,27.28,85.9,1.615,33.59,543.9,1010,0
2020-01-12,12:20,27.11,86,2.899,72,323.4,1010,0
2020-01-12,12:30,27.28,85.6,2.926,60.67,356.6,1010,0
2020-01-12,12:40,27.67,83.8,3.127,64.17,664.8,1009,0
2020-01-12,12:50,28.22,81.6,2.981,54.12,602.1,1009,0
2020-01-12,13:00,28,81.1,3.146,54.51,445.9,1009,0
2020-01-12,13:10,27.33,82.1,4.01,90.2,209.4,1009,0
2020-01-12,13:20,27.11,83.5,2.755,95.4,579.1,1009,0
2020-01-12,13:30,27.67,83.3,2.232,89.9,732,1009,0
2020-01-12,13:40,28.06,80.8,3.479,81.8,631.5,1009,0
2020-01-12,13:50,28.28,79.27,3.267,73.66,550,1009,0
2020-01-12,14:00,28.33,78.41,3.153,72.62,684.2,1008,0
2020-01-12,14:10,28.28,78.23,3.186,81.1,212,1008,1
2020-01-12,14:20,26.78,82.6,2.46,89.6,228.4,1008,0
2020-01-12,14:30,26.64,84.4,2.824,93.6,333,1008,0
2020-01-12,14:40,26.89,84.6,3.524,92.4,285.5,1008,0
2020-01-12,14:50,26.89,85.5,3.174,90.1,412.2,1008,0
2020-01-12,15:00,26.62,85.1,2.818,80.8,332.8,1008,0
2020-01-12,15:10,27.11,84.3,3.216,86.3,294.8,1008,0
2020-01-12,15:20,27.22,83.8,3.094,91.7,351.7,1008,0
2020-01-12,15:30,27.44,83.3,2.863,86.2,347.8,1008,0
2020-01-12,15:40,27.22,82.5,3.064,101.1,233.9,1008,0
2020-01-12,15:50,27.56,81.4,2.764,85.6,311,1008,0
2020-01-12,16:00,27.56,81,3.141,89.7,278.4,1008,0
2020-01-12,16:10,27.56,80.9,2.996,80.3,180,1008,0
2020-01-12,16:20,27.44,81.4,2.507,81.6,219.1,1008,0
2020-01-12,16:30,27.56,80.7,2.967,70.18,204.1,1008,0
2020-01-12,16:40,27.78,80.9,2.413,59.9,235.2,1008,0
2020-01-12,16:50,27.83,80.4,2.677,76.1,228.7,1008,0
2020-01-12,17:00,27.67,80.7,2.489,65.06,184.8,1008,0
2020-01-12,17:10,27.22,81.9,3.161,87.9,40.56,1009,0
2020-01-12,17:20,26.83,83.2,2.051,81.2,31.57,1009,0
2020-01-12,17:30,26.72,84.2,1.883,86.8,34.05,1009,0
2020-01-12,17:40,26.6,84.9,1.75,72.38,21.63,1009,0
2020-01-12,17:50,26.56,84.9,1.777,72.49,14.48,1009,0
2020-01-12,18:00,26.53,84.2,2.234,70.52,7.927,1009,0
2020-01-12,18:10,26.49,83.7,1.857,69.81,2.044,1009,0
2020-01-12,18:20,26.51,84.1,2.553,70.73,0.127,1009,0
2020-01-12,18:30,26.33,85.2,2.161,76.39,0,1009,0
2020-01-12,18:40,26.11,86,2.342,71.8,0,1009,0
2020-01-12,18:50,25.97,86.6,1.929,70.58,0,1009,0
2020-01-12,19:00,25.91,86.9,2.085,69.93,0,1010,0
2020-01-12,19:10,25.82,86.7,2.104,68,0,1010,0
2020-01-12,19:20,25.84,86.3,1.702,66,0,1010,0
2020-01-12,19:30,25.87,86.1,1.975,68.08,0,1010,0
2020-01-12,19:40,26.01,86.2,1.942,62.66,0,1010,0
2020-01-12,19:50,25.92,86.1,3.71,73.42,0,1010,0
2020-01-12,20:00,25.37,86.9,3.262,77.38,0,1010,0
2020-01-12,20:10,25.02,87.7,2.736,83.2,0,1010,0
2020-01-12,20:20,25.09,88,1.791,78.17,0,1010,0
2020-01-12,20:30,25.34,87.8,1.302,79.26,0,1011,0
2020-01-12,20:40,25.42,87.6,1.629,58.17,0,1011,0
2020-01-12,20:50,25.69,88.2,2.003,58.08,0,1011,0
2020-01-12,21:00,25.49,89.1,2.343,60.33,0.685,1011,0
2020-01-12,21:10,25.21,90,1.519,59.17,1.369,1011,0
2020-01-12,21:20,25.23,90.6,1.922,85,0.795,1011,0
2020-01-12,21:30,25.39,91,1.606,67.49,0.806,1011,0
2020-01-12,21:40,25.44,91.1,1.338,69.42,0.812,1011,0
2020-01-12,21:50,25.47,91.3,1.597,68.91,0.821,1012,0
2020-01-12,22:00,25.47,91.3,1.676,67.09,0.821,1011,0
2020-01-12,22:10,25.54,91.2,1.89,66.26,0.844,1011,0
2020-01-12,22:20,25.64,91.1,2.198,66.15,1.125,1011,0
2020-01-12,22:30,25.59,90.9,2.627,66.92,1.147,1011,0
2020-01-12,22:40,25.51,90.8,2.042,74.57,1.293,1011,0
2020-01-12,22:50,25.53,90.6,2.315,64.38,1.258,1011,0
2020-01-12,23:00,25.56,90.5,2.182,62.84,1.07,1011,0
2020-01-12,23:10,25.63,90.4,2.937,67.38,1.122,1011,0
2020-01-12,23:20,25.62,90.1,2.735,72.82,1.15,1011,0
2020-01-12,23:30,25.35,89.4,2.234,76.64,0.249,1010,0
2020-01-12,23:40,25.21,89,2.038,77.06,0,1010,0
2020-01-12,23:50,25.27,89,1.897,72.48,0,1010,0
2020-01-13,00:00,25.61,89.2,2.499,66.55,0,1010,0
2020-01-13,00:10,25.64,89.4,2.21,63.72,0,1010,0
2020-01-13,00:20,25.6,89.5,2.736,59.81,0,1010,0
2020-01-13,00:30,25.56,89.6,2.399,68.45,0,1009,0
2020-01-13,00:40,25.61,89.6,2.3,62.77,0,1010,0
2020-01-13,00:50,25.54,89.6,1.882,65.55,0,1009,0
2020-01-13,01:00,25.52,89.8,2.028,59.89,0,1009,0
2020-01-13,01:10,25.53,89.8,2.127,65.55,0,1009,0
2020-01-13,01:20,25.48,89.7,2.119,60.78,0,1009,0
2020-01-13,01:30,25.57,89.5,2.254,65.09,0,1009,0
2020-01-13,01:40,25.57,89.5,2.626,63.39,0,1009,0
2020-01-13,01:50,25.53,89.7,2.306,66.72,0,1009,0
2020-01-13,02:00,25.54,89.8,2.285,61.6,0,1009,0
2020-01-13,02:10,25.43,89.5,2.871,69,0,1009,0
2020-01-13,02:20,25.34,89,2.559,67.94,0,1009,0
2020-01-13,02:30,25.36,88.8,2.423,68.08,0,1009,0
2020-01-13,02:40,25.41,88.9,1.936,66.14,0,1009,0
2020-01-13,02:50,25.44,89.2,2.058,67.87,0,1009,0
2020-01-13,03:00,25.47,89,2.107,67.38,0,1009,0
2020-01-13,03:10,25.43,88.8,1.949,68.29,0,1009,0
2020-01-13,03:20,25.47,88.8,2.401,67.5,0,1009,0
2020-01-13,03:30,25.37,88.6,2.545,72.39,0,1009,0
2020-01-13,03:40,25.35,88.7,2.681,68.89,0,1009,0
2020-01-13,03:50,25.46,88.9,2.781,68.19,0,1009,0
2020-01-13,04:00,25.42,88.7,2.663,71.58,0,1009,0
2020-01-13,04:10,25.41,88.3,2.575,67.06,0,1009,0
2020-01-13,04:20,25.46,88,2.253,66.82,0,1009,0
2020-01-13,04:30,25.48,87.9,2.415,70.15,0,1009,0
2020-01-13,04:40,25.51,87.8,2.758,71.4,0,1010,0
2020-01-13,04:50,25.54,87.5,2.509,71.4,0,1010,0
2020-01-13,05:00,25.59,87.3,2.973,69.62,0,1010,0
2020-01-13,05:10,25.59,87.2,2.788,68.18,0,1010,0
2020-01-13,05:20,25.53,86.8,2.933,68.21,0,1010,0
2020-01-13,05:30,25.45,86.4,2.663,67.71,0,1010,0
2020-01-13,05:40,25.46,86.2,2.931,68.81,0,1010,0
2020-01-13,05:50,25.46,86.2,2.888,69.51,0,1010,0
2020-01-13,06:00,25.46,86.1,3.004,67.31,0,1010,0
2020-01-13,06:10,25.47,85.9,2.364,72.27,0,1010,0
2020-01-13,06:20,25.47,85.8,3.038,72.23,0,1010,0
2020-01-13,06:30,25.43,85.6,2.926,69.54,0,1010,0
2020-01-13,06:40,25.41,85.4,2.777,71.38,0.497,1011,0
2020-01-13,06:50,25.51,85.4,2.657,67.72,2.378,1011,0
2020-01-13,07:00,25.63,85.3,2.502,67.16,8.02,1011,0
2020-01-13,07:10,25.67,84.9,2.63,68.32,13.32,1011,0
2020-01-13,07:20,25.7,84.5,2.569,69.73,28.9,1011,0
2020-01-13,07:30,25.77,84.2,3.004,70.29,38.86,1011,0
2020-01-13,07:40,25.89,83.5,3.005,66.4,57.94,1011,0
2020-01-13,07:50,26.02,83,3.065,70.45,69.84,1011,0
2020-01-13,08:00,26.06,82,3.143,68.45,48.48,1011,0
2020-01-13,08:10,26.03,81.4,3.405,68.86,64.63,1011,0
2020-01-13,08:20,26.28,80.6,3.173,65.74,120.1,1012,0
2020-01-13,08:30,26.83,79.76,3.098,58.25,227.9,1012,0
2020-01-13,08:40,26.78,78.67,2.935,62.15,115.5,1012,0
2020-01-13,08:50,26.66,78.36,3.366,57.86,163.2,1012,0
2020-01-13,09:00,26.89,77.73,2.997,66.87,224,1012,0
2020-01-13,09:10,27.44,76.57,3.123,60.63,379.6,1012,0
2020-01-13,09:20,27.28,75.33,3.473,55.06,242.8,1012,0
2020-01-13,09:30,27.78,75.51,3.349,58.23,548.7,1012,0
2020-01-13,09:40,27.67,74.1,3.983,64.56,325.9,1012,0
2020-01-13,09:50,27.44,74.88,3.22,57.3,367.8,1012,0
2020-01-13,10:00,28.06,74.02,3.502,60.81,452.4,1012,0
2020-01-13,10:10,27.28,73.99,3.907,63.35,284.4,1012,0
2020-01-13,10:20,27.61,72.93,3.554,57.67,458.1,1012,0
2020-01-13,10:30,28.17,72.51,3.311,58.09,638,1012,0
2020-01-13,10:40,27.94,72.26,3.452,55.19,491.8,1012,0
2020-01-13,10:50,27.44,73.03,3.557,56.19,308.1,1011,0
2020-01-13,11:00,27.83,72.62,3.52,58.54,560,1012,0
2020-01-13,11:10,27.83,72.69,3.245,52.05,514.8,1011,0
2020-01-13,11:20,28.22,72.27,3.795,56.94,739.3,1011,0
2020-01-13,11:30,28.44,71.3,3.546,51.71,765.6,1011,0
2020-01-13,11:40,28.06,70.57,3.858,60.44,551.6,1011,0
2020-01-13,11:50,28.17,71.14,4.059,54.91,737.8,1011,0
2020-01-13,12:00,28.67,70.31,3.532,56.2,923,1011,0
2020-01-13,12:10,28.83,69.99,3.719,57.21,942,1011,0
2020-01-13,12:20,28.67,70.01,4.233,61.17,849,1011,0
2020-01-13,12:30,28.72,70.89,3.871,60.09,824,1011,0
2020-01-13,12:40,28.56,69.99,4.032,57.61,822,1011,0
2020-01-13,12:50,28.56,70.24,3.76,59.02,843,1011,0
2020-01-13,13:00,28.94,69.58,3.858,62.06,796.3,1010,0
2020-01-13,13:10,28.5,69.52,3.617,59.26,789.5,1010,0
2020-01-13,13:20,28.72,69.79,3.293,53.27,813,1010,0
2020-01-13,13:30,28.61,70.89,3.233,55.3,734.5,1010,0
2020-01-13,13:40,28.28,71.43,3.012,52.97,563.4,1010,0
2020-01-13,13:50,28.5,71.28,3.079,55.07,762.1,1010,0
2020-01-13,14:00,28.5,70.47,3.621,61.14,617.6,1010,0
2020-01-13,14:10,28.5,70.69,3.213,56.05,761.1,1009,0
2020-01-13,14:20,28.72,70.76,2.999,56.15,721.8,1009,0
2020-01-13,14:30,28.56,70.57,3.292,54.98,682,1009,0
2020-01-13,14:40,28.56,70.21,3.755,58.94,647.8,1009,0
2020-01-13,14:50,28.39,70.11,3.527,59.06,464.2,1009,0
2020-01-13,15:00,28.11,71.05,3.599,55.21,565.6,1009,0
2020-01-13,15:10,28.39,70.97,3.764,58.76,565.8,1009,0
2020-01-13,15:20,28,71.69,3.751,56.87,429.5,1009,0
2020-01-13,15:30,28.22,71.79,3.809,57.69,494,1009,0
2020-01-13,15:40,28,72.15,4.01,54.54,546.8,1009,0
2020-01-13,15:50,28.11,71.43,3.974,56.08,478.2,1009,0
2020-01-13,16:00,28.33,72.05,3.218,57.58,452.7,1010,0
2020-01-13,16:10,28.17,72.15,3.389,58.09,453,1010,0
2020-01-13,16:20,28.06,71.82,3.506,58.04,386.2,1010,0
2020-01-13,16:30,27.89,71.69,3.343,58.99,344.5,1010,0
2020-01-13,16:40,27.83,72.01,3.291,56.99,318.8,1010,0
2020-01-13,16:50,27.72,72.58,3.185,57.22,224.8,1010,0
2020-01-13,17:00,27.56,73.53,2.823,60.68,145.3,1010,0
2020-01-13,17:10,27.33,73.88,3.355,59.22,125.5,1010,0
2020-01-13,17:20,27.11,74.2,3.612,60.07,67.63,1010,0
2020-01-13,17:30,26.94,74.35,3.545,61.81,52.88,1010,0
2020-01-13,17:40,26.83,74.71,3.508,61.67,23.89,1010,0
2020-01-13,17:50,26.78,74.93,3.233,60.64,20.85,1011,0
2020-01-13,18:00,26.59,75.14,2.794,68.83,12.2,1011,0
2020-01-13,18:10,26.48,75.42,2.77,67.47,3.471,1011,0
2020-01-13,18:20,26.47,75.84,2.651,71.63,1.105,1011,0
2020-01-13,18:30,26.46,76.08,2.885,66.51,0.004,1011,0
2020-01-13,18:40,26.44,76.09,3.055,69.79,0,1011,0
2020-01-13,18:50,26.35,76.05,2.714,65.72,0,1011,0
2020-01-13,19:00,26.26,75.94,3.022,71.2,0,1011,0
2020-01-13,19:10,26.19,75.72,2.657,66.36,0,1011,0
2020-01-13,19:20,26.19,75.73,2.607,67.27,0,1012,0
2020-01-13,19:30,26.2,75.75,2.545,71,0,1012,0
2020-01-13,19:40,26.1,75.72,2.64,69.01,0,1012,0
2020-01-13,19:50,26.16,75.35,2.784,68.97,0,1012,0
2020-01-13,20:00,26,75.24,2.669,74.8,0,1012,0
2020-01-13,20:10,25.93,75.18,2.754,71.51,0,1012,0
2020-01-13,20:20,25.82,74.98,2.586,70.63,0,1012,0
2020-01-13,20:30,25.81,74.66,2.57,71.35,0,1013,0
2020-01-13,20:40,25.81,74.65,2.547,68.33,0,1013,0
2020-01-13,20:50,25.82,74.93,2.46,69.08,0,1013,0
2020-01-13,21:00,25.77,75.03,2.463,72.41,0,1013,0
2020-01-13,21:10,25.74,74.86,2.551,69.1,0,1013,0
2020-01-13,21:20,25.73,74.91,2.387,70.74,0,1013,0
2020-01-13,21:30,25.74,74.61,2.686,68.83,0,1013,0
2020-01-13,21:40,25.76,74.28,2.538,67,0,1013,0
2020-01-13,21:50,25.74,73.99,2.617,67.89,0,1013,0
2020-01-13,22:00,25.78,73.65,2.714,68.08,0,1013,0
2020-01-13,22:10,25.79,73.36,2.63,67.55,0,1012,0
2020-01-13,22:20,25.8,73.3,2.857,70.55,0,1012,0
2020-01-13,22:30,25.81,73.5,2.662,66.42,0,1012,0
2020-01-13,22:40,25.79,73.57,2.923,70.16,0,1012,0
2020-01-13,22:50,25.77,73.5,2.808,69.17,0,1012,0
2020-01-13,23:00,25.77,72.88,2.883,68.77,0,1012,0
2020-01-13,23:10,25.68,72.97,2.501,68.1,0,1012,0
2020-01-13,23:20,25.67,72.85,2.52,68.16,0,1012,0
2020-01-13,23:30,25.61,72.45,2.416,68.55,0,1012,0
2020-01-13,23:40,25.57,72.56,2.403,67.87,0,1012,0
2020-01-13,23:50,25.5,72.7,2.144,69.93,0,1012,0
2020-01-14,00:00,25.49,72.93,2.313,69.6,0,1011,0
2020-01-14,00:10,25.53,73.32,2.387,68.4,0,1012,0
2020-01-14,00:20,25.5,73.78,2.191,67.88,0,1011,0
2020-01-14,00:30,25.51,73.6,2.181,67.84,0,1011,0
2020-01-14,00:40,25.39,73.65,1.79,68.58,0,1011,0
2020-01-14,00:50,25.29,73.36,1.812,66.99,0,1011,0
2020-01-14,01:00,25.32,73.52,1.832,73.97,0,1011,0
2020-01-14,01:10,25.28,73.25,1.703,76.55,0,1011,0
2020-01-14,01:20,25.11,73.31,1.417,78.09,0,1011,0
2020-01-14,01:30,25.07,73.13,1.08,98,0,1011,0
2020-01-14,01:40,24.89,73.75,1.037,114.1,0,1011,0
2020-01-14,01:50,24.77,74.55,0.7837,127.2,0,1011,0
2020-01-14,02:00,24.69,75.2,0.8378,130.2,0,1010,0
2020-01-14,02:10,24.76,75.83,0.9187,112.6,0,1011,0
2020-01-14,02:20,24.76,75.98,0.8789,125.3,0,1010,0
2020-01-14,02:30,24.76,76.16,0.9133,121.8,0,1010,0
2020-01-14,02:40,24.68,76.32,0.7103,110.9,0,1010,0
2020-01-14,02:50,24.7,76.57,0.6594,127,0,1010,0
2020-01-14,03:00,24.67,76.84,0.9294,132.5,0,1010,0
2020-01-14,03:10,24.81,76.91,1.167,114,0,1010,0
2020-01-14,03:20,24.95,77.39,1.437,94.3,0,1010,0
2020-01-14,03:30,25.01,78.1,1.529,83.8,0,1010,0
2020-01-14,03:40,24.99,78.63,1.553,101,0,1010,0
2020-01-14,03:50,24.8,79.26,1.194,114.3,0,1010,0
2020-01-14,04:00,24.72,79.81,1.173,107.1,0,1010,0
2020-01-14,04:10,24.67,80.4,1.271,92.4,0,1010,0
2020-01-14,04:20,25.06,80.5,2.233,71.66,0,1010,0
2020-01-14,04:30,24.98,80.4,3.581,89,0,1010,0
2020-01-14,04:40,24.18,82.7,3.127,92.9,0.049,1010,0
2020-01-14,04:50,24.01,84.3,2.933,92.7,1.116,1010,0
2020-01-14,05:00,24.06,85.2,2.202,102.3,0.994,1010,0
2020-01-14,05:10,24.11,85.5,1.564,79.84,0.954,1011,0
2020-01-14,05:20,24.16,85.6,1.49,77.99,0.915,1011,0
2020-01-14,05:30,24.23,85.7,1.839,76.24,1.027,1011,0
2020-01-14,05:40,24.59,84.6,2.844,68.46,0.378,1012,0
2020-01-14,05:50,24.87,82.3,2.492,70.77,0,1012,0
2020-01-14,06:00,24.98,80.4,2.933,69.99,0,1012,0
2020-01-14,06:10,25.15,78.59,2.926,73.56,0,1012,0
2020-01-14,06:20,25.09,77.66,2.691,68.88,0,1013,0
2020-01-14,06:30,25.07,77.37,2.66,73.89,0,1013,0
2020-01-14,06:40,25.06,76.98,2.468,75.03,1.135,1013,0
2020-01-14,06:50,24.92,76.77,2.595,75.46,3.022,1013,0
2020-01-14,07:00,24.89,75.42,2.742,66.91,10.88,1013,0
2020-01-14,07:10,25.07,74.01,2.489,66.72,24.03,1014,0
2020-01-14,07:20,25.22,73.88,2.633,70.52,44.01,1014,0
2020-01-14,07:30,25.49,73.97,2.403,69.34,77.48,1014,0
2020-01-14,07:40,25.57,74.11,2.746,66.37,82.1,1014,0
2020-01-14,07:50,25.83,73.36,3.1,71.01,118.8,1014,0
2020-01-14,08:00,26,72.86,2.411,69.27,146.1,1014,0
2020-01-14,08:10,26.23,72.7,3.102,66.11,206,1014,0
2020-01-14,08:20,26.54,71.82,2.985,71.37,252.9,1015,0
2020-01-14,08:30,26.83,71.52,3.026,65.03,295,1015,0
2020-01-14,08:40,26.94,70.9,3.53,69.62,331.2,1015,0
2020-01-14,08:50,27.11,69.39,3.862,67.28,363.9,1015,0
2020-01-14,09:00,27.22,68.82,4.05,70.46,397.8,1015,0
2020-01-14,09:10,27.5,69.42,3.724,65.54,428.3,1015,0
2020-01-14,09:20,27.56,68.61,4.086,65.43,440,1015,0
2020-01-14,09:30,27.72,68.38,3.576,61.41,444.9,1015,0
2020-01-14,09:40,27.72,67.63,4.171,66.93,464.5,1015,0
2020-01-14,09:50,27.78,67.42,4.305,60.72,479,1014,0
2020-01-14,10:00,27.56,67.89,4.461,65.06,444.2,1014,0
2020-01-14,10:10,27.78,67.08,4.47,67.92,551.7,1014,0
2020-01-14,10:20,28,66.18,4.041,59.97,614.2,1014,0
2020-01-14,10:30,27.78,67.46,3.974,49.99,461.4,1014,0
2020-01-14,10:40,28,66.34,4.198,62.22,578.6,1014,0
2020-01-14,10:50,27.89,64.71,4.475,67.86,561.3,1014,0
2020-01-14,11:00,28.28,64.23,4.005,66.14,636.6,1014,0
2020-01-14,11:10,28.33,62.43,4.448,78.33,739.4,1014,0
2020-01-14,11:20,28.33,62,4.578,67.57,719.8,1014,0
2020-01-14,11:30,28.33,62.77,4.292,69.58,680,1014,0
2020-01-14,11:40,28.67,62.77,3.8,75.28,743.5,1013,0
2020-01-14,11:50,28.33,62.32,4.819,84,747.2,1013,0
2020-01-14,12:00,28.5,61.81,4.546,83.8,791,1013,0
2020-01-14,12:10,28.33,61.61,4.73,71.85,781.2,1013,0
2020-01-14,12:20,28.56,61.47,4.269,68.65,756.6,1013,0
2020-01-14,12:30,28.17,62.89,4.935,83.2,734.1,1013,0
2020-01-14,12:40,28.28,62.11,4.721,77.28,814,1012,0
2020-01-14,12:50,28.39,62.39,5.025,79.14,783.9,1012,0
2020-01-14,13:00,28.33,62.9,4.913,78.6,832,1012,0
2020-01-14,13:10,28.56,61.52,4.917,80.7,877,1012,0
2020-01-14,13:20,28.5,62.64,4.493,78.08,688.1,1012,0
2020-01-14,13:30,28.06,63.21,5.119,77.45,668.6,1012,0
2020-01-14,13:40,28.28,63.61,4.636,80.3,768.9,1012,0
2020-01-14,13:50,28.11,65.34,4.721,76.47,521.3,1011,0
2020-01-14,14:00,28.17,65.6,4.748,81.5,639.1,1011,0
2020-01-14,14:10,27.78,66.36,4.542,69.08,417.9,1011,0
2020-01-14,14:20,27.94,66.02,4.546,78.82,545.1,1011,0
2020-01-14,14:30,28,66.52,4.171,73.48,481.6,1011,0
2020-01-14,14:40,28,65.17,4.242,75.1,447.2,1011,0
2020-01-14,14:50,28.06,63.68,4.707,72.98,517.2,1011,0
2020-01-14,15:00,28.17,63.39,4.6,78.44,581.9,1011,0
2020-01-14,15:10,28.33,61.57,4.296,83.2,547.9,1011,0
2020-01-14,15:20,28.28,61.71,4.238,70.18,516,1011,0
2020-01-14,15:30,28.22,61.11,4.578,75.53,510.1,1011,0
2020-01-14,15:40,28.17,61.19,4.81,79.85,468.4,1011,0
2020-01-14,15:50,28.06,62.91,4.47,68.86,442.7,1011,0
2020-01-14,16:00,28.11,62.92,4.573,80.9,424.6,1011,0
2020-01-14,16:10,28.06,63.17,4.542,76.24,402.5,1011,0
2020-01-14,16:20,28.06,64.63,3.88,73.74,364.2,1011,0
2020-01-14,16:30,27.78,66.55,3.715,66.38,221.5,1011,0
2020-01-14,16:40,27.72,66.58,3.719,67.73,258.1,1011,0
2020-01-14,16:50,27.56,67.7,3.608,58.98,190.4,1011,0
2020-01-14,17:00,27.5,68.53,3.558,59.87,202.8,1011,0
2020-01-14,17:10,27.39,70.09,3.585,59.46,113.8,1011,0
2020-01-14,17:20,26.89,70.5,3.742,63.5,53.07,1011,0
2020-01-14,17:30,26.94,70.87,2.878,65.21,73.13,1011,0
2020-01-14,17:40,26.94,71.45,3.131,63.64,53.51,1011,0
2020-01-14,17:50,26.72,71.12,3.535,66.32,23.61,1012,0
2020-01-14,18:00,26.57,70.55,3.581,67.33,15.68,1012,0
2020-01-14,18:10,26.49,70.66,3.245,71.19,4.28,1012,0
2020-01-14,18:20,26.37,70.42,3.013,67.64,0.879,1012,0
2020-01-14,18:30,26.42,69.09,3.8,67.84,0,1012,0
2020-01-14,18:40,26.32,68.77,3.386,67.96,0,1012,0
2020-01-14,18:50,26.32,68.59,3.408,70.36,0,1013,0
2020-01-14,19:00,26.19,68.57,2.986,71.9,0,1013,0
2020-01-14,19:10,26.26,68.19,3.11,66.62,0,1013,0
2020-01-14,19:20,26.25,68.3,2.985,64.52,0,1013,0
2020-01-14,19:30,26.38,67.33,3.205,70.81,0,1013,0
2020-01-14,19:40,26.37,67.14,3.531,70.6,0,1013,0
2020-01-14,19:50,26.38,68.13,3.122,69.13,0,1014,0
2020-01-14,20:00,26.46,69.3,2.953,67.51,0,1014,0
2020-01-14,20:10,26.36,70.54,2.588,68.03,0,1014,0
2020-01-14,20:20,26.48,70.45,2.829,66.51,0,1014,0
2020-01-14,20:30,26.53,70.11,3.376,67.23,0,1014,0
2020-01-14,20:40,26.34,70.91,3.152,69.41,0,1014,0
2020-01-14,20:50,26.26,70.99,3.043,71.38,0,1015,0
2020-01-14,21:00,26.38,70.01,3.337,65.95,0,1015,0
2020-01-14,21:10,26.48,69.87,2.642,71.43,0,1015,0
2020-01-14,21:20,26.36,70.39,3.418,68.07,0,1015,0
2020-01-14,21:30,26.32,69.91,3.286,66.33,0,1015,0
2020-01-14,21:40,26.18,69.93,3.272,71.77,0,1015,0
2020-01-14,21:50,26.11,70.51,2.755,71.91,0,1015,0
2020-01-14,22:00,26.21,71.21,2.701,70.77,0,1015,0
2020-01-14,22:10,26.23,71.25,3.329,73.85,0,1015,0
2020-01-14,22:20,26.06,70.85,2.934,65.31,0,1015,0
2020-01-14,22:30,26.06,71.1,2.88,69.38,0,1015,0
2020-01-14,22:40,25.98,71.1,2.72,70.87,0,1015,0
2020-01-14,22:50,25.98,71.2,2.372,68.09,0,1015,0
2020-01-14,23:00,25.93,72.31,2.138,74,0,1015,0
2020-01-14,23:10,26.07,72.83,2.487,72.46,0,1015,0
2020-01-14,23:20,25.97,73.04,2.439,72.96,0,1015,0
2020-01-14,23:30,26,72.69,2.773,68.6,0,1015,0
2020-01-14,23:40,26.01,72.37,2.652,72.6,0,1014,0
2020-01-14,23:50,26.05,72.55,2.392,69.9,0,1014,0
2020-01-15,00:00,26.07,73.32,2.032,72.2,0,1014,0
2020-01-15,00:10,26.22,74.24,1.827,65.13,0,1014,0
2020-01-15,00:20,26.36,74.62,2.781,74.99,0,1014,0
2020-01-15,00:30,26.16,73.99,3.243,71.93,0,1014,0
2020-01-15,00:40,26.15,72.55,3.1,71.87,0,1014,0
2020-01-15,00:50,26.09,71.77,2.748,68.75,0,1014,0
2020-01-15,01:00,26.13,71.12,3.115,67.84,0,1013,0
2020-01-15,01:10,26.02,71.08,2.669,70.87,0,1013,0
2020-01-15,01:20,25.84,71.74,2.471,74.39,0,1013,0
2020-01-15,01:30,25.7,72.08,1.955,67.88,0,1013,0
2020-01-15,01:40,25.67,71.92,2.252,71.36,0,1013,0
2020-01-15,01:50,25.77,71.31,2.363,71.5,0,1013,0
2020-01-15,02:00,25.74,71.53,2.172,72.15,0,1013,0
2020-01-15,02:10,25.91,71.85,1.895,70.68,0,1013,0
2020-01-15,02:20,26.08,72.07,2.719,67.31,0,1013,0
2020-01-15,02:30,26.09,71.1,2.514,70.16,0,1013,0
2020-01-15,02:40,26.14,70.87,2.325,66,0,1012,0
2020-01-15,02:50,26.16,71.05,2.812,65.37,0,1012,0
2020-01-15,03:00,26.13,70.96,2.837,67.62,0,1012,0
2020-01-15,03:10,25.97,70.78,2.886,69.9,0,1012,0
2020-01-15,03:20,25.83,70.52,2.644,68.25,0,1012,0
2020-01-15,03:30,25.88,70.35,3.022,72.08,0,1012,0
2020-01-15,03:40,25.73,71.02,2.878,73.79,0,1012,0
2020-01-15,03:50,25.65,70.98,2.385,71.97,0,1012,0
2020-01-15,04:00,25.67,70.92,2.316,69.63,0,1012,0
2020-01-15,04:10,25.77,71.43,2.332,67.14,0,1012,0
2020-01-15,04:20,25.89,72.08,2.891,67.68,0,1012,0
2020-01-15,04:30,25.76,73.79,2.62,76.52,0,1012,0
2020-01-15,04:40,25.61,73.98,2.619,75,0,1012,0
2020-01-15,04:50,25.57,73.71,2.448,72.85,0,1012,0
2020-01-15,05:00,25.64,73.02,2.584,73.51,0,1012,0
2020-01-15,05:10,25.59,72.36,2.468,66.87,0,1012,0
2020-01-15,05:20,25.63,71.01,2.691,70.91,0,1012,0
2020-01-15,05:30,25.69,70.05,2.828,71.26,0,1013,0
2020-01-15,05:40,25.56,70.69,2.389,73.09,0,1013,0
2020-01-15,05:50,25.48,71.93,2.37,71.76,0,1013,0
2020-01-15,06:00,25.54,72.33,2.604,74.7,0,1013,0
2020-01-15,06:10,25.52,72.43,2.486,68.99,0,1013,0
2020-01-15,06:20,25.59,72.22,2.406,75.98,0,1014,0
2020-01-15,06:30,25.61,72.49,2.223,70.16,0,1014,0
2020-01-15,06:40,25.68,73,2.434,71.32,0.116,1014,0
2020-01-15,06:50,25.7,73,2.503,73.04,1.529,1014,0
2020-01-15,07:00,25.74,72.9,2.414,68.83,8.43,1014,0
2020-01-15,07:10,26,73.1,2.392,68.46,22.81,1015,0
2020-01-15,07:20,25.79,72.93,2.314,70.9,46.42,1015,0
2020-01-15,07:30,26.13,72.94,1.803,63.04,90.9,1015,0
2020-01-15,07:40,26.52,72.42,1.964,67.36,132.1,1015,0
2020-01-15,07:50,26.66,70.96,1.765,69.47,169.4,1015,0
2020-01-15,08:00,26.78,70.15,1.807,64.15,208.3,1015,0
2020-01-15,08:10,27.06,69.04,2.027,57.45,215.2,1016,0
2020-01-15,08:20,27.17,68.53,2.354,55.01,192.1,1016,0
2020-01-15,08:30,27.06,69.17,2.143,66.6,135.7,1016,0
2020-01-15,08:40,27,70.02,2.33,67.59,191.5,1016,0
2020-01-15,08:50,27.22,69.38,2.369,61.22,203.8,1016,0
2020-01-15,09:00,27.22,69.38,2.792,57.9,195.8,1016,0
2020-01-15,09:10,27.06,71.73,3.782,58.11,230.5,1016,0
2020-01-15,09:20,26.72,75.84,3.13,54.45,238.8,1016,0
2020-01-15,09:30,26.89,75.7,3.031,56.16,289,1016,0
2020-01-15,09:40,26.83,75.36,2.932,63.66,291.1,1016,0
2020-01-15,09:50,27.28,74.54,2.594,58.02,392.8,1016,0
2020-01-15,10:00,27.72,73.76,2.658,55.38,487.7,1016,0
2020-01-15,10:10,27.39,74.05,3.203,54.81,305.5,1016,0
2020-01-15,10:20,27.17,74.58,3.217,57.84,263.5,1016,0
2020-01-15,10:30,26.89,75.75,2.38,57.91,158.4,1016,0
2020-01-15,10:40,26.67,76.52,2.784,73.67,175.3,1016,0
2020-01-15,10:50,26.42,77.82,2.16,88.2,211.5,1016,0
2020-01-15,11:00,26.72,78.44,2.128,77.68,213.4,1016,0
2020-01-15,11:10,26.83,76.95,3.364,68.71,340.8,1016,0
2020-01-15,11:20,27.72,72.14,4.52,61.77,644.9,1015,0
2020-01-15,11:30,27.94,70.75,4.153,66.5,676.1,1015,0
2020-01-15,11:40,28.33,68.9,3.921,65.95,714,1015,0
2020-01-15,11:50,28.56,67.87,4.426,68.23,698.9,1015,0
2020-01-15,12:00,28.22,67.74,4.041,63.79,506,1015,0
2020-01-15,12:10,28.22,65.59,4.667,72.67,624.1,1014,0
2020-01-15,12:20,28.67,66.26,4.283,69.98,739.6,1014,0
2020-01-15,12:30,28.67,66.26,4.238,71.26,715.8,1014,0
2020-01-15,12:40,28.39,66.54,3.983,66.05,573.6,1014,0
2020-01-15,12:50,28.44,65.27,4.479,67.41,741.6,1014,0
2020-01-15,13:00,28.44,66.02,4.453,67.12,601.8,1013,0
2020-01-15,13:10,28.5,65.82,4.551,64.03,742.2,1013,0
2020-01-15,13:20,28.67,64.66,4.09,64.46,760.8,1013,0
2020-01-15,13:30,28.56,64.21,4.81,67.75,730.5,1013,0
2020-01-15,13:40,28.67,64.37,4.126,77.94,728.6,1013,0
2020-01-15,13:50,28.61,64.06,4.587,65.44,608,1012,0
2020-01-15,14:00,28.22,64.08,4.327,61.99,525.1,1012,0
2020-01-15,14:10,28.83,64.29,3.76,68.99,763.4,1012,0
2020-01-15,14:20,28.78,64.79,3.479,68.96,623.6,1012,0
2020-01-15,14:30,28.72,64.41,3.916,72.38,673.2,1012,0
2020-01-15,14:40,28.67,64.16,4.041,74.6,639.7,1012,0
2020-01-15,14:50,28.56,64.93,4.175,66.54,575.2,1012,0
2020-01-15,15:00,28.28,67.09,4.126,65.66,530,1012,0
2020-01-15,15:10,28.28,66.96,4.497,74.44,593.8,1012,0
2020-01-15,15:20,28,66.77,4.792,58.81,437.1,1012,0
2020-01-15,15:30,28.11,66.32,4.233,74.23,487.5,1012,0
2020-01-15,15:40,28.22,66.41,4.332,89.6,488.4,1012,0
2020-01-15,15:50,28.17,65.32,4.618,88.4,427.6,1012,0
2020-01-15,16:00,28.11,66.44,4.251,73.57,376.1,1012,0
2020-01-15,16:10,27.83,67.74,4.43,80,324.1,1012,0
2020-01-15,16:20,27.89,68.26,4.032,81.9,300.7,1012,0
2020-01-15,16:30,27.72,67.6,4.274,71.04,263.7,1012,0
2020-01-15,16:40,27.78,67.1,3.548,74.68,204.7,1012,0
2020-01-15,16:50,27.56,67.33,3.769,71.6,191.2,1012,0
2020-01-15,17:00,27.5,67.56,3.719,75.28,167.9,1012,0
2020-01-15,17:10,27.33,67.65,3.531,65.23,140.9,1012,0
2020-01-15,17:20,27.22,67.48,3.16,72.38,105.3,1012,0
2020-01-15,17:30,27.11,68.77,3.478,65.26,71.9,1012,0
2020-01-15,17:40,27,70.01,3.02,66.9,37.97,1012,0
2020-01-15,17:50,26.78,71.44,2.947,71.04,22.42,1012,0
2020-01-15,18:00,26.55,72.14,2.734,73.62,12.46,1012,0
2020-01-15,18:10,26.44,73.26,2.528,69.75,3.078,1012,0
2020-01-15,18:20,26.34,73.68,2.864,69.4,0.248,1012,0
2020-01-15,18:30,26.22,73.88,2.647,70.98,0,1012,0
2020-01-15,18:40,26.13,73.88,2.692,69.56,0,1012,0
2020-01-15,18:50,26.11,72.81,3.209,72.56,0,1013,0
2020-01-15,19:00,26.22,71.57,3.335,68.62,0,1013,0
2020-01-15,19:10,26.27,72.04,2.823,71.75,0,1013,0
2020-01-15,19:20,26.24,72.43,3.229,70.96,0,1013,0
2020-01-15,19:30,26.29,72.01,3.216,71.43,0,1013,0
2020-01-15,19:40,26.25,72,2.777,67.13,0,1014,0
2020-01-15,19:50,26.21,71.87,2.841,68.54,0,1014,0
2020-01-15,20:00,26.24,72.08,3.257,66.5,0,1014,0
2020-01-15,20:10,26.31,71.61,3.396,63.39,0,1014,0
2020-01-15,20:20,26.39,72.16,2.989,65.94,0,1014,0
2020-01-15,20:30,26.39,72.59,3.184,67.64,0,1014,0
2020-01-15,20:40,26.38,72.91,2.829,69.22,0,1015,0
2020-01-15,20:50,26.36,73.08,3.25,63.35,0,1015,0
2020-01-15,21:00,26.3,73.11,3.05,71.84,0,1015,0
2020-01-15,21:10,26.33,73,2.709,67.37,0,1015,0
2020-01-15,21:20,26.41,72.38,3.38,67.33,0,1015,0
2020-01-15,21:30,26.36,71,2.767,70.72,0,1015,0
2020-01-15,21:40,26.32,69.75,2.952,67.36,0,1015,0
2020-01-15,21:50,26.33,70,2.8,71.16,0,1015,0
2020-01-15,22:00,26.2,70.84,3.07,73.28,0,1015,0
2020-01-15,22:10,26.17,71.63,2.763,68.93,0,1015,0
2020-01-15,22:20,26.04,72.82,2.629,67.51,0,1015,0
2020-01-15,22:30,26.03,73.35,2.747,64.67,0,1015,0
2020-01-15,22:40,25.99,72.92,2.637,63.66,0,1015,0
2020-01-15,22:50,25.95,72.58,2.444,65.98,0,1015,0
2020-01-15,23:00,26.02,71.3,3.236,70.51,0,1015,0
2020-01-15,23:10,25.97,71.36,2.348,69.94,0,1015,0
2020-01-15,23:20,25.9,71.98,2.21,71.8,0,1014,0
2020-01-15,23:30,25.88,72.94,2.655,68.86,0,1014,0
2020-01-15,23:40,25.93,73.31,2.532,65.14,0,1014,0
2020-01-15,23:50,25.92,73.91,2.407,64.97,0,1014,0
2020-01-16,00:00,25.87,74.3,2.492,64.07,0,1014,0
2020-01-16,00:10,25.87,74.63,2.633,68.09,0,1014,0
2020-01-16,00:20,25.92,74.94,2.491,70.52,0,1014,0
2020-01-16,00:30,26.03,75.03,2.5,67.25,0,1013,0
2020-01-16,00:40,26.09,75.17,2.894,68.9,0,1013,0
2020-01-16,00:50,26.29,75.41,2.878,68.52,0,1013,0
2020-01-16,01:00,26.32,75.87,2.423,59.26,0,1013,0
2020-01-16,01:10,26.1,76.3,3.48,68.46,0,1013,0
2020-01-16,01:20,26,76.23,3.133,73.24,0,1013,0
2020-01-16,01:30,25.88,75.33,3.458,75.01,0,1012,0
2020-01-16,01:40,25.87,75.13,3.303,71.98,0,1012,0
2020-01-16,01:50,25.91,75.06,3.287,72.79,0,1012,0
2020-01-16,02:00,25.84,75.11,3.122,71.02,0,1012,0
2020-01-16,02:10,25.83,75.39,2.561,72.85,0,1011,0
2020-01-16,02:20,25.86,75.49,3.015,69.5,0,1011,0
2020-01-16,02:30,25.82,74.61,3.089,72.99,0,1012,0
2020-01-16,02:40,25.71,73.74,2.407,75.68,0,1011,0
2020-01-16,02:50,25.73,73.4,2.705,72.71,0,1011,0
2020-01-16,03:00,25.68,73.26,2.025,68.67,0,1011,0
2020-01-16,03:10,25.75,73.78,2.376,70.88,0,1011,0
2020-01-16,03:20,25.81,74.18,2.198,64.87,0,1011,0
2020-01-16,03:30,25.97,74.72,2.591,67.72,0,1011,0
2020-01-16,03:40,26.03,74.88,2.358,70.06,0,1011,0
2020-01-16,03:50,25.93,75.39,3.481,69.18,0,1011,0
2020-01-16,04:00,25.55,76.57,2.832,69.12,0,1011,0
2020-01-16,04:10,25.46,77.37,2.689,91.1,0,1011,0
2020-01-16,04:20,25.53,77.95,3.168,93.4,0,1011,0
2020-01-16,04:30,25.77,77.18,3.309,90.1,0,1011,0
2020-01-16,04:40,25.84,75.84,3.191,84,0,1011,0
2020-01-16,04:50,25.87,75.17,2.835,79.74,0,1011,0
2020-01-16,05:00,25.89,74.73,3.581,73.26,0,1011,0
2020-01-16,05:10,25.78,74.73,2.83,79.36,0,1011,0
2020-01-16,05:20,25.67,74.83,2.701,74.62,0,1011,0
2020-01-16,05:30,25.57,74.59,2.426,73.3,0,1011,0
2020-01-16,05:40,25.54,74.72,2.238,71.16,0,1011,0
2020-01-16,05:50,25.49,75.04,2.238,75.8,0,1012,0
2020-01-16,06:00,25.37,75.51,2.132,70.15,0,1012,0
2020-01-16,06:10,25.41,75.27,2.369,69.7,0,1012,0
2020-01-16,06:20,25.54,75.21,2.423,72.31,0,1012,0
2020-01-16,06:30,25.62,75,2.464,69.77,0,1012,0
2020-01-16,06:40,25.74,74.77,2.478,75.36,2.871,1012,0
2020-01-16,06:50,25.69,75.06,2.074,69.54,5.006,1013,0
2020-01-16,07:00,25.67,75.68,2.101,67.54,11.95,1013,0
2020-01-16,07:10,25.65,75.73,2.192,70.71,25.65,1013,0
2020-01-16,07:20,25.67,75.78,2.098,71.29,39,1013,0
2020-01-16,07:30,25.74,75.52,2.572,72.75,54.84,1013,0
2020-01-16,07:40,25.88,74.86,2.144,74.8,68.66,1013,0
2020-01-16,07:50,26.06,74.85,2.393,68.23,79.07,1013,0
2020-01-16,08:00,26.28,74.74,2.421,67.46,100.8,1013,0
2020-01-16,08:10,26.54,74.88,2.232,68.5,114.9,1014,0
2020-01-16,08:20,26.67,75.16,2.674,67.8,121.9,1014,0
2020-01-16,08:30,26.72,74.52,3.138,66.04,120.2,1014,0
2020-01-16,08:40,26.83,74.62,2.782,63.93,138.2,1014,0
2020-01-16,08:50,26.89,73.89,3.376,62.7,123.5,1014,0
2020-01-16,09:00,27,73.5,3.267,65.22,177.6,1014,0
2020-01-16,09:10,27.11,73.42,3.021,60.27,147.3,1014,0
2020-01-16,09:20,27.06,73.41,3.666,68.69,210.6,1014,0
2020-01-16,09:30,27.33,71.84,3.921,63.53,321.1,1014,0
2020-01-16,09:40,27.56,69.92,3.508,59.26,377,1014,0
2020-01-16,09:50,27.72,68.29,3.385,64.44,403,1014,0
2020-01-16,10:00,28.06,68.18,3.069,67.43,478.2,1014,0
2020-01-16,10:10,28.33,66.43,3.287,72.45,509.3,1014,0
2020-01-16,10:20,28.44,65.44,3.156,65.89,554.5,1014,0
2020-01-16,10:30,28.67,65.37,2.891,64.69,574.5,1014,0
2020-01-16,10:40,28.5,64.28,3.501,67.31,525,1013,0
2020-01-16,10:50,28.44,64,3.347,63.28,546.5,1013,0
2020-01-16,11:00,28.61,65.48,3.192,59.18,583.6,1013,0
2020-01-16,11:10,28.61,66.33,2.808,53.1,603.5,1013,0
2020-01-16,11:20,28.78,64.99,3.14,53.95,729.7,1013,0
2020-01-16,11:30,28.67,66.01,3.095,52.98,553.5,1013,0
2020-01-16,11:40,28.44,66.74,3.305,52.07,499.5,1013,0
2020-01-16,11:50,28.61,66.32,3.261,56.3,627.4,1013,0
2020-01-16,12:00,28.67,66.95,3.229,53.85,527.3,1013,0
2020-01-16,12:10,28.06,73.7,3.386,52.15,490.3,1013,0
2020-01-16,12:20,27.61,76.05,3.388,51.74,592.5,1013,0
2020-01-16,12:30,27.67,76.14,3.315,52.16,656.8,1012,0
2020-01-16,12:40,27.61,75.05,3.136,53.81,656.4,1012,0
2020-01-16,12:50,27.72,73.2,3.245,51.29,744.3,1012,0
2020-01-16,13:00,27.72,73.61,3.296,52.18,872,1012,0
2020-01-16,13:10,27.61,74.77,3.024,51.26,776.7,1012,0
2020-01-16,13:20,27.33,75.07,2.805,54.85,611.1,1012,0
2020-01-16,13:30,27.56,75.07,2.414,48.95,607.4,1011,0
2020-01-16,13:40,27.5,73.48,4.086,70.32,593.5,1011,0
2020-01-16,13:50,27.89,70,3.773,60.27,636.7,1011,0
2020-01-16,14:00,28,66.48,4.189,64.61,712.6,1011,0
2020-01-16,14:10,28.44,66.47,4.26,67.01,635.4,1011,0
2020-01-16,14:20,28.22,67.64,4.01,55.66,606.1,1011,0
2020-01-16,14:30,28.33,69.57,2.704,51.3,505.3,1010,0
2020-01-16,14:40,28.06,71.2,2.983,51.81,380.6,1010,0
2020-01-16,14:50,27.94,73.3,2.642,50.96,401.8,1010,0
2020-01-16,15:00,27.67,73.78,3.15,50.74,292.8,1010,0
2020-01-16,15:10,27.67,74.11,2.759,52.25,322.8,1010,0
2020-01-16,15:20,27.83,74.18,2.842,55.01,432.5,1010,0
2020-01-16,15:30,27.67,74.28,3.236,56,325.3,1010,0
2020-01-16,15:40,27.61,74.54,3.356,52.16,241.3,1010,0
2020-01-16,15:50,27.5,73.2,4.207,61.09,302.1,1010,0
2020-01-16,16:00,27.72,73.27,3.634,58.43,276.3,1010,0
2020-01-16,16:10,27.83,72.32,3.594,56.34,287.9,1010,0
2020-01-16,16:20,27.72,72.01,3.871,57.94,270,1010,0
2020-01-16,16:30,27.72,69.97,4.005,55.73,303,1010,0
2020-01-16,16:40,27.78,70.29,3.458,55.71,256.2,1010,0
2020-01-16,16:50,27.78,70.51,3.715,63.15,231.1,1010,0
2020-01-16,17:00,27.5,71.1,3.544,67.15,132,1010,0
2020-01-16,17:10,27.39,70.55,4.005,64.29,120.2,1010,0
2020-01-16,17:20,27.28,70.53,3.608,62.03,84.9,1010,0
2020-01-16,17:30,27.11,71.11,3.751,60.5,50.11,1010,0
2020-01-16,17:40,26.94,72.31,3.234,64.45,19.63,1010,0
2020-01-16,17:50,26.83,73.39,3.03,59.16,12.12,1010,0
2020-01-16,18:00,26.72,73.5,3.082,63.51,8.11,1011,0
2020-01-16,18:10,26.72,74.12,3.225,63.66,3.605,1011,0
2020-01-16,18:20,26.63,74.33,2.881,67.61,0.961,1011,0
2020-01-16,18:30,26.59,74.76,2.988,65.19,0.032,1011,0
2020-01-16,18:40,26.78,75.14,3.249,67.8,0,1011,0
2020-01-16,18:50,26.52,74.85,3.733,72.21,0,1011,0
2020-01-16,19:00,26.38,74.22,3.332,68.76,0,1011,0
2020-01-16,19:10,26.34,74.67,2.656,69.09,0,1012,0
2020-01-16,19:20,26.4,74.72,3.292,65.65,0,1012,0
2020-01-16,19:30,26.4,74.38,3.122,69.22,0,1012,0
2020-01-16,19:40,26.41,74.02,3.078,73.52,0,1012,0
2020-01-16,19:50,26.43,72.68,3.195,73.05,0,1012,0
2020-01-16,20:00,26.39,72.46,3.09,70.51,0,1012,0
2020-01-16,20:10,26.35,72.56,3.22,70.16,0,1012,0
2020-01-16,20:20,26.27,72.53,3.014,66.77,0,1013,0
2020-01-16,20:30,26.27,72.54,2.705,69.18,0,1013,0
2020-01-16,20:40,26.4,73.5,2.881,66.18,0,1013,0
2020-01-16,20:50,26.48,73.49,3.178,70.48,0,1013,0
2020-01-16,21:00,26.49,73.95,2.974,69.25,0,1013,0
2020-01-16,21:10,26.41,74.23,3.156,69.24,0,1013,0
2020-01-16,21:20,26.33,74.44,3.217,66.29,0,1013,0
2020-01-16,21:30,26.31,74.87,2.985,68.12,0,1013,0
2020-01-16,21:40,26.21,74.98,2.699,70.59,0,1013,0
2020-01-16,21:50,26.14,74.9,2.762,69.3,0,1013,0
2020-01-16,22:00,26.08,74.64,2.817,69.8,0,1013,0
2020-01-16,22:10,26.09,75.04,2.466,68.98,0,1013,0
2020-01-16,22:20,26.02,74.8,2.638,68.53,0,1013,0
2020-01-16,22:30,26.04,74.52,2.855,70.7,0,1013,0
2020-01-16,22:40,26.14,74.27,2.977,69.92,0,1013,0
2020-01-16,22:50,26.14,74.43,2.534,69.8,0,1013,0
2020-01-16,23:00,26.21,74.01,3.518,70.34,0,1013,0
2020-01-16,23:10,26.14,74.02,2.773,70.33,0,1013,0
2020-01-16,23:20,26.04,73.99,2.549,68.34,0,1013,0
2020-01-16,23:30,25.97,73.78,2.613,69.73,0,1013,0
2020-01-16,23:40,26.03,73,3.116,67.19,0,1013,0
2020-01-16,23:50,25.99,72.77,2.583,67.87,0,1013,0
2020-01-17,00:00,26.02,72.87,2.587,67.17,0,1012,0
2020-01-17,00:10,26.24,73.34,2.566,70.25,0,1012,0
2020-01-17,00:20,26.23,73.76,2.763,67.09,0,1012,0
2020-01-17,00:30,26.21,72.88,2.93,65.25,0,1012,0
2020-01-17,00:40,26.07,72.62,2.982,67.91,0,1012,0
2020-01-17,00:50,25.97,72.48,2.872,69.14,0,1012,0
2020-01-17,01:00,25.9,72.78,2.518,67.6,0,1012,0
2020-01-17,01:10,25.82,73.58,2.406,70.03,0,1011,0
2020-01-17,01:20,25.77,74.03,2.607,68.27,0,1011,0
2020-01-17,01:30,25.92,73.29,3.424,71.01,0,1011,0
2020-01-17,01:40,25.99,73.33,3.035,72.43,0,1011,0
2020-01-17,01:50,25.92,74.22,2.452,66.64,0,1010,0
2020-01-17,02:00,25.96,74.44,2.569,68.99,0,1010,0
2020-01-17,02:10,25.83,74.38,2.408,71.82,0,1010,0
2020-01-17,02:20,25.7,74.73,2.41,73.77,0,1010,0
2020-01-17,02:30,25.82,75.3,2.247,60.81,0,1010,0
2020-01-17,02:40,25.9,75.95,2.444,70.1,0,1010,0
2020-01-17,02:50,25.64,76.28,2.041,69.82,0,1010,0
2020-01-17,03:00,25.54,76.44,2.351,66.88,0,1010,0
2020-01-17,03:10,25.49,76.36,2.408,70.53,0,1010,0
2020-01-17,03:20,25.47,76.26,2.611,69.31,0,1009,0
2020-01-17,03:30,25.44,76.14,2.214,69.69,0,1009,0
2020-01-17,03:40,25.46,76.17,2.505,70.77,0,1009,0
2020-01-17,03:50,25.46,76.15,2.458,73.22,0,1009,0
2020-01-17,04:00,25.43,76.2,2.339,72.1,0,1009,0
2020-01-17,04:10,25.46,76.42,2.267,68.94,0,1009,0
2020-01-17,04:20,25.47,76.82,1.989,69.47,0,1009,0
2020-01-17,04:30,25.44,77.03,2.167,70.29,0,1009,0
2020-01-17,04:40,25.46,76.78,2.254,71.24,0,1010,0
2020-01-17,04:50,25.45,76.54,1.95,71.25,0,1010,0
2020-01-17,05:00,25.42,76.58,1.952,71.97,0,1010,0
2020-01-17,05:10,25.43,76.63,1.857,75.78,0,1010,0
2020-01-17,05:20,25.34,76.77,1.991,79.48,0,1010,0
2020-01-17,05:30,25.27,76.84,1.851,79.2,0,1010,0
2020-01-17,05:40,25.28,76.8,1.603,77.84,0,1010,0
2020-01-17,05:50,25.21,76.76,1.452,74.59,0,1011,0
2020-01-17,06:00,25.19,77.01,1.356,93.4,0,1011,0
2020-01-17,06:10,25.18,77.26,1.093,92.1,0,1011,0
2020-01-17,06:20,25.06,77.88,1.236,119.5,0,1011,0
2020-01-17,06:30,24.88,78.7,1.143,108,0,1012,0
2020-01-17,06:40,24.86,79.42,1.614,87.7,0.31,1012,0
2020-01-17,06:50,25.18,79.62,1.99,78.92,3.067,1012,0
2020-01-17,07:00,25.32,79.78,2.196,75.9,7.915,1012,0
2020-01-17,07:10,25.35,79.68,1.861,82.8,12.53,1012,0
2020-01-17,07:20,25.39,79.57,2.03,72.17,26.01,1012,0
2020-01-17,07:30,25.66,79.26,2.183,67.11,45.83,1012,0
2020-01-17,07:40,25.93,78.95,2.078,68.39,58.82,1012,0
2020-01-17,07:50,26.06,78.41,1.989,66.15,88.9,1012,0
2020-01-17,08:00,26.72,77.58,1.769,64.14,182.5,1013,0
2020-01-17,08:10,27.06,76.21,2.039,58.08,215.2,1013,0
2020-01-17,08:20,27.28,75.33,2.173,58.31,251.7,1013,0
2020-01-17,08:30,27.33,75.01,2.518,57.34,245.3,1013,0
2020-01-17,08:40,27.11,75.2,2.707,57.22,175.6,1013,0
2020-01-17,08:50,27.06,75.66,2.246,58.15,154.9,1013,0
2020-01-17,09:00,27,75.53,2.544,67.32,163,1013,0
2020-01-17,09:10,27.11,74.96,2.543,64.43,209.2,1013,0
2020-01-17,09:20,27.56,73.6,3.432,63.22,436,1013,0
2020-01-17,09:30,27.89,72.02,3.59,60.59,515.3,1013,0
2020-01-17,09:40,27.72,72.37,2.462,56.37,221.6,1013,0
2020-01-17,09:50,27.67,74.26,2.529,54.34,281,1013,0
2020-01-17,10:00,27.39,75.33,2.36,60.34,155.9,1013,0
2020-01-17,10:10,27.22,75.41,2.714,56.57,155.8,1013,0
2020-01-17,10:20,27.39,75.5,2.581,55.3,241.2,1013,0
2020-01-17,10:30,27.56,75.61,2.503,54.08,276.9,1012,0
2020-01-17,10:40,27.33,77.27,2.68,52.57,348.6,1012,0
2020-01-17,10:50,27.22,78.49,2.309,53.95,223.4,1012,0
2020-01-17,11:00,27.28,78.88,1.888,48.12,290.1,1012,0
2020-01-17,11:10,27.56,77.38,2.38,49.18,383.5,1012,0
2020-01-17,11:20,28.06,74.17,2.884,54.96,583.1,1012,0
2020-01-17,11:30,28.44,72.08,3.475,59.5,773,1012,0
2020-01-17,11:40,28.61,70.73,3.187,63.56,740.9,1012,0
2020-01-17,11:50,28.28,72.2,2.639,51.01,477.8,1011,0
2020-01-17,12:00,28.06,73.95,2.099,54.29,496.2,1011,0
2020-01-17,12:10,28.06,74.25,2.706,47.09,362.8,1011,0
2020-01-17,12:20,28.06,75.4,2.283,49.35,494.1,1011,0
2020-01-17,12:30,28.11,75.47,2.348,49.19,501.6,1011,0
2020-01-17,12:40,27.89,75.42,2.834,50.79,505.7,1011,0
2020-01-17,12:50,28.17,74.77,2.947,54.48,590.1,1011,0
2020-01-17,13:00,28.33,72.94,3.369,61.47,607,1011,0
2020-01-17,13:10,28.33,71.81,3.813,62.76,629.6,1011,0
2020-01-17,13:20,28.5,71.26,3.8,57.95,815,1010,0
2020-01-17,13:30,28.72,71.41,3.429,60.84,865,1010,0
2020-01-17,13:40,28.44,72.35,3.338,58.7,610.3,1010,0
2020-01-17,13:50,28.44,73.56,2.708,55.3,493.2,1010,0
2020-01-17,14:00,28.39,73.13,4.032,59.4,793.9,1010,0
2020-01-17,14:10,28.44,71.94,3.742,59.82,675.2,1010,0
2020-01-17,14:20,28.39,71.96,2.933,51.92,536.9,1010,0
2020-01-17,14:30,28.22,73.76,2.493,51.09,342.1,1009,0
2020-01-17,14:40,27.83,75.34,2.281,47.98,232.7,1009,0
2020-01-17,14:50,27.78,75.68,2.364,53.62,240.7,1009,0
2020-01-17,15:00,27.72,76.05,2.442,53.3,238.8,1009,0
2020-01-17,15:10,27.78,76.47,2.04,49.42,255.9,1009,0
2020-01-17,15:20,27.78,76.39,2.149,51.12,278.9,1009,0
2020-01-17,15:30,27.83,76.68,1.959,50.8,230.1,1009,0
2020-01-17,15:40,27.67,76.63,2.219,54.03,277.5,1009,0
2020-01-17,15:50,27.5,76.5,2.275,54.35,200.5,1009,0
2020-01-17,16:00,27.83,75.05,2.557,50.21,444.2,1009,0
2020-01-17,16:10,28,74.17,2.397,50.88,397.4,1009,0
2020-01-17,16:20,28.06,74.23,2.362,50.63,383.6,1009,0
2020-01-17,16:30,27.72,73.14,3.581,57.46,294.7,1009,0
2020-01-17,16:40,27.67,72.95,2.511,52.1,278.5,1010,0
2020-01-17,16:50,27.72,72.79,2.511,54.99,186.8,1010,0
2020-01-17,17:00,27.56,73.59,2.613,55.36,172,1010,0
2020-01-17,17:10,27.44,74.16,2.33,52.95,156.4,1010,0
2020-01-17,17:20,27.5,74.58,2.333,58.45,143,1010,0
2020-01-17,17:30,27.28,74.63,2.466,60.85,85.4,1010,0
2020-01-17,17:40,27.17,75.26,2.808,61.46,57.9,1010,0
2020-01-17,17:50,27.11,75.95,2.178,60.19,27.5,1010,0
2020-01-17,18:00,26.94,76.41,2.169,60.34,13.1,1010,0
2020-01-17,18:10,26.89,76.9,2.199,61.63,5.459,1010,0
2020-01-17,18:20,26.83,78.42,2.84,61.3,1.385,1010,0
2020-01-17,18:30,26.66,78.59,2.185,63.51,0.095,1010,0
2020-01-17,18:40,26.67,78.5,1.925,61.56,0,1010,0
2020-01-17,18:50,26.78,78.7,1.886,62.88,0,1010,0
2020-01-17,19:00,26.5,79.19,2.528,73.35,0,1010,0
2020-01-17,19:10,26.46,79.37,2.683,67.91,0,1010,0
2020-01-17,19:20,26.36,78.95,2.72,67.18,0,1011,0
2020-01-17,19:30,26.31,78.46,2.558,72.07,0,1011,0
2020-01-17,19:40,26.26,78.49,2.388,70.52,0,1011,0
2020-01-17,19:50,26.18,78.7,2.404,66.13,0,1011,0
2020-01-17,20:00,26.14,78.7,2.396,70.89,0,1011,0
2020-01-17,20:10,25.97,78.79,1.999,70.93,0,1011,0
2020-01-17,20:20,26.02,78.54,2.318,72.14,0,1011,0
2020-01-17,20:30,26.09,78.52,2.454,70.63,0,1011,0
2020-01-17,20:40,26.18,78.32,2.115,74.11,0,1011,0
2020-01-17,20:50,26.26,78.4,2.968,74.27,0,1012,0
2020-01-17,21:00,26.22,79.12,2.607,68.64,0,1012,0
2020-01-17,21:10,26.22,78.91,2.154,73.56,0,1012,0
2020-01-17,21:20,26.23,79.49,2.957,75.1,0.064,1012,0
2020-01-17,21:30,25.76,83,3.184,65.66,0.037,1012,0
2020-01-17,21:40,25.28,85.2,2.942,62.9,0,1012,0
2020-01-17,21:50,25.17,86.1,2.093,67.45,0,1012,0
2020-01-17,22:00,25.03,86.3,1.616,70.15,0,1012,0
2020-01-17,22:10,25.04,86.5,1.893,66.33,0,1012,0
2020-01-17,22:20,25.22,86.7,1.82,63.42,0,1012,0
2020-01-17,22:30,25.39,86.8,1.6,76.25,0,1012,0
2020-01-17,22:40,25.22,86.9,1.254,84.1,0,1012,0
2020-01-17,22:50,25.14,87.3,1.502,70.34,0,1012,0
2020-01-17,23:00,25.21,87.5,1.547,68.44,0,1012,0
2020-01-17,23:10,25.19,87.9,1.679,58.55,0.507,1012,0
2020-01-17,23:20,25.23,88.5,1.607,78.1,0.65,1012,0
2020-01-17,23:30,25.21,88.9,1.204,86.2,0.78,1012,0
2020-01-17,23:40,25.21,89.2,1.242,75.98,0.812,1012,0
2020-01-17,23:50,25.26,89.2,1.38,71.26,0.739,1012,0
2020-01-18,00:00,25.27,88.7,1.352,65.7,0.483,1012,0
2020-01-18,00:10,25.31,88.1,2.089,71.33,0.605,1012,0
2020-01-18,00:20,25.23,88,1.663,73.96,1.128,1012,0
2020-01-18,00:30,25.29,87.8,2.348,71.9,1.185,1012,0
2020-01-18,00:40,25.22,88.7,3.106,72.09,1.152,1012,0
2020-01-18,00:50,25.03,89.7,2.585,79.74,1.219,1012,0
2020-01-18,01:00,24.85,90.3,2.108,63.58,1.219,1012,0
2020-01-18,01:10,24.8,90.5,1.982,71.76,1.243,1011,0
2020-01-18,01:20,24.73,90.6,1.213,77.61,1.396,1011,0
2020-01-18,01:30,24.64,90.7,0.6558,76.29,1.422,1011,0
2020-01-18,01:40,24.62,90.8,0.6844,78.91,1.422,1011,0
2020-01-18,01:50,24.62,90.9,0.8315,63.24,1.427,1011,0
2020-01-18,02:00,24.71,91,1.322,66.92,1.477,1011,0
2020-01-18,02:10,24.51,91.1,2.356,60.02,1.448,1011,0
2020-01-18,02:20,24.31,91.4,1.81,55.17,1.314,1011,0
2020-01-18,02:30,24.29,91.5,1.508,60.76,1.422,1010,0
2020-01-18,02:40,24.39,91.7,1.608,63.94,1.538,1010,0
2020-01-18,02:50,24.52,91.8,1.565,75.1,1.624,1010,0
2020-01-18,03:00,24.57,92,1.497,73.53,1.626,1010,0
2020-01-18,03:10,24.68,92.1,1.515,79.23,1.684,1010,0
2020-01-18,03:20,24.76,92.1,1.006,95.8,1.76,1010,0
2020-01-18,03:30,24.69,92.1,0.8977,110.7,1.796,1010,0
2020-01-18,03:40,24.81,92.4,1.379,97.5,1.828,1009,0
2020-01-18,03:50,24.83,92.5,2.162,74.91,1.762,1009,0
2020-01-18,04:00,24.72,92.7,1.557,71.2,0.519,1009,0
2020-01-18,04:10,24.52,92.8,0.7854,56.76,0.788,1009,0
2020-01-18,04:20,24.43,92.8,1.004,56.33,1.006,1009,0
2020-01-18,04:30,24.45,93,1.69,58.93,0.708,1009,0
2020-01-18,04:40,24.5,93,1.76,83.1,0.971,1009,0
2020-01-18,04:50,24.49,92.8,1.163,80.9,1.217,1009,0
2020-01-18,05:00,24.44,92.7,1.007,87.3,1.219,1009,0
2020-01-18,05:10,24.46,92.6,0.9039,99.6,1.235,1009,0
2020-01-18,05:20,24.54,92.7,1.597,68.92,0.745,1009,0
2020-01-18,05:30,24.64,92.6,2.457,90.5,0.838,1009,0
2020-01-18,05:40,24.43,92.3,2.143,103.6,1.123,1009,0
2020-01-18,05:50,24.38,92,1.65,111.3,1.219,1009,0
2020-01-18,06:00,24.37,91.6,1.017,89.1,1.219,1010,0
2020-01-18,06:10,24.4,91.4,2.273,74.42,0.848,1010,0
2020-01-18,06:20,24.27,91.9,1.937,65.96,0,1010,1
2020-01-18,06:30,24.21,92.2,2.293,90.6,0.066,1010,0
2020-01-18,06:40,23.89,92.3,2.648,83.8,0.983,1010,0
2020-01-18,06:50,23.72,92.2,2.304,96.8,3.515,1010,0
2020-01-18,07:00,23.79,92.1,0.6898,67.57,16.81,1010,0
2020-01-18,07:10,23.94,92,0.4667,53.94,30.92,1011,0
2020-01-18,07:20,24.41,91.7,0.8664,110.8,76.79,1011,0
2020-01-18,07:30,25.01,90.6,1.057,99.7,120.9,1011,0
2020-01-18,07:40,25.76,89.6,0.4672,123.4,159.1,1011,0
2020-01-18,07:50,25.99,88,1.1,93.9,174,1011,0
2020-01-18,08:00,26.05,87.1,1.302,91.2,203.9,1011,0
2020-01-18,08:10,26.28,86.2,1.363,81.4,232.9,1011,0
2020-01-18,08:20,26.64,85.3,1.401,71.57,265,1012,0
2020-01-18,08:30,26.67,84.3,1.325,67.93,198.1,1012,0
2020-01-18,08:40,26.83,83.9,1.306,54.33,244.9,1012,0
2020-01-18,08:50,26.72,83.7,1.656,51.1,139.9,1012,0
2020-01-18,09:00,25.87,85.7,2.03,61.57,345.8,1012,1
2020-01-18,09:10,26.05,86,1.329,89.5,475.7,1012,0
2020-01-18,09:20,27.06,85.1,1.426,63.33,416.5,1012,0
2020-01-18,09:30,27.39,84.9,0.9705,33.61,508.3,1012,0
2020-01-18,09:40,28.28,83.8,0.9365,20.15,565.1,1012,0
2020-01-18,09:50,27.44,82.8,1.518,50.05,227.3,1012,0
2020-01-18,10:00,27.39,83.8,1.536,47.61,541.2,1012,0
2020-01-18,10:10,28.44,83.2,0.9218,51.04,708.4,1012,0
2020-01-18,10:20,28.39,80.9,0.9222,41.44,316.8,1012,0
2020-01-18,10:30,27.94,81.3,0.9129,346,258.6,1012,0
2020-01-18,10:40,27.78,81.2,1.251,341.6,265.8,1012,0
2020-01-18,10:50,27.78,81.6,1.422,349,330.4,1012,0
2020-01-18,11:00,27.33,82,1.624,348.7,196.9,1012,0
2020-01-18,11:10,27.5,82.8,1.082,345.4,223.4,1011,0
2020-01-18,11:20,27.28,83.1,1.119,353.9,177.5,1011,0
2020-01-18,11:30,27.22,83.7,0.7787,345.9,189.2,1011,0
2020-01-18,11:40,27.39,83.7,0.8288,342.5,209.9,1011,0
2020-01-18,11:50,27.39,83.6,0.8695,345.6,179,1011,0
2020-01-18,12:00,27.17,83.3,1.144,50.73,174.9,1011,0
2020-01-18,12:10,26.94,82.9,1.118,42.58,151,1011,0
2020-01-18,12:20,27.11,82.4,1.132,59.76,170.2,1011,0
2020-01-18,12:30,27.28,82.3,0.7372,354,123.3,1010,0
2020-01-18,12:40,27.22,82.2,0.9477,0.539,151.1,1010,0
2020-01-18,12:50,27.56,82.4,0.8011,14.53,509,1010,0
2020-01-18,13:00,28.22,80.3,1.119,36.71,481.1,1010,0
2020-01-18,13:10,27.89,79.8,0.9938,25.13,392.3,1010,0
2020-01-18,13:20,28.67,79.6,1.253,355,814,1010,0
2020-01-18,13:30,28.72,77.9,1.143,8.73,396.4,1010,0
2020-01-18,13:40,28.78,78.19,0.9835,26.88,731.2,1009,0
2020-01-18,13:50,29,76.4,1.267,34.64,777.3,1009,0
2020-01-18,14:00,29.06,75.83,1.266,38.12,748.3,1009,0
2020-01-18,14:10,28.89,75.54,1.254,44.08,641.6,1009,0
2020-01-18,14:20,28.83,75.45,1.45,37.43,676.9,1009,0
2020-01-18,14:30,28.78,75.95,1.485,44.93,689.5,1009,0
2020-01-18,14:40,28.89,75.75,1.548,50.43,651,1009,0
2020-01-18,14:50,28.78,76,1.153,37.23,621.6,1008,0
2020-01-18,15:00,28.72,75.04,1.482,40.22,604.4,1009,0
2020-01-18,15:10,28.5,75.27,1.727,49.53,582.7,1008,0
2020-01-18,15:20,28.33,75.88,1.773,43.25,558.9,1008,0
2020-01-18,15:30,28.72,75.77,1.212,55.49,523.7,1009,0
2020-01-18,15:40,28.61,75.22,1.374,53.39,488.8,1009,0
2020-01-18,15:50,28.61,75.29,1.399,45.01,435.4,1009,0
2020-01-18,16:00,28.39,76.06,1.614,46.12,414.1,1009,0
2020-01-18,16:10,28.5,76.03,1.504,49.82,400.8,1009,0
2020-01-18,16:20,28.44,76.52,1.28,56.87,372,1009,0
2020-01-18,16:30,28.94,76.48,1.031,12.21,384.5,1009,0
2020-01-18,16:40,28.72,75.09,1.098,41.78,331.7,1009,0
2020-01-18,16:50,28.22,75.9,1.509,52.24,260.5,1009,0
2020-01-18,17:00,28.06,77.32,2.044,49.5,246.5,1009,0
2020-01-18,17:10,27.5,79.35,2.307,54.43,163.2,1009,0
2020-01-18,17:20,27,80.5,2.07,52.35,86.7,1009,0
2020-01-18,17:30,26.72,80.9,2.393,54.48,63.29,1010,0
2020-01-18,17:40,26.78,81.6,2.544,53.71,86.8,1010,0
2020-01-18,17:50,26.64,81.2,2.548,58.75,39.58,1010,0
2020-01-18,18:00,26.49,80.5,2.338,59.23,12.66,1010,0
2020-01-18,18:10,26.44,80.6,1.671,69.89,4.987,1010,0
2020-01-18,18:20,26.31,81.1,1.574,67.95,1.357,1010,0
2020-01-18,18:30,26.63,82,2.161,68.9,0.077,1010,0
2020-01-18,18:40,26.49,82.1,1.861,59.68,0,1010,0
2020-01-18,18:50,26.44,82.6,2.147,71.71,0,1010,0
2020-01-18,19:00,26.32,83.4,1.908,67.64,0,1010,0
2020-01-18,19:10,26.31,83.8,1.72,63.16,0,1010,0
2020-01-18,19:20,26.2,83.9,1.822,73.64,0,1011,0
2020-01-18,19:30,26.07,84,1.98,77.26,0,1011,0
2020-01-18,19:40,26.02,83.9,1.598,64.83,0,1011,0
2020-01-18,19:50,26.22,84.2,2.211,69.08,0,1011,0
2020-01-18,20:00,25.97,84.6,2.379,68.26,0,1011,0
2020-01-18,20:10,25.77,85.2,1.903,66.17,0,1011,0
2020-01-18,20:20,25.68,85.3,1.679,66.56,0,1011,0
2020-01-18,20:30,25.75,85,1.779,57.22,0,1011,0
2020-01-18,20:40,25.94,84.5,1.699,58.47,0,1011,0
2020-01-18,20:50,26.01,84.2,1.324,73.91,0,1012,0
2020-01-18,21:00,26.14,84.5,1.243,56.26,0,1012,0
2020-01-18,21:10,26.09,85.3,1.57,328.5,0.762,1012,0
2020-01-18,21:20,25.55,87,1.439,330.3,1.254,1012,0
2020-01-18,21:30,25.51,88,1.516,341.4,1.033,1012,0
2020-01-18,21:40,25.43,88.4,1.311,358.6,1.094,1012,0
2020-01-18,21:50,25.37,88.6,1.75,341.4,1.15,1012,0
2020-01-18,22:00,25.43,89,2.27,329.6,1.219,1012,0
2020-01-18,22:10,25.19,89.5,1.814,324.2,1.219,1012,0
2020-01-18,22:20,25.28,89.9,1.878,332.4,1.246,1012,0
2020-01-18,22:30,25.27,90.1,2.473,325.3,1.377,1012,0
2020-01-18,22:40,25.03,90.5,2.346,319.8,1.414,1012,0
2020-01-18,22:50,25.02,91,2.342,318.8,1.424,1012,0
2020-01-18,23:00,25.1,91.3,2.168,323.5,1.415,1012,0
2020-01-18,23:10,25.19,91.4,2.359,326.7,1.294,1012,0
2020-01-18,23:20,25.12,91.5,2.32,327.8,1.312,1012,0
2020-01-18,23:30,25.22,91.6,2.485,320.4,1.618,1012,0
2020-01-18,23:40,25.23,91.6,2.577,322,1.288,1012,0
2020-01-18,23:50,25.37,91.4,2.49,327.3,0.004,1012,0
2020-01-19,00:00,25.46,91.2,2.208,335.1,0,1011,0
2020-01-19,00:10,25.52,91.1,1.86,339.5,0,1011,0
2020-01-19,00:20,25.39,90.6,0.9982,353,0,1011,0
2020-01-19,00:30,25.48,90.8,1.834,338.2,0.523,1011,0
2020-01-19,00:40,25.35,91,2.323,333.6,1.039,1011,0
2020-01-19,00:50,25.21,91.6,2.342,333.6,0.314,1011,0
2020-01-19,01:00,25.21,91.9,2.756,339.9,0.492,1011,0
2020-01-19,01:10,25.09,91.8,2.883,339.3,0.566,1011,0
2020-01-19,01:20,25.21,91.6,2.786,342,0.769,1011,0
2020-01-19,01:30,25.27,91.3,2.781,340,0.812,1011,0
2020-01-19,01:40,25.29,91.2,2.782,342.6,0.811,1010,0
2020-01-19,01:50,25.21,91,2.991,342.2,1.089,1010,0
2020-01-19,02:00,25.33,91,2.594,340.9,1.095,1010,0
2020-01-19,02:10,25.28,90.9,2.508,343.4,0.232,1010,0
2020-01-19,02:20,25.39,91,2.302,346.7,0,1010,0
2020-01-19,02:30,25.37,90.9,2.623,344.3,0,1010,0
2020-01-19,02:40,25.29,91,2.722,342.8,0,1010,0
2020-01-19,02:50,25.27,91,2.528,343,0,1010,0
2020-01-19,03:00,25.14,90.9,2.241,343.6,0,1010,0
2020-01-19,03:10,25.2,91,2.127,345.3,0,1010,0
2020-01-19,03:20,25.29,91.1,2.469,341.1,0,1010,0
2020-01-19,03:30,25.16,91,2.352,340.3,0,1010,0
2020-01-19,03:40,25.2,91.1,2.41,341.4,0,1010,0
2020-01-19,03:50,25.24,91,2.392,338.2,0,1010,0
2020-01-19,04:00,25.29,90.8,2.533,342.9,0,1010,0
2020-01-19,04:10,25.34,90.5,2.687,336.4,0,1010,0
2020-01-19,04:20,25.42,90.1,2.862,342.1,0,1010,0
2020-01-19,04:30,25.47,89.5,2.605,343.1,0,1010,0
2020-01-19,04:40,25.53,89.3,1.368,342.2,0.578,1010,0
2020-01-19,04:50,25.5,89.4,2.293,337.6,1.55,1010,0
2020-01-19,05:00,25.52,89.4,2.582,340.2,1.206,1010,0
2020-01-19,05:10,25.54,89,2.667,340.1,0.442,1010,0
2020-01-19,05:20,25.62,88.9,2.172,337.4,0,1010,0
2020-01-19,05:30,25.66,88.7,1.98,340,0,1011,0
2020-01-19,05:40,25.63,88.7,2.182,344.9,0,1011,0
2020-01-19,05:50,25.61,88.5,2.363,343.6,0,1011,0
2020-01-19,06:00,25.74,88.3,2.165,343.4,0,1011,0
2020-01-19,06:10,25.87,88.2,2.234,340.5,0,1011,0
2020-01-19,06:20,25.92,88.2,1.923,346.5,0,1011,0
2020-01-19,06:30,25.87,88.1,1.306,342.4,0,1012,0
2020-01-19,06:40,25.71,87.9,0.9924,324.2,0.844,1012,0
2020-01-19,06:50,25.71,87.5,0.8118,78.03,3.473,1012,0
2020-01-19,07:00,25.65,86.7,0.7349,267.8,7.797,1012,0
2020-01-19,07:10,25.78,85.8,0.8489,75.27,13.63,1012,0
2020-01-19,07:20,26.19,84.7,0.8784,67.07,50.17,1012,0
2020-01-19,07:30,26.67,83.2,0.9571,77.74,93.9,1012,0
2020-01-19,07:40,26.94,82,0.8999,85.2,97.5,1012,0
2020-01-19,07:50,27.11,80.8,1.08,59.34,148.3,1012,0
2020-01-19,08:00,27.44,79.58,1.252,62.39,194.7,1012,0
2020-01-19,08:10,27.83,78.63,1.077,61,231.9,1012,0
2020-01-19,08:20,27.83,78.23,1.424,54.62,268.8,1012,0
2020-01-19,08:30,27.83,78.21,1.537,52.52,291.5,1013,0
2020-01-19,08:40,28.17,78.23,1.077,59.88,148.2,1013,0
2020-01-19,08:50,28,77.34,1.834,58.93,125.8,1013,0
2020-01-19,09:00,27.89,77.1,1.737,51.6,264.6,1013,0
2020-01-19,09:10,27.61,77.6,1.763,48.12,230.4,1013,0
2020-01-19,09:20,27.56,78.48,1.351,48.19,243,1013,0
2020-01-19,09:30,27.61,78.41,1.761,57.34,320.7,1013,0
2020-01-19,09:40,28.06,77.2,1.607,53.56,375,1013,0
2020-01-19,09:50,27.72,77.21,1.85,52.21,369.1,1013,0
2020-01-19,10:00,28,77.21,2.007,52.26,411.3,1013,0
2020-01-19,10:10,28.33,77.15,2.071,47.13,675.1,1013,0
2020-01-19,10:20,28.28,75.99,2.176,45.97,632,1013,0
2020-01-19,10:30,29.06,75.61,1.42,34.66,764.2,1013,0
2020-01-19,10:40,28.44,74.11,1.852,48.78,403.2,1013,0
2020-01-19,10:50,28.06,75.26,1.478,55.97,303,1013,0
2020-01-19,11:00,27.83,76.25,1.941,50.36,320.2,1013,0
2020-01-19,11:10,27.94,77.1,1.247,56.7,423.4,1013,0
2020-01-19,11:20,29,76.59,1.31,40.1,783.6,1013,0
2020-01-19,11:30,29.33,74.96,1.081,32.5,777.7,1013,0
2020-01-19,11:40,29.61,73.3,1.412,45.24,868,1012,0
2020-01-19,11:50,29.33,73.43,1.21,31.95,744.4,1012,0
2020-01-19,12:00,29.22,73.3,1.184,42.85,685.8,1012,0
2020-01-19,12:10,29.28,73.35,1.346,49.27,801,1012,0
2020-01-19,12:20,29.39,73.1,1.427,47.15,888,1012,0
2020-01-19,12:30,29.17,72.92,1.598,39.12,857,1012,0
2020-01-19,12:40,29.67,73.48,1.199,33.68,868,1012,0
2020-01-19,12:50,29.22,73.15,1.363,54.82,813,1011,0
2020-01-19,13:00,29.33,73.49,1.185,36.52,801,1011,0
2020-01-19,13:10,29.5,74.18,1.008,30.03,790.7,1011,0
2020-01-19,13:20,29.33,73.89,1.308,17.84,783.2,1011,0
2020-01-19,13:30,28.67,73.8,2.172,48.75,772.9,1011,0
2020-01-19,13:40,28.5,73.9,1.705,47.07,757.6,1011,0
2020-01-19,13:50,29,72.98,1.18,47.33,744.6,1011,0
2020-01-19,14:00,29.17,73.14,1.194,15.73,737,1011,0
2020-01-19,14:10,29.17,73.2,1.21,5.376,409.9,1011,0
2020-01-19,14:20,28.89,74.14,1.059,54.29,544.6,1011,0
2020-01-19,14:30,29.06,74.37,1.252,353.7,546.2,1011,0
2020-01-19,14:40,29.44,73.16,1.169,0.206,704.7,1011,0
2020-01-19,14:50,29.61,71.95,1.204,12.84,629.1,1011,0
2020-01-19,15:00,29.44,71.71,1.329,351.4,467.9,1010,0
2020-01-19,15:10,29.33,72.29,1.207,8.24,604.6,1011,0
2020-01-19,15:20,29.56,72.13,1.329,5.589,536,1010,0
2020-01-19,15:30,29.06,72.82,1.288,50.99,549.1,1011,0
2020-01-19,15:40,29.39,73.08,0.9687,33.8,581,1011,0
2020-01-19,15:50,29,73.95,1.398,4.228,227,1011,0
2020-01-19,16:00,28.17,76.25,1.432,349.5,113.1,1011,0
2020-01-19,16:10,28.06,76.72,0.9929,6.201,165.3,1011,0
2020-01-19,16:20,28.17,76.78,0.983,331.2,238.4,1011,0
2020-01-19,16:30,28,76.57,0.9477,62.27,130.4,1011,0
2020-01-19,16:40,27.61,77,1.071,26.03,100.5,1011,0
2020-01-19,16:50,27.56,77.1,0.8896,57.12,131,1011,0
2020-01-19,17:00,28.11,76.82,0.9607,54.65,221.5,1011,0
2020-01-19,17:10,27.78,76.96,1.355,49.6,114.1,1011,0
2020-01-19,17:20,27.17,77.83,1.86,55.34,69.51,1011,0
2020-01-19,17:30,27,79.08,1.576,61.99,58.21,1011,0
2020-01-19,17:40,27.11,79.46,0.9795,37.83,44.59,1012,0
2020-01-19,17:50,27.17,79.06,1.224,60.8,27.31,1012,0
2020-01-19,18:00,27.11,79.44,1.076,70.46,13.15,1012,0
2020-01-19,18:10,26.89,79.25,1.431,49.26,4.541,1012,0
2020-01-19,18:20,26.89,79.58,1.195,54.75,1.419,1012,0
2020-01-19,18:30,26.94,80.4,1.697,52.44,0.095,1012,0
2020-01-19,18:40,26.83,80.7,1.603,58.74,0,1012,0
2020-01-19,18:50,26.89,81,1.262,59.34,0,1012,0
2020-01-19,19:00,26.83,81,1.854,56.68,0,1012,0
2020-01-19,19:10,26.89,81.4,2.061,55.3,0,1012,0
2020-01-19,19:20,26.78,81.1,1.993,55.74,0,1012,0
2020-01-19,19:30,26.89,80.5,2.085,55.57,0,1013,0
2020-01-19,19:40,26.89,80.5,2.103,53.02,0,1013,0
2020-01-19,19:50,26.89,80.4,1.979,55.26,0,1013,0
2020-01-19,20:00,26.78,80.2,2.03,60.45,0,1013,0
2020-01-19,20:10,26.83,80.1,1.989,55.18,0,1013,0
2020-01-19,20:20,26.89,80.8,1.531,60.23,0,1013,0
2020-01-19,20:30,26.83,81.2,2.056,61.29,0,1013,0
2020-01-19,20:40,26.83,80.9,2.127,59.63,0,1014,0
2020-01-19,20:50,26.89,81.1,2.12,59.48,0,1014,0
2020-01-19,21:00,26.89,81.1,2.026,57.4,0,1014,0
2020-01-19,21:10,26.78,81.3,2.035,54.65,0,1014,0
2020-01-19,21:20,26.66,81.2,2.336,60.39,0,1014,0
2020-01-19,21:30,26.66,81.2,2.034,56.18,0,1014,0
2020-01-19,21:40,26.6,81.2,1.999,60.77,0,1014,0
2020-01-19,21:50,26.64,81.2,1.901,59.45,0,1014,0
2020-01-19,22:00,26.6,81.3,2.142,52.28,0,1014,0
2020-01-19,22:10,26.58,81,2.099,57.77,0,1014,0
2020-01-19,22:20,26.62,80.9,1.772,58.25,0,1014,0
2020-01-19,22:30,26.57,81,1.943,56.89,0,1014,0
2020-01-19,22:40,26.58,81.1,1.483,57.81,0,1014,0
2020-01-19,22:50,26.64,81.4,1.178,69.31,0,1014,0
2020-01-19,23:00,26.63,81.5,1.469,55.27,0,1014,0
2020-01-19,23:10,26.67,81.7,0.8802,142.3,0,1014,0
2020-01-19,23:20,26.57,81.5,1.083,43.77,0,1014,0
2020-01-19,23:30,26.72,81.2,1.693,56.5,0,1014,0
2020-01-19,23:40,26.54,80.7,1.557,54.5,0,1014,0
2020-01-19,23:50,26.56,80.5,1.565,60.78,0,1013,0
2020-01-20,00:00,26.63,80.6,0.8167,205.5,0,1013,0
2020-01-20,00:10,26.61,80.9,0.9388,143.4,0,1013,0
2020-01-20,00:20,26.63,81.1,1.06,351.4,0,1013,0
2020-01-20,00:30,26.59,81.1,1.593,66.26,0,1013,0
2020-01-20,00:40,26.57,81.3,0.9419,79.23,0,1013,0
2020-01-20,00:50,26.5,81.6,1.047,98.4,0,1013,0
2020-01-20,01:00,26.55,81.7,1.144,69.79,0,1013,0
2020-01-20,01:10,26.43,81,1.933,55.68,0,1013,0
2020-01-20,01:20,26.56,80.6,1.8,50.7,0,1013,0
2020-01-20,01:30,26.56,80.9,0.8847,179.1,0,1013,0
2020-01-20,01:40,26.54,81.5,1.255,67.49,0,1013,0
2020-01-20,01:50,26.57,81.9,0.8986,99.2,0,1012,0
2020-01-20,02:00,26.53,82.3,1.243,41.78,0,1012,0
2020-01-20,02:10,26.49,82.9,1.658,29.99,0,1012,0
2020-01-20,02:20,26.24,83.2,2.127,36.22,0,1012,0
2020-01-20,02:30,26.38,82.3,2.217,56.02,0,1012,0
2020-01-20,02:40,26.24,81.2,1.699,62.27,0,1012,0
2020-01-20,02:50,26.36,80.3,1.845,58.85,0,1012,0
2020-01-20,03:00,26.36,79.99,1.587,64.97,0,1012,0
2020-01-20,03:10,26.36,79.66,2.332,58.18,0,1012,0
2020-01-20,03:20,26.45,79.45,2.198,55.52,0,1012,0
2020-01-20,03:30,26.46,79.36,2.334,54.3,0,1012,0
2020-01-20,03:40,26.49,79.69,1.989,56.32,0,1012,0
2020-01-20,03:50,26.51,80.4,1.861,57.05,0,1012,0
2020-01-20,04:00,26.66,81.2,1.751,57.59,0,1012,0
2020-01-20,04:10,26.62,81.4,1.611,50.71,0,1012,0
2020-01-20,04:20,26.51,80.7,1.277,78.78,0,1011,0
2020-01-20,04:30,26.54,80.3,1.237,68.42,0,1011,0
2020-01-20,04:40,26.62,80.2,0.9942,89.3,0,1011,0
2020-01-20,04:50,26.62,80.2,0.9973,58.57,0,1012,0
2020-01-20,05:00,26.66,79.92,1.78,53.57,0,1012,0
2020-01-20,05:10,26.72,79.77,1.498,44.06,0,1012,0
2020-01-20,05:20,26.64,79.34,1.484,53.02,0,1012,0
2020-01-20,05:30,26.78,79.14,2.191,56.34,0,1012,0
2020-01-20,05:40,26.72,79.36,2.761,51.95,0,1012,0
2020-01-20,05:50,26.59,79.5,2.149,58.07,0,1012,0
2020-01-20,06:00,26.57,79.37,1.536,61.02,0,1012,0
2020-01-20,06:10,26.61,79.38,1.589,63.64,0,1012,0
2020-01-20,06:20,26.59,79.65,1.238,50.96,0,1013,0
2020-01-20,06:30,26.72,80.3,1.59,61.53,0,1013,0
2020-01-20,06:40,26.67,81.4,1.612,64.01,0.7,1013,0
2020-01-20,06:50,26.53,81.1,2.465,58.01,2.873,1013,0
2020-01-20,07:00,26.78,80.7,2.129,57.54,6.387,1013,0
2020-01-20,07:10,26.72,80.6,2.06,55.93,13.86,1013,0
2020-01-20,07:20,26.89,80.7,2.348,57.72,25.73,1014,0
2020-01-20,07:30,26.89,81.1,2.312,59.41,39.01,1014,0
2020-01-20,07:40,26.83,80.9,2.273,56.94,63.84,1014,0
2020-01-20,07:50,26.89,80.5,2.472,53.85,74.19,1014,0
2020-01-20,08:00,26.94,80.2,2.009,58.21,97,1014,0
2020-01-20,08:10,27.22,80.3,1.736,55.43,161.1,1014,0
2020-01-20,08:20,27.39,79.53,2.361,55.18,210.4,1014,0
2020-01-20,08:30,27.5,78.56,2.148,51.05,250.1,1015,0
2020-01-20,08:40,27.61,78.1,1.709,56.38,169.3,1015,0
2020-01-20,08:50,27.39,78.49,1.872,54.19,191.1,1015,0
2020-01-20,09:00,27.5,78.29,2.167,51.03,223.4,1015,0
2020-01-20,09:10,27.67,78.04,2.327,53.42,355.8,1015,0
2020-01-20,09:20,27.44,77.04,2.485,51.61,219.4,1015,0
2020-01-20,09:30,27.72,77.32,2.764,51.79,254.2,1015,0
2020-01-20,09:40,27.72,77.78,2.713,52.12,491.6,1015,0
2020-01-20,09:50,28.39,76.55,1.657,54.92,441.4,1015,0
2020-01-20,10:00,28.56,75.08,2.623,48.12,603.5,1015,0
2020-01-20,10:10,28.39,74.9,2.724,52.28,606.6,1015,0
2020-01-20,10:20,28.44,74.22,3.065,55.25,632.2,1015,0
2020-01-20,10:30,28.39,73.46,2.939,51.77,645,1015,0
2020-01-20,10:40,28.5,73.8,2.922,54.12,681.2,1015,0
2020-01-20,10:50,28.5,73.6,2.832,50.86,680.3,1015,0
2020-01-20,11:00,28.67,73.41,2.617,50.83,685.1,1015,0
2020-01-20,11:10,28.33,74.1,2.808,52.64,599.7,1015,0
2020-01-20,11:20,28.22,74.52,2.976,47.79,439.5,1015,0
2020-01-20,11:30,28.5,75.21,2.568,52.45,610.4,1014,0
2020-01-20,11:40,28.67,74.48,2.33,49.24,624.7,1014,0
2020-01-20,11:50,28.22,75.07,2.508,48.94,433.6,1014,0
2020-01-20,12:00,28.11,75.2,2.674,51.22,562.6,1014,0
2020-01-20,12:10,28.17,74.61,2.721,52.79,446.7,1014,0
2020-01-20,12:20,28.39,74.62,2.776,54.12,582.8,1014,0
2020-01-20,12:30,28.5,74.59,2.892,53.94,738.1,1014,0
2020-01-20,12:40,28.06,73.69,3.062,55.66,365.2,1014,0
2020-01-20,12:50,28.56,73.54,3.022,51.25,878,1014,0
2020-01-20,13:00,28.78,73.12,2.808,51.31,679.7,1013,0
2020-01-20,13:10,28.5,73.8,2.261,53.87,428.9,1013,0
2020-01-20,13:20,28.39,73.88,2.387,50.69,507.5,1013,0
2020-01-20,13:30,28.39,74.05,2.487,50.06,437.1,1013,0
2020-01-20,13:40,28.44,73.91,2.676,51.33,726.3,1013,0
2020-01-20,13:50,28.5,72.86,2.725,52.11,616.1,1013,0
2020-01-20,14:00,28.56,72.92,2.42,49.49,513.5,1013,0
2020-01-20,14:10,28.39,73.21,2.529,49.66,575.6,1013,0
2020-01-20,14:20,28.5,72.87,2.615,48.06,576.7,1013,0
2020-01-20,14:30,28.56,73.34,2.178,54.87,463.4,1012,0
2020-01-20,14:40,28.61,73.62,2.258,51.93,448.1,1012,0
2020-01-20,14:50,28.5,73.82,2.65,46.34,505.6,1012,0
2020-01-20,15:00,28.28,75.04,2.128,52.41,238.1,1012,0
2020-01-20,15:10,28.11,75.28,2.108,52.64,380.4,1012,0
2020-01-20,15:20,28.56,73.36,2.596,51.04,671.8,1012,0
2020-01-20,15:30,28.61,73.67,2.693,51.63,542.1,1012,0
2020-01-20,15:40,28.22,74.03,2.603,51.2,314.8,1012,0
2020-01-20,15:50,28.11,75.73,2.576,51.72,331.8,1012,0
2020-01-20,16:00,28.33,75.53,2.581,49.31,424.1,1012,0
2020-01-20,16:10,28.22,74.43,2.727,51.81,360.8,1013,0
2020-01-20,16:20,28,74.68,2.823,52.95,229.8,1013,0
2020-01-20,16:30,28.06,75.38,2.941,54.79,278,1013,0
2020-01-20,16:40,27.94,75.12,2.707,55.15,194.5,1013,0
2020-01-20,16:50,27.83,75.15,2.688,54.37,205.7,1013,0
2020-01-20,17:00,27.67,75.05,2.476,50.13,165.5,1013,0
2020-01-20,17:10,27.89,75.37,2.651,53.42,189.6,1013,0
2020-01-20,17:20,27.67,75.27,2.995,54.37,136.4,1013,0
2020-01-20,17:30,27.5,75.3,3.116,58.68,102.4,1013,0
2020-01-20,17:40,27.39,75.24,3.506,57.87,78.37,1013,0
2020-01-20,17:50,27.28,75.85,3.349,59.79,33.48,1013,0
2020-01-20,18:00,27.17,76.15,3.284,62.17,20.8,1013,0
2020-01-20,18:10,27.11,76.36,3.836,59.85,7.214,1014,0
2020-01-20,18:20,27.06,76.58,3.405,61.53,2.086,1014,0
2020-01-20,18:30,27,76.26,3.661,60.15,0.232,1014,0
2020-01-20,18:40,26.94,75.78,4.041,58.51,0,1014,0
2020-01-20,18:50,27.11,76.24,2.756,59.82,0,1014,0
2020-01-20,19:00,27.17,77.14,2.596,54.82,0,1014,0
2020-01-20,19:10,27.06,77.5,3.11,59.25,0,1014,0
2020-01-20,19:20,27,77.65,2.771,57.83,0,1014,0
2020-01-20,19:30,27.06,78.16,3.073,59.95,0,1014,0
2020-01-20,19:40,27,78.73,3.102,60.2,0,1014,0
2020-01-20,19:50,26.89,78.52,3.486,61.43,0,1014,0
2020-01-20,20:00,26.94,78.51,3.568,57.88,0,1014,0
2020-01-20,20:10,26.83,78.07,3.157,59.68,0,1015,0
2020-01-20,20:20,26.83,78.24,3.755,59.17,0,1015,0
2020-01-20,20:30,26.72,77.98,3.381,59.11,0,1015,0
2020-01-20,20:40,26.66,77.82,3.434,62.78,0,1015,0
2020-01-20,20:50,26.62,77.97,3.862,61.95,0,1015,0
2020-01-20,21:00,26.56,77.73,3.836,62,0,1015,0
2020-01-20,21:10,26.52,77.53,3.652,62.25,0,1015,0
2020-01-20,21:20,26.52,78,3.289,62.74,0,1015,0
2020-01-20,21:30,26.67,79.13,3.551,61.39,0,1015,0
2020-01-20,21:40,26.61,79.74,3.482,60.4,0,1015,0
2020-01-20,21:50,26.72,79.85,3.782,59.28,0,1015,0
2020-01-20,22:00,26.67,80.1,3.983,59.18,0,1015,0
2020-01-20,22:10,26.61,79.94,3.334,59.35,0,1015,0
2020-01-20,22:20,26.62,79.91,3.544,60.55,0,1016,0
2020-01-20,22:30,26.63,80.3,2.904,58.9,0,1016,0
2020-01-20,22:40,26.64,80.5,2.949,58.2,0,1016,0
2020-01-20,22:50,26.72,80.8,2.861,53.98,0,1016,0
2020-01-20,23:00,26.67,80.9,2.71,56.67,0,1016,0
2020-01-20,23:10,26.72,80.9,2.673,56.72,0,1016,0
2020-01-20,23:20,26.78,81,2.64,53.63,0,1015,0
2020-01-20,23:30,26.67,81,2.432,54.14,0,1015,0
2020-01-20,23:40,26.72,81,2.489,57.25,0,1015,0
2020-01-20,23:50,26.72,81,3.022,57.79,0,1015,0
2020-01-21,00:00,26.64,81,3.421,60.5,0,1015,0
2020-01-21,00:10,26.47,80.8,3.432,58.19,0,1015,0
2020-01-21,00:20,26.51,80.4,2.839,60.5,0,1015,0
2020-01-21,00:30,26.72,80.4,2.622,59.04,0,1015,0
2020-01-21,00:40,26.61,80.1,2.546,55.75,0,1015,0
2020-01-21,00:50,26.6,79.45,2.99,56.21,0,1015,0
2020-01-21,01:00,26.63,79.37,2.813,58.63,0,1015,0
2020-01-21,01:10,26.67,79.11,2.575,56.25,0,1015,0
2020-01-21,01:20,26.63,79.17,3.147,56.39,0,1015,0
2020-01-21,01:30,26.48,79.08,2.898,58.75,0,1015,0
2020-01-21,01:40,26.62,79.68,2.615,58.66,0,1015,0
2020-01-21,01:50,26.44,79.51,3.482,61.8,0,1014,0
2020-01-21,02:00,26.23,78.79,3.566,67.3,0,1014,0
2020-01-21,02:10,26.2,78.16,3.533,64.48,0,1014,0
2020-01-21,02:20,26.16,77.9,2.963,60.97,0,1014,0
2020-01-21,02:30,26.35,78.06,3.643,62.67,0,1014,0
2020-01-21,02:40,26.27,78.23,3.491,60.23,0,1014,0
2020-01-21,02:50,26.43,78.63,2.783,53.77,0,1014,0
2020-01-21,03:00,26.46,78.01,2.775,57.01,0,1014,0
2020-01-21,03:10,26.43,78.64,2.701,54.34,0,1013,0
2020-01-21,03:20,26.4,78.44,2.854,58.21,0,1013,0
2020-01-21,03:30,26.47,78.92,2.642,53.05,0,1013,0
2020-01-21,03:40,26.44,79.21,2.308,54.17,0,1013,0
2020-01-21,03:50,26.32,79,2.89,51.98,0,1013,0
2020-01-21,04:00,26.36,78.37,2.904,54.02,0,1013,0
2020-01-21,04:10,26.39,78.4,2.312,56.43,0,1013,0
2020-01-21,04:20,26.25,78.12,2.131,55.73,0,1013,0
2020-01-21,04:30,26.23,77.33,1.862,56.7,0,1013,0
2020-01-21,04:40,26.27,76.88,2.625,53.42,0,1013,0
2020-01-21,04:50,26.29,76.26,2.955,55.41,0,1013,0
2020-01-21,05:00,26.4,76.59,2.76,53.2,0,1013,0
2020-01-21,05:10,26.24,76.34,2.444,53.96,0,1013,0
2020-01-21,05:20,26.32,76.35,2.67,54.43,0,1014,0
2020-01-21,05:30,26.27,75.45,2.704,52.75,0,1014,0
2020-01-21,05:40,26.36,75.29,2.896,53.7,0,1014,0
2020-01-21,05:50,26.34,75.37,2.841,52.55,0,1014,0
2020-01-21,06:00,26.46,75.83,2.773,54.47,0,1014,0
2020-01-21,06:10,26.3,76.3,2.633,50.16,0,1014,0
2020-01-21,06:20,26.36,75.94,2.829,53.7,0,1014,0
2020-01-21,06:30,26.28,75.35,3.168,56.36,0,1014,0
2020-01-21,06:40,26.37,74.74,2.791,50.78,0.687,1015,0
2020-01-21,06:50,26.43,75.27,2.669,53.15,2.632,1015,0
2020-01-21,07:00,26.42,75.77,3.15,51.21,7.001,1015,0
2020-01-21,07:10,26.42,75.6,3.219,53.64,11.64,1015,0
2020-01-21,07:20,26.54,76.35,2.96,56.89,17.28,1015,0
2020-01-21,07:30,26.53,76.7,3.204,58.05,26.91,1015,0
2020-01-21,07:40,26.64,76.95,2.66,51.21,44.1,1015,0
2020-01-21,07:50,26.72,76.99,2.849,55.87,59.07,1015,0
2020-01-21,08:00,26.72,76.39,2.459,51.08,47.25,1016,0
2020-01-21,08:10,26.83,76.96,2.537,52.02,62.5,1016,0
2020-01-21,08:20,26.94,77.12,3.115,49.75,122.2,1016,0
2020-01-21,08:30,27.17,76.8,3.016,49.44,207.1,1016,0
2020-01-21,08:40,27.17,76.53,3.046,51.27,149.8,1016,0
2020-01-21,08:50,27.28,77.16,1.815,56.51,148.9,1016,0
2020-01-21,09:00,27.22,77.83,2.077,48.61,127.5,1016,0
2020-01-21,09:10,27.28,78.56,1.428,55.93,180.9,1016,0
2020-01-21,09:20,27.22,78.44,2.368,50.18,181,1016,0
2020-01-21,09:30,27.44,78.24,1.97,54.25,249.4,1016,0
2020-01-21,09:40,27.44,77.71,2.58,48.02,272.1,1016,0
2020-01-21,09:50,27.44,77.33,2.496,52.76,227.8,1016,0
2020-01-21,10:00,27.39,77.25,2.343,45.74,200.9,1016,0
2020-01-21,10:10,27.28,77.58,2.726,53.34,123.3,1016,0
2020-01-21,10:20,27.17,77.88,3.209,51.8,149.9,1016,0
2020-01-21,10:30,27.33,77.81,3.33,56.11,262.3,1016,0
2020-01-21,10:40,28,76.62,3.364,50.25,623.5,1016,0
2020-01-21,10:50,28.33,74.34,3.185,53.02,661.9,1016,0
2020-01-21,11:00,28.44,73.33,3.387,52.81,588.4,1016,0
2020-01-21,11:10,28.06,73.88,3.193,46.37,399.7,1016,0
2020-01-21,11:20,27.94,74.07,3.382,48.23,418.6,1015,0
2020-01-21,11:30,28,74.29,3.679,54.65,426.8,1015,0
2020-01-21,11:40,27.94,74.66,3.308,53.47,343.2,1015,0
2020-01-21,11:50,28,75.06,3.262,50.48,436.5,1015,0
2020-01-21,12:00,28.17,74.52,3.238,50.6,449.2,1015,0
2020-01-21,12:10,27.94,74.6,3.304,52.41,339.9,1015,0
2020-01-21,12:20,27.78,75.26,3.335,47.56,250.6,1015,0
2020-01-21,12:30,27.72,75.98,2.989,50.74,247.4,1015,0
2020-01-21,12:40,27.56,76.53,3.44,53.19,160,1014,0
2020-01-21,12:50,26.51,79.43,3.389,54.88,145.2,1014,0
2020-01-21,13:00,26.44,81,1.407,46.61,182.3,1014,0
2020-01-21,13:10,26.67,81.3,1.323,95,215.6,1014,0
2020-01-21,13:20,27,80.6,2.77,51.97,296.4,1014,0
2020-01-21,13:30,26.12,82.1,3.488,51.64,149.8,1014,0
2020-01-21,13:40,25.8,83.2,2.162,44.43,306.4,1014,0
2020-01-21,13:50,26.89,82,1.424,36.75,441.9,1014,0
2020-01-21,14:00,26.89,81.1,1.39,13.39,197,1014,0
2020-01-21,14:10,25.81,83.1,2.17,69.35,153.6,1014,0
2020-01-21,14:20,25.44,84.5,2.646,53.49,129.2,1014,0
2020-01-21,14:30,25.77,84.6,1.674,20.85,218.8,1014,0
2020-01-21,14:40,25.91,84,3.225,50.03,161.8,1014,0
2020-01-21,14:50,26.06,83.3,3.599,47.93,197.9,1014,0
2020-01-21,15:00,26.17,82.2,3.199,51.93,172.1,1014,0
2020-01-21,15:10,26.07,82.1,3.395,53.15,144.3,1013,0
2020-01-21,15:20,25.63,83.9,2.541,48.79,223.7,1014,0
2020-01-21,15:30,25.97,83.9,1.433,35.37,272,1013,0
2020-01-21,15:40,26.28,83.1,1.523,27.87,206.1,1013,0
2020-01-21,15:50,26.4,82.6,1.897,42.46,120.9,1014,0
2020-01-21,16:00,26.15,81.1,3.215,49.47,74.56,1014,0
2020-01-21,16:10,26.33,79.99,3.161,52.58,84.2,1014,0
2020-01-21,16:20,26.47,78.65,2.978,49.58,123.8,1014,0
2020-01-21,16:30,26.67,78.33,2.898,43.77,71.09,1014,0
2020-01-21,16:40,26.67,78.43,2.976,49.24,43.97,1014,0
2020-01-21,16:50,26.83,78.87,2.84,52.44,44.83,1014,0
2020-01-21,17:00,26.72,78.71,3.136,53.45,31.32,1014,0
2020-01-21,17:10,26.78,78.67,3.306,54.05,23.51,1014,0
2020-01-21,17:20,26.72,79.38,3.508,57.04,25.64,1014,0
2020-01-21,17:30,26.61,80.4,3.035,53.41,17.81,1014,0
2020-01-21,17:40,26.67,80.3,3.115,54.58,24.74,1014,0
2020-01-21,17:50,26.78,80.1,3.346,53.21,14.86,1014,0
2020-01-21,18:00,26.72,79.63,3.359,54.93,6.185,1014,0
2020-01-21,18:10,26.78,79.46,2.679,50.37,1.668,1015,0
2020-01-21,18:20,26.67,78.9,3.051,51.06,0.325,1015,0
2020-01-21,18:30,26.59,78.13,2.575,53.23,0,1015,0
2020-01-21,18:40,26.28,78.34,2.705,47.33,0,1015,0
2020-01-21,18:50,26.33,78.83,2.206,54.18,0,1015,0
2020-01-21,19:00,26.44,79.05,1.347,54.21,0,1015,0
2020-01-21,19:10,26.72,78.76,1.911,67.26,0,1015,0
2020-01-21,19:20,26.83,79.03,2.527,49.32,0,1015,0
2020-01-21,19:30,26.78,78.91,2.857,53.27,0,1015,0
2020-01-21,19:40,26.83,78.52,2.91,46.64,0,1015,0
2020-01-21,19:50,26.72,78.68,1.669,63.76,0,1016,0
2020-01-21,20:00,26.47,78.9,3.197,61.35,0.32,1016,0
2020-01-21,20:10,25.46,82,2.876,52.27,1.394,1016,0
2020-01-21,20:20,25.52,83.2,3.751,52.07,1.355,1016,0
2020-01-21,20:30,25.73,83,3.533,58.2,1.535,1016,0
2020-01-21,20:40,25.57,82.2,3.831,55.56,1.653,1016,0
2020-01-21,20:50,26.11,81.4,2.967,48.02,1.607,1016,0
2020-01-21,21:00,26.32,79.61,2.674,51.22,0.375,1016,0
2020-01-21,21:10,26.39,78.49,2.441,52.6,0,1016,0
2020-01-21,21:20,26.53,78.06,2.942,52.77,0,1016,0
2020-01-21,21:30,26.1,79.14,2.421,56.49,0,1016,0
2020-01-21,21:40,26.43,79.02,2.788,49.43,0,1016,0
2020-01-21,21:50,26.56,78.02,2.55,52.04,0,1016,0
2020-01-21,22:00,26.64,77.52,2.862,50.74,0,1017,0
2020-01-21,22:10,26.67,77.11,2.702,46.84,0,1017,0
2020-01-21,22:20,26.67,76.95,3.397,52.11,0,1017,0
2020-01-21,22:30,26.67,76.87,2.629,47.96,0,1017,0
2020-01-21,22:40,26.6,76.35,2.457,52.95,0,1017,0
2020-01-21,22:50,26.67,75.85,3.016,53.64,0,1017,0
2020-01-21,23:00,26.66,75.26,3.516,52.46,0,1017,0
2020-01-21,23:10,26.63,74.39,3.961,54.21,0,1017,0
2020-01-21,23:20,26.72,74.74,3.478,49.28,0,1017,0
2020-01-21,23:30,26.72,75.55,3.391,51.4,0,1016,0
2020-01-21,23:40,26.55,75.09,3.76,51.1,0,1016,0
2020-01-21,23:50,26.34,73.21,3.398,51.77,0,1016,0
2020-01-22,00:00,26.72,74.51,3.049,51.63,0,1016,0
2020-01-22,00:10,26.57,75.21,3.733,54.23,0,1016,0
2020-01-22,00:20,26.61,75.53,3.351,52.01,0,1016,0
2020-01-22,00:30,26.49,75.11,3.274,50.46,0,1016,0
2020-01-22,00:40,26.51,74.43,2.934,50.89,0,1016,0
2020-01-22,00:50,26.55,74.51,3.001,47.47,0,1016,0
2020-01-22,01:00,26.54,74.92,3.514,50.81,0,1016,0
2020-01-22,01:10,26.53,74.96,3.755,50.97,0,1016,0
2020-01-22,01:20,26.47,75.05,3.603,48.69,0,1016,0
2020-01-22,01:30,26.51,75.24,3.719,49.99,0,1016,0
2020-01-22,01:40,26.43,74.91,3.408,47.65,0,1015,0
2020-01-22,01:50,26.44,74.78,3.921,48.88,0,1015,0
2020-01-22,02:00,26.46,74.63,3.992,52.42,0,1015,0
2020-01-22,02:10,26.41,74.46,4.35,48.9,0,1015,0
2020-01-22,02:20,26.46,74.62,3.912,49.46,0,1015,0
2020-01-22,02:30,26.47,75.18,3.502,47.92,0,1015,0
2020-01-22,02:40,26.32,74.59,3.67,51.96,0,1015,0
2020-01-22,02:50,26.41,74.88,3.059,47.82,0,1015,0
2020-01-22,03:00,26.42,75.48,3.176,46.08,0,1015,0
2020-01-22,03:10,26.41,75.36,2.846,51.93,0,1015,0
2020-01-22,03:20,26.41,75.6,3.311,49.97,0,1015,0
2020-01-22,03:30,26.28,75.33,3.07,48.71,0,1015,0
2020-01-22,03:40,26.08,74.39,2.106,50.72,0,1014,0
2020-01-22,03:50,26.19,74.69,2.772,53.89,0,1014,0
2020-01-22,04:00,26.15,75.09,2.248,50.9,0,1014,0
2020-01-22,04:10,26.16,75,3.022,47.87,0,1014,0
2020-01-22,04:20,26.19,75.25,2.308,52.94,0,1014,0
2020-01-22,04:30,26.18,74.79,3.581,48.49,0,1014,0
2020-01-22,04:40,26.16,73.88,4.278,49.78,0,1014,0
2020-01-22,04:50,26.22,73.59,3.836,48.75,0,1014,0
2020-01-22,05:00,26.26,74.56,3.777,45.39,0,1014,0
2020-01-22,05:10,26.29,74.68,3.706,52.03,0,1014,0
2020-01-22,05:20,26.29,74.62,3.849,51.05,0,1015,0
2020-01-22,05:30,26.26,74.76,4.283,55.09,0,1015,0
2020-01-22,05:40,26.27,74.43,3.929,48.12,0,1015,0
2020-01-22,05:50,26.25,73.98,4.26,51.34,0,1015,0
2020-01-22,06:00,26.28,73.7,3.549,46.56,0,1015,0
2020-01-22,06:10,26.36,74.39,3.894,48.98,0,1015,0
2020-01-22,06:20,26.38,74.84,3.961,48.51,0,1016,0
2020-01-22,06:30,26.44,75.67,3.652,48.68,0,1016,0
2020-01-22,06:40,26.33,75.82,4.028,47.85,0.093,1016,0
2020-01-22,06:50,26.33,75.66,3.169,50.58,0.32,1016,0
2020-01-22,07:00,26.02,76.58,4.408,50.31,1.606,1016,0
2020-01-22,07:10,25.84,77.95,3.125,47.89,9.73,1016,0
2020-01-22,07:20,26.17,77.05,3.688,48.12,10.31,1016,0
2020-01-22,07:30,26.13,76.17,3.617,46.2,18.76,1016,0
2020-01-22,07:40,26.19,75.54,3.988,48.14,22.3,1017,0
2020-01-22,07:50,26.31,75.42,3.733,50.51,33.67,1017,0
2020-01-22,08:00,26.35,75.4,3.983,46.27,28.21,1017,0
2020-01-22,08:10,26.34,74.98,3.657,45.01,35.41,1017,0
2020-01-22,08:20,26.45,75.61,3.568,46.91,46.77,1017,0
2020-01-22,08:30,26.39,75.46,3.292,44.15,65.22,1017,0
2020-01-22,08:40,26.41,75.03,3.97,48.27,115.2,1017,0
2020-01-22,08:50,26.62,74.59,4.211,50.42,184.7,1017,0
2020-01-22,09:00,26.52,74.11,4.108,48.23,145.5,1017,0
2020-01-22,09:10,26.64,73.19,4.716,54.17,258.7,1017,0
2020-01-22,09:20,26.78,73.18,4.073,49.07,222.7,1017,0
2020-01-22,09:30,26.89,73.6,3.88,47.76,261.7,1017,0
2020-01-22,09:40,26.78,73.07,4.564,49.59,270.5,1017,0
2020-01-22,09:50,26.89,73.43,3.943,46.78,265.5,1017,0
2020-01-22,10:00,26.83,73.01,3.782,48.96,260.2,1017,0
2020-01-22,10:10,26.89,72.76,3.916,47.64,269.4,1017,0
2020-01-22,10:20,27,72.62,3.719,49.12,350.3,1017,0
2020-01-22,10:30,26.94,72.47,3.782,51.72,256.3,1017,0
2020-01-22,10:40,27,71.87,4.287,50.32,344.8,1017,0
2020-01-22,10:50,27.22,71.25,3.76,51.18,470,1017,0
2020-01-22,11:00,27.39,71.21,3.8,52.33,457.8,1017,0
2020-01-22,11:10,27.56,70.36,3.484,50.47,575.5,1017,0
2020-01-22,11:20,27.61,70.13,3.652,46.22,570.8,1017,0
2020-01-22,11:30,27.56,71.37,3.594,48.02,401.7,1017,0
2020-01-22,11:40,27.5,71.83,3.204,51.81,486.4,1017,0
2020-01-22,11:50,27.33,71.44,3.965,50.63,430.2,1017,0
2020-01-22,12:00,27.78,70.67,3.809,48.52,677.8,1017,0
2020-01-22,12:10,27.89,70.69,3.252,48.27,798,1017,0
2020-01-22,12:20,28,70.22,2.718,46.52,541.7,1017,0
2020-01-22,12:30,27.78,71.18,2.845,48.62,515.7,1016,0
2020-01-22,12:40,27.33,71.25,3.59,49.84,329.4,1016,0
2020-01-22,12:50,27.33,72.31,2.765,47.96,334.3,1016,0
2020-01-22,13:00,27.28,72.33,2.456,46.35,232.5,1016,0
2020-01-22,13:10,26.94,73.41,3.18,50.65,211.5,1016,0
2020-01-22,13:20,26.94,73.73,3.299,45.5,220.3,1016,0
2020-01-22,13:30,27.33,73.26,3.42,46.96,530,1016,0
2020-01-22,13:40,27.72,72.34,2.979,47.52,641.5,1016,0
2020-01-22,13:50,27.72,71.96,2.739,50.38,513.9,1015,0
2020-01-22,14:00,27.72,72.66,2.629,51.43,406.7,1015,0
2020-01-22,14:10,27.39,72.93,3.255,48.24,361,1015,0
2020-01-22,14:20,27.22,73.54,3.471,50.59,321.1,1015,0
2020-01-22,14:30,27.33,73.86,2.946,45.41,381.8,1015,0
2020-01-22,14:40,27.33,73.67,3.089,49.92,306.1,1015,0
2020-01-22,14:50,27.11,74.16,3.094,45.24,283.9,1015,0
2020-01-22,15:00,27.56,73.84,2.757,47.87,527.2,1015,0
2020-01-22,15:10,27.5,73.73,3.188,51.54,332.9,1015,0
2020-01-22,15:20,27.44,74.18,3.033,52.55,370.1,1014,0
2020-01-22,15:30,27.28,74.1,3.227,47.62,280.6,1015,0
2020-01-22,15:40,27.22,74.16,3.136,49.6,290,1014,0
2020-01-22,15:50,27.33,74.65,3.125,51.66,305.9,1015,0
2020-01-22,16:00,27.17,74.45,3.341,48.36,241,1015,0
2020-01-22,16:10,27.17,74.5,3.493,48.01,205.4,1015,0
2020-01-22,16:20,27.06,74.68,3.318,50.06,190.2,1015,0
2020-01-22,16:30,27.11,74.92,3.507,55.14,168.2,1015,0
2020-01-22,16:40,26.94,75.28,3.755,50.81,89.3,1015,0
2020-01-22,16:50,26.89,75.68,3.492,51.29,107.5,1015,0
2020-01-22,17:00,26.83,75.81,3.63,50.05,78.05,1015,0
2020-01-22,17:10,26.78,75.84,3.457,54.32,61.47,1015,0
2020-01-22,17:20,26.72,76.01,4.041,53.06,58.23,1015,0
2020-01-22,17:30,26.67,76.16,4.001,53.71,38.98,1015,0
2020-01-22,17:40,26.72,76.6,3.67,56.1,29.9,1015,0
2020-01-22,17:50,26.64,76.82,3.965,52.56,15.52,1015,0
2020-01-22,18:00,26.5,77.14,4.198,53.15,7.534,1015,0
2020-01-22,18:10,26.53,77.62,3.499,53.16,2.211,1015,0
2020-01-22,18:20,26.5,78.31,3.845,55.78,0.852,1015,0
2020-01-22,18:30,26.44,78.75,4.068,56.38,0.005,1015,0
2020-01-22,18:40,26.26,79.81,4.14,55.88,0,1016,0
2020-01-22,18:50,25.87,82,3.956,57.99,1.009,1016,0
2020-01-22,19:00,25.54,83.6,3.979,56.77,0.913,1016,0
2020-01-22,19:10,25.78,83.6,3.124,59.66,0.526,1016,0
2020-01-22,19:20,26.09,82.9,3.746,58.95,0.34,1016,0
2020-01-22,19:30,26.22,81.9,3.746,58.37,0.073,1016,0
2020-01-22,19:40,26.45,81.1,3.8,56.38,0,1016,0
2020-01-22,19:50,26.29,80.4,4.466,70.36,0.248,1016,0
2020-01-22,20:00,25.54,82.6,3.742,66.07,1.47,1016,0
2020-01-22,20:10,25.53,84.4,3.524,62.58,1.411,1016,0
2020-01-22,20:20,25.47,85.1,3.974,60.54,1.594,1016,0
2020-01-22,20:30,25.69,85.3,3.795,61.76,1.595,1017,0
2020-01-22,20:40,25.72,85.1,3.639,64.57,1.582,1017,0
2020-01-22,20:50,25.71,85.2,3.701,64.32,0.317,1017,0
2020-01-22,21:00,25.89,85.1,4.073,63.17,0,1017,0
2020-01-22,21:10,25.77,85.2,4.493,61.86,0,1017,0
2020-01-22,21:20,25.42,84.3,4.542,62.84,0,1017,0
2020-01-22,21:30,25.43,83.1,4.202,67.37,0,1017,0
2020-01-22,21:40,25.5,81.7,4.399,66.58,0,1017,0
2020-01-22,21:50,25.63,80.8,4.256,65.08,0,1017,0
2020-01-22,22:00,25.74,80.8,4.336,64.03,0,1017,0
2020-01-22,22:10,25.78,81.2,3.755,63.37,0,1017,0
2020-01-22,22:20,25.72,81.6,3.733,63.14,0,1017,0
2020-01-22,22:30,25.91,81.8,3.446,60.12,0,1017,0
2020-01-22,22:40,26.02,82.6,3.404,61.82,0,1017,0
2020-01-22,22:50,26.24,82.6,4.551,58.47,0,1017,0
2020-01-22,23:00,26.37,82,5.056,58.08,0,1017,0
2020-01-22,23:10,26.43,81.6,4.408,59.25,0,1017,0
2020-01-22,23:20,26.42,81.4,4.372,61.23,0,1017,0
2020-01-22,23:30,26.41,81.1,4.359,62.65,0,1017,0
2020-01-22,23:40,26.51,81.3,5.271,58.44,0,1017,0
2020-01-22,23:50,26.51,81.3,4.654,61.73,0,1017,0
2020-01-23,00:00,26.48,81.2,4.681,57.97,0,1017,0
2020-01-23,00:10,26.49,81.7,4.14,59.55,0,1017,0
2020-01-23,00:20,26.42,81.9,4.681,58.08,0,1017,0
2020-01-23,00:30,26.46,81.4,4.931,60.19,0,1017,0
2020-01-23,00:40,26.26,81.7,4.408,62.61,0,1017,0
2020-01-23,00:50,26.08,83.1,4.855,63.81,0,1017,0
2020-01-23,01:00,26.01,83.6,4.233,60.12,0,1016,0
2020-01-23,01:10,26.03,83.4,4.296,61.39,0,1016,0
2020-01-23,01:20,26.07,83.6,4.166,59.65,0,1016,0
2020-01-23,01:30,26.2,84.3,4.278,57.75,0,1016,0
2020-01-23,01:40,25.98,84.7,4.792,61.94,0,1016,0
2020-01-23,01:50,25.94,84.4,4.757,59.13,0,1016,0
2020-01-23,02:00,26,84.1,4.144,63.46,0,1016,0
2020-01-23,02:10,26.08,84,4.309,56.87,0,1016,0
2020-01-23,02:20,26.11,83.7,4.944,57.74,0,1016,0
2020-01-23,02:30,26,83.7,4.296,61.95,0,1016,0
2020-01-23,02:40,25.96,84.2,4.582,65.97,0,1016,0
2020-01-23,02:50,26.01,83.5,4.484,61.51,0,1016,0
2020-01-23,03:00,26.08,82.7,4.77,63.15,0,1016,0
2020-01-23,03:10,26.14,82.6,4.77,57.8,0,1016,0
2020-01-23,03:20,26.07,82.6,4.059,58.85,0,1015,0
2020-01-23,03:30,26.06,82.8,3.947,61.99,0,1015,0
2020-01-23,03:40,26.17,83.1,4.032,58.43,0,1015,0
2020-01-23,03:50,26.19,83.7,4.457,60.65,0,1015,0
2020-01-23,04:00,26.07,83.7,4.779,59.95,0,1015,0
2020-01-23,04:10,26.07,83.7,4.095,62.58,0,1015,0
2020-01-23,04:20,26.11,83.7,4.225,60.19,0,1015,0
2020-01-23,04:30,26.06,84.1,4.39,58.78,0,1015,0
2020-01-23,04:40,26.08,84.4,4.461,58,0,1015,0
2020-01-23,04:50,26.01,84.6,3.8,58.94,0,1015,0
2020-01-23,05:00,25.89,85.2,3.594,58.14,0,1015,0
2020-01-23,05:10,25.77,84.6,4.238,67.3,0,1015,0
2020-01-23,05:20,26.01,83.2,4.037,66.8,0,1015,0
2020-01-23,05:30,25.93,82.3,4.506,70.24,0,1016,0
2020-01-23,05:40,25.93,82.3,3.572,71.62,0,1016,0
2020-01-23,05:50,26.02,82.1,3.983,72.81,0,1016,0
2020-01-23,06:00,26.12,81.4,4.126,62.94,0,1016,0
2020-01-23,06:10,26.16,80.9,4.636,63.05,0,1016,0
2020-01-23,06:20,26.21,80.3,4.654,64.16,0,1016,0
2020-01-23,06:30,26.28,79.48,4.077,60.52,0,1016,0
2020-01-23,06:40,26.28,79.6,4.274,63.53,0.896,1016,0
2020-01-23,06:50,26.27,79.52,4.175,60.02,3.263,1017,0
2020-01-23,07:00,26.33,79.32,4.689,63.49,10.08,1017,0
2020-01-23,07:10,26.36,78.84,4.551,63.23,22.24,1017,0
2020-01-23,07:20,26.45,78.55,4.743,62.07,47.25,1017,0
2020-01-23,07:30,26.48,77.97,4.537,63.93,39.47,1017,0
2020-01-23,07:40,26.45,77.66,4.153,64.01,51.93,1017,0
2020-01-23,07:50,26.67,77.23,4.98,61.01,106,1017,0
2020-01-23,08:00,26.72,75.87,5.087,59.37,90.3,1017,0
2020-01-23,08:10,26.83,75.04,5.154,56.66,105.3,1017,0
2020-01-23,08:20,26.83,74.57,5.342,59.93,114.7,1018,0
2020-01-23,08:30,27.11,74.27,5.136,63.54,212.8,1018,0
2020-01-23,08:40,27.17,73.99,5.396,63.81,194.6,1018,0
2020-01-23,08:50,27.28,74.38,4.976,62.8,240.8,1018,0
2020-01-23,09:00,27.78,74.26,4.274,65.38,387.8,1018,0
2020-01-23,09:10,27.78,72.09,4.993,59.29,427.6,1018,0
2020-01-23,09:20,27.78,71.39,5.119,59.84,396.8,1018,0
2020-01-23,09:30,28.11,71.52,4.81,67.12,479.8,1018,0
2020-01-23,09:40,28.11,70.72,5.619,64.46,515.5,1018,0
2020-01-23,09:50,27.94,71.35,5.467,62.07,440.7,1018,0
2020-01-23,10:00,28.06,72.65,4.783,58.52,434.5,1018,0
2020-01-23,10:10,27.67,73.5,5.499,65.42,281.2,1018,0
2020-01-23,10:20,27.89,73.01,4.707,64.42,412.3,1018,0
2020-01-23,10:30,28.56,70.86,4.774,58.07,739.7,1018,0
2020-01-23,10:40,28.56,70.21,5.154,60.63,531,1018,0
2020-01-23,10:50,28.22,72.9,5.351,67.91,670.7,1018,0
2020-01-23,11:00,28.11,74.11,5.101,65.37,540.2,1018,0
2020-01-23,11:10,28.39,74.23,4.877,67.75,606,1018,0
2020-01-23,11:20,28.72,74.33,4.225,64.4,622.1,1017,0
2020-01-23,11:30,28.89,73.24,4.761,61.32,789.8,1017,0
2020-01-23,11:40,28.5,72.95,4.94,74.48,425.9,1017,0
2020-01-23,11:50,27.78,73.68,6.035,62.55,500.5,1017,0
2020-01-23,12:00,28.22,73.29,4.725,57.64,827,1017,0
2020-01-23,12:10,28.67,72.41,4.917,60.98,604.9,1016,0
2020-01-23,12:20,28.39,73.45,5.06,62.36,517.5,1016,0
2020-01-23,12:30,28.39,73.75,5.016,58.64,475,1016,0
2020-01-23,12:40,27.56,75.55,5.36,69.68,282.9,1016,0
2020-01-23,12:50,27.22,77.79,4.873,65.7,615.7,1016,0
2020-01-23,13:00,27.94,76.93,4.989,67.66,569.7,1016,0
2020-01-23,13:10,28.17,75.9,5.387,68.23,575.5,1016,0
2020-01-23,13:20,28.17,74.27,5.905,61.61,675.9,1015,0
2020-01-23,13:30,28.28,73.03,6.384,62.17,758.9,1015,0
2020-01-23,13:40,28.06,74.09,4.399,72.56,317.1,1015,0
2020-01-23,13:50,27.89,76.63,4.631,62.23,639.2,1015,0
2020-01-23,14:00,28.17,74.89,5.566,60.72,459.3,1015,0
2020-01-23,14:10,27.44,74.62,5.767,69.27,511.4,1015,0
2020-01-23,14:20,27.94,75.29,5.114,70.65,660.9,1015,0
2020-01-23,14:30,28.33,73.53,5.896,76.33,717.1,1014,0
2020-01-23,14:40,28.22,72.89,5.87,62.88,621.5,1014,0
2020-01-23,14:50,27.67,75.51,4.864,55.65,495.7,1014,0
2020-01-23,15:00,28,75.54,4.403,63.12,592.5,1014,0
2020-01-23,15:10,28.06,75.03,5.172,63.27,483.3,1014,0
2020-01-23,15:20,28,75.27,4.877,65.81,345,1014,0
2020-01-23,15:30,27.61,76.13,5.28,68.99,380.1,1014,0
2020-01-23,15:40,27.39,76.35,5.53,64.83,357.1,1014,0
2020-01-23,15:50,26.41,80.2,4.913,67.54,170.6,1014,0
2020-01-23,16:00,26.64,81.9,4.94,65.77,248,1014,0
2020-01-23,16:10,25.79,84.2,5.212,70.75,158,1014,1
2020-01-23,16:20,25.74,86.9,4.457,64.19,250,1014,0
2020-01-23,16:30,26.15,86,4.748,69.45,221.4,1014,0
2020-01-23,16:40,26.25,85,4.403,70.85,211.7,1014,0
2020-01-23,16:50,26.6,83.2,4.663,70.35,247.1,1014,0
2020-01-23,17:00,26.72,81.3,4.841,66.43,161.6,1015,0
2020-01-23,17:10,26.58,80.8,4.725,68.24,97.6,1015,0
2020-01-23,17:20,26.72,80.2,4.98,67.53,186.1,1015,0
2020-01-23,17:30,26.83,78.83,5.463,69.76,139.9,1015,0
2020-01-23,17:40,26.58,79.08,5.043,71.74,48.81,1015,0
2020-01-23,17:50,26.59,79.53,5.704,66.01,70,1015,0
2020-01-23,18:00,26.01,82.5,5.44,68.91,21.71,1015,0
2020-01-23,18:10,25.73,82.9,4.609,73.71,6.124,1015,0
2020-01-23,18:20,25.96,82.6,4.059,64.66,2.513,1015,0
2020-01-23,18:30,26.08,81.6,4.551,67.55,0.738,1015,0
2020-01-23,18:40,26.32,80.2,4.537,69.99,0,1015,0
2020-01-23,18:50,26.41,78.99,5.177,71.3,0,1016,0
2020-01-23,19:00,26.46,78.18,4.765,72.42,0,1016,0
2020-01-23,19:10,26.48,77.61,5.105,71.22,0,1016,0
2020-01-23,19:20,26.54,77.92,4.573,70.07,0,1016,0
2020-01-23,19:30,26.51,78.51,4.381,71.7,0,1016,0
2020-01-23,19:40,26.44,78.71,3.965,70.05,0,1016,0
2020-01-23,19:50,26.41,78.39,4.189,67.97,0,1016,0
2020-01-23,20:00,26.43,77.66,4.412,69.2,0,1016,0
2020-01-23,20:10,26.53,76.96,4.064,65.58,0,1016,0
2020-01-23,20:20,26.49,77.01,4.283,69.83,0,1016,0
2020-01-23,20:30,26.57,76.11,4.935,70.28,0,1017,0
2020-01-23,20:40,26.6,75.94,4.426,68.22,0,1017,0
2020-01-23,20:50,26.57,76.5,4.023,70.06,0,1017,0
2020-01-23,21:00,26.61,76.87,3.594,71.56,0,1017,0
2020-01-23,21:10,26.57,77.44,3.679,64.05,0,1017,0
2020-01-23,21:20,26.54,78.1,3.956,66.77,0,1017,0
2020-01-23,21:30,26.49,78.16,4.104,70.31,0,1017,0
2020-01-23,21:40,26.54,77.11,4.694,71.44,0,1017,0
2020-01-23,21:50,26.51,76.77,4.207,71.61,0,1017,0
2020-01-23,22:00,26.55,76.04,4.081,72.5,0,1017,0
2020-01-23,22:10,26.62,76.47,4.417,68.71,0,1017,0
2020-01-23,22:20,26.42,77.37,4.654,72.31,0,1017,0
2020-01-23,22:30,26.21,77.78,4.081,72.35,0,1018,0
2020-01-23,22:40,26.15,78.64,4.023,75.23,0,1018,0
2020-01-23,22:50,25.99,79.31,4.122,75.39,0,1018,0
2020-01-23,23:00,26.03,79.25,3.903,67.99,0,1018,0
2020-01-23,23:10,26.12,79.95,3.05,67.86,0,1018,0
2020-01-23,23:20,26.09,80.8,3.346,65.15,0,1018,0
2020-01-23,23:30,25.65,82.3,5.248,71.46,1.236,1017,0
2020-01-23,23:40,24.92,84.9,5.19,81.2,1.606,1017,0
2020-01-23,23:50,24.71,85.7,4.962,93,1.577,1017,0
2020-01-24,00:00,24.89,85,3.827,96.7,1.182,1017,0
2020-01-24,00:10,25.23,84.5,3.688,92,0,1017,0
2020-01-24,00:20,25.54,83.9,3.568,84.5,0,1017,0
2020-01-24,00:30,25.82,83.1,4.108,76.98,0,1017,0
2020-01-24,00:40,25.75,82.2,4.09,85.6,0,1017,0
2020-01-24,00:50,25.71,81.6,3.715,84.6,0,1016,0
2020-01-24,01:00,25.85,81,3.791,81,0,1016,0
2020-01-24,01:10,25.87,80.3,3.208,76.55,0,1016,0
2020-01-24,01:20,25.96,79.82,3.84,72.2,0,1016,0
2020-01-24,01:30,26.1,78.77,4.645,78.32,0,1016,0
2020-01-24,01:40,25.07,77.72,5.494,79.64,0.056,1016,0
2020-01-24,01:50,24.42,76.7,4.005,102.3,0,1016,0
2020-01-24,02:00,25.08,77.47,3.621,94.8,0,1016,0
2020-01-24,02:10,25.47,79.2,3.226,80.4,0,1016,0
2020-01-24,02:20,25.87,79.71,4.081,80.2,0,1016,0
2020-01-24,02:30,25.79,79.94,4.108,97.7,0,1016,0
2020-01-24,02:40,25.79,80.2,3.517,79.95,0,1015,0
2020-01-24,02:50,25.89,78.43,3.544,81.8,0,1015,0
2020-01-24,03:00,25.97,78.07,2.949,81.6,0,1015,0
2020-01-24,03:10,25.97,78.67,3.585,79.99,0,1015,0
2020-01-24,03:20,26.05,78.32,3.153,80.5,0,1015,0
2020-01-24,03:30,26.03,78.43,3.489,82.9,0,1015,0
2020-01-24,03:40,26.09,78.34,3.52,78.83,0,1015,0
2020-01-24,03:50,26.18,78.49,3.431,79,0,1015,0
2020-01-24,04:00,26.12,79.25,3.177,81.8,0,1015,0
2020-01-24,04:10,26.02,78.92,3.912,79.56,0,1015,0
2020-01-24,04:20,25.96,76.35,4.372,72.95,0,1015,0
2020-01-24,04:30,26.05,73.52,4.211,77.88,0,1014,0
2020-01-24,04:40,26.04,73.59,3.795,73.86,0,1014,0
2020-01-24,04:50,26.05,74.88,3.328,77.12,0,1014,0
2020-01-24,05:00,26.11,76.3,3.541,85.6,0,1014,0
2020-01-24,05:10,26.02,77.23,3.916,89.5,0,1014,0
2020-01-24,05:20,26.14,77.61,3.858,87.7,0,1014,0
2020-01-24,05:30,26.18,78.17,3.617,85.4,0,1015,0
2020-01-24,05:40,26.25,77.79,3.885,87.2,0,1015,0
2020-01-24,05:50,26.29,76.7,4.22,80.1,0,1015,0
2020-01-24,06:00,26.23,75.67,4.037,79.6,0,1015,0
2020-01-24,06:10,26.31,74.37,4.086,74.69,0,1015,0
2020-01-24,06:20,26.44,75.17,3.127,61.07,0,1015,0
2020-01-24,06:30,25.91,79.99,3.399,53.92,1.996,1015,0
2020-01-24,06:40,25.32,83.8,2.891,57.96,2.592,1015,0
2020-01-24,06:50,25.14,85.2,3.255,57.22,3.944,1016,0
2020-01-24,07:00,25.12,85.7,2.869,59.94,9.72,1016,0
2020-01-24,07:10,25.3,85.7,1.839,60.89,21.06,1016,0
2020-01-24,07:20,25.43,85.2,2.701,57.52,33.16,1016,0
2020-01-24,07:30,25.5,85.2,2.456,60.28,51.93,1016,0
2020-01-24,07:40,25.42,84.8,3.127,63.76,69.13,1016,0
2020-01-24,07:50,25.67,80.5,3.903,79.28,78.61,1016,0
2020-01-24,08:00,26.16,76.55,3.465,75.01,86.6,1016,0
2020-01-24,08:10,26.44,74.71,3.88,65.06,151,1016,0
2020-01-24,08:20,26.66,72.6,4.551,69.24,129.5,1017,0
2020-01-24,08:30,26.72,72.54,3.992,75.01,167.8,1017,0
2020-01-24,08:40,26.89,71.52,4.743,78.4,245.3,1017,0
2020-01-24,08:50,26.78,71.37,4.752,79.76,169.9,1017,0
2020-01-24,09:00,27.11,71.35,4.336,75.73,314.8,1017,0
2020-01-24,09:10,27.06,70.09,4.685,74.06,250.5,1017,0
2020-01-24,09:20,27.5,69.53,4.801,71.22,451.4,1017,0
2020-01-24,09:30,27.72,68.7,4.998,81.5,518.8,1017,0
2020-01-24,09:40,27.89,68.32,4.765,73.8,540.1,1017,0
2020-01-24,09:50,28,68.13,4.962,76.8,562.1,1017,0
2020-01-24,10:00,28.06,68.56,4.743,81.6,587.5,1017,0
2020-01-24,10:10,28.28,67.95,4.189,83.6,612.8,1017,0
2020-01-24,10:20,28.11,68.37,4.949,73.98,639.3,1017,0
2020-01-24,10:30,28.56,68.32,3.988,74.06,669.2,1017,0
2020-01-24,10:40,28.5,68.18,4.265,71.27,690.4,1017,0
2020-01-24,10:50,28.5,67.11,4.908,75.38,706.9,1017,0
2020-01-24,11:00,28.72,65.88,4.721,71.94,738.1,1017,0
2020-01-24,11:10,28.78,64.56,4.238,62.57,604,1016,0
2020-01-24,11:20,28.61,61.77,4.064,58.25,601.3,1016,0
2020-01-24,11:30,28.89,64.65,3.141,52.27,780,1016,0
2020-01-24,11:40,29,67.65,2.301,51.99,775,1016,0
2020-01-24,11:50,28.94,68.22,3.034,56.64,784.2,1016,0
2020-01-24,12:00,29,63.04,4.461,71.8,763,1016,0
2020-01-24,12:10,29,64.8,3.728,55.94,757.3,1016,0
2020-01-24,12:20,29.06,66.1,3.827,69.7,832,1016,0
2020-01-24,12:30,29.17,64.44,3.751,61.96,815,1015,0
2020-01-24,12:40,29.22,62.01,4.104,61.1,855,1015,0
2020-01-24,12:50,29.33,63.94,4.028,62.59,738.7,1015,0
2020-01-24,13:00,29.11,63.99,3.88,62.45,716.3,1015,0
2020-01-24,13:10,28.83,66.01,3.769,57.06,654,1015,0
2020-01-24,13:20,28.72,65.75,3.396,66.36,394.9,1015,0
2020-01-24,13:30,28.83,66.25,4.041,69.2,767.1,1015,0
2020-01-24,13:40,28.44,69.36,3.321,61.72,352.9,1014,0
2020-01-24,13:50,28.33,68.53,3.368,57.74,660.5,1014,0
2020-01-24,14:00,28.94,64.21,3.943,69.67,674.9,1014,0
2020-01-24,14:10,28.72,63.58,3.889,70.92,655.5,1014,0
2020-01-24,14:20,28.89,62.72,4.435,66.55,720.9,1014,0
2020-01-24,14:30,28.72,65.51,4.202,63.02,664.7,1014,0
2020-01-24,14:40,28.78,62.49,4.345,68.78,608,1014,0
2020-01-24,14:50,28.61,62.82,4.184,69.93,592.4,1014,0
2020-01-24,15:00,28.83,65.28,3.514,60.06,643,1014,0
2020-01-24,15:10,28.56,67.11,3.562,61.47,574.8,1014,0
2020-01-24,15:20,28.67,67.75,3.769,64.47,560.3,1014,0
2020-01-24,15:30,28.61,67.5,3.737,60.83,500.1,1014,0
2020-01-24,15:40,28.11,68.68,3.534,50.01,390.2,1014,0
2020-01-24,15:50,28.06,69.92,3.666,56.3,343.7,1014,0
2020-01-24,16:00,27.78,71.98,3.492,62.78,259.5,1014,0
2020-01-24,16:10,27.83,72.89,3.316,63.73,229.4,1014,0
2020-01-24,16:20,27.94,72.27,3.617,67.78,329,1014,0
2020-01-24,16:30,28,71.82,3.912,57.25,272.5,1014,0
2020-01-24,16:40,27.39,73.78,3.488,58.89,113.7,1014,0
2020-01-24,16:50,27.72,72.94,3.719,63.74,271.6,1014,0
2020-01-24,17:00,27.67,72.5,3.885,64.38,194.3,1014,0
2020-01-24,17:10,27.5,74.22,3.092,57.82,146.4,1014,0
2020-01-24,17:20,26.78,76.99,2.666,65.2,40.63,1014,0
2020-01-24,17:30,26.67,77.58,3.376,68.44,59.83,1014,0
2020-01-24,17:40,26.78,76.43,3.514,71.68,41.82,1014,0
2020-01-24,17:50,26.67,75.78,3.648,73.08,31.28,1014,0
2020-01-24,18:00,26.63,75.85,3.147,69.72,16.19,1015,0
2020-01-24,18:10,26.62,76.08,3.223,69.72,6.466,1015,0
2020-01-24,18:20,26.57,76.27,3.115,67.32,2.491,1015,0
2020-01-24,18:30,26.57,76.24,2.785,69.32,0.417,1015,0
2020-01-24,18:40,26.5,76.42,2.763,70.06,0,1015,0
2020-01-24,18:50,26.48,76.77,2.805,69.74,0,1015,0
2020-01-24,19:00,26.46,76.88,2.935,68.2,0,1015,0
2020-01-24,19:10,26.42,76.95,2.166,72.29,0,1015,0
2020-01-24,19:20,26.54,77.5,2.698,66.2,0,1015,0
2020-01-24,19:30,26.67,77.86,3.468,65.41,0,1016,0
2020-01-24,19:40,26.61,78.03,3.036,65.6,0,1016,0
2020-01-24,19:50,26.61,77.83,3.359,64.19,0,1016,0
2020-01-24,20:00,26.59,77.1,3.634,70.66,0,1016,0
2020-01-24,20:10,26.57,77.05,3.773,69.75,0,1016,0
2020-01-24,20:20,26.51,78.82,3.431,69.64,0,1016,0
2020-01-24,20:30,26.24,80.8,3.4,68.78,0,1016,0
2020-01-24,20:40,26.04,81.4,3.157,67.92,0,1016,0
2020-01-24,20:50,25.98,81.1,3.191,69.86,0,1016,0
2020-01-24,21:00,26.02,80.2,3.351,70.89,0,1017,0
2020-01-24,21:10,26.08,79.96,2.982,72.17,0,1017,0
2020-01-24,21:20,26.16,80.3,3.057,69.19,0,1017,0
2020-01-24,21:30,26.06,81.3,3.59,72.1,1.091,1017,0
2020-01-24,21:40,25.13,84.1,3.155,76.84,1.35,1017,0
2020-01-24,21:50,25.02,85.1,3.639,72.94,1.484,1017,0
2020-01-24,22:00,24.78,85.2,3.494,73.54,1.552,1017,0
2020-01-24,22:10,24.68,85.7,2.016,86.6,1.296,1017,0
2020-01-24,22:20,24.58,85.6,1.428,101,1.27,1017,0
2020-01-24,22:30,24.61,85.7,1.531,108.5,0.951,1017,0
2020-01-24,22:40,24.71,85.9,1.502,101.7,0,1017,0
2020-01-24,22:50,25,86.4,1.702,102,0,1017,0
2020-01-24,23:00,25.31,86.1,2.411,84.3,0,1017,0
2020-01-24,23:10,25.59,85.1,2.968,74.17,0,1017,0
2020-01-24,23:20,25.79,84.3,2.263,77.8,0,1016,0
2020-01-24,23:30,25.71,83.7,2.627,75.35,0,1016,0
2020-01-24,23:40,25.74,83.4,2.438,79.86,0,1016,0
2020-01-24,23:50,25.87,83.2,2.413,78.98,0,1016,0
2020-01-25,00:00,25.88,83,3.089,72.82,0,1016,0
2020-01-25,00:10,25.84,82.9,2.439,77.33,0,1016,0
2020-01-25,00:20,25.79,83,2.131,73.12,0,1016,0
2020-01-25,00:30,25.81,83.2,2.74,72.53,0,1016,0
2020-01-25,00:40,25.88,83.2,2.519,70.44,0,1016,0
2020-01-25,00:50,25.87,83.3,2.409,66.03,0,1015,0
2020-01-25,01:00,25.82,83,2.909,71.49,0,1015,0
2020-01-25,01:10,25.88,82.6,2.436,73.9,0,1015,0
2020-01-25,01:20,25.94,82.5,2.017,77.76,0,1015,0
2020-01-25,01:30,26.02,82.8,2.399,68.51,0,1015,0
2020-01-25,01:40,25.87,82.9,2.344,78.9,0,1015,0
2020-01-25,01:50,25.9,82.4,2.134,79.91,0,1014,0
2020-01-25,02:00,25.86,82.4,2.209,71.42,0,1014,0
2020-01-25,02:10,25.87,82.5,1.955,66.5,0,1014,0
2020-01-25,02:20,25.94,82.5,2.483,71.47,0,1014,0
2020-01-25,02:30,25.96,82.5,2.165,74.12,0,1014,0
2020-01-25,02:40,25.86,82.7,2.331,75.98,0,1014,0
2020-01-25,02:50,25.88,82.7,2.03,68.68,0,1014,0
2020-01-25,03:00,25.82,82.5,3.068,75.52,0,1014,0
2020-01-25,03:10,25.74,82.2,2.465,74.07,0,1014,0
2020-01-25,03:20,25.76,82.3,2.518,74.88,0,1014,0
2020-01-25,03:30,25.71,82.4,2.403,71.76,0,1014,0
2020-01-25,03:40,25.62,82.4,2.319,73.05,0,1014,0
2020-01-25,03:50,25.61,82.3,1.992,73.59,0,1013,0
2020-01-25,04:00,25.61,82.4,1.707,72.11,0,1013,0
2020-01-25,04:10,25.6,82.7,1.334,72.6,0,1013,0
2020-01-25,04:20,25.67,82.8,2.653,69.36,0,1013,0
2020-01-25,04:30,25.23,82.6,2.263,80.8,0,1013,0
2020-01-25,04:40,25.26,83.5,1.119,87.6,0,1013,0
2020-01-25,04:50,25.43,84.6,2.417,65.22,0,1013,0
2020-01-25,05:00,25.29,85.8,3.225,65.91,1.217,1013,0
2020-01-25,05:10,25.23,86.9,2.892,73.79,2.016,1013,0
2020-01-25,05:20,25.37,87.1,2.499,76.45,1.504,1013,0
2020-01-25,05:30,25.5,86.6,2.911,83.2,0.031,1013,0
2020-01-25,05:40,25.56,86,2.773,76.23,0,1013,0
2020-01-25,05:50,25.53,85.6,2.535,71.95,0,1014,0
2020-01-25,06:00,25.47,85.6,3.1,81.3,0.265,1014,0
2020-01-25,06:10,25.39,86,3.044,68.7,0,1014,0
2020-01-25,06:20,25.61,86,2.849,61.96,0,1014,0
2020-01-25,06:30,25.5,86.7,3.431,63.5,0,1014,0
2020-01-25,06:40,25.41,87.5,3.813,64.63,0.952,1014,0
2020-01-25,06:50,25.24,88,4.238,79.06,2.647,1014,0
2020-01-25,07:00,24.44,89.1,4.055,75.57,10.11,1014,0
2020-01-25,07:10,24.34,90.2,4.327,69.32,14.65,1015,0
2020-01-25,07:20,24.27,90.6,4.408,70.69,28.94,1015,0
2020-01-25,07:30,24.07,91.1,3.956,70.44,45.18,1015,1
2020-01-25,07:40,24.16,91.5,4.734,72.67,35.18,1015,0
2020-01-25,07:50,24.14,91.7,4.064,72.71,51.03,1015,0
2020-01-25,08:00,24.27,91.6,4.435,67.03,43.07,1016,0
2020-01-25,08:10,24.25,91.3,4.408,67.33,64.79,1016,0
2020-01-25,08:20,24.22,91.4,3.603,69.83,85.4,1016,0
2020-01-25,08:30,24.22,91.3,4.56,65.25,97.8,1016,0
2020-01-25,08:40,23.81,91.4,4.153,67.42,145.8,1016,0
2020-01-25,08:50,24.12,90.8,3.335,83.4,175.4,1016,0
2020-01-25,09:00,24.72,90.2,2.522,75.21,168.5,1016,0
2020-01-25,09:10,24.96,89.6,3.675,56.71,90.6,1016,0
2020-01-25,09:20,24.03,89.7,4.801,63.82,83.3,1016,0
2020-01-25,09:30,23.58,90.5,5.101,67.15,140.8,1016,0
2020-01-25,09:40,23.51,91.1,4.301,66.27,156.8,1016,1
2020-01-25,09:50,23.78,91.8,4.394,70.46,129.4,1016,1
2020-01-25,10:00,24.11,92.4,3.608,69.64,200.6,1016,0
2020-01-25,10:10,24.29,92.4,4.716,67.89,254.2,1016,0
2020-01-25,10:20,24.22,91.8,5.905,85.4,213.6,1016,1
2020-01-25,10:30,23.68,91.4,5.534,92.5,232,1016,0
2020-01-25,10:40,24.01,91.6,5.123,85,335.9,1016,0
2020-01-25,10:50,24.46,90.4,4.318,66.97,329.4,1016,0
2020-01-25,11:00,25.23,88.7,3.526,70.92,349.8,1016,0
2020-01-25,11:10,25.41,86.5,4.35,75.92,256.2,1016,0
2020-01-25,11:20,25.47,84.7,3.399,69.57,463.2,1016,0
2020-01-25,11:30,26.52,83.6,3.406,56.95,747.7,1015,0
2020-01-25,11:40,26.39,82.8,3.648,62.32,238.9,1015,0
2020-01-25,11:50,26.02,81.6,3.549,85.6,188.9,1015,0
2020-01-25,12:00,25.54,82.7,3.243,102.1,205.3,1015,0
2020-01-25,12:10,25.46,84.3,3.289,71.11,224.1,1015,0
2020-01-25,12:20,26.06,81.7,4.908,77.59,464,1015,0
2020-01-25,12:30,26.89,77.13,4.238,77.21,550.7,1014,0
2020-01-25,12:40,27.39,75.38,3.827,79.17,448.5,1014,0
2020-01-25,12:50,27.11,75.95,4.725,68.39,286.1,1014,0
2020-01-25,13:00,27.33,75.73,4.703,69.4,505.2,1014,0
2020-01-25,13:10,27.06,72.95,5.226,70.01,305.6,1014,0
2020-01-25,13:20,27.22,71.24,5.382,73.37,491.1,1014,0
2020-01-25,13:30,27.5,69.27,4.931,74.39,556.5,1013,0
2020-01-25,13:40,27.94,68.87,4.345,76.81,557.2,1013,0
2020-01-25,13:50,27.94,68.15,5.011,71.55,529.6,1013,0
2020-01-25,14:00,28.5,65.18,4.73,70.56,894,1013,0
2020-01-25,14:10,28.5,65.76,5.525,74.01,755.1,1013,0
2020-01-25,14:20,28.17,63.76,5.668,75.85,499.2,1013,0
2020-01-25,14:30,28.5,63.28,5.239,69.88,706.9,1013,0
2020-01-25,14:40,28.61,61.77,5.677,64.44,721.8,1013,0
2020-01-25,14:50,28.44,61.36,5.677,68.65,642,1013,0
2020-01-25,15:00,28.39,63.59,5.785,67.02,604.5,1012,0
2020-01-25,15:10,28.33,67.59,4.627,65.36,443.2,1012,0
2020-01-25,15:20,27.83,69.93,5.619,66.31,322.1,1012,0
2020-01-25,15:30,27.61,70,4.806,67.17,214.5,1012,0
2020-01-25,15:40,27.72,68.83,5.338,63.57,377.3,1012,0
2020-01-25,15:50,27.72,67.98,5.172,63.25,399.1,1012,0
2020-01-25,16:00,28.06,67.6,4.654,70.76,453.6,1013,0
2020-01-25,16:10,27.94,67.81,5.204,71.22,420.8,1013,0
2020-01-25,16:20,28,65.72,4.095,73.11,372.6,1013,0
2020-01-25,16:30,27.83,64.8,5.619,68.46,338.3,1013,0
2020-01-25,16:40,27.67,65.67,5.713,63.57,300.8,1013,0
2020-01-25,16:50,27.61,66.95,5.601,69.56,269.2,1013,0
2020-01-25,17:00,27.5,69.14,5.311,65.54,231.6,1013,0
2020-01-25,17:10,27.39,69.96,5.508,74.82,197.9,1013,0
2020-01-25,17:20,27.39,70.7,4.645,73.36,148.5,1013,0
2020-01-25,17:30,27.11,71.82,4.618,65.36,97.9,1013,0
2020-01-25,17:40,26.89,72.55,4.707,61.76,71.43,1013,0
2020-01-25,17:50,26.72,73.1,4.394,65.34,34.94,1013,0
2020-01-25,18:00,26.63,73.7,3.867,66.68,17.62,1013,0
2020-01-25,18:10,26.63,74.49,3.581,62.69,7.931,1013,0
2020-01-25,18:20,26.5,75.28,3.196,68.28,2.716,1013,0
2020-01-25,18:30,26.4,75.72,3.585,66.09,0.525,1013,0
2020-01-25,18:40,26.32,75.87,3.25,63.29,0,1013,0
2020-01-25,18:50,26.21,76,2.971,64.05,0,1014,0
2020-01-25,19:00,26.24,76.04,3.688,68.75,0,1014,0
2020-01-25,19:10,25.9,75.77,4.649,78.79,0,1014,0
2020-01-25,19:20,25.71,76.45,3.494,73.53,0,1014,0
2020-01-25,19:30,25.92,77.36,3.693,75.83,0,1014,0
2020-01-25,19:40,25.26,76.46,4.193,95.4,0,1014,0
2020-01-25,19:50,25.37,74.39,2.654,86.5,0,1014,0
2020-01-25,20:00,25.64,74.67,2.788,92,0,1014,0
2020-01-25,20:10,26.12,74.24,3.308,90.6,0,1014,0
2020-01-25,20:20,26.31,74.57,3.461,84,0,1015,0
2020-01-25,20:30,26.51,75.19,4.081,76.15,0,1015,0
2020-01-25,20:40,26.5,75.47,3.889,79.29,0,1015,0
2020-01-25,20:50,26.55,75.03,4.269,72.73,0,1015,0
2020-01-25,21:00,26.61,75.21,3.625,74.71,0,1015,0
2020-01-25,21:10,26.53,75.61,3.943,71.92,0,1015,0
2020-01-25,21:20,26.46,75.3,3.894,76.11,0,1015,0
2020-01-25,21:30,26.41,75.18,3.643,78.67,0,1015,0
2020-01-25,21:40,26.37,75.33,3.666,73.89,0,1015,0
2020-01-25,21:50,26.43,74.95,3.715,72.3,0,1016,0
2020-01-25,22:00,26.51,74.92,3.983,77.99,0,1016,0
2020-01-25,22:10,26.44,74.1,4.149,87.1,0,1016,0
2020-01-25,22:20,26.44,74.36,3.724,83.4,0,1016,0
2020-01-25,22:30,26.52,74.55,4.35,76.28,0,1016,0
2020-01-25,22:40,26.52,74.75,3.867,74.11,0,1016,0
2020-01-25,22:50,26.43,75.33,3.889,78.05,0,1016,0
2020-01-25,23:00,26.44,74.83,4.85,75.13,0,1015,0
2020-01-25,23:10,26.39,74.91,3.769,74.59,0,1016,0
2020-01-25,23:20,26.36,75.39,3.979,71.19,0,1015,0
2020-01-25,23:30,26.36,75.74,3.308,78.69,0,1015,0
2020-01-25,23:40,26.39,76.09,2.972,73.9,0,1015,0
2020-01-25,23:50,26.38,76.19,3.63,71.56,0,1015,0
2020-01-26,00:00,26.53,76.43,3.907,72.75,0,1015,0
2020-01-26,00:10,26.41,76.55,3.961,72.9,0,1015,0
2020-01-26,00:20,26.36,75.91,3.312,69.47,0,1015,0
2020-01-26,00:30,26.46,75.95,4.028,73.47,0,1015,0
2020-01-26,00:40,26.52,76.1,3.599,70.87,0,1015,0
2020-01-26,00:50,26.57,76.23,4.032,67.61,0,1015,0
2020-01-26,01:00,26.47,75.98,4.694,69.09,0,1015,0
2020-01-26,01:10,26.34,76.38,3.53,68.35,0,1015,0
2020-01-26,01:20,26.37,77.06,3.267,69.56,0,1015,0
2020-01-26,01:30,26.51,77.12,3.63,70.79,0,1014,0
2020-01-26,01:40,26.6,76.88,3.898,69.46,0,1014,0
2020-01-26,01:50,26.61,76.81,4.323,67.9,0,1014,0
2020-01-26,02:00,26.65,76.78,4.251,74.85,0,1014,0
2020-01-26,02:10,26.59,77.13,4.09,71.84,0,1014,0
2020-01-26,02:20,26.52,77.19,4.09,71.33,0,1014,0
2020-01-26,02:30,26.52,77.45,3.617,66.68,0,1014,0
2020-01-26,02:40,26.51,78.44,4.444,83.8,0,1014,0
2020-01-26,02:50,26.29,78.65,5.025,72.06,0,1014,0
2020-01-26,03:00,26.22,77.95,4.891,74.83,0,1013,0
2020-01-26,03:10,26.16,77.27,4.403,72.57,0,1013,0
2020-01-26,03:20,26.17,76.99,4.368,71.14,0,1013,0
2020-01-26,03:30,26.23,77.6,3.679,67.37,0,1013,0
2020-01-26,03:40,26.18,78.56,3.536,71.68,0,1013,0
2020-01-26,03:50,26.21,79.2,3.786,68.06,0,1013,0
2020-01-26,04:00,26.18,79.69,3.435,65.37,0,1013,0
2020-01-26,04:10,26.26,79.85,3.396,67.07,0,1013,0
2020-01-26,04:20,26.33,79.96,3.142,68.3,0,1013,0
2020-01-26,04:30,26.34,79.99,3.818,63.48,0,1013,0
2020-01-26,04:40,26.37,80,3.836,66.45,0,1012,0
2020-01-26,04:50,26.12,80.8,4.435,72.93,0.424,1012,0
2020-01-26,05:00,25.3,83.8,3.28,81.5,1.167,1012,0
2020-01-26,05:10,25.25,85.5,2.729,78.35,1.255,1012,0
2020-01-26,05:20,25.51,85.9,3.53,74.94,1.32,1012,0
2020-01-26,05:30,25.29,86.3,4.815,91,1.147,1012,1
2020-01-26,05:40,24.63,88.2,4.385,70.54,0.126,1012,1
2020-01-26,05:50,24.63,88.8,3.871,65.3,0.398,1012,0
2020-01-26,06:00,25.04,88,3.97,68.13,0.67,1012,0
2020-01-26,06:10,25.26,86.9,3.701,72.04,0.596,1012,0
2020-01-26,06:20,25.4,85.4,4.184,71.53,0,1012,0
2020-01-26,06:30,25.55,83.7,4.046,69.35,0,1013,0
2020-01-26,06:40,25.61,82.9,4.922,79.72,0.334,1013,0
2020-01-26,06:50,25.16,84.5,4.998,76.38,3.638,1013,0
2020-01-26,07:00,25.12,85.4,4.618,74.86,7.617,1013,0
2020-01-26,07:10,25.36,85.2,3.63,71.55,16.97,1013,0
2020-01-26,07:20,25.55,85,4.336,74.05,30.53,1013,0
2020-01-26,07:30,25.77,83.9,4.824,72.88,42.6,1014,0
2020-01-26,07:40,25.73,83.4,4.739,77.75,36.75,1014,0
2020-01-26,07:50,25.64,83,5.226,74.98,39.4,1014,0
2020-01-26,08:00,25.79,82.4,4.426,76.33,60.65,1014,0
2020-01-26,08:10,26.25,81.2,4.949,77,106.8,1014,0
2020-01-26,08:20,26.42,78.87,5.338,78.7,110,1015,0
2020-01-26,08:30,26.6,76.34,4.895,77.06,128.9,1015,0
2020-01-26,08:40,26.62,75.92,5.928,76.51,72.42,1015,0
2020-01-26,08:50,26.78,76.18,4.967,78.05,125.4,1015,0
2020-01-26,09:00,26.94,76.3,5.812,75.46,253,1015,0
2020-01-26,09:10,26.94,75.59,5.44,78.13,269.9,1015,0
2020-01-26,09:20,27.17,73.63,5.445,78.24,369.1,1015,0
2020-01-26,09:30,27.5,72.36,5.092,82.4,514.5,1015,0
2020-01-26,09:40,27.67,71.7,5.615,89,533.6,1015,0
2020-01-26,09:50,27.44,72.19,5.584,82.4,253.3,1015,0
2020-01-26,10:00,27.39,71.45,6.241,75.8,488.2,1015,0
2020-01-26,10:10,27.83,70.44,5.704,82.2,617.3,1015,0
2020-01-26,10:20,28.06,70.83,5.257,81.3,496.7,1015,0
2020-01-26,10:30,28,72.17,5.181,80.3,652.8,1015,0
2020-01-26,10:40,28.39,71.67,4.882,78.56,661.7,1015,0
2020-01-26,10:50,28.11,71.73,6.254,86.2,623.5,1015,0
2020-01-26,11:00,28.11,72.45,5.852,79.52,590.9,1015,0
2020-01-26,11:10,28.28,72.52,5.566,78.61,771.7,1014,0
2020-01-26,11:20,28.28,71.86,5.981,75.22,673.3,1014,0
2020-01-26,11:30,28.44,72.18,5.418,84.4,804,1014,0
2020-01-26,11:40,28.39,73.34,5.508,68.95,665.2,1014,0
2020-01-26,11:50,28.5,72.54,5.047,73.88,773.9,1014,0
2020-01-26,12:00,28.44,71.12,5.15,70.74,785.5,1014,0
2020-01-26,12:10,28.5,71.73,5.521,83.4,814,1014,0
2020-01-26,12:20,28.56,72.69,5.052,67.08,600.8,1014,0
2020-01-26,12:30,27.61,73.89,6.415,77.8,256.3,1013,0
2020-01-26,12:40,26.62,77.81,5.579,84.3,487,1013,0
2020-01-26,12:50,27.22,74.63,6.357,73.93,691.3,1013,0
2020-01-26,13:00,27.83,72.92,5.901,78.46,887,1013,0
2020-01-26,13:10,28.11,71.47,5.601,78.54,718.8,1013,0
2020-01-26,13:20,28.06,71.77,6.062,76.9,739,1013,0
2020-01-26,13:30,27.89,71.73,5.682,75.36,448.4,1012,0
2020-01-26,13:40,27.83,69.2,4.43,70.14,464.5,1012,0
2020-01-26,13:50,28.06,71.26,4.041,75.87,307.1,1012,0
2020-01-26,14:00,27.83,72.29,4.815,75.23,204.2,1012,0
2020-01-26,14:10,27.11,71.34,5.682,75.4,246.7,1012,0
2020-01-26,14:20,27.67,72.97,4.403,74.37,216.4,1012,0
2020-01-26,14:30,27.83,74.03,4.278,79.62,319.7,1012,0
2020-01-26,14:40,27.61,72.22,5.762,71.57,227.2,1012,0
2020-01-26,14:50,27.39,73.08,4.895,76.43,237.1,1012,0
2020-01-26,15:00,27.67,71.77,4.855,80.8,270.2,1012,0
2020-01-26,15:10,27.78,71.43,4.828,70.71,266.5,1012,0
2020-01-26,15:20,27.56,70.96,5.458,70.93,196.5,1012,0
2020-01-26,15:30,27.44,71,4.904,77.4,162.9,1012,0
2020-01-26,15:40,27.56,70.87,5.633,75.06,316.6,1011,0
2020-01-26,15:50,27.78,68.8,5.36,80.8,402.4,1011,0
2020-01-26,16:00,27.89,66.34,5.186,76.55,408.6,1012,0
2020-01-26,16:10,28.06,66.09,5.28,81.4,406.4,1012,0
2020-01-26,16:20,28.11,67.89,4.801,76.7,417.4,1012,0
2020-01-26,16:30,28.11,65.84,4.949,82,349.1,1012,0
2020-01-26,16:40,27.94,66.46,5.159,87.9,296.8,1011,0
2020-01-26,16:50,27.83,65.77,5.736,83.6,258.2,1012,0
2020-01-26,17:00,27.67,66.42,5.78,79.04,213.8,1012,0
2020-01-26,17:10,27.56,67.85,5.105,84.9,171.8,1011,0
2020-01-26,17:20,27.44,68.85,4.953,81.6,148.7,1012,0
2020-01-26,17:30,27.39,68.44,4.256,83.1,113.1,1012,0
2020-01-26,17:40,27.28,68.2,4.345,79.13,80.2,1012,0
2020-01-26,17:50,27.06,68.26,4.627,75.8,42.97,1012,0
2020-01-26,18:00,26.94,68.53,4.676,81.1,18.5,1012,0
2020-01-26,18:10,26.89,69.58,4.408,83.9,9.22,1012,0
2020-01-26,18:20,26.83,71.46,4.247,85.1,3.188,1012,0
2020-01-26,18:30,26.78,72.04,4.515,86.1,0.605,1012,0
2020-01-26,18:40,26.83,72.59,3.76,83.7,0,1012,0
2020-01-26,18:50,26.83,73.17,3.245,86,0,1012,0
2020-01-26,19:00,26.72,73.38,3.516,85.1,0,1012,0
2020-01-26,19:10,26.67,73.72,2.394,82.6,0,1012,0
2020-01-26,19:20,26.67,73.89,3.211,74.24,0,1012,0
2020-01-26,19:30,26.78,74.41,2.68,57.18,0,1012,0
2020-01-26,19:40,26.78,74.56,3.201,61.84,0,1013,0
2020-01-26,19:50,26.72,74.49,3.283,63.72,0,1013,0
2020-01-26,20:00,26.78,74.57,3.791,67.66,0,1013,0
2020-01-26,20:10,26.83,74.61,3.786,71.8,0,1013,0
2020-01-26,20:20,26.83,74.96,3.755,67.7,0,1013,0
2020-01-26,20:30,26.83,75.17,4.569,71.31,0,1013,0
2020-01-26,20:40,26.89,75.05,4.453,68.22,0,1013,0
2020-01-26,20:50,26.78,74.88,3.719,76.93,0,1013,0
2020-01-26,21:00,26.67,74.95,3.262,73.83,0,1013,0
2020-01-26,21:10,26.72,74.88,3.154,72.14,0,1013,0
2020-01-26,21:20,26.72,74.79,4.251,73.34,0,1014,0
2020-01-26,21:30,26.72,74.62,3.648,70.07,0,1014,0
2020-01-26,21:40,26.66,74.14,3.871,75.92,0,1014,0
2020-01-26,21:50,26.67,74.15,3.701,74.51,0,1014,0
2020-01-26,22:00,26.67,74.26,3.983,74.68,0,1014,0
2020-01-26,22:10,26.78,74.75,4.09,70.69,0,1014,0
2020-01-26,22:20,26.72,74.96,3.594,76.44,0,1014,0
2020-01-26,22:30,26.64,74.9,3.715,82.1,0,1014,0
2020-01-26,22:40,26.57,75.03,3.41,81.3,0,1014,0
2020-01-26,22:50,26.59,75.33,3.551,80.3,0,1014,0
2020-01-26,23:00,26.6,75.46,4.229,84.8,0,1014,0
2020-01-26,23:10,26.56,75.46,2.975,85.8,0,1014,0
2020-01-26,23:20,26.56,75.54,3.742,79.31,0,1014,0
2020-01-26,23:30,26.55,74.79,4.859,87.6,0,1014,0
2020-01-26,23:40,26.59,75.11,3.538,85.1,0,1014,0
2020-01-26,23:50,26.49,75.69,4.6,81.9,0,1014,0
2020-01-27,00:00,26.28,75.89,4.166,83.7,0,1014,0
2020-01-27,00:10,26.46,76.53,3.782,84,0,1014,0
2020-01-27,00:20,26.56,76.26,4.721,83.9,0,1014,0
2020-01-27,00:30,26.59,75.79,5.177,84.1,0,1014,0
2020-01-27,00:40,26.57,75.45,5.592,90.4,0,1013,0
2020-01-27,00:50,26.62,75.18,5.78,88.5,0,1013,0
2020-01-27,01:00,26.59,74.79,6.017,86.1,0,1013,0
2020-01-27,01:10,26.56,75.1,5.722,89.9,0,1013,0
2020-01-27,01:20,26.47,75.34,5.132,89.2,0,1013,0
2020-01-27,01:30,26.42,75.9,4.202,85,0,1013,0
2020-01-27,01:40,26.41,76.13,4.126,85.8,0,1013,0
2020-01-27,01:50,26.37,76.16,3.426,79.48,0,1013,0
2020-01-27,02:00,26.4,76.46,3.791,81.6,0,1013,0
2020-01-27,02:10,26.38,76.42,4.005,79.8,0,1013,0
2020-01-27,02:20,26.34,76.27,4.868,87.3,0,1013,0
2020-01-27,02:30,26.13,77.16,3.76,76.52,0,1013,0
2020-01-27,02:40,26.24,77.27,4.184,77.76,0,1013,0
2020-01-27,02:50,26.29,77.18,3.876,89.8,0,1013,0
2020-01-27,03:00,26.32,76.89,3.921,87.8,0,1013,0
2020-01-27,03:10,26.3,76.61,3.576,75.52,0,1013,0
2020-01-27,03:20,26.28,76.54,3.496,76.34,0,1013,0
2020-01-27,03:30,26.32,76.59,3.389,79.64,0,1012,0
2020-01-27,03:40,26.24,77.02,3,74.73,0,1012,0
2020-01-27,03:50,26.19,77.24,2.625,76.37,0,1012,0
2020-01-27,04:00,26.18,77.4,3.118,73.57,0,1012,0
2020-01-27,04:10,26.22,77.46,3.191,74.86,0,1012,0
2020-01-27,04:20,26.21,77.63,2.804,74.18,0,1012,0
2020-01-27,04:30,26.2,77.6,2.868,71.83,0,1012,0
2020-01-27,04:40,26.21,77.72,2.924,71.5,0,1012,0
2020-01-27,04:50,26.16,78.16,2.773,75.01,0,1012,0
2020-01-27,05:00,26.16,77.97,3.508,76.3,0,1012,0
2020-01-27,05:10,26.19,78.23,3.571,76.05,0,1012,0
2020-01-27,05:20,26.22,78.25,3.795,81.5,0,1012,0
2020-01-27,05:30,26.26,78.35,4.18,73.18,0,1012,0
2020-01-27,05:40,26.22,77.92,4.43,77.57,0,1012,0
2020-01-27,05:50,26.22,77.81,4.81,77.23,0,1012,0
2020-01-27,06:00,26.13,78,4.162,75.34,0,1012,0
2020-01-27,06:10,26.07,78.59,4.189,69.61,0,1012,0
2020-01-27,06:20,26.1,78.51,4.207,64.66,0,1012,0
2020-01-27,06:30,26.09,77.42,4.251,71.7,0.016,1012,0
2020-01-27,06:40,26.16,77.33,3.876,67.03,2.215,1012,0
2020-01-27,06:50,26.09,77.97,3.988,71.33,4.728,1012,0
2020-01-27,07:00,26.13,77.91,4.618,71.19,11.96,1013,0
2020-01-27,07:10,26.23,77.64,4.412,72.51,22.67,1013,0
2020-01-27,07:20,26.23,77.66,4.757,76.11,34.2,1013,0
2020-01-27,07:30,26.38,76.93,4.819,79.32,47.38,1013,0
2020-01-27,07:40,26.38,76.74,5.391,86.6,39.91,1013,0
2020-01-27,07:50,26.42,76.52,5.28,87.1,48.99,1013,0
2020-01-27,08:00,26.54,76.59,5.038,85.3,42.3,1014,0
2020-01-27,08:10,26.72,77.13,5.056,87.3,105.5,1014,0
2020-01-27,08:20,27.06,76.3,5.186,83.7,241.1,1014,0
2020-01-27,08:30,27,73.9,5.315,84.7,196.4,1014,0
2020-01-27,08:40,27.17,74.12,5.673,83.7,272.8,1014,0
2020-01-27,08:50,27.17,75.04,5.011,85.2,242.7,1014,0
2020-01-27,09:00,27.39,75.97,4.855,87.7,264.9,1014,0
2020-01-27,09:10,27.39,76.54,4.444,81.5,206.1,1014,0
2020-01-27,09:20,27.44,77.02,4.166,76.36,250.6,1015,0
2020-01-27,09:30,27.83,76.57,4.336,77.73,515.7,1015,0
2020-01-27,09:40,28,75.3,4.381,83.3,490,1015,0
2020-01-27,09:50,28.11,73.95,4.551,81.5,554.3,1015,0
2020-01-27,10:00,28.17,72.55,4.694,75.38,579.3,1015,0
2020-01-27,10:10,28.22,72.36,4.537,71.64,579.6,1015,0
2020-01-27,10:20,27.94,72.84,4.743,77.86,516.2,1014,0
2020-01-27,10:30,27.94,71.89,4.98,73.85,388.2,1014,0
2020-01-27,10:40,27.56,73.69,5.119,86.4,233,1014,0
2020-01-27,10:50,28.11,74.21,4.457,77.73,614.2,1014,0
2020-01-27,11:00,28.22,72.55,4.403,80,405,1014,0
2020-01-27,11:10,28,73.8,4.287,78.78,409.4,1014,0
2020-01-27,11:20,28.33,73.35,4.752,86.3,691.5,1014,0
2020-01-27,11:30,28.28,73.29,4.587,69.49,651.4,1014,0
2020-01-27,11:40,28.44,73.12,4.426,84.8,650.6,1014,0
2020-01-27,11:50,28.61,73.51,4.265,74.11,711.1,1013,0
2020-01-27,12:00,28.33,72.86,4.739,82,571.8,1013,0
2020-01-27,12:10,28.44,73.52,4.122,84.6,621.6,1013,0
2020-01-27,12:20,28.33,73.27,4.229,80.5,475.8,1013,0
2020-01-27,12:30,28.11,74.34,4.171,77.66,406.7,1013,0
2020-01-27,12:40,28.56,74.27,4.211,86.9,751.1,1013,0
2020-01-27,12:50,28.33,72.42,5.239,95.8,643.4,1013,0
2020-01-27,13:00,28.33,73.26,4.573,78.39,621.2,1012,0
2020-01-27,13:10,28,73.92,4.511,81.3,446.4,1012,0
2020-01-27,13:20,28.28,73.73,4.493,85.3,570.4,1012,0
2020-01-27,13:30,28.5,73.33,4.56,83.7,730.1,1012,0
2020-01-27,13:40,28.56,73.01,4.85,87.4,707.5,1012,0
2020-01-27,13:50,28.39,72.89,5.105,80.9,788.9,1012,0
2020-01-27,14:00,28.17,72.66,4.685,87.8,452.1,1012,0
2020-01-27,14:10,28.44,72.56,4.609,81.2,770.2,1012,0
2020-01-27,14:20,28.5,71.9,4.645,96.9,518,1011,0
2020-01-27,14:30,28.33,73.29,4.461,75.98,630.1,1011,0
2020-01-27,14:40,28.17,73.3,4.408,83.4,368.4,1011,0
2020-01-27,14:50,28.33,74.03,4.207,71.14,564.8,1011,0
2020-01-27,15:00,28.28,73.46,4.645,79.02,579.7,1011,0
2020-01-27,15:10,28.39,72.61,4.502,85.3,486,1011,0
2020-01-27,15:20,28.39,72.6,4.122,75.54,514,1011,0
2020-01-27,15:30,28.61,72.86,4.274,75.55,584.2,1011,0
2020-01-27,15:40,28.39,73.78,4.081,88.6,384.3,1011,0
2020-01-27,15:50,28,75.04,4.542,79.89,246.4,1011,0
2020-01-27,16:00,27.94,75.41,4.046,77.71,332.6,1011,0
2020-01-27,16:10,28.33,74.74,3.983,79.4,358.9,1011,0
2020-01-27,16:20,28.06,75.27,3.246,76.26,182.6,1011,0
2020-01-27,16:30,28,75.37,3.36,78.92,214.6,1011,0
2020-01-27,16:40,27.83,75.25,4.122,79.27,154.7,1011,0
2020-01-27,16:50,27.78,75.83,3.827,78.53,193.1,1011,0
2020-01-27,17:00,27.78,75.91,3.608,82.3,170,1012,0
2020-01-27,17:10,27.72,75.94,3.885,90.8,222.6,1012,0
2020-01-27,17:20,27.78,75.63,3.185,88.2,179.3,1012,0
2020-01-27,17:30,27.78,75.82,3.608,76.07,187.5,1012,0
2020-01-27,17:40,27.61,76.02,3.57,81.5,126.8,1012,0
2020-01-27,17:50,27.5,76.41,3.157,83.7,85.6,1012,0
2020-01-27,18:00,27.33,76.89,3.751,85.9,41.25,1012,0
2020-01-27,18:10,27.22,77.61,3.005,82.4,20.53,1012,0
2020-01-27,18:20,27.11,78.03,3.202,78.04,4.374,1012,0
2020-01-27,18:30,27,78.11,3.184,80.4,0.462,1012,0
2020-01-27,18:40,26.94,78.02,2.845,92.1,0,1012,0
2020-01-27,18:50,26.89,78.22,2.888,92.5,0,1012,0
2020-01-27,19:00,26.83,78.08,3.462,93.3,0,1012,0
2020-01-27,19:10,26.78,77.7,3.37,90.5,0,1012,0
2020-01-27,19:20,26.78,77.84,3.199,92.8,0,1012,0
2020-01-27,19:30,26.72,77.91,3.105,90.2,0,1013,0
2020-01-27,19:40,26.78,77.9,3.244,95.5,0,1013,0
2020-01-27,19:50,26.83,78.38,3.119,91.6,0,1013,0
2020-01-27,20:00,26.78,78.41,3.208,97,0,1013,0
2020-01-27,20:10,26.72,78.15,2.985,92.1,0,1013,0
2020-01-27,20:20,26.78,78.63,3.191,92.7,0,1013,0
2020-01-27,20:30,26.83,79.3,3.044,85.8,0,1013,0
2020-01-27,20:40,26.72,79.43,3.534,88.3,0,1013,0
2020-01-27,20:50,26.78,78.47,3.599,90.9,0,1013,0
2020-01-27,21:00,26.89,78.57,3.328,83,0,1014,0
2020-01-27,21:10,26.78,77.53,3.416,85.9,0,1013,0
2020-01-27,21:20,26.94,77.41,3.952,86.8,0,1014,0
2020-01-27,21:30,26.89,77.44,4.073,89.9,0,1014,0
2020-01-27,21:40,26.83,77.93,3.156,87.7,0,1014,0
2020-01-27,21:50,26.72,78.18,3.034,90,0,1014,0
2020-01-27,22:00,26.72,77.98,3.769,81.2,0,1014,0
2020-01-27,22:10,26.78,77.4,4.081,86.1,0,1014,0
2020-01-27,22:20,26.89,77.17,4.149,85.2,0,1014,0
2020-01-27,22:30,26.89,77.64,3.576,77.18,0,1014,0
2020-01-27,22:40,26.89,78.2,3.782,77.32,0,1014,0
2020-01-27,22:50,26.89,78.68,3.559,74.88,0,1014,0
2020-01-27,23:00,26.83,78.78,3.394,74.29,0,1014,0
2020-01-27,23:10,26.78,78.24,3.795,80,0,1014,0
2020-01-27,23:20,26.83,77.67,3.548,78.18,0,1014,0
2020-01-27,23:30,26.83,77.34,3.521,77.26,0,1014,0
2020-01-27,23:40,26.83,77.29,3.358,73.25,0,1014,0
2020-01-27,23:50,26.83,77.77,3.101,75.13,0,1014,0
2020-01-28,00:00,26.78,78.48,2.752,77.92,0,1014,0
2020-01-28,00:10,26.72,79.1,2.583,81.7,0,1014,0
2020-01-28,00:20,26.72,79.18,3.336,81.1,0,1014,0
2020-01-28,00:30,26.72,79.1,2.598,77.21,0,1014,0
2020-01-28,00:40,26.67,79.45,2.242,70.45,0,1013,0
2020-01-28,00:50,26.67,79.81,2.401,78.26,0,1013,0
2020-01-28,01:00,26.62,80.1,1.975,72.53,0,1013,0
2020-01-28,01:10,26.54,80.5,2.308,70.15,0,1013,0
2020-01-28,01:20,26.54,80.8,2.143,71.66,0,1013,0
2020-01-28,01:30,26.54,81.2,2.197,76.94,0.436,1013,0
2020-01-28,01:40,26.11,82.9,1.194,75.38,0.873,1013,0
2020-01-28,01:50,25.97,84.7,1.263,86.2,0.819,1013,0
2020-01-28,02:00,25.89,85.6,2.243,88.2,0.896,1013,0
2020-01-28,02:10,25.71,86.5,1.338,78.44,0.815,1013,0
2020-01-28,02:20,25.67,87.5,1.388,93.5,0.808,1012,0
2020-01-28,02:30,25.61,88,1.664,72.76,0.812,1012,0
2020-01-28,02:40,25.67,88.2,2.691,96.3,0.812,1012,0
2020-01-28,02:50,25.74,88.1,2.317,90.8,0.812,1012,0
2020-01-28,03:00,25.8,87.9,1.946,81.6,0.812,1012,0
2020-01-28,03:10,25.81,87.8,2.034,91.3,0.852,1012,0
2020-01-28,03:20,25.83,87.7,1.751,78.45,0.884,1012,0
2020-01-28,03:30,25.91,87.5,2.314,90.8,0.831,1012,0
2020-01-28,03:40,25.62,87.2,3.467,81.3,0.841,1012,0
2020-01-28,03:50,25.22,87.5,2.374,65.98,0.812,1012,0
2020-01-28,04:00,25.17,87.4,2.123,71.48,0.812,1012,0
2020-01-28,04:10,25.32,87.4,1.019,73.92,0.812,1012,0
2020-01-28,04:20,25.39,87.5,1.666,51.04,0.812,1012,0
2020-01-28,04:30,25.42,87.7,1.892,54.49,0.812,1012,0
2020-01-28,04:40,25.5,88,1.55,56.66,0.812,1012,0
2020-01-28,04:50,25.44,88,1.81,66.21,0.812,1012,0
2020-01-28,05:00,25.6,87.8,1.869,77.58,0.812,1012,0
2020-01-28,05:10,25.71,87.4,2.933,86.2,0.812,1012,0
2020-01-28,05:20,25.84,86.4,2.974,77.53,0.812,1012,0
2020-01-28,05:30,25.96,86.2,1.796,66.59,0.815,1012,0
2020-01-28,05:40,26.07,86.1,2.026,71.5,0.821,1012,0
2020-01-28,05:50,26.19,85.8,0.9947,81.6,0.827,1012,0
2020-01-28,06:00,26.24,85.7,1.129,347.4,0.864,1012,0
2020-01-28,06:10,26.27,85.6,0.9477,338.4,0.844,1012,0
2020-01-28,06:20,26.35,85.6,1.429,25.79,0.814,1012,0
2020-01-28,06:30,26.42,85.4,1.891,6.211,0.894,1012,0
2020-01-28,06:40,26.39,85.3,0.9924,96.2,1.81,1012,0
2020-01-28,06:50,26.38,84.8,1.65,96.7,3.439,1013,0
2020-01-28,07:00,26.49,84.3,1.878,111.6,10.57,1013,0
2020-01-28,07:10,26.59,84.1,2.653,107.9,24.73,1013,0
2020-01-28,07:20,26.63,83.8,4.412,103.6,25.49,1013,0
2020-01-28,07:30,26.72,83.8,5.293,99.9,38.62,1013,0
2020-01-28,07:40,26.78,84.1,5.105,98.6,111.9,1013,0
2020-01-28,07:50,26.83,83.2,4.591,93.6,93.2,1013,0
2020-01-28,08:00,26.78,82.9,3.867,91.4,60.05,1013,0
2020-01-28,08:10,26.72,83.4,3.947,86.4,39.34,1013,0
2020-01-28,08:20,26.72,83.8,3.688,85.6,62.52,1013,0
2020-01-28,08:30,27.06,83.9,3.249,78.39,254.4,1014,0
2020-01-28,08:40,27.33,84.2,4.846,87,353.8,1013,0
2020-01-28,08:50,27.28,84,4.479,87.6,354.2,1014,0
2020-01-28,09:00,27.44,82.9,4.332,76.92,405.6,1014,0
2020-01-28,09:10,27.56,81.8,4.153,86,434,1014,0
2020-01-28,09:20,27.72,80.5,4.238,80.9,481.4,1014,0
2020-01-28,09:30,27.83,78.75,4.408,90.6,507.4,1014,0
2020-01-28,09:40,28.11,77.37,5.159,94.3,488.1,1014,0
2020-01-28,09:50,28.17,78.21,4.783,86.1,454.2,1014,0
2020-01-28,10:00,28.17,78.67,5.119,89.1,450.8,1013,0
2020-01-28,10:10,28.33,78.4,5.615,91.8,641.8,1014,0
2020-01-28,10:20,28.28,78.13,5.566,89.1,661.5,1014,0
2020-01-28,10:30,28.44,77.16,5.418,93.2,664.7,1013,0
2020-01-28,10:40,28.5,75.17,5.946,96.7,692.5,1013,0
2020-01-28,10:50,28.72,74.86,4.926,82.8,696.4,1013,0
2020-01-28,11:00,28.5,74.59,4.484,86.8,707.6,1013,0
2020-01-28,11:10,28.83,73.94,3.468,70.18,712.9,1013,0
2020-01-28,11:20,29.11,72.85,3.016,64.32,741.7,1013,0
2020-01-28,11:30,29.28,72.42,3.27,81.1,750.3,1013,0
2020-01-28,11:40,29.33,72.85,3.974,80.9,780.5,1013,0
2020-01-28,11:50,29.06,73.01,4.126,78.38,740.6,1013,0
2020-01-28,12:00,29.22,72.31,4.394,92.5,782,1013,0
2020-01-28,12:10,29.33,72.93,4.153,84.4,786.8,1013,0
2020-01-28,12:20,29.11,72.89,4.046,81.1,802,1012,0
2020-01-28,12:30,29.17,73.82,4.175,73.21,757.1,1012,0
2020-01-28,12:40,28.83,74.63,4.135,68.44,620.1,1012,0
2020-01-28,12:50,28.94,74.02,4.564,94,778.4,1012,0
2020-01-28,13:00,28.89,73.68,4.453,86.5,841,1012,0
2020-01-28,13:10,29.11,73.85,4.171,73.74,784.9,1012,0
2020-01-28,13:20,28.72,73.97,4.014,71.73,551.3,1012,0
2020-01-28,13:30,28.94,73.88,4.01,86.9,844,1012,0
2020-01-28,13:40,28.89,74.13,4.117,79.89,686.5,1011,0
2020-01-28,13:50,28.83,74.49,4.117,83.3,697.6,1011,0
2020-01-28,14:00,29.06,74.77,3.634,94.8,699.7,1011,0
2020-01-28,14:10,29.06,74.71,4.001,84.4,702.9,1011,0
2020-01-28,14:20,28.89,74.73,4.032,94.4,739.4,1011,0
2020-01-28,14:30,28.94,72.19,4.372,96.3,724.4,1011,0
2020-01-28,14:40,28.89,72.95,3.907,79.08,305.7,1011,0
2020-01-28,14:50,28.61,74.61,3.63,80.3,389.5,1011,0
2020-01-28,15:00,28.83,73.49,3.889,84.8,541.9,1011,0
2020-01-28,15:10,28.78,73.94,3.229,74.47,364.3,1011,0
2020-01-28,15:20,28.89,73.37,3.929,74.68,439.9,1011,0
2020-01-28,15:30,28.44,74.61,3.518,63.85,119.5,1011,0
2020-01-28,15:40,28.28,75.44,3.688,60.58,221.1,1011,0
2020-01-28,15:50,28.44,74.3,4.43,55.46,416.9,1011,0
2020-01-28,16:00,28.61,74.48,3.576,64.57,439.7,1011,0
2020-01-28,16:10,28.56,74.29,3.733,62.16,343,1011,0
2020-01-28,16:20,28.39,74.26,4.104,66.44,344,1011,0
2020-01-28,16:30,28.33,74.84,3.997,67.2,324.8,1011,0
2020-01-28,16:40,28.5,74.67,3.625,67.66,317.7,1011,0
2020-01-28,16:50,28.5,75.07,3.394,70.1,262.1,1011,0
2020-01-28,17:00,28.5,75.37,2.964,66.94,223,1011,0
2020-01-28,17:10,28.33,75.74,3.384,63.16,184.5,1011,0
2020-01-28,17:20,28.22,76.12,3.228,62.14,148,1011,0
2020-01-28,17:30,28.17,76.58,3.248,62.49,108.8,1011,0
2020-01-28,17:40,28,77.15,3.034,74.32,83.3,1011,0
2020-01-28,17:50,27.83,77.56,3.114,57.02,43.92,1011,0
2020-01-28,18:00,27.56,78.62,3.3,62.77,21.82,1011,0
2020-01-28,18:10,27.39,79.42,2.89,57.19,12.66,1011,0
2020-01-28,18:20,27.28,80.1,3.138,66.02,3.94,1011,0
2020-01-28,18:30,27.22,80.7,3.003,63.49,0.823,1011,0
2020-01-28,18:40,27.22,81.4,2.612,65.47,0.032,1011,0
2020-01-28,18:50,27.28,82,2.92,65.84,0,1011,0
2020-01-28,19:00,27.22,82.7,3.292,63.23,0.001,1012,0
2020-01-28,19:10,27.33,83.2,3.055,68.21,0.001,1012,0
2020-01-28,19:20,27.22,83.5,2.911,61.19,0.016,1012,0
2020-01-28,19:30,27.17,83.4,3.548,73.78,0.056,1012,0
2020-01-28,19:40,27.11,82.9,4.041,87.3,0.028,1012,0
2020-01-28,19:50,27.17,82.5,4.099,86.4,0.001,1012,0
2020-01-28,20:00,27.17,82.6,4.859,95.1,0,1012,0
2020-01-28,20:10,27.22,82.4,4.913,95.6,0,1012,0
2020-01-28,20:20,27.17,82.6,4.837,93.2,0,1012,0
2020-01-28,20:30,27.17,82.6,5.096,88.2,0.011,1012,0
2020-01-28,20:40,27.11,82.9,5.016,92.7,0.009,1012,0
2020-01-28,20:50,27.06,82.6,4.949,86.6,0,1013,0
2020-01-28,21:00,27.06,82.3,4.797,92.4,0,1013,0
2020-01-28,21:10,27,82,4.233,86.2,0,1013,0
2020-01-28,21:20,27.06,81.9,3.956,83.4,0,1013,0
2020-01-28,21:30,27.06,82.3,3.688,84.7,0.016,1013,0
2020-01-28,21:40,27.06,82.7,3.608,87.8,0.004,1013,0
2020-01-28,21:50,26.94,82.5,3.138,89.7,0.001,1013,0
2020-01-28,22:00,27,82.3,2.529,88.2,0.012,1013,0
2020-01-28,22:10,27.06,82.5,2.059,88.1,0.115,1013,0
2020-01-28,22:20,27,82.9,2.151,70.35,0.177,1013,0
2020-01-28,22:30,26.83,82.8,2.095,74.86,0.091,1013,0
2020-01-28,22:40,26.83,82.6,1.982,69.47,0.038,1013,0
2020-01-28,22:50,26.94,82.3,2.786,68.08,0.015,1013,0
2020-01-28,23:00,26.94,82.5,2.643,62.72,0.1,1013,0
2020-01-28,23:10,26.94,82.9,2.043,52.5,0.209,1013,0
2020-01-28,23:20,26.94,83.4,1.734,61.44,0.359,1013,0
2020-01-28,23:30,26.89,84,2.361,56.93,0.404,1013,0
2020-01-28,23:40,26.89,84.5,2.206,52.85,0.404,1013,0
2020-01-28,23:50,26.83,84.8,1.67,57.58,0.406,1013,0
2020-01-29,00:00,26.78,85,1.912,51.98,0.406,1013,0
2020-01-29,00:10,26.67,85.1,2.058,50.2,0.406,1013,0
2020-01-29,00:20,26.67,84.9,2.439,57.74,0.401,1013,0
2020-01-29,00:30,26.72,84.7,2.27,55.27,0.366,1013,0
2020-01-29,00:40,26.72,84.7,2.349,57.09,0.333,1013,0
2020-01-29,00:50,26.67,84.8,2.501,55.8,0.359,1013,0
2020-01-29,01:00,26.66,84.9,2.667,56.84,0.376,1013,0
2020-01-29,01:10,26.72,85.2,2.857,64.72,0.399,1013,0
2020-01-29,01:20,26.67,85.3,2.953,76.31,0.394,1013,0
2020-01-29,01:30,26.66,85.3,3.024,70.29,0.382,1013,0
2020-01-29,01:40,26.61,85.3,2.999,66.27,0.395,1013,0
2020-01-29,01:50,26.58,85.4,2.807,63.44,0.406,1012,0
2020-01-29,02:00,26.52,85.5,2.905,66.12,0.402,1012,0
2020-01-29,02:10,26.51,85.5,2.894,70.21,0.405,1012,0
2020-01-29,02:20,26.48,85.5,2.987,70.74,0.401,1012,0
2020-01-29,02:30,26.42,85.4,2.776,73.03,0.401,1012,0
2020-01-29,02:40,26.45,85.4,2.938,70.6,0.397,1012,0
2020-01-29,02:50,26.43,85.6,2.525,65.27,0.406,1012,0
2020-01-29,03:00,26.29,85.5,3.041,64.49,0.393,1012,0
2020-01-29,03:10,26.32,85.3,2.835,69.43,0.357,1012,0
2020-01-29,03:20,26.37,85.3,2.707,65.69,0.385,1012,0
2020-01-29,03:30,26.29,85.5,2.567,61.71,0.404,1012,0
2020-01-29,03:40,26.32,85.8,2.702,63.36,0.406,1012,0
2020-01-29,03:50,26.31,85.6,3.217,69.3,0.382,1012,0
2020-01-29,04:00,26.29,85.4,2.888,66.35,0.389,1012,0
2020-01-29,04:10,26.32,85.3,3.053,66.19,0.397,1011,0
2020-01-29,04:20,26.35,85.5,3.157,69,0.406,1011,0
2020-01-29,04:30,26.41,85.5,3.148,78.24,0.402,1011,0
2020-01-29,04:40,26.46,85.4,3.369,84.5,0.394,1011,0
2020-01-29,04:50,26.48,85.4,3.412,86.9,0.391,1011,0
2020-01-29,05:00,26.47,85.3,3.074,79.85,0.362,1011,0
2020-01-29,05:10,26.47,85.3,3.007,77.15,0.393,1011,0
2020-01-29,05:20,26.43,85.2,3.281,68.78,0.374,1011,0
2020-01-29,05:30,26.52,85.2,3.376,74.2,0.385,1011,0
2020-01-29,05:40,26.46,85.1,3.094,73.1,0.37,1011,0
2020-01-29,05:50,26.44,85,3.101,83.3,0.324,1011,0
2020-01-29,06:00,26.49,84.8,3.296,78.86,0.317,1011,0
2020-01-29,06:10,26.42,84.7,2.895,76.83,0.284,1011,0
2020-01-29,06:20,26.42,84.6,2.967,73.85,0.294,1011,0
2020-01-29,06:30,26.46,84.5,3.04,77.18,0.379,1011,0
2020-01-29,06:40,26.47,84.5,2.924,74.69,1.269,1011,0
2020-01-29,06:50,26.52,84.6,3.309,74.14,5.484,1011,0
2020-01-29,07:00,26.54,84.5,3.531,75.29,9.5,1011,0
2020-01-29,07:10,26.62,84.3,3.782,76.97,16.97,1011,0
2020-01-29,07:20,26.62,84.1,3.267,73.53,22.77,1012,0
2020-01-29,07:30,26.64,83.9,3.214,79.52,28.28,1011,0
2020-01-29,07:40,26.67,83.8,3.191,84.4,31.26,1012,0
2020-01-29,07:50,26.67,83.6,3.652,76.74,38.48,1012,0
2020-01-29,08:00,26.78,83.5,3.369,85.2,49.26,1012,0
2020-01-29,08:10,26.83,83.2,3.688,91.6,80.7,1012,0
2020-01-29,08:20,26.94,82.6,4.301,95.8,134,1012,0
2020-01-29,08:30,27.22,81.9,3.32,86.9,157.1,1013,0
2020-01-29,08:40,27.22,81.5,3.159,85.4,166.2,1013,0
2020-01-29,08:50,27.39,81.3,3.425,87.3,235.4,1013,0
2020-01-29,09:00,27.83,79.86,4.157,89.7,389.1,1013,0
2020-01-29,09:10,27.67,79.9,3.769,97.2,256.9,1013,0
2020-01-29,09:20,27.94,78.75,4.935,93.8,370.7,1013,0
2020-01-29,09:30,27.89,77.93,4.627,96.6,280.7,1013,0
2020-01-29,09:40,27.78,78.79,3.898,93.9,253.4,1013,0
2020-01-29,09:50,27.94,78.82,3.572,91.3,302,1013,0
2020-01-29,10:00,28.06,78.88,3.849,89.9,352.3,1013,0
2020-01-29,10:10,28.11,78.27,4.283,81,481.9,1013,0
2020-01-29,10:20,28.5,77.08,4.238,91.2,667.9,1013,0
2020-01-29,10:30,28.78,75.49,4.372,88.8,735,1013,0
2020-01-29,10:40,28.83,74.85,4.318,70.54,694.5,1013,0
2020-01-29,10:50,28.67,74.59,4.184,78.04,552,1013,0
2020-01-29,11:00,28.61,74.32,4.403,82.6,534.8,1013,0
2020-01-29,11:10,28.72,74.12,3.876,83.1,654.8,1013,0
2020-01-29,11:20,28.5,73.05,4.269,87.9,433,1013,0
2020-01-29,11:30,28.72,73.49,3.719,92.8,644.3,1012,0
2020-01-29,11:40,28.83,73.18,4.081,73.54,519.6,1012,0
2020-01-29,11:50,28.5,72.95,4.095,93.7,485.9,1012,0
2020-01-29,12:00,28.78,72.83,4.314,82.6,747.6,1012,0
2020-01-29,12:10,28.72,73.11,4.247,85.7,553.1,1012,0
2020-01-29,12:20,28.61,72.53,4.533,81.6,571.5,1012,0
2020-01-29,12:30,28.61,72.39,4.466,65.25,512.9,1012,0
2020-01-29,12:40,28.56,71.49,3.983,87.5,454,1011,0
2020-01-29,12:50,28.72,70.01,3.979,96.9,541.8,1011,0
2020-01-29,13:00,29.06,69.68,4.363,91.5,923,1011,0
2020-01-29,13:10,29.33,69.27,3.827,81.6,910,1011,0
2020-01-29,13:20,29.33,70.21,4.193,86.4,698.1,1011,0
2020-01-29,13:30,29,71.14,3.84,77.46,535.9,1011,0
2020-01-29,13:40,28.78,72.42,3.871,82.4,495.2,1011,0
2020-01-29,13:50,28.61,72.79,3.898,90.3,442.3,1010,0
2020-01-29,14:00,28.72,73.18,4.073,88.5,539.4,1010,0
2020-01-29,14:10,28.83,72.77,3.661,76.08,612.6,1010,0
2020-01-29,14:20,28.72,71.56,3.97,73.33,488,1010,0
2020-01-29,14:30,28.56,71.91,4.037,70.61,368.7,1010,0
2020-01-29,14:40,28.56,73.67,3.47,80.2,327,1010,0
2020-01-29,14:50,28.5,74.1,3.358,74.19,317.7,1010,0
2020-01-29,15:00,28.39,74.7,3.849,75.15,340.6,1010,0
2020-01-29,15:10,28.5,74.73,3.769,75.98,603.9,1010,0
2020-01-29,15:20,28.72,74,3.903,71.51,575.5,1010,0
2020-01-29,15:30,28.56,73.1,4.573,70.55,533.1,1009,0
2020-01-29,15:40,28.67,73.38,4.613,77.28,503.3,1009,0
2020-01-29,15:50,28.56,73.64,5.065,90.9,471.4,1009,0
2020-01-29,16:00,28.56,74.09,5.512,96.1,440.5,1009,0
2020-01-29,16:10,28.39,74.06,5.463,101.1,407.2,1009,0
2020-01-29,16:20,28.39,73.56,4.998,100.7,372.6,1009,0
2020-01-29,16:30,28.39,73.18,5.543,97.1,336.8,1009,0
2020-01-29,16:40,28.22,73.78,5.28,92.6,301.5,1009,0
2020-01-29,16:50,28.11,74.18,5.356,97.5,265.6,1009,0
2020-01-29,17:00,28.17,74.54,4.202,98.6,230.5,1009,0
2020-01-29,17:10,28,74.83,4.971,99,195.4,1009,0
2020-01-29,17:20,27.94,75.26,4.94,96.3,161.7,1009,0
2020-01-29,17:30,27.83,75.41,4.631,99.1,128.1,1009,0
2020-01-29,17:40,27.67,75.5,4.989,99.2,91.7,1009,0
2020-01-29,17:50,27.5,75.7,4.752,99.1,53.7,1009,0
2020-01-29,18:00,27.33,75.9,5.145,98.8,20.76,1009,0
2020-01-29,18:10,27.22,76.16,4.85,102.5,10.02,1009,0
2020-01-29,18:20,27.17,76.6,5.195,101.8,4.35,1009,0
2020-01-29,18:30,27,76.8,5.28,101.6,0.969,1009,0
2020-01-29,18:40,27,77.04,4.922,103.5,0.003,1009,0
2020-01-29,18:50,26.94,77.18,4.667,106.2,0,1010,0
2020-01-29,19:00,26.94,77.38,4.43,106.8,0,1010,0
2020-01-29,19:10,26.94,77.69,4.663,106.4,0,1010,0
2020-01-29,19:20,26.94,78.56,4.064,106.2,0,1010,0
2020-01-29,19:30,26.94,79.22,3.862,109.6,0,1010,0
2020-01-29,19:40,26.89,79.29,4.323,112,0,1010,0
2020-01-29,19:50,26.83,79.31,4.278,111.3,0,1010,0
2020-01-29,20:00,26.89,79.58,4.122,109.7,0,1010,0
2020-01-29,20:10,26.89,80.2,3.894,110.9,0,1010,0
2020-01-29,20:20,26.78,80.2,4.318,109.7,0,1010,0
2020-01-29,20:30,26.83,79.91,4.144,108.5,0,1010,0
2020-01-29,20:40,26.72,80.1,3.903,105.9,0,1010,0
2020-01-29,20:50,26.67,79.68,3.431,105.7,0,1011,0
2020-01-29,21:00,26.72,79.4,2.8,113.1,0,1011,0
2020-01-29,21:10,26.72,79.85,1.662,152.7,0.045,1011,0
2020-01-29,21:20,26.67,80.5,1.886,308.2,0.199,1011,0
2020-01-29,21:30,26.67,80.8,1.003,267.3,0.211,1011,0
2020-01-29,21:40,26.72,81.4,1.416,264.7,0.245,1011,0
2020-01-29,21:50,26.66,81.4,1.958,269.7,0.177,1011,0
2020-01-29,22:00,26.72,81,1.546,303.6,0.107,1011,0
2020-01-29,22:10,26.67,81.1,1.424,273.8,0.207,1011,0
2020-01-29,22:20,26.64,81.3,1.171,271.7,0.214,1012,0
2020-01-29,22:30,26.65,81.4,1.416,271.8,0.204,1012,0
2020-01-29,22:40,26.64,81.6,1.738,263.4,0.227,1012,0
2020-01-29,22:50,26.62,81.7,1.135,260.6,0.246,1012,0
2020-01-29,23:00,26.58,81.7,1.129,285.9,0.251,1012,0
2020-01-29,23:10,26.64,81.6,1.65,233.7,0.214,1012,0
2020-01-29,23:20,26.64,81.5,1.252,252.8,0.229,1012,0
2020-01-29,23:30,26.64,81.5,2.044,129.2,0.223,1012,0
2020-01-29,23:40,26.58,81.7,2.284,118,0.218,1012,0
2020-01-29,23:50,26.59,82.2,2.774,112.2,0.256,1012,0
2020-01-30,00:00,26.64,82.6,2.836,109.5,0.38,1011,0
2020-01-30,00:10,26.63,83,2.909,112.7,0.337,1011,0
2020-01-30,00:20,26.59,83.3,2.679,120.1,0.387,1011,0
2020-01-30,00:30,26.53,83.9,2.674,119,0.406,1011,0
2020-01-30,00:40,26.36,84.2,3.187,113.3,0.406,1011,0
2020-01-30,00:50,26.28,83.3,3.265,108.8,0.241,1011,0
2020-01-30,01:00,26.32,82.2,2.583,118.3,0.116,1011,0
2020-01-30,01:10,26.43,81.3,2.748,118.7,0.018,1011,0
2020-01-30,01:20,26.49,80.5,2.692,110.8,0.019,1011,0
2020-01-30,01:30,26.53,80.5,2.401,113.5,0.068,1011,0
2020-01-30,01:40,26.54,80.8,3.209,110.6,0.138,1010,0
2020-01-30,01:50,26.48,81.4,3.454,105.7,0.2,1010,0
2020-01-30,02:00,26.43,82.3,2.664,108.8,0.206,1010,0
2020-01-30,02:10,26.4,83,2.062,115.4,0.331,1010,0
2020-01-30,02:20,26.29,83.6,0.8865,184.1,0.406,1010,0
2020-01-30,02:30,26.37,84.1,1.053,177.8,0.406,1010,0
2020-01-30,02:40,26.44,84.2,1.185,239.2,0.406,1010,0
2020-01-30,02:50,26.43,84.3,1.142,199.4,0.395,1009,0
2020-01-30,03:00,26.46,84.2,1.015,141.2,0.394,1009,0
2020-01-30,03:10,26.37,84,1.195,98.8,0.378,1009,0
2020-01-30,03:20,26.3,84.2,0.785,352.2,0.406,1009,0
2020-01-30,03:30,26.4,84.6,0.7729,304.5,0.406,1009,0
2020-01-30,03:40,26.46,85.1,0.8994,285,0.406,1009,0
2020-01-30,03:50,26.45,85.6,1.121,305.9,0.406,1009,0
2020-01-30,04:00,26.38,85.7,1.248,264.4,0.406,1009,0
2020-01-30,04:10,26.42,85.3,0.9607,216.7,0.406,1009,0
2020-01-30,04:20,26.42,85,1.452,322.7,0.406,1009,0
2020-01-30,04:30,26.42,84.8,0.7962,305,0.406,1009,0
2020-01-30,04:40,26.27,84.6,0.7416,342.8,0.406,1009,0
2020-01-30,04:50,26.31,84.9,0.8494,292.1,0.376,1009,0
2020-01-30,05:00,26.41,84.7,0.7591,42.56,0.386,1009,0
2020-01-30,05:10,26.43,84.7,0.646,25.04,0.391,1009,0
2020-01-30,05:20,26.34,84.7,0.5981,113.6,0.363,1009,0
2020-01-30,05:30,26.31,84.9,0.7998,69.56,0.401,1009,0
2020-01-30,05:40,26.05,85.2,0.6107,104.9,0.406,1009,0
2020-01-30,05:50,26.04,85.9,0.4157,68.59,0.406,1010,0
2020-01-30,06:00,25.98,86.3,0.6692,113.9,0.406,1010,0
2020-01-30,06:10,25.86,86.4,0.4238,339.1,0.406,1010,0
2020-01-30,06:20,25.91,87,0.5382,36.02,0.406,1010,0
2020-01-30,06:30,26.15,87.2,0.7542,63.99,0.406,1010,0
2020-01-30,06:40,26.14,87.3,0.8194,78.58,1.189,1010,0
2020-01-30,06:50,26.11,87.4,0.452,85,3.833,1010,0
2020-01-30,07:00,26.12,87.6,1.135,104,9.88,1010,0
2020-01-30,07:10,26.22,87.7,1.764,99.1,16.38,1010,0
2020-01-30,07:20,26.21,87.4,2.452,102,22.39,1010,0
2020-01-30,07:30,26.38,87.1,2.587,103.7,34.28,1010,0
2020-01-30,07:40,26.42,86.9,1.833,97.1,52.97,1011,0
2020-01-30,07:50,26.51,86.3,2.725,97.4,60.6,1011,0
2020-01-30,08:00,26.67,85.6,2.329,97.2,120.8,1011,0
2020-01-30,08:10,27.06,84.6,1.685,108.7,192.6,1011,0
2020-01-30,08:20,27.61,82.7,2.313,95.7,295.3,1011,0
2020-01-30,08:30,27.39,80.6,2.697,92.6,150.8,1011,0
2020-01-30,08:40,27.33,80.5,2.511,98.1,182.8,1011,0
2020-01-30,08:50,27.44,79.91,2.872,98.1,250.6,1011,0
2020-01-30,09:00,27.67,78.55,2.849,93.6,316.7,1012,0
2020-01-30,09:10,27.78,77.81,2.515,101.1,240.4,1011,0
2020-01-30,09:20,27.94,77.02,3.164,90.7,426.7,1012,0
2020-01-30,09:30,28.39,75.35,2.881,89.2,505.4,1012,0
2020-01-30,09:40,28,75.78,2.661,96.6,241.6,1011,0
2020-01-30,09:50,28.33,75.63,3.089,97.6,631.7,1011,0
2020-01-30,10:00,28.72,73.49,2.706,112.3,578.3,1011,0
2020-01-30,10:10,28.67,73.44,2.749,107.7,622.4,1011,0
2020-01-30,10:20,28.83,72.64,3.302,102.6,561.1,1011,0
2020-01-30,10:30,28.61,73.14,3.67,96.7,643.6,1011,0
2020-01-30,10:40,28.89,72.79,3.248,92.3,570.7,1011,0
2020-01-30,10:50,28.83,73.05,3.482,97.1,610.8,1011,0
2020-01-30,11:00,28.83,73.31,3.112,105,621.6,1011,0
2020-01-30,11:10,29.17,72.5,3.29,98.4,772.5,1011,0
2020-01-30,11:20,29.06,72.17,3.423,102.7,698.7,1011,0
2020-01-30,11:30,28.94,71.92,2.988,118.2,323.6,1010,0
2020-01-30,11:40,28.67,73.46,2.918,95.1,526.4,1010,0
2020-01-30,11:50,28.94,73.09,2.98,95.4,531.7,1010,0
2020-01-30,12:00,28.94,72.72,3.375,81.3,614.2,1010,0
2020-01-30,12:10,29,72.75,2.892,100.5,655.1,1010,0
2020-01-30,12:20,29.22,72.3,3.209,92.6,605.9,1010,0
2020-01-30,12:30,28.94,73.36,2.655,109.4,556.3,1010,0
2020-01-30,12:40,29,72.2,3.585,96.5,658,1009,0
2020-01-30,12:50,28.89,72.87,2.772,100.9,421.7,1009,0
2020-01-30,13:00,29,73.49,3.271,93.4,749,1009,0
2020-01-30,13:10,28.94,72.3,2.876,104.7,593.3,1009,0
2020-01-30,13:20,29.17,71.24,3.22,91.1,562.6,1009,0
2020-01-30,13:30,29,70.96,3.049,100.6,464.3,1009,0
2020-01-30,13:40,28.94,71.42,2.81,101.5,659.6,1009,0
2020-01-30,13:50,29.17,70.55,3.156,109.2,587,1009,0
2020-01-30,14:00,29.11,71,2.921,109.7,491.7,1009,0
2020-01-30,14:10,29.06,70.2,3.492,100.5,662.1,1008,0
2020-01-30,14:20,29.17,69.82,2.804,98,423,1008,0
2020-01-30,14:30,29.11,71,3.497,92.5,607.8,1008,0
2020-01-30,14:40,29.11,71.55,2.24,104.9,380.2,1008,0
2020-01-30,14:50,29.33,69.2,3.195,106.6,659.6,1008,0
2020-01-30,15:00,29.78,67.14,2.357,115.6,659.4,1008,0
2020-01-30,15:10,30.22,64.62,2.141,120.2,659.3,1008,0
2020-01-30,15:20,29.44,69.74,3.929,88.8,551.4,1008,0
2020-01-30,15:30,28.89,71.89,3.216,86.1,454.8,1008,0
2020-01-30,15:40,28.94,71.61,3.552,88.9,416.4,1008,0
2020-01-30,15:50,29.28,71.98,3.155,87.8,559.8,1008,0
2020-01-30,16:00,28.94,73.14,3.264,88.7,434.4,1008,0
2020-01-30,16:10,28.89,73.86,3.153,87.2,413.7,1009,0
2020-01-30,16:20,28.44,75.01,3.576,92.3,179.9,1008,0
2020-01-30,16:30,28.39,75.61,2.323,99.8,258.9,1008,0
2020-01-30,16:40,28.61,75.48,3.052,93.1,334.8,1008,0
2020-01-30,16:50,28.72,75.14,3.001,91.5,299.3,1008,0
2020-01-30,17:00,28.56,74.21,2.903,104.2,247.8,1009,0
2020-01-30,17:10,28.5,74.07,2.845,96.6,216.4,1009,0
2020-01-30,17:20,28.39,74.28,2.853,91,182.6,1009,0
2020-01-30,17:30,28.28,74.49,2.614,100,129.7,1009,0
2020-01-30,17:40,28.17,74.75,2.218,101,99.1,1009,0
2020-01-30,17:50,28.11,74.83,1.902,101.9,64.87,1009,0
2020-01-30,18:00,27.94,75.21,1.965,103.7,28.98,1009,0
2020-01-30,18:10,27.78,75.74,1.556,90.9,13.4,1009,0
2020-01-30,18:20,27.61,76.19,1.363,90.5,4.791,1009,0
2020-01-30,18:30,27.56,76.58,1.07,81,1.557,1009,0
2020-01-30,18:40,27.39,77.16,1.227,96.6,0.149,1009,0
2020-01-30,18:50,27.39,77.45,1,85.5,0,1009,0
2020-01-30,19:00,27.28,78.11,0.7372,93.5,0.001,1010,0
2020-01-30,19:10,27.11,78.83,0.9254,87.7,0.031,1010,0
2020-01-30,19:20,27,79.71,0.8181,70.03,0.097,1010,0
2020-01-30,19:30,27,80.5,0.4663,125.4,0.198,1010,0
2020-01-30,19:40,27.06,81,0.5034,64.98,0.203,1010,0
2020-01-30,19:50,26.94,81.7,0.4908,42.65,0.213,1010,0
2020-01-30,20:00,27,82.4,0.9044,100.3,0.29,1010,0
2020-01-30,20:10,26.94,82.9,0.7859,96.2,0.406,1010,0
2020-01-30,20:20,26.83,83.2,0.6571,68.46,0.393,1010,0
2020-01-30,20:30,26.72,83.4,0.4806,26.14,0.406,1010,0
2020-01-30,20:40,26.72,83.6,1.077,99.4,0.395,1010,0
2020-01-30,20:50,26.66,83.7,0.6004,41.37,0.405,1010,0
2020-01-30,21:00,26.58,83.9,0.502,45.72,0.398,1010,0
2020-01-30,21:10,26.64,84.1,0.3514,271.8,0.349,1010,0
2020-01-30,21:20,26.67,84.1,0.4837,307.5,0.227,1011,0
2020-01-30,21:30,26.72,84.2,0.8091,78.91,0.21,1011,0
2020-01-30,21:40,26.64,84.1,1.239,95.5,0.203,1011,0
2020-01-30,21:50,26.49,83.9,0.9057,110.4,0.186,1011,0
2020-01-30,22:00,26.51,83.6,0.8355,96.8,0.204,1011,0
2020-01-30,22:10,26.48,83.6,0.4511,130.3,0.247,1011,0
2020-01-30,22:20,26.49,83.6,0.5293,91.2,0.26,1011,0
2020-01-30,22:30,26.48,84,0.7586,110.5,0.326,1011,0
2020-01-30,22:40,26.38,84.3,1.048,90.6,0.288,1011,0
2020-01-30,22:50,26.21,84.7,0.8825,73.36,0.252,1011,0
2020-01-30,23:00,26.12,84.9,0.6719,69.53,0.28,1011,0
2020-01-30,23:10,26.18,85.2,1.049,98.4,0.406,1011,0
2020-01-30,23:20,26.41,85.2,1.282,113.4,0.259,1011,0
2020-01-30,23:30,26.51,84.9,0.9585,107.2,0.204,1011,0
2020-01-30,23:40,26.42,84.8,0.8807,83.8,0.326,1011,0
2020-01-30,23:50,26.32,84.8,0.8404,5.284,0.378,1011,0
2020-01-31,00:00,26.24,85.2,0.8342,348.2,0.406,1011,0
2020-01-31,00:10,26.31,85.1,0.4104,111.8,0.402,1011,0
2020-01-31,00:20,26.28,85.2,0.616,118.2,0.347,1011,0
2020-01-31,00:30,26.41,85.1,0.5995,123.3,0.337,1011,0
2020-01-31,00:40,26.37,85,0.646,97.3,0.406,1010,0
2020-01-31,00:50,26.31,85.1,0.5047,83.3,0.406,1010,0
2020-01-31,01:00,26.36,85.3,0.6402,145.7,0.406,1010,0
2020-01-31,01:10,26.48,85.1,0.7144,48.57,0.406,1010,0
2020-01-31,01:20,26.34,85.1,0.5682,351.4,0.406,1010,0
2020-01-31,01:30,26.31,85.6,0.6799,355.8,0.393,1010,0
2020-01-31,01:40,26.36,85.7,0.6285,41.12,0.389,1010,0
2020-01-31,01:50,26.32,85.8,0.7591,349.7,0.391,1010,0
2020-01-31,02:00,26.42,85.8,0.6464,82.2,0.367,1010,0
2020-01-31,02:10,26.66,85.4,0.5785,100.5,0.228,1010,0
2020-01-31,02:20,26.64,85.1,0.8342,130.4,0.364,1010,0
2020-01-31,02:30,26.61,85.3,0.6737,135.9,0.406,1010,0
2020-01-31,02:40,26.66,85.5,0.532,118.9,0.406,1010,0
2020-01-31,02:50,26.63,85.6,0.4613,125.5,0.389,1010,0
2020-01-31,03:00,26.61,86,0.6835,84.7,0.364,1009,0
2020-01-31,03:10,26.61,86.2,1.033,99.5,0.342,1009,0
2020-01-31,03:20,26.64,86.4,0.975,126,0.272,1009,0
2020-01-31,03:30,26.61,86.3,0.5543,299.4,0.357,1009,0
2020-01-31,03:40,26.63,86.4,0.5955,115.5,0.406,1009,0
2020-01-31,03:50,26.64,86.2,0.7314,95.2,0.399,1009,0
2020-01-31,04:00,26.57,86.2,0.4001,92.3,0.397,1009,0
2020-01-31,04:10,26.53,86.5,0.574,104.7,0.383,1009,0
2020-01-31,04:20,26.5,86.7,0.8114,106.8,0.353,1009,0
2020-01-31,04:30,26.35,86.9,0.5794,37.2,0.404,1009,0
2020-01-31,04:40,26.21,87,0.3474,337.5,0.385,1009,0
2020-01-31,04:50,26.11,87.4,0.4023,327.5,0.405,1009,0
2020-01-31,05:00,26.07,87.7,0.684,340,0.405,1009,0
2020-01-31,05:10,26.02,87.8,0.2405,47.7,0.406,1009,0
2020-01-31,05:20,26.08,87.9,0.3353,54.86,0.409,1009,0
2020-01-31,05:30,25.93,87.9,0.3022,343.3,0.406,1009,0
2020-01-31,05:40,25.89,88.3,0.3947,4.385,0.406,1009,0
2020-01-31,05:50,26.01,88.5,0.2736,54.88,0.406,1009,0
2020-01-31,06:00,26.12,88.5,0.4689,91.5,0.406,1009,0
2020-01-31,06:10,26.14,88.5,0.5432,284.9,0.406,1010,0
2020-01-31,06:20,26.32,88.4,0.5065,107.5,0.406,1010,0
2020-01-31,06:30,26.43,88.2,0.519,60.92,0.433,1010,0
2020-01-31,06:40,26.41,88.1,0.5329,250.8,1.338,1010,0
2020-01-31,06:50,26.57,87.8,0.7819,2.931,3.533,1010,0
2020-01-31,07:00,26.61,87.4,0.5771,65.79,8.76,1010,0
2020-01-31,07:10,26.61,87.1,0.6093,33.49,22.5,1010,0
2020-01-31,07:20,26.72,87,0.5382,88.1,41.07,1011,0
2020-01-31,07:30,26.83,86.7,1.111,122,54.66,1010,0
2020-01-31,07:40,27.06,86.1,0.7863,123.1,58.47,1011,0
2020-01-31,07:50,27.22,85.6,0.9973,96.3,81,1011,0
2020-01-31,08:00,27.44,85.3,1.008,107.5,131.6,1011,0
2020-01-31,08:10,27.67,84.5,1.225,124.3,142.3,1011,0
2020-01-31,08:20,27.78,83.9,1.649,116.2,126.1,1011,0
2020-01-31,08:30,27.61,83.4,1.899,136.3,145.3,1011,0
2020-01-31,08:40,27.89,83.3,1.858,132.9,433.4,1011,0
2020-01-31,08:50,28.5,82.2,1.614,120,534.6,1011,0
2020-01-31,09:00,28.89,79.8,2.369,125.4,552.4,1011,0
2020-01-31,09:10,28.72,78.31,2.36,129.8,377.4,1011,0
2020-01-31,09:20,28.67,77.23,1.916,133,276.3,1011,0
2020-01-31,09:30,28.83,76.05,2.452,138.6,338.1,1011,0
2020-01-31,09:40,29,75.36,2.422,154.7,358.7,1011,0
2020-01-31,09:50,29.11,75.65,2.444,152.3,335.6,1011,0
2020-01-31,10:00,29.33,75.79,2.429,142.4,678.7,1012,0
2020-01-31,10:10,29.5,74.34,3.049,134.9,606.5,1011,0
2020-01-31,10:20,29.33,73.77,3.381,131.4,497.7,1011,0
2020-01-31,10:30,29.33,74.4,2.756,140.4,548.1,1012,0
2020-01-31,10:40,29.5,74.35,2.618,148.2,543.3,1011,0
2020-01-31,10:50,29.67,73.49,2.629,136.7,416.8,1011,0
2020-01-31,11:00,29.39,74.41,2.664,130.2,417.1,1011,0
2020-01-31,11:10,29.5,74.68,1.975,135,443.4,1011,0
2020-01-31,11:20,29.39,74.43,2.31,130.4,443.3,1011,0
2020-01-31,11:30,29.5,74.14,2.123,154.4,418.1,1011,0
2020-01-31,11:40,29.39,74.21,2.722,146.9,422.6,1011,0
2020-01-31,11:50,29.44,73.83,2.334,139.6,461,1011,0
2020-01-31,12:00,29.5,73.32,2.527,137.2,412.8,1011,0
2020-01-31,12:10,29.72,72.74,2.547,145.5,597.4,1011,0
2020-01-31,12:20,30.06,71.56,2.312,157.6,561,1010,0
2020-01-31,12:30,29.94,70.46,2.854,146.9,505.9,1010,0
2020-01-31,12:40,29.78,71.07,2.847,145.6,564.6,1010,0
2020-01-31,12:50,29.83,71.19,3.06,133.6,639.5,1010,0
2020-01-31,13:00,30.11,69.85,2.886,137.8,773.1,1010,0
2020-01-31,13:10,30.06,70.54,2.597,146.1,468.1,1010,0
2020-01-31,13:20,30.06,71.02,2.759,132.5,697.1,1010,0
2020-01-31,13:30,30.06,70.92,3.163,136.3,759,1010,0
2020-01-31,13:40,30.17,70.88,2.872,137.1,589.1,1009,0
2020-01-31,13:50,29.89,71.58,3.189,143.7,465.6,1009,0
2020-01-31,14:00,30.28,71.66,2.68,144.2,849,1009,0
2020-01-31,14:10,30,71.76,2.828,140.4,716.4,1009,0
2020-01-31,14:20,30.39,71.13,2.217,146.2,731.9,1009,0
2020-01-31,14:30,30.67,69.72,2.066,138.6,705.5,1009,0
2020-01-31,14:40,30.17,70.71,2.308,134.2,575.3,1009,0
2020-01-31,14:50,30.44,68.93,2.372,158.5,723.3,1008,0
2020-01-31,15:00,30.33,68.74,1.997,157.8,388.9,1008,0
2020-01-31,15:10,30,70.45,1.814,162.7,257.8,1008,0
2020-01-31,15:20,29.83,71.03,1.962,163.8,244.9,1008,0
2020-01-31,15:30,29.83,71.21,1.542,168.9,209.8,1008,0
2020-01-31,15:40,29.94,71.55,2.22,140.4,359.7,1009,0
2020-01-31,15:50,29.72,72.31,1.921,151.3,190.6,1009,0
2020-01-31,16:00,29.78,72.75,2.398,149.1,282.7,1009,0
2020-01-31,16:10,29.28,74.14,1.93,131.2,152.1,1009,0
2020-01-31,16:20,29.22,73.35,1.725,177.9,96.5,1009,0
2020-01-31,16:30,29.22,73.44,1.506,177.7,103.9,1009,0
2020-01-31,16:40,29.33,73.46,1.646,149.5,87,1009,0
2020-01-31,16:50,29.28,74.53,0.9093,172.5,69.59,1009,0
2020-01-31,17:00,28.83,76.14,1.227,240.4,72.68,1009,0
2020-01-31,17:10,28.44,78.02,1.121,240.4,48.69,1009,0
2020-01-31,17:20,28.44,78.89,1.102,166.3,34.51,1009,0
2020-01-31,17:30,28.61,78.14,1.308,146.4,25.83,1009,0
2020-01-31,17:40,28.5,78.17,1.453,110,16.97,1009,0
2020-01-31,17:50,28.44,78.59,0.8981,143.5,10.26,1009,0
2020-01-31,18:00,28.39,78.97,1.058,139.2,6.883,1009,0
2020-01-31,18:10,28.22,79.26,1.08,117.5,4.563,1009,0
2020-01-31,18:20,28.22,79.51,1.211,137.8,2.61,1009,0
2020-01-31,18:30,28.22,80.1,1.703,141.7,0.848,1010,0
2020-01-31,18:40,28.06,80.6,1.397,137.8,0.194,1010,0
2020-01-31,18:50,28.06,80.9,0.9352,145.1,0.039,1010,0
2020-01-31,19:00,28,81.2,0.768,110,0.022,1010,0
2020-01-31,19:10,27.94,81.4,0.4913,20.27,0.02,1010,0
2020-01-31,19:20,27.94,82,0.6715,240.6,0.042,1010,0
2020-01-31,19:30,27.94,82.3,0.4998,175.2,0.056,1010,0
2020-01-31,19:40,27.83,82.3,0.523,18.94,0.012,1010,0
2020-01-31,19:50,27.83,82.4,0.6545,76.93,0.024,1010,0
2020-01-31,20:00,27.67,82.4,0.5257,20.65,0.022,1010,0
2020-01-31,20:10,27.78,82.5,0.5141,104.9,0.056,1010,0
2020-01-31,20:20,27.61,82.7,0.4533,22.73,0.073,1011,0
2020-01-31,20:30,27.56,83.2,0.4886,317,0.139,1011,0
2020-01-31,20:40,27.72,83.8,0.7264,281,0.157,1011,0
2020-01-31,20:50,27.72,84.3,0.5834,260.4,0.23,1011,0
2020-01-31,21:00,27.67,84.4,0.4913,100.8,0.237,1011,0
2020-01-31,21:10,27.67,85,0.8816,239.7,0.379,1011,0
2020-01-31,21:20,27.67,85.5,0.6987,270.8,0.395,1012,0
2020-01-31,21:30,27.72,85.9,0.5856,328.5,0.406,1012,0
2020-01-31,21:40,27.67,86.4,0.4421,278,0.401,1012,0
2020-01-31,21:50,27.61,86.6,0.5923,226.1,0.399,1012,0
2020-01-31,22:00,27.61,86.8,0.6504,231.9,0.394,1012,0
2020-01-31,22:10,27.56,87,0.6844,129.2,0.401,1012,0
2020-01-31,22:20,27.44,86.9,0.6518,100.9,0.401,1012,0
2020-01-31,22:30,27.22,86.7,0.5356,66.41,0.402,1012,0
2020-01-31,22:40,27.11,87,0.4739,49.11,0.405,1012,0
2020-01-31,22:50,27.11,87.4,0.3062,299.7,0.405,1012,0
2020-01-31,23:00,27.22,87.7,0.3174,244.1,0.406,1012,0
2020-01-31,23:10,27.17,87.8,0.3067,302.6,0.329,1012,0
2020-01-31,23:20,27.22,88,0.2852,21.58,0.263,1012,0
2020-01-31,23:30,27.22,88.2,0.3684,74.72,0.348,1012,0
2020-01-31,23:40,27.22,88.4,0.2727,7.015,0.366,1012,0
2020-01-31,23:50,27.22,88.6,0.4488,91.5,0.336,1011,0
2020-02-01,00:00,27.11,88.7,0.4645,105.8,0.355,1011,0
2020-02-01,00:10,26.94,88.8,0.5083,100.5,0.345,1011,0
2020-02-01,00:20,26.94,88.9,0.7103,107.9,0.371,1011,0
2020-02-01,00:30,26.89,89,0.5932,95.4,0.402,1011,0
2020-02-01,00:40,26.83,89.1,0.3,79.32,0.406,1011,0
2020-02-01,00:50,26.83,89.3,0.4162,81.2,0.406,1011,0
2020-02-01,01:00,26.83,89.4,0.3956,78.8,0.406,1011,0
2020-02-01,01:10,26.72,89.5,0.4774,329.9,0.406,1011,0
2020-02-01,01:20,26.67,89.7,0.1887,330.1,0.406,1011,0
2020-02-01,01:30,26.66,89.9,0.2302,97.3,0.406,1011,0
2020-02-01,01:40,26.57,89.9,0.5472,99.9,0.406,1011,0
2020-02-01,01:50,26.37,90,0.5378,98.9,0.406,1011,0
2020-02-01,02:00,26.28,90.1,0.3693,94.4,0.406,1011,0
2020-02-01,02:10,26.29,90.1,0.3715,112.9,0.41,1011,0
2020-02-01,02:20,26.41,90.1,0.435,99.1,0.409,1011,0
2020-02-01,02:30,26.43,90.1,0.4131,71.75,0.406,1011,0
2020-02-01,02:40,26.51,90.3,0.2414,343.8,0.408,1011,0
2020-02-01,02:50,26.67,90.4,0.2995,58.41,0.408,1010,0
2020-02-01,03:00,26.78,90.5,0.3849,73.06,0.406,1010,0
2020-02-01,03:10,26.72,90.6,0.397,82.2,0.406,1010,0
2020-02-01,03:20,26.78,90.7,0.3921,83.9,0.406,1010,0
2020-02-01,03:30,26.78,90.8,0.4663,75.99,0.406,1010,0
2020-02-01,03:40,26.72,91,0.5762,70.47,0.406,1010,0
2020-02-01,03:50,26.83,91.1,0.6366,94.4,0.406,1010,0
2020-02-01,04:00,26.72,91.1,0.3268,27.83,0.493,1010,0
2020-02-01,04:10,26.72,91.3,0.2767,96.5,0.409,1010,0
2020-02-01,04:20,26.72,91.4,0.5302,108.9,0.406,1010,0
2020-02-01,04:30,26.57,91.4,0.5816,9.44,0.406,1010,0
2020-02-01,04:40,26.39,91.5,1.35,338.9,0.406,1010,0
2020-02-01,04:50,26.3,91.5,1.782,327,0.554,1010,0
2020-02-01,05:00,26.18,91.6,1.211,340,0.437,1010,0
2020-02-01,05:10,26.37,91.8,1.787,322.9,0.406,1010,0
2020-02-01,05:20,26.44,91.8,2.254,324.6,0.406,1010,0
2020-02-01,05:30,26.28,91.9,2.754,323.8,0.406,1010,0
2020-02-01,05:40,26.24,92.1,3.075,316.7,0.412,1010,0
2020-02-01,05:50,26.04,92.3,2.636,327.5,0.294,1010,2
2020-02-01,06:00,25.86,92.8,2.721,335.5,0.226,1011,1
2020-02-01,06:10,25.73,93,2.528,338.2,0,1011,2
2020-02-01,06:20,25.4,93.3,2.577,343.8,0.079,1011,0
2020-02-01,06:30,25.11,93.7,2.686,346.2,0.088,1011,0
2020-02-01,06:40,25.1,93.9,2.281,341.1,0.742,1012,0
2020-02-01,06:50,25.18,94.1,2.151,342.3,2.095,1012,0
2020-02-01,07:00,25.06,94.2,1.975,345.5,3.846,1012,0
2020-02-01,07:10,25.2,94.3,1.421,349.2,8.71,1012,0
2020-02-01,07:20,25.18,94.3,1.08,22.55,25.52,1012,0
2020-02-01,07:30,25.36,94.4,1.055,61.52,52.46,1012,1
2020-02-01,07:40,25.29,94.4,0.836,96.8,34.19,1012,0
2020-02-01,07:50,25.41,94.5,0.7229,59.79,33.29,1012,0
2020-02-01,08:00,25.29,94.5,1.034,67.82,51.65,1013,0
2020-02-01,08:10,25.24,94.7,1.043,56.01,80,1013,1
2020-02-01,08:20,25.39,94.8,0.9522,344.6,94,1013,0
2020-02-01,08:30,25.28,94.7,1.338,350.3,122.1,1013,1
2020-02-01,08:40,24.98,94.6,1.895,344.7,137.7,1013,0
2020-02-01,08:50,25.24,94.8,1.811,339.4,137.2,1013,0
2020-02-01,09:00,25.61,94.8,1.352,344.3,181.3,1013,0
2020-02-01,09:10,25.7,94.6,1.165,352.7,145.2,1014,0
2020-02-01,09:20,25.51,94.6,1.628,350.5,67.39,1014,0
2020-02-01,09:30,25.55,94.6,1.321,353.6,46.52,1014,0
2020-02-01,09:40,25.43,94.5,0.9205,339.4,58.35,1014,0
2020-02-01,09:50,25.34,94.4,1.65,50.52,62.03,1014,0
2020-02-01,10:00,25.07,94.3,1.44,55.76,67.81,1014,1
2020-02-01,10:10,25.1,94.5,1.168,59.06,67.34,1014,2
2020-02-01,10:20,24.93,94.6,1.633,39.97,92.4,1014,2
2020-02-01,10:30,25.02,94.9,0.7296,6.7,117,1014,1
2020-02-01,10:40,25.03,95,0.9522,45.37,130.5,1014,1
2020-02-01,10:50,25.22,95.1,0.8659,47.76,163,1014,1
2020-02-01,11:00,25.13,95.1,1.263,50.59,184.6,1013,1
2020-02-01,11:10,25.26,95.3,0.9187,11.91,177.1,1014,1
2020-02-01,11:20,25.34,95.2,1.183,42.98,197.4,1013,1
2020-02-01,11:30,25.38,95.3,1.617,53.62,305.6,1013,0
2020-02-01,11:40,25.62,95.3,1.447,46.99,334.6,1013,0
2020-02-01,11:50,25.47,95.3,2.031,52.4,383.4,1013,0
2020-02-01,12:00,25.76,95.4,1.99,44.42,499.3,1013,0
2020-02-01,12:10,25.99,95.3,1.378,33.04,455.3,1013,0
2020-02-01,12:20,26.23,95,1.105,38.14,599.8,1012,0
2020-02-01,12:30,26.67,94.9,1.06,34.72,755.4,1012,0
2020-02-01,12:40,26.89,93.8,1.263,5.757,555,1012,0
2020-02-01,12:50,26.5,93.4,1.012,5.54,272,1012,0
2020-02-01,13:00,26.34,93.6,1.146,354.8,415.7,1012,0
2020-02-01,13:10,26.72,93.5,1.161,22.45,868,1012,0
2020-02-01,13:20,27.06,92.7,1.078,3.716,640.3,1011,0
2020-02-01,13:30,27.28,92.1,1.571,349.6,682.7,1011,0
2020-02-01,13:40,27.61,91.2,1.53,0.963,731.1,1011,0
2020-02-01,13:50,27.67,90.3,1.391,20.83,837,1011,0
2020-02-01,14:00,27.94,89.9,1.248,27.45,941,1011,0
2020-02-01,14:10,28.17,88.8,1.219,36.39,852,1011,0
2020-02-01,14:20,27.83,87.8,1.106,41.28,496.7,1011,0
2020-02-01,14:30,26.94,87.6,2.04,49.47,294.3,1011,0
2020-02-01,14:40,26.54,88.5,2.006,50.15,263.8,1011,0
2020-02-01,14:50,26.31,89,2.534,51.93,309.2,1011,0
2020-02-01,15:00,26.31,89.2,2.504,50.03,404.2,1010,0
2020-02-01,15:10,26.36,89.1,2.284,50.12,336.1,1010,0
2020-02-01,15:20,26.44,88.8,1.93,49.69,401.1,1010,0
2020-02-01,15:30,26.46,88.3,2.313,50.36,317.4,1010,0
2020-02-01,15:40,26.49,88.3,2.353,49.1,372.4,1010,0
2020-02-01,15:50,26.44,87.5,2.623,51.09,362.5,1010,0
2020-02-01,16:00,26.72,86.7,1.51,44.36,239.9,1010,0
2020-02-01,16:10,27,86.3,1.589,52.68,331.4,1010,0
2020-02-01,16:20,26.89,85,2.364,52.57,324.8,1010,0
2020-02-01,16:30,27.17,83.9,2.344,48.47,330.5,1010,0
2020-02-01,16:40,26.94,83.6,2.419,56.23,203.2,1010,0
2020-02-01,16:50,26.89,83.9,2.193,55.13,143.2,1011,0
2020-02-01,17:00,26.64,83.9,1.968,52.78,98.6,1010,0
2020-02-01,17:10,26.62,83.5,2.174,57.77,62.63,1010,0
2020-02-01,17:20,26.54,82.9,2.012,53.92,65.49,1011,0
2020-02-01,17:30,26.67,82.4,1.774,55.16,36.43,1011,0
2020-02-01,17:40,26.78,82,1.143,71.69,19.96,1011,0
2020-02-01,17:50,26.83,82.1,2,55.11,13.38,1011,0
2020-02-01,18:00,26.72,82.3,2.334,52.16,10.09,1011,0
2020-02-01,18:10,26.72,82.1,2.376,52.28,5.238,1011,0
2020-02-01,18:20,26.89,82.4,2.483,51.03,1.882,1011,0
2020-02-01,18:30,26.83,82.9,2.621,56.36,0.249,1011,0
2020-02-01,18:40,26.78,83.4,2.821,55.23,0,1012,0
2020-02-01,18:50,26.78,83.9,2.993,59.1,0,1012,0
2020-02-01,19:00,26.78,84,2.51,59.72,0,1012,0
2020-02-01,19:10,26.72,83.9,2.622,55.31,0,1012,0
2020-02-01,19:20,26.72,84.1,2.645,52.67,0,1012,0
2020-02-01,19:30,26.78,84.1,2.689,59.59,0,1012,0
2020-02-01,19:40,26.78,84,2.547,55.8,0,1012,0
2020-02-01,19:50,26.83,84,2.585,57.85,0,1012,0
2020-02-01,20:00,26.89,84.1,2.431,48.74,0,1012,0
2020-02-01,20:10,26.89,84.3,2.726,54.42,0,1013,0
2020-02-01,20:20,26.89,84.2,1.945,56.78,0,1013,0
2020-02-01,20:30,26.83,84,2.89,53.9,0,1013,0
2020-02-01,20:40,26.83,83.8,2.923,56.24,0,1013,0
2020-02-01,20:50,26.89,84.3,1.54,64.67,0,1013,0
2020-02-01,21:00,26.25,85.5,1.851,55.84,0.615,1013,1
2020-02-01,21:10,25.97,87.7,1.507,57.38,0.81,1013,0
2020-02-01,21:20,25.95,88.7,2.35,52.66,0.742,1013,0
2020-02-01,21:30,25.65,89.2,3.684,57.21,0.603,1013,0
2020-02-01,21:40,25.76,89.6,2.554,48.59,0.402,1013,0
2020-02-01,21:50,25.63,89.4,2.159,2.799,0.448,1013,0
2020-02-01,22:00,25.46,89.5,1.718,19.4,0.344,1014,0
2020-02-01,22:10,25.36,88.9,1.285,343,0.211,1014,0
2020-02-01,22:20,25.56,88.3,1.199,355,0.172,1014,0
2020-02-01,22:30,26.01,87.6,1.799,52.83,0.177,1014,0
2020-02-01,22:40,26.28,87.3,1.563,61.6,0.221,1014,0
2020-02-01,22:50,26.39,86.7,2.397,49.32,0.066,1014,0
2020-02-01,23:00,26.44,86,3.126,55.68,0,1014,0
2020-02-01,23:10,25.67,86,4.569,62.98,0,1014,0
2020-02-01,23:20,25.77,86.6,2.916,60.59,0.023,1014,0
2020-02-01,23:30,26.14,85.9,3.061,55.05,0,1014,0
2020-02-01,23:40,26.05,86,1.405,77.03,0,1014,0
2020-02-01,23:50,25.71,86.4,1.448,0.552,0,1013,0
2020-02-02,00:00,25.84,86.6,1.551,343.7,0,1014,0
2020-02-02,00:10,25.81,86.4,1.375,63.58,0,1013,0
2020-02-02,00:20,25.78,85.7,1.384,20.08,0,1014,0
2020-02-02,00:30,25.88,85.1,2.955,66.83,0.047,1013,0
2020-02-02,00:40,25.34,87.6,4.596,59.84,1.078,1013,0
2020-02-02,00:50,25.01,89.1,4.457,57.43,0.812,1013,0
2020-02-02,01:00,24.68,89.1,4.524,56.6,0.783,1013,0
2020-02-02,01:10,24.7,89,3.545,57.38,0.662,1013,0
2020-02-02,01:20,25.34,87.2,2.374,16.11,0.217,1013,0
2020-02-02,01:30,25.38,86,1.726,39.57,0,1013,0
2020-02-02,01:40,25.5,84.7,2.59,57.13,0,1013,0
2020-02-02,01:50,25.63,82.2,3.185,58.31,0,1012,0
2020-02-02,02:00,26.08,79.45,2.494,54.09,0,1012,0
2020-02-02,02:10,26.38,77.53,1.805,53.48,0,1012,0
2020-02-02,02:20,26.51,77.77,3.131,1.174,0,1012,0
2020-02-02,02:30,25.89,81.5,2.907,352.7,0,1012,0
2020-02-02,02:40,25.8,83,1.8,355.8,0,1012,0
2020-02-02,02:50,25.77,83.7,1.837,359.1,0,1012,0
2020-02-02,03:00,25.64,83.9,1.647,39.35,0,1012,0
2020-02-02,03:10,25.57,84.3,1.737,53.04,0,1012,0
2020-02-02,03:20,25.42,84.9,1.298,354.4,0,1012,0
2020-02-02,03:30,25.65,84.8,1.738,42.63,0,1012,0
2020-02-02,03:40,25.46,84.7,4.117,58.88,0,1012,0
2020-02-02,03:50,25.24,85.3,3.451,56.86,0.022,1012,0
2020-02-02,04:00,25.6,85.8,1.588,63.09,0.807,1012,0
2020-02-02,04:10,25.16,86.4,2.048,54.07,0.812,1012,0
2020-02-02,04:20,25.12,86.8,2.045,53.04,0.812,1012,0
2020-02-02,04:30,25.28,86.5,2.48,52.61,0.795,1012,0
2020-02-02,04:40,25.49,86.2,2.323,52.93,0.628,1012,0
2020-02-02,04:50,25.48,85.4,2.164,53.17,0,1011,0
2020-02-02,05:00,25.73,85.1,1.469,60.89,0.022,1011,0
2020-02-02,05:10,25.77,85.7,1.231,82.8,0.74,1011,0
2020-02-02,05:20,25.62,86.1,1.389,67.63,0.532,1011,0
2020-02-02,05:30,25.54,86.2,1.494,55.65,0.279,1011,0
2020-02-02,05:40,25.54,86.5,2.045,51.39,0.44,1012,0
2020-02-02,05:50,25.39,87.2,2.664,50.67,0.812,1012,0
2020-02-02,06:00,25.46,87,2.91,51.17,0.278,1012,0
2020-02-02,06:10,25.5,86.7,2.492,52.36,0,1012,0
2020-02-02,06:20,25.58,86.5,2.448,53.01,0,1012,0
2020-02-02,06:30,25.66,86,2.261,53.85,0,1012,0
2020-02-02,06:40,25.81,85.6,2.864,52.66,0.121,1012,0
2020-02-02,06:50,25.84,85.2,3.223,56.28,0.844,1012,0
2020-02-02,07:00,25.81,84.6,2.826,54.21,3.855,1013,0
2020-02-02,07:10,25.89,84.3,2.439,53.59,6.291,1013,0
2020-02-02,07:20,25.69,85.2,3.38,59.64,11.85,1013,0
2020-02-02,07:30,25.19,87,4.26,58.76,14.88,1013,0
2020-02-02,07:40,25.16,88.2,3.201,54.18,23.77,1013,0
2020-02-02,07:50,25.32,88.2,2.96,54.28,56.57,1013,0
2020-02-02,08:00,25.54,87.9,2.768,52.6,95.8,1014,0
2020-02-02,08:10,25.71,87.2,3.02,52.9,128.4,1014,0
2020-02-02,08:20,25.94,86.4,2.556,45.91,137.8,1014,0
2020-02-02,08:30,26.04,86,2.57,51.03,123.5,1014,0
2020-02-02,08:40,26.22,86,1.566,46.18,111.4,1014,0
2020-02-02,08:50,26,86.2,2.499,51.9,101.8,1014,0
2020-02-02,09:00,25.86,86.8,2.671,55.07,129.3,1014,0
2020-02-02,09:10,25.59,87.2,3.657,56.8,120.7,1015,0
2020-02-02,09:20,25.54,88.5,2.642,55.52,181.6,1015,0
2020-02-02,09:30,25.99,88.3,2.072,52.11,162.3,1015,0
2020-02-02,09:40,26.16,88.1,1.409,47.44,164.1,1015,0
2020-02-02,09:50,26.22,88.4,1.148,102.2,147.4,1015,0
2020-02-02,10:00,26.17,88.5,1.295,72.52,207.9,1015,0
2020-02-02,10:10,26.36,88.5,1.357,359.7,164.5,1015,0
2020-02-02,10:20,25.98,88.6,2.08,46.02,136.1,1015,0
2020-02-02,10:30,26.14,88.7,2.708,50.77,189.7,1015,0
2020-02-02,10:40,26.14,88.3,1.988,48.24,176.6,1015,0
2020-02-02,10:50,26.24,88.2,2.256,50.58,268.3,1014,0
2020-02-02,11:00,26.19,87.7,2.813,51.44,208.7,1014,0
2020-02-02,11:10,26.23,87.7,2.161,49.1,192.8,1014,0
2020-02-02,11:20,26.13,87.5,2.042,53.64,165.2,1014,0
2020-02-02,11:30,25.76,88.3,2.775,52.39,190.3,1014,1
2020-02-02,11:40,25.7,89.4,1.752,15.53,116.2,1014,0
2020-02-02,11:50,25.76,90,1.486,72.27,191,1014,0
2020-02-02,12:00,25.67,90.2,1.964,62.37,203.6,1014,0
2020-02-02,12:10,25.59,90.5,1.747,62.46,183.9,1014,0
2020-02-02,12:20,25.51,90.7,2.35,51.95,212.3,1014,0
2020-02-02,12:30,25.26,91,2.639,52.48,134.5,1013,0
2020-02-02,12:40,25.38,91.3,2.762,49.8,276,1013,0
2020-02-02,12:50,25.18,91.7,2.37,51.63,212,1013,0
2020-02-02,13:00,25.14,92,1.987,57.26,186.5,1013,0
2020-02-02,13:10,25.03,92.3,2.745,50.73,154,1013,0
2020-02-02,13:20,24.9,92.7,2.668,53.28,183.7,1013,0
2020-02-02,13:30,24.81,92.9,2.53,50.58,210,1013,0
2020-02-02,13:40,24.82,93.2,3.118,54.34,154.7,1013,1
2020-02-02,13:50,24.8,93.4,2.615,50.72,148.4,1012,0
2020-02-02,14:00,24.76,93.6,2.298,53.45,168.7,1012,0
2020-02-02,14:10,24.67,93.5,2.456,49.77,181.8,1012,0
2020-02-02,14:20,24.6,93.4,3.397,53.33,191.5,1012,0
2020-02-02,14:30,24.62,93.4,3.365,55.29,197.8,1012,0
2020-02-02,14:40,24.67,93.3,3.237,51.44,94.4,1012,0
2020-02-02,14:50,24.53,93.5,3.162,56.21,154.7,1012,0
2020-02-02,15:00,24.48,93.3,3.372,56.6,146.8,1012,0
2020-02-02,15:10,24.59,92.9,3.051,49.38,133.5,1012,0
2020-02-02,15:20,24.82,92.9,1.502,41.54,70.65,1012,0
2020-02-02,15:30,24.62,92.9,1.462,355.3,56.43,1012,0
2020-02-02,15:40,24.41,93.1,1.688,66.68,77.8,1012,0
2020-02-02,15:50,24.16,93.3,2.916,46.99,91.6,1012,0
2020-02-02,16:00,23.93,93.4,2.617,50.25,100.8,1012,1
2020-02-02,16:10,24.09,93.5,2.676,53.41,104.6,1012,0
2020-02-02,16:20,24.4,92.9,2.874,52.84,72.2,1012,0
2020-02-02,16:30,24.48,92,3.406,56.22,65.17,1012,0
2020-02-02,16:40,24.96,91.5,2.112,53.9,47.58,1012,0
2020-02-02,16:50,24.91,91.4,1.718,53.84,29.67,1012,0
2020-02-02,17:00,24.52,92,3.282,49.18,31.94,1012,0
2020-02-02,17:10,24.12,92.5,3.361,54.09,46.88,1012,0
2020-02-02,17:20,24.19,93,2.393,47.26,23.03,1012,1
2020-02-02,17:30,24.27,93.3,2.662,50.14,11.46,1012,0
2020-02-02,17:40,24.28,93.5,3.017,48.53,4.548,1012,0
2020-02-02,17:50,24.22,94,3.594,54.15,3.135,1012,1
2020-02-02,18:00,24.09,94.1,3.312,49.89,4.822,1012,0
2020-02-02,18:10,24.16,94.3,2.251,49.67,1.493,1012,0
2020-02-02,18:20,23.97,94.4,1.904,30.43,0.406,1012,0
2020-02-02,18:30,23.68,94.4,2.371,42.6,0.012,1012,0
2020-02-02,18:40,23.67,94.7,2.76,45.12,0,1012,0
2020-02-02,18:50,23.71,94.8,2.921,47.56,0,1013,0
2020-02-02,19:00,23.84,94.9,2.704,49.77,0.005,1013,0
2020-02-02,19:10,23.97,95,3.367,51.17,0.019,1013,0
2020-02-02,19:20,23.86,94.8,3.247,50.73,0.024,1013,1
2020-02-02,19:30,23.93,95,2.76,47.62,0,1013,0
2020-02-02,19:40,23.84,95,3.221,47.41,0,1013,0
2020-02-02,19:50,23.77,95,3.921,45.53,0,1013,0
2020-02-02,20:00,23.66,95.1,3.661,49.35,0,1013,0
2020-02-02,20:10,23.6,95,3.512,50.53,0.056,1013,1
2020-02-02,20:20,23.79,94.7,3.365,49.81,0.039,1013,0
2020-02-02,20:30,23.96,94.6,3.693,50.71,0.064,1013,0
2020-02-02,20:40,23.94,94.5,3.036,51.89,0.023,1014,0
2020-02-02,20:50,24.08,93.5,4.363,54.25,0.111,1014,0
2020-02-02,21:00,24.23,93,3.581,50.78,0.213,1014,0
2020-02-02,21:10,23.85,93.5,3.608,51.53,0,1014,0
2020-02-02,21:20,23.9,93.8,2.856,46.6,0,1014,0
2020-02-02,21:30,24.08,93.5,3.719,52.34,0.072,1014,0
2020-02-02,21:40,23.82,93.3,4.314,55.63,0.095,1014,0
2020-02-02,21:50,24.22,92.8,3.519,53.16,0.34,1014,0
2020-02-02,22:00,24.27,92.1,3.889,52.14,0.408,1014,0
2020-02-02,22:10,24.07,91.6,3.938,52.84,0.434,1014,0
2020-02-02,22:20,24.49,90.9,3.199,49.04,0.44,1014,1
2020-02-02,22:30,24.58,89.9,3.688,55.49,0.46,1014,0
2020-02-02,22:40,24.68,88.6,3.831,54.69,0.406,1014,0
2020-02-02,22:50,24.21,87.5,4.551,60.82,0.746,1014,0
2020-02-02,23:00,24.19,87.4,4.444,58.16,1.201,1014,0
2020-02-02,23:10,24.22,86.9,4.466,56.62,1.14,1014,0
2020-02-02,23:20,24.38,86.3,3.737,53.07,1.056,1014,0
2020-02-02,23:30,24.69,84.9,4.403,54.87,0.901,1014,0
2020-02-02,23:40,24.91,83.5,3.643,54.17,0.654,1014,0
2020-02-02,23:50,25.14,82.2,3.929,55.71,0,1014,0
2020-02-03,00:00,24.89,81.3,4.028,55.41,0.046,1014,0
2020-02-03,00:10,24.92,80.7,4.542,53.64,0,1014,0
2020-02-03,00:20,25.01,80.4,4.444,53.75,0,1014,0
2020-02-03,00:30,24.98,80.8,3.769,51.45,0,1014,0
2020-02-03,00:40,25.19,79.67,4.274,53.74,0,1014,0
2020-02-03,00:50,25.31,79.46,3.548,51.72,0.286,1014,0
2020-02-03,01:00,24.95,81,3.533,53.6,0.298,1014,0
2020-02-03,01:10,24.93,81.7,3.474,50.58,0.248,1014,0
2020-02-03,01:20,24.97,81.3,3.482,45.35,0.554,1014,0
2020-02-03,01:30,24.93,81.6,4.529,54.65,0.542,1014,0
2020-02-03,01:40,25.04,81.3,3.894,59.33,0,1013,0
2020-02-03,01:50,25.09,79.02,4.949,59.11,0,1013,0
2020-02-03,02:00,25.49,77.66,4.537,56.46,0,1013,0
2020-02-03,02:10,25.64,78.3,3.894,49.91,0,1013,0
2020-02-03,02:20,25.33,79.1,4.801,55.37,0,1013,0
2020-02-03,02:30,25.01,79.04,4.801,60.43,0,1013,0
2020-02-03,02:40,25.31,78.5,4.216,52.64,0,1013,0
2020-02-03,02:50,25.28,77.6,5.092,57.75,0,1013,0
2020-02-03,03:00,25.28,76.3,5.628,60.4,0,1013,0
2020-02-03,03:10,25.44,75.86,4.85,57.46,0,1013,0
2020-02-03,03:20,25.44,76.1,5.342,57.26,0,1013,0
2020-02-03,03:30,25.62,77.55,4.475,57.25,0,1013,0
2020-02-03,03:40,25.42,79.59,4.815,59.04,0,1013,0
2020-02-03,03:50,25.41,80.2,4.292,55.95,0,1012,0
2020-02-03,04:00,25.22,80.8,4.345,56.49,0.391,1012,0
2020-02-03,04:10,25.05,81.8,3.648,54.22,0.008,1012,0
2020-02-03,04:20,25.29,81.3,3.853,56.18,0,1012,0
2020-02-03,04:30,25.24,81.1,5.356,58.48,0,1012,0
2020-02-03,04:40,25.28,82,3.992,55.66,0,1012,0
2020-02-03,04:50,25.02,82.4,5.145,57.1,0.684,1012,0
2020-02-03,05:00,24.73,84.2,4.546,57.41,0.031,1012,0
2020-02-03,05:10,24.8,84.4,4.739,55.08,0,1012,0
2020-02-03,05:20,25.12,84.4,3.867,53.02,0,1012,0
2020-02-03,05:30,25.03,84.4,4.613,55.65,0,1012,0
2020-02-03,05:40,24.99,83.4,4.743,57.11,0,1012,0
2020-02-03,05:50,24.92,82.9,4.868,63.98,0,1012,0
2020-02-03,06:00,24.8,82.9,4.85,63.31,0,1012,0
2020-02-03,06:10,24.94,82.2,3.818,63.78,0,1012,0
2020-02-03,06:20,24.95,81.8,4.453,62.37,0,1013,0
2020-02-03,06:30,25.14,81.6,3.742,60.06,0.011,1013,0
2020-02-03,06:40,25.31,81.8,4.39,56.57,0.382,1013,0
2020-02-03,06:50,24.51,84.2,4.757,63.21,1.866,1013,0
2020-02-03,07:00,23.87,87.1,4.314,59.69,4.283,1013,0
2020-02-03,07:10,23.75,88,3.84,66.06,10.29,1014,0
2020-02-03,07:20,24.15,88.2,3.925,62.96,11.9,1014,0
2020-02-03,07:30,24.53,88.3,4.958,60.1,14.09,1014,0
2020-02-03,07:40,23.94,89,4.435,66.75,16.76,1014,0
2020-02-03,07:50,23.82,90.1,4.327,67.58,15.48,1014,1
2020-02-03,08:00,23.79,90.6,4.73,59.94,44.31,1014,0
2020-02-03,08:10,23.85,90.8,4.551,65.35,41.77,1014,0
2020-02-03,08:20,23.69,91.3,4.466,61.84,75.68,1015,0
2020-02-03,08:30,23.88,90.9,4.497,63.69,76.43,1015,0
2020-02-03,08:40,24.01,90.6,4.622,67.9,91.3,1015,0
2020-02-03,08:50,24.17,90,5.101,65.58,126.6,1015,0
2020-02-03,09:00,24.47,89.7,4.309,60.8,120,1015,0
2020-02-03,09:10,24.53,89.5,4.77,57.01,92.1,1015,0
2020-02-03,09:20,24.21,90.2,5.025,59.17,124.7,1015,0
2020-02-03,09:30,24.14,91.1,5.373,58.89,142.4,1015,0
2020-02-03,09:40,24.45,91.6,4.908,56.93,299.6,1015,0
2020-02-03,09:50,24.64,91.1,5.181,57.29,244.1,1015,0
2020-02-03,10:00,24.9,90.2,5.588,57.95,320.3,1015,0
2020-02-03,10:10,25.17,89.1,5.302,54.94,375.3,1015,0
2020-02-03,10:20,25.04,89.1,5.373,56.62,287.7,1015,0
2020-02-03,10:30,25.28,89,5.119,55.27,573.4,1015,0
2020-02-03,10:40,25.61,87.1,5.606,58.91,620.1,1015,0
2020-02-03,10:50,25.75,85.5,5.458,52.28,453.8,1015,0
2020-02-03,11:00,25.91,84.6,5.557,57.59,430.2,1014,0
2020-02-03,11:10,25.59,84.9,5.378,56.59,409.4,1015,0
2020-02-03,11:20,26.07,84.5,5.467,56.66,619.6,1014,0
2020-02-03,11:30,26.57,82.3,4.944,57.21,631.2,1014,0
2020-02-03,11:40,26.29,82.5,5.338,57.62,502.1,1014,0
2020-02-03,11:50,26.51,82.2,4.998,55.66,635.4,1014,0
2020-02-03,12:00,26.37,81.7,5.239,61.84,487.1,1014,0
2020-02-03,12:10,26.58,81.6,5.749,60.86,769.9,1014,0
2020-02-03,12:20,27.22,79.61,5.199,58.39,708.2,1013,0
2020-02-03,12:30,26.78,78.83,5.342,60.53,513.2,1013,0
2020-02-03,12:40,26.58,79.34,5.208,60.46,264.6,1013,0
2020-02-03,12:50,26.54,79.82,5.011,58.97,316.6,1013,0
2020-02-03,13:00,26.59,80,4.453,56.21,239.2,1013,0
2020-02-03,13:10,26.46,80.6,4.555,56.31,225.7,1013,0
2020-02-03,13:20,26.56,81.1,4.394,56.65,354.4,1013,0
2020-02-03,13:30,27,80.7,4.421,56.41,480.9,1013,0
2020-02-03,13:40,26.89,79.98,4.466,51.69,448,1012,0
2020-02-03,13:50,26.94,78.76,4.435,51.66,412.4,1012,0
2020-02-03,14:00,26.94,77.89,4.895,54.42,378.4,1012,0
2020-02-03,14:10,26.94,77.35,4.47,54.6,408.7,1012,0
2020-02-03,14:20,26.94,77.26,4.417,50.57,342,1012,0
2020-02-03,14:30,26.51,79.08,4.394,54.96,221.9,1012,0
2020-02-03,14:40,26.89,79.66,4.292,58.11,503,1012,0
2020-02-03,14:50,26.94,78.56,3.836,54.76,218.6,1012,0
2020-02-03,15:00,26.14,82.3,3.997,58.85,340.8,1012,0
2020-02-03,15:10,26.61,81.9,4.43,61.22,356.6,1012,0
2020-02-03,15:20,26.31,81.9,4.296,58.05,251.8,1012,0
2020-02-03,15:30,26.19,83.3,4.225,55.53,256.4,1012,0
2020-02-03,15:40,26.45,83.1,4.301,54.47,333.9,1012,0
2020-02-03,15:50,26.34,83,4.269,55.36,260,1012,0
2020-02-03,16:00,26.72,81.7,4.627,57.06,411.3,1012,0
2020-02-03,16:10,26.52,81.3,4.555,56.67,275.7,1012,0
2020-02-03,16:20,26.78,81.1,4.251,56.9,313.9,1012,0
2020-02-03,16:30,26.66,81.6,4.537,60.47,197.1,1012,0
2020-02-03,16:40,26.11,82.2,4.77,66.7,128.4,1012,0
2020-02-03,16:50,26.28,82,4.323,59.99,147.3,1012,0
2020-02-03,17:00,26.41,81.4,4.332,59.02,100.9,1012,0
2020-02-03,17:10,26.37,81.7,4.685,62.52,83.7,1012,0
2020-02-03,17:20,26.39,81.7,4.26,57.96,71.07,1012,0
2020-02-03,17:30,26.46,81.6,4.703,56.69,76.07,1012,0
2020-02-03,17:40,26.23,82.5,4.739,58.94,43.47,1013,0
2020-02-03,17:50,26.02,83.8,4.453,60.05,28.52,1013,0
2020-02-03,18:00,26.01,84,4.716,59.55,20.82,1013,0
2020-02-03,18:10,26.07,84.7,3.8,59,14.76,1013,0
2020-02-03,18:20,25.9,84.4,4.086,60.84,6.042,1013,0
2020-02-03,18:30,25.92,83.7,4.515,61.11,1.113,1013,0
2020-02-03,18:40,25.94,83.3,4.394,64.55,0,1013,0
2020-02-03,18:50,25.94,83.2,4.184,66.66,0,1013,0
2020-02-03,19:00,26,83.2,4.01,62.58,0,1013,0
2020-02-03,19:10,26.08,83,4.381,61.81,0,1013,0
2020-02-03,19:20,26.08,82.7,4.305,68.92,0,1014,0
2020-02-03,19:30,26.07,82.4,4.323,69.85,0,1014,0
2020-02-03,19:40,26.08,82.5,3.871,65.23,0,1014,0
2020-02-03,19:50,26.16,82.3,4.265,65.82,0,1014,0
2020-02-03,20:00,26.26,82.4,3.943,64,0,1014,0
2020-02-03,20:10,26.16,83.5,3.997,59.19,0,1014,0
2020-02-03,20:20,26.11,84.4,4.189,61.49,0,1014,0
2020-02-03,20:30,26.11,84.1,3.418,67.05,0,1014,0
2020-02-03,20:40,26.23,83.8,3.679,62.26,0,1014,0
2020-02-03,20:50,25.93,83.6,4.73,69.3,1.397,1014,0
2020-02-03,21:00,25.42,85.6,4.144,69.18,2.357,1014,0
2020-02-03,21:10,25.69,85.7,4.242,65.92,1.374,1014,0
2020-02-03,21:20,25.72,86,4.055,72.03,0,1015,0
2020-02-03,21:30,25.83,86.2,4.037,65.67,0,1015,0
2020-02-03,21:40,26.04,85.7,4.238,66.47,0,1015,0
2020-02-03,21:50,26.01,85.1,4.493,69.17,0,1015,0
2020-02-03,22:00,26.06,84.7,4.207,67.03,0,1015,0
2020-02-03,22:10,26,84.5,3.737,70.05,0,1015,0
2020-02-03,22:20,25.99,84.2,3.59,68.38,0,1015,0
2020-02-03,22:30,26.15,84.2,4.207,63.63,0,1015,0
2020-02-03,22:40,26.13,84.5,4.18,67.06,0,1015,0
2020-02-03,22:50,26.07,85,3.362,61.1,0,1015,0
2020-02-03,23:00,26.07,85.4,2.92,64.37,0,1015,0
2020-02-03,23:10,26.07,85.5,3.501,63.34,0,1015,0
2020-02-03,23:20,26.14,85.2,3.294,62.67,0,1015,0
2020-02-03,23:30,26.09,85,4.005,64.11,0,1015,0
2020-02-03,23:40,26.07,85.1,3.131,60.5,0,1015,0
2020-02-03,23:50,26.12,85.4,2.874,61.19,0,1015,0
2020-02-04,00:00,26.2,85.7,3.162,55.86,0,1015,0
2020-02-04,00:10,26.23,85.5,3.322,53.81,0,1015,0
2020-02-04,00:20,26.31,85.3,3.132,55.29,0,1014,0
2020-02-04,00:30,26.31,85.3,3.351,56.6,0,1014,0
2020-02-04,00:40,26.29,85,3.254,59.72,0,1014,0
2020-02-04,00:50,26.34,84.9,3.326,62.07,0,1014,0
2020-02-04,01:00,26.34,84.8,3.381,62.8,0,1014,0
2020-02-04,01:10,26.38,84.8,2.791,57.49,0,1014,0
2020-02-04,01:20,26.41,84.8,3.329,59.61,0,1014,0
2020-02-04,01:30,26.42,84.9,3.167,58.25,0,1014,0
2020-02-04,01:40,26.42,84.9,2.824,63.44,0,1014,0
2020-02-04,01:50,26.38,84.9,3.153,63.37,0,1013,0
2020-02-04,02:00,26.32,84.5,3.284,55.74,0,1013,0
2020-02-04,02:10,26.42,84.6,3.086,62.25,0,1013,0
2020-02-04,02:20,26.41,84.7,3.343,61.44,0,1013,0
2020-02-04,02:30,26.41,84.9,3.144,55.54,0,1013,0
2020-02-04,02:40,26.43,85.1,3.296,56.86,0,1013,0
2020-02-04,02:50,26.42,85.3,2.597,61.42,0,1013,0
2020-02-04,03:00,26.21,85.2,3.238,59.07,0,1012,0
2020-02-04,03:10,26.22,85.2,2.84,60.98,0,1012,0
2020-02-04,03:20,26.27,85.4,3.086,58.49,0,1012,0
2020-02-04,03:30,26.27,85.4,2.868,63.11,0,1012,0
2020-02-04,03:40,26.18,85.3,3.339,63.39,0,1012,0
2020-02-04,03:50,26.22,85.2,3.109,64.23,0,1012,0
2020-02-04,04:00,26.26,85.1,3.414,59.7,0,1012,0
2020-02-04,04:10,26.29,85.1,2.96,63.97,0,1012,0
2020-02-04,04:20,26.31,85.1,2.783,68.29,0,1012,0
2020-02-04,04:30,26.27,85,3.532,68.35,0,1012,0
2020-02-04,04:40,26.35,85.2,3.271,59.27,0,1012,0
2020-02-04,04:50,26.41,85.4,3.027,60.39,0,1012,0
2020-02-04,05:00,26.39,85.5,3.862,63.64,0,1012,0
2020-02-04,05:10,26.37,85.5,3.59,63.82,0,1012,0
2020-02-04,05:20,26.31,85.4,3.463,66.63,0,1012,0
2020-02-04,05:30,26.33,85.4,3.417,60.63,0,1012,0
2020-02-04,05:40,26.37,85.4,3.216,66.45,0,1012,0
2020-02-04,05:50,26.41,85.6,3.21,65.12,0,1012,0
2020-02-04,06:00,26.42,85.6,2.98,62.86,0,1012,0
2020-02-04,06:10,26.47,85.7,3.315,61.51,0,1012,0
2020-02-04,06:20,26.46,85.8,2.773,62.45,0,1013,0
2020-02-04,06:30,26.44,85.9,2.994,60.18,0.009,1013,0
2020-02-04,06:40,26.47,86,3.047,61.79,0.833,1013,0
2020-02-04,06:50,26.47,86.1,3.092,67.55,3.29,1013,0
2020-02-04,07:00,26.48,85.9,3.399,61.31,8.59,1013,0
2020-02-04,07:10,26.54,85.8,3.544,63.31,18.48,1013,0
2020-02-04,07:20,26.56,85.9,3.448,61.01,24.12,1013,0
2020-02-04,07:30,26.72,85.9,3.003,68.42,49.05,1013,0
2020-02-04,07:40,26.72,85.7,3.894,69.6,43.74,1014,0
2020-02-04,07:50,26.83,85.3,4.435,65.22,59.79,1014,0
2020-02-04,08:00,26.89,84.6,4.725,61.1,103.3,1014,0
2020-02-04,08:10,27.06,84.1,4.238,65.39,99.8,1014,0
2020-02-04,08:20,27.22,83.8,4.274,67.42,173.8,1014,0
2020-02-04,08:30,27.5,83.1,4.511,67.28,295.7,1014,0
2020-02-04,08:40,27.61,82.2,4.18,71.16,201.9,1014,0
2020-02-04,08:50,27.67,82.2,4.667,71.02,379,1014,0
2020-02-04,09:00,27.94,81.2,4.949,67.47,369.2,1014,0
2020-02-04,09:10,28.06,80.9,5.096,63.96,499.4,1014,0
2020-02-04,09:20,28.22,80.2,4.98,59.25,424.6,1014,0
2020-02-04,09:30,28,80.6,4.864,66.97,428.9,1014,0
2020-02-04,09:40,28.33,79.99,5.257,67.31,537.7,1014,0
2020-02-04,09:50,28.67,79.34,4.734,69.92,621,1015,0
2020-02-04,10:00,28.61,78.23,5.418,69.91,635.4,1014,0
2020-02-04,10:10,28.61,78.17,5.749,62.85,712.8,1014,0
2020-02-04,10:20,28.83,77.97,5.552,69.4,826,1015,0
2020-02-04,10:30,28.83,78.25,4.815,70.68,654.5,1015,0
2020-02-04,10:40,28.89,78.59,4.993,67,708.3,1014,0
2020-02-04,10:50,28.78,77.96,5.038,64.66,629.5,1014,0
2020-02-04,11:00,28.94,78,4.765,73.12,742.6,1014,0
2020-02-04,11:10,28.72,78.73,4.797,73.98,568.2,1014,0
2020-02-04,11:20,28.33,80.3,5.047,73.87,607.5,1014,0
2020-02-04,11:30,28.72,80.5,4.309,74.63,772.4,1014,0
2020-02-04,11:40,28.72,79.55,5.271,75.75,723.3,1013,0
2020-02-04,11:50,28.61,80.1,4.506,72.61,721.4,1013,0
2020-02-04,12:00,28.78,79.01,5.132,68.35,800,1013,0
2020-02-04,12:10,28.5,79.29,5.427,71.18,738.6,1013,0
2020-02-04,12:20,28.28,82.2,4.707,72.13,769.1,1013,0
2020-02-04,12:30,28.5,81.6,4.703,74.05,778.5,1013,0
2020-02-04,12:40,28.67,80.3,5.248,67.17,780.4,1012,0
2020-02-04,12:50,28.56,79.71,5.23,65.91,632.7,1012,0
2020-02-04,13:00,28.67,79.86,4.716,59.51,708.7,1012,0
2020-02-04,13:10,28.78,79.2,5.49,71.83,883,1012,0
2020-02-04,13:20,29.11,78.63,4.211,70.49,724.4,1012,0
2020-02-04,13:30,28.78,78.88,5.414,71.08,753.2,1012,0
2020-02-04,13:40,28.78,78.18,4.935,68.71,788.3,1012,0
2020-02-04,13:50,28.56,78.09,5.481,71.63,482.9,1011,0
2020-02-04,14:00,28.67,78.53,5.065,81.7,745.8,1011,0
2020-02-04,14:10,28.72,78.02,5.226,79,804,1011,0
2020-02-04,14:20,28.78,78.2,4.511,70.02,672.5,1011,0
2020-02-04,14:30,28.61,78.55,4.131,68.02,294.7,1011,0
2020-02-04,14:40,28.33,80.3,4.426,70.4,499.3,1011,0
2020-02-04,14:50,28.67,80.2,4.157,70.08,542.6,1011,0
2020-02-04,15:00,28.61,79.63,4.368,75.6,539.9,1011,0
2020-02-04,15:10,28.72,79,4.578,76.71,570.5,1011,0
2020-02-04,15:20,28.33,79.52,4.953,75.07,372.3,1011,0
2020-02-04,15:30,28.33,80.3,4.497,74.11,313.5,1011,0
2020-02-04,15:40,28.17,81,4.506,67.13,398.5,1011,0
2020-02-04,15:50,28.17,80.1,5.436,73.28,429.2,1011,0
2020-02-04,16:00,28.39,80,4.287,74.55,386,1011,0
2020-02-04,16:10,28.11,80.4,5.145,66.29,349.3,1011,0
2020-02-04,16:20,28.06,80.6,4.855,71.68,302.1,1011,0
2020-02-04,16:30,28.11,80.3,4.153,73.64,280.8,1011,0
2020-02-04,16:40,28,80.4,4.663,68.82,267.3,1011,0
2020-02-04,16:50,27.94,80.9,4.068,76.22,189.5,1011,0
2020-02-04,17:00,27.83,81.1,4.578,60.31,188.4,1011,0
2020-02-04,17:10,27.72,81.3,4.412,69.32,154.6,1011,0
2020-02-04,17:20,27.78,81.7,3.912,78.59,153.5,1011,0
2020-02-04,17:30,27.56,81.9,4.511,66.76,101.2,1011,0
2020-02-04,17:40,27.44,82.7,4.068,69.68,56.55,1012,0
2020-02-04,17:50,27.28,83.3,4.238,72.81,36.41,1012,0
2020-02-04,18:00,27.17,83.7,3.827,70.74,26.07,1012,0
2020-02-04,18:10,27.17,84,3.576,71.76,19.35,1012,0
2020-02-04,18:20,27.11,84.3,3.921,72.29,5.666,1012,0
2020-02-04,18:30,27,84.9,3.599,70.78,0.582,1012,0
2020-02-04,18:40,26.94,85.2,3.407,64.65,0,1012,0
2020-02-04,18:50,27,85.6,3.12,64.15,0,1012,0
2020-02-04,19:00,26.89,85.6,3.746,66.83,0,1012,0
2020-02-04,19:10,26.89,85.7,3.349,69.43,0,1012,0
2020-02-04,19:20,26.94,85.7,3.515,67.94,0,1013,0
2020-02-04,19:30,26.94,85.7,3.271,72.18,0,1013,0
2020-02-04,19:40,26.94,85.7,3.386,68.91,0,1013,0
2020-02-04,19:50,26.89,85.8,2.912,69.08,0,1013,0
2020-02-04,20:00,26.89,85.8,3.01,65.66,0,1013,0
2020-02-04,20:10,26.83,85.8,3.118,64.36,0,1013,0
2020-02-04,20:20,26.78,86,3.068,66.78,0,1013,0
2020-02-04,20:30,26.83,86.1,3.208,61.58,0,1013,0
2020-02-04,20:40,26.72,86.4,3.621,67.62,0,1013,0
2020-02-04,20:50,26.62,86.8,3.364,68.12,0,1013,0
2020-02-04,21:00,26.67,87.2,3.228,75.3,0,1013,0
2020-02-04,21:10,26.61,87.4,2.945,94.1,0,1013,0
2020-02-04,21:20,26.52,87.8,3.013,88.9,0,1013,0
2020-02-04,21:30,26.51,88.2,2.867,89.4,0,1013,0
2020-02-04,21:40,26.64,88.5,3.431,79.73,0,1014,0
2020-02-04,21:50,26.72,88.6,3.268,69.33,0,1014,0
2020-02-04,22:00,26.72,88.5,3.481,71.22,0,1014,0
2020-02-04,22:10,26.72,88.3,3.652,71.9,0,1014,0
2020-02-04,22:20,26.78,88.1,3.536,69.48,0,1014,0
2020-02-04,22:30,26.72,88.1,3.196,66.91,0,1014,0
2020-02-04,22:40,26.78,88,3.545,76.93,0,1014,0
2020-02-04,22:50,26.78,87.9,2.934,73.9,0,1014,0
2020-02-04,23:00,26.78,87.8,3.34,77.54,0,1014,0
2020-02-04,23:10,26.72,87.7,3.648,74.16,0.372,1014,0
2020-02-04,23:20,26.62,88.1,2.898,78.1,0,1014,0
2020-02-04,23:30,26.64,88.3,3.471,78.46,0,1014,0
2020-02-04,23:40,26.78,88.1,3.679,70.45,0.374,1014,0
2020-02-04,23:50,26.58,88.5,3.876,72.98,2.7,1014,0
2020-02-05,00:00,26.26,89.2,4.64,82.8,1.346,1014,1
2020-02-05,00:10,25.84,90.4,4.493,94.3,0.476,1014,0
2020-02-05,00:20,25.84,90.8,3.921,92.4,0.785,1014,0
2020-02-05,00:30,26,90.9,3.742,91,0.919,1013,0
2020-02-05,00:40,26.15,91,4.023,94.5,1.037,1013,0
2020-02-05,00:50,26.17,90.4,4.09,93.8,1.025,1013,0
2020-02-05,01:00,26.17,89.8,3.661,99.9,0.161,1013,0
2020-02-05,01:10,26.27,89.5,4.211,97.1,0,1013,0
2020-02-05,01:20,26.08,89.4,4.627,97.8,0,1013,0
2020-02-05,01:30,25.95,89.1,4.01,92,0,1013,0
2020-02-05,01:40,25.93,88.7,4.046,95.2,0,1013,0
2020-02-05,01:50,26.04,88.3,3.63,103.4,0,1013,0
2020-02-05,02:00,26.21,87.8,3.693,95.1,0,1012,0
2020-02-05,02:10,26.35,87.5,3.164,96.4,0,1013,0
2020-02-05,02:20,26.45,87.6,3.28,94.8,0,1012,0
2020-02-05,02:30,26.52,87.7,3.15,74.7,0,1012,0
2020-02-05,02:40,26.54,87.8,3.603,82.8,0,1012,0
2020-02-05,02:50,26.52,87.8,3.418,89.6,0,1012,0
2020-02-05,03:00,26.5,87.9,3.396,90.8,0,1012,0
2020-02-05,03:10,26.57,88.1,3.033,85.7,0,1012,0
2020-02-05,03:20,26.58,88.4,2.324,94.9,0,1012,0
2020-02-05,03:30,26.42,88.2,3.095,90,0,1012,0
2020-02-05,03:40,26.36,87.6,3.795,88.3,0,1012,0
2020-02-05,03:50,26.42,87.1,3.143,92,0,1012,0
2020-02-05,04:00,26.49,86.9,3.13,92.6,0,1012,0
2020-02-05,04:10,26.56,86.8,2.885,85.8,0,1012,0
2020-02-05,04:20,26.61,86.9,3.05,83.2,0,1012,0
2020-02-05,04:30,26.59,86.7,3.307,84.6,0,1012,0
2020-02-05,04:40,26.58,86.5,3.149,87.6,0,1012,0
2020-02-05,04:50,26.64,86.3,3.516,77.57,0,1012,0
2020-02-05,05:00,26.66,86.1,4.005,81.2,0,1012,0
2020-02-05,05:10,26.72,86,3.388,79.98,0,1012,0
2020-02-05,05:20,26.59,85.6,3.283,85.4,0,1012,0
2020-02-05,05:30,26.6,85.5,2.845,91.9,0,1012,0
2020-02-05,05:40,26.54,85.4,2.886,97.1,0,1012,0
2020-02-05,05:50,26.61,85,3.366,88.1,0,1012,0
2020-02-05,06:00,26.67,84.6,2.967,95.6,0,1012,0
2020-02-05,06:10,26.63,84.9,2.955,91.4,0,1012,0
2020-02-05,06:20,26.72,85.1,2.865,81.4,0,1012,0
2020-02-05,06:30,26.64,85.7,3.088,80.6,0.003,1012,0
2020-02-05,06:40,26.55,86.3,2.68,94,0.928,1012,0
2020-02-05,06:50,26.65,86.3,2.986,87.8,4.292,1013,0
2020-02-05,07:00,26.58,85.8,3.164,93.8,10.8,1013,0
2020-02-05,07:10,26.63,85.4,2.824,94,23.5,1013,0
2020-02-05,07:20,26.64,85.2,2.739,96.4,26.71,1013,0
2020-02-05,07:30,26.72,84.8,2.981,96.7,32.04,1014,0
2020-02-05,07:40,26.83,84.2,2.772,101.8,49.57,1014,0
2020-02-05,07:50,26.94,83.7,2.534,96.8,77.12,1014,0
2020-02-05,08:00,27.06,83.1,3.047,100.9,92.3,1014,0
2020-02-05,08:10,27.17,82.8,3.161,95.1,130.1,1014,0
2020-02-05,08:20,27.22,82.7,3.236,102.5,107.4,1014,0
2020-02-05,08:30,27.17,82.9,3.639,98.9,110.9,1014,0
2020-02-05,08:40,27.17,83.5,3.938,86.6,135.1,1014,0
2020-02-05,08:50,27.17,84.2,3.3,87,117.6,1014,0
2020-02-05,09:00,27.44,84.1,4.064,81.4,324.5,1014,0
2020-02-05,09:10,27.83,82.1,4.005,98.3,387,1014,0
2020-02-05,09:20,27.94,80.8,4.073,93.5,250.5,1014,0
2020-02-05,09:30,27.78,81.2,4.381,87.9,212.1,1015,0
2020-02-05,09:40,28.06,80.7,4.041,91.9,446.1,1015,0
2020-02-05,09:50,28.22,79.49,3.992,99.3,367.8,1014,0
2020-02-05,10:00,28.06,79.76,3.693,87.3,242.1,1014,0
2020-02-05,10:10,28.06,79.83,4.081,85.8,465,1014,0
2020-02-05,10:20,28.39,77.96,5.056,95.5,537,1014,0
2020-02-05,10:30,28.39,77.32,4.618,105.6,460.6,1014,0
2020-02-05,10:40,28.33,77.59,4.435,105.6,432.8,1014,0
2020-02-05,10:50,28.44,77.82,4.104,105.8,551.1,1014,0
2020-02-05,11:00,28.56,77.45,3.795,102.5,489.6,1014,0
2020-02-05,11:10,28.83,77.13,3.791,84.2,698.5,1014,0
2020-02-05,11:20,28.89,75.93,3.795,96.9,802,1014,0
2020-02-05,11:30,29.22,75.23,3.988,94.6,781.7,1013,0
2020-02-05,11:40,29.17,74.81,3.822,94.5,808,1013,0
2020-02-05,11:50,29,74.35,4.122,95.7,687.4,1013,0
2020-02-05,12:00,29,74.66,4.189,92.3,793,1013,0
2020-02-05,12:10,29.33,74.27,3.947,87.5,836,1013,0
2020-02-05,12:20,29,74.41,4.426,91.1,724.2,1013,0
2020-02-05,12:30,29.06,74.89,4.041,82.1,839,1013,0
2020-02-05,12:40,28.94,74.1,4.529,77.87,760.8,1012,0
2020-02-05,12:50,29,73.51,4.596,88.7,807,1012,0
2020-02-05,13:00,29.22,73.66,3.885,85.6,793.9,1012,0
2020-02-05,13:10,28.78,74.15,4.864,80.9,648.7,1012,0
2020-02-05,13:20,29.17,73.82,3.809,92,777.3,1012,0
2020-02-05,13:30,29.17,73.62,4.377,92.3,807,1012,0
2020-02-05,13:40,29.28,73.38,4.363,82.5,841,1012,0
2020-02-05,13:50,29.11,73.56,4.149,97.1,780.5,1011,0
2020-02-05,14:00,29.17,73.29,4.327,87.3,769.6,1011,0
2020-02-05,14:10,29.22,72.95,4.453,88.5,724.2,1011,0
2020-02-05,14:20,29,72.84,4.81,96.7,735.8,1011,0
2020-02-05,14:30,28.94,73.4,4.846,93.2,682.5,1011,0
2020-02-05,14:40,28.83,73.67,4.394,96.9,644.2,1011,0
2020-02-05,14:50,29.06,73.65,3.992,104.8,605.4,1011,0
2020-02-05,15:00,28.78,73.75,4.341,102.9,496.9,1011,0
2020-02-05,15:10,28.94,74.32,3.301,92.3,475.5,1011,0
2020-02-05,15:20,28.83,74.33,4.153,78.33,616.6,1011,0
2020-02-05,15:30,28.78,74.06,3.845,100.6,479,1011,0
2020-02-05,15:40,28.89,73.81,3.929,84.5,559.4,1011,0
2020-02-05,15:50,28.83,73.99,3.291,86.5,347.8,1011,0
2020-02-05,16:00,28.67,75.01,4.032,78.93,431.8,1011,0
2020-02-05,16:10,28.5,74.67,4.189,80.9,362.7,1011,0
2020-02-05,16:20,28.5,75.13,3.237,76.68,233.7,1011,0
2020-02-05,16:30,28.33,75.41,3.042,89.8,175.9,1011,0
2020-02-05,16:40,28.44,75.71,1.941,88.5,137.2,1011,0
2020-02-05,16:50,28.39,76.3,2.748,69.58,122,1011,0
2020-02-05,17:00,27.94,76.34,3.849,74.12,97.4,1011,0
2020-02-05,17:10,28,76.04,3.18,87.5,86.7,1011,0
2020-02-05,17:20,28,76.17,1.981,103.3,86.4,1011,0
2020-02-05,17:30,28,76.15,2.363,101.1,101.9,1011,0
2020-02-05,17:40,27.89,76.31,2.399,83,88,1011,0
2020-02-05,17:50,27.89,76.27,2.236,92.4,68.11,1011,0
2020-02-05,18:00,27.72,76.72,2.762,84,34.96,1011,0
2020-02-05,18:10,27.56,77.7,2.043,69.68,13.16,1012,0
2020-02-05,18:20,27.5,78.2,1.236,82.7,4.369,1011,0
2020-02-05,18:30,27.44,78.92,1.717,69.77,0.44,1012,0
2020-02-05,18:40,27.28,79.47,2.013,69.38,0,1012,0
2020-02-05,18:50,27.33,79.63,1.485,81.2,0,1012,0
2020-02-05,19:00,27.28,79.86,1.009,87,0,1012,0
2020-02-05,19:10,27.28,80.1,1.935,88.6,0,1012,0
2020-02-05,19:20,27.33,80.5,1.395,91.2,0,1012,0
2020-02-05,19:30,27.28,81.7,2.408,75.4,0.747,1012,0
2020-02-05,19:40,27,83.9,2.126,95.9,1.297,1012,0
2020-02-05,19:50,26.94,85.4,1.622,124.5,1.997,1012,0
2020-02-05,20:00,26.83,86.1,2.072,107.3,1.659,1012,0
2020-02-05,20:10,26.72,85.9,1.88,95.1,0.005,1012,0
2020-02-05,20:20,26.72,85.8,0.9602,94.9,0,1012,0
2020-02-05,20:30,26.78,85.8,0.9804,326.2,0,1012,0
2020-02-05,20:40,26.61,86.2,3.697,105.8,0,1012,0
2020-02-05,20:50,26.23,86.6,3.526,119.5,0,1012,0
2020-02-05,21:00,26.2,85.8,2.118,96.7,0,1013,0
2020-02-05,21:10,26.36,84.7,1.601,94.1,0,1013,0
2020-02-05,21:20,26.42,84.4,1.324,93.6,0,1013,0
2020-02-05,21:30,26.49,84.1,1.143,83.7,0,1013,0
2020-02-05,21:40,26.59,84,1.718,95.1,0,1013,0
2020-02-05,21:50,26.47,83.9,3.822,107.4,0.559,1013,0
2020-02-05,22:00,25.47,86,3.322,107.9,2.735,1013,0
2020-02-05,22:10,25.46,87.3,2.574,88.7,2.038,1013,0
2020-02-05,22:20,25.6,87.9,1.892,86.5,2.024,1013,0
2020-02-05,22:30,25.71,88.3,1.193,71.1,1.675,1013,0
2020-02-05,22:40,25.82,88.6,1.156,52.78,0.398,1013,0
2020-02-05,22:50,26.02,88.7,0.9947,70.68,0,1013,0
2020-02-05,23:00,26.1,88.6,0.7667,225.4,0,1013,0
2020-02-05,23:10,26.11,87.8,1.657,148.3,0,1013,0
2020-02-05,23:20,26.39,86.6,1.569,232.2,0,1013,0
2020-02-05,23:30,26.36,86,1.043,239.9,0,1013,0
2020-02-05,23:40,26.44,85.3,0.7819,166.4,0,1013,0
2020-02-05,23:50,26.44,85,1.54,102,0,1013,0
2020-02-06,00:00,26.49,84.4,0.907,229.8,0,1013,0
2020-02-06,00:10,26.41,84.3,0.7349,2.257,0,1013,0
2020-02-06,00:20,26.47,84.2,0.8498,261.1,0,1013,0
2020-02-06,00:30,26.48,84.2,0.9017,209.6,0,1013,0
2020-02-06,00:40,26.58,84,1.043,255.4,0,1013,0
2020-02-06,00:50,26.67,83.7,0.853,215,0,1013,0
2020-02-06,01:00,26.67,83.6,1.101,98.6,0,1013,0
2020-02-06,01:10,26.66,83.5,1.379,70.07,0,1013,0
2020-02-06,01:20,26.59,83.5,0.5722,135.4,0,1013,0
2020-02-06,01:30,26.63,83.5,0.9379,142,0,1013,0
2020-02-06,01:40,26.67,83.5,0.9509,285.4,0,1013,0
2020-02-06,01:50,26.72,83.6,0.8914,79.45,0,1013,0
2020-02-06,02:00,26.67,83.5,0.8731,359.5,0,1013,0
2020-02-06,02:10,26.67,83.3,0.6826,174.2,0,1013,0
2020-02-06,02:20,26.67,83.1,0.8632,25.01,0,1013,0
2020-02-06,02:30,26.61,83,0.6205,6.22,0,1013,0
2020-02-06,02:40,26.66,82.8,0.9097,272.6,0,1013,0
2020-02-06,02:50,26.67,82.5,0.8324,211.8,0,1013,0
2020-02-06,03:00,26.63,82.3,0.5941,336,0,1012,0
2020-02-06,03:10,26.54,82.3,0.4278,264.6,0,1012,0
2020-02-06,03:20,26.51,82.4,0.6934,229.2,0,1012,0
2020-02-06,03:30,26.59,82.2,0.9401,168.2,0,1012,0
2020-02-06,03:40,26.57,82.1,0.6138,166.5,0,1012,0
2020-02-06,03:50,26.37,82.1,0.4448,41.78,0,1012,0
2020-02-06,04:00,26.16,82.9,0.3246,115.9,0,1012,0
2020-02-06,04:10,26.07,83.6,0.4546,42.87,0,1012,0
2020-02-06,04:20,26.02,84.3,0.5615,100.4,0,1012,0
2020-02-06,04:30,26.12,84.6,0.6156,111.9,0,1012,0
2020-02-06,04:40,26.19,84.7,0.477,124.4,0,1012,0
2020-02-06,04:50,26.33,84.5,0.6071,157.5,0,1012,0
2020-02-06,05:00,26.43,84.2,0.5624,142.4,0,1012,0
2020-02-06,05:10,26.51,83.8,0.9062,112.4,0,1012,0
2020-02-06,05:20,26.21,84.5,1.163,98.1,1.223,1012,0
2020-02-06,05:30,25.91,85.9,1.359,96.8,1.684,1012,0
2020-02-06,05:40,25.83,86.9,0.747,112.3,1.221,1013,0
2020-02-06,05:50,25.82,87.4,1.022,99,1.128,1013,0
2020-02-06,06:00,25.76,87.7,0.5888,95.1,0.902,1013,0
2020-02-06,06:10,25.59,87.8,0.2517,299.2,1.441,1013,0
2020-02-06,06:20,25.45,88,0.3921,54.34,1.5,1014,0
2020-02-06,06:30,25.36,88.5,0.7586,72.12,1.675,1014,0
2020-02-06,06:40,25.31,89,0.4824,32.4,4.026,1014,0
2020-02-06,06:50,25.29,89.4,0.5436,92.4,6.923,1014,0
2020-02-06,07:00,25.3,89.7,1.007,82.5,14.83,1014,0
2020-02-06,07:10,25.48,89.9,0.5226,87.3,25.66,1014,0
2020-02-06,07:20,25.67,89.9,0.5986,97.2,31.47,1015,0
2020-02-06,07:30,25.91,89.8,0.4658,97.3,43.32,1015,0
2020-02-06,07:40,26.11,89.4,0.9535,128.9,56.72,1015,0
2020-02-06,07:50,26.37,88.7,1.056,129.7,91.4,1015,0
2020-02-06,08:00,26.83,87.5,1.017,125.3,182.1,1015,0
2020-02-06,08:10,27.22,86,0.9169,126.1,218.4,1015,0
2020-02-06,08:20,27.44,84.1,1.353,121.8,258.6,1015,0
2020-02-06,08:30,27.44,82.3,1.69,139.8,230.2,1016,0
2020-02-06,08:40,27.67,80.6,1.89,135.4,307.6,1016,0
2020-02-06,08:50,27.78,79.42,1.86,148.5,258.3,1016,0
2020-02-06,09:00,27.61,79.01,2.443,131.6,196.5,1016,0
2020-02-06,09:10,28,78.5,2.487,140.1,363.8,1016,0
2020-02-06,09:20,28.33,76.91,1.941,141.4,486.5,1016,0
2020-02-06,09:30,28.61,74.75,2.354,124.1,483.9,1016,0
2020-02-06,09:40,28.72,73.52,1.889,121.6,503.7,1016,0
2020-02-06,09:50,28.67,72.56,2.478,139,520.6,1016,0
2020-02-06,10:00,28.72,71.86,2.984,147.8,519.3,1016,0
2020-02-06,10:10,28.56,72.26,2.856,145.8,608,1016,0
2020-02-06,10:20,28.56,72.15,3.05,133.1,478.6,1016,0
2020-02-06,10:30,28.94,71.21,2.723,137.3,628.4,1016,0
2020-02-06,10:40,29.11,69.73,2.787,135.7,707.3,1015,0
2020-02-06,10:50,29.33,69.07,2.425,129.5,753.8,1015,0
2020-02-06,11:00,29.72,67.94,2.243,160.9,776.1,1015,0
2020-02-06,11:10,29.5,68.22,2.731,159.6,808,1015,0
2020-02-06,11:20,29.56,67.89,2.386,162,810,1015,0
2020-02-06,11:30,29.78,67.78,2.263,134.9,769.3,1015,0
2020-02-06,11:40,29.67,67.94,2.005,157.2,724,1014,0
2020-02-06,11:50,29.78,67.65,2.077,130.7,808,1014,0
2020-02-06,12:00,29.33,68.18,2.029,128.9,401.2,1014,0
2020-02-06,12:10,29.33,68.96,1.618,172.5,423.4,1014,0
2020-02-06,12:20,29.78,67.01,2.186,162.4,693.5,1014,0
2020-02-06,12:30,29.94,65.64,1.464,158.6,682.1,1014,0
2020-02-06,12:40,29.78,66.39,2.257,148.5,548.5,1014,0
2020-02-06,12:50,29.56,67.1,1.879,144.1,321.5,1014,0
2020-02-06,13:00,29.39,68.01,1.728,127.6,268.9,1014,0
2020-02-06,13:10,29.33,69.49,1.526,87,294.1,1014,0
2020-02-06,13:20,29.22,70.13,1.088,17.73,308.8,1014,0
2020-02-06,13:30,29.56,71.15,1.203,307.6,301.8,1013,0
2020-02-06,13:40,29.33,71.64,1.496,314.2,283.4,1013,0
2020-02-06,13:50,28.61,74.09,1.865,271.6,135,1013,0
2020-02-06,14:00,28.39,75.21,1.376,268.6,295.7,1013,0
2020-02-06,14:10,28.61,75.31,1.36,271.2,329.6,1013,0
2020-02-06,14:20,28.39,75.43,1.532,274.5,317.8,1013,0
2020-02-06,14:30,28.78,75.45,1.199,289.8,407.2,1013,0
2020-02-06,14:40,28.89,75.21,1.435,289.6,489.8,1013,0
2020-02-06,14:50,28.89,75.45,1.233,291,250.3,1013,0
2020-02-06,15:00,28.56,75.49,0.9213,283,162.7,1013,0
2020-02-06,15:10,28.44,75.77,0.8994,289,181.8,1013,0
2020-02-06,15:20,28.28,75.55,0.5789,358.4,97.8,1013,1
2020-02-06,15:30,27.67,77.26,1.103,323.8,156,1013,0
2020-02-06,15:40,27.56,79.14,1.187,323.7,178,1013,0
2020-02-06,15:50,27.61,80.2,1.238,313.8,173.9,1013,0
2020-02-06,16:00,27.61,80.9,0.9692,309.8,177.1,1013,0
2020-02-06,16:10,27.78,81.2,0.3693,312.9,270.7,1013,0
2020-02-06,16:20,27.94,80.9,1.202,60.47,309,1013,0
2020-02-06,16:30,27.39,81.7,1.298,66.83,161.1,1013,0
2020-02-06,16:40,27.33,82.7,1.191,51.09,158.8,1013,0
2020-02-06,16:50,27.39,83.1,1.337,42.62,309.3,1013,0
2020-02-06,17:00,27.5,82.8,1.225,34.05,259.1,1013,0
2020-02-06,17:10,27.5,82.3,0.7899,26.44,162.7,1013,0
2020-02-06,17:20,27.67,81.9,0.8565,345.3,99.6,1013,0
2020-02-06,17:30,27.5,82,0.8355,334.7,49.99,1014,0
2020-02-06,17:40,27.44,82.6,0.6938,320.3,60.13,1014,0
2020-02-06,17:50,27.5,82.4,0.515,336.7,33.38,1014,0
2020-02-06,18:00,27.22,82.6,0.3192,328.4,19.2,1014,0
2020-02-06,18:10,27.06,83,0.2521,306.7,10.2,1014,0
2020-02-06,18:20,26.89,83.6,0.3617,315.1,3.467,1014,0
2020-02-06,18:30,26.78,84.2,0.2924,9.51,0.405,1014,0
2020-02-06,18:40,26.67,84.7,0.5776,80.1,0,1014,0
2020-02-06,18:50,26.78,85.1,0.6294,76.87,0,1014,0
2020-02-06,19:00,26.67,85.5,0.5709,69.19,0,1014,0
2020-02-06,19:10,26.59,86.1,0.6317,75.02,0,1014,0
2020-02-06,19:20,26.44,86.7,1.073,79.48,0,1014,0
2020-02-06,19:30,26.53,87.6,1.162,65.89,0,1014,0
2020-02-06,19:40,26.78,88.1,0.6558,59.39,0,1014,0
2020-02-06,19:50,26.67,88.2,0.6393,67.95,0,1015,0
2020-02-06,20:00,26.5,88.2,0.9495,74.8,0,1015,0
2020-02-06,20:10,26.62,88.5,0.6907,57.66,0,1015,0
2020-02-06,20:20,26.72,88.5,1.111,60.33,0,1015,0
2020-02-06,20:30,26.72,88.7,0.6965,341.4,0,1015,0
2020-02-06,20:40,26.83,88.5,0.6732,325.8,0,1015,0
2020-02-06,20:50,26.83,88.5,0.5999,313.8,0,1015,0
2020-02-06,21:00,26.78,88.3,0.5677,218.8,0,1015,0
2020-02-06,21:10,26.78,88.1,0.582,247.2,0,1015,0
2020-02-06,21:20,26.78,88,0.6594,84.5,0,1015,0
2020-02-06,21:30,26.72,87.7,0.9374,58.73,0,1015,0
2020-02-06,21:40,26.78,87.6,0.599,76.74,0,1015,0
2020-02-06,21:50,26.72,87.4,1.205,55.23,0,1015,0
2020-02-06,22:00,26.78,87.3,1.128,59.29,0,1015,0
2020-02-06,22:10,26.78,87.2,1.315,61.03,0,1015,0
2020-02-06,22:20,26.78,87.2,0.7577,68.17,0,1015,0
2020-02-06,22:30,26.78,87.2,1.046,58,0,1016,0
2020-02-06,22:40,26.89,87.3,0.992,65.36,0,1016,0
2020-02-06,22:50,26.94,87.4,0.7537,40.69,0,1016,0
2020-02-06,23:00,27,87.6,0.7488,97.5,0,1016,0
2020-02-06,23:10,26.94,87.9,0.654,109.7,0,1015,0
2020-02-06,23:20,26.89,88.1,0.7323,59.54,0,1015,0
2020-02-06,23:30,26.78,88.2,1.108,49.09,0,1015,0
2020-02-06,23:40,26.72,88.2,1.329,57.93,0,1015,0
2020-02-06,23:50,26.83,88.3,1.27,64.84,0,1015,0
2020-02-07,00:00,26.83,88.4,1.355,49.99,0,1015,0
2020-02-07,00:10,26.83,88.6,0.6862,146.2,0,1015,0
2020-02-07,00:20,26.72,88.8,0.5919,284.3,0,1015,0
2020-02-07,00:30,26.67,89,0.8047,257,0,1015,0
2020-02-07,00:40,26.72,89.1,0.9638,63.55,0,1015,0
2020-02-07,00:50,26.72,89.3,1.501,65,0,1015,0
2020-02-07,01:00,26.72,89.5,1.61,77.24,0,1015,0
2020-02-07,01:10,26.64,89.8,2.36,72.38,0.376,1015,0
2020-02-07,01:20,26.18,90,2.417,64.64,1.625,1015,0
2020-02-07,01:30,26.04,90.6,1.776,78.93,1.775,1015,0
2020-02-07,01:40,25.99,90.7,1.432,80.8,2.031,1014,0
2020-02-07,01:50,25.89,91,1.251,91.9,2.173,1014,0
2020-02-07,02:00,25.76,91.1,1.068,78.77,2.255,1014,0
2020-02-07,02:10,25.69,91.2,1.432,81.5,2.433,1014,0
2020-02-07,02:20,25.69,91.1,1.679,78.54,2.236,1014,0
2020-02-07,02:30,25.72,91.1,1.454,74.5,2.031,1014,0
2020-02-07,02:40,25.77,91,1.476,73.26,1.915,1014,0
2020-02-07,02:50,25.84,90.9,1.825,71.35,1.812,1014,0
2020-02-07,03:00,25.91,90.8,1.632,73.71,1.791,1014,0
2020-02-07,03:10,25.96,90.7,2.059,77.13,1.638,1014,0
2020-02-07,03:20,25.88,90.6,1.954,73.66,1.257,1014,0
2020-02-07,03:30,25.87,90.6,1.889,74.78,1.006,1013,0
2020-02-07,03:40,25.91,90.5,1.962,73.8,0.666,1013,0
2020-02-07,03:50,26.05,90.3,2.095,70.4,0,1013,0
2020-02-07,04:00,26.09,90.2,1.676,70.73,0,1013,0
2020-02-07,04:10,26.19,90.3,2.095,79.57,0,1013,0
2020-02-07,04:20,26.22,90.4,2.294,67.51,0,1013,0
2020-02-07,04:30,26.18,90.4,1.849,72.7,0,1013,0
2020-02-07,04:40,26.21,90.5,1.891,75.74,0,1013,0
2020-02-07,04:50,26.07,90.6,1.725,77.04,0,1013,0
2020-02-07,05:00,25.91,90.5,1.975,74.33,0,1013,0
2020-02-07,05:10,25.91,90.6,1.86,79.11,0,1013,0
2020-02-07,05:20,25.91,90.6,1.512,74.87,0,1014,0
2020-02-07,05:30,25.83,90.5,1.774,77.27,0,1014,0
2020-02-07,05:40,25.8,90.4,1.673,80.7,0,1014,0
2020-02-07,05:50,25.67,90.2,1.641,71.5,0,1014,0
2020-02-07,06:00,25.66,90,1.569,72.4,0,1014,0
2020-02-07,06:10,25.73,89.8,1.561,73.6,0,1014,0
2020-02-07,06:20,25.69,89.7,1.652,71.82,0,1014,0
2020-02-07,06:30,25.76,89.6,1.58,73.25,0,1014,0
2020-02-07,06:40,25.81,89.5,1.662,77.93,0.63,1014,0
2020-02-07,06:50,25.82,89.5,1.831,78.22,3.805,1015,0
2020-02-07,07:00,25.88,89.3,1.903,73.46,9.46,1015,0
2020-02-07,07:10,25.9,89.1,1.574,74.75,19.31,1015,0
2020-02-07,07:20,25.99,88.9,1.174,71.23,25.86,1015,0
2020-02-07,07:30,26.06,88.9,0.954,71.81,33.36,1015,0
2020-02-07,07:40,26.24,88.8,1.11,63.13,57.32,1015,0
2020-02-07,07:50,26.37,88.6,1.35,63.4,54.89,1015,0
2020-02-07,08:00,26.47,88.2,1.629,63.54,70.85,1015,0
2020-02-07,08:10,26.83,87.9,1.943,67.82,220.3,1016,0
2020-02-07,08:20,27.28,86.8,2.33,66.52,238.5,1016,0
2020-02-07,08:30,27.72,85.6,2.445,71.31,362,1016,0
2020-02-07,08:40,27.89,84.3,2.594,67.94,351.2,1016,0
2020-02-07,08:50,28,83.2,2.968,63.97,430.9,1016,0
2020-02-07,09:00,28.11,82.1,2.874,64.76,450.8,1016,0
2020-02-07,09:10,27.94,80.8,3.185,56.1,309,1016,0
2020-02-07,09:20,28.06,80.6,2.729,63.66,291.8,1016,0
2020-02-07,09:30,28.28,80.3,3.114,65.13,342.6,1016,0
2020-02-07,09:40,27.22,81.6,2.722,83.4,297.9,1016,0
2020-02-07,09:50,27.89,83.2,3.316,85.8,602.8,1016,0
2020-02-07,10:00,27.94,82.6,2.66,81.2,390.4,1016,0
2020-02-07,10:10,27.17,84.5,3.907,95.7,386.7,1016,1
2020-02-07,10:20,27.28,87,3.341,89.1,625.3,1016,0
2020-02-07,10:30,27.28,86.6,4.193,84.6,712.7,1016,0
2020-02-07,10:40,27.56,85.6,3.599,86.6,716,1016,0
2020-02-07,10:50,27.72,84.5,3.445,89,758.3,1016,0
2020-02-07,11:00,27.78,83.2,3.477,73.25,758.2,1016,0
2020-02-07,11:10,28.28,81.8,3.028,78.85,796.1,1016,0
2020-02-07,11:20,28.22,80.6,3.229,87.9,647.4,1016,0
2020-02-07,11:30,28.11,79.94,3.809,89.6,717.3,1016,0
2020-02-07,11:40,28.56,79.12,3.119,76.15,701.2,1016,0
2020-02-07,11:50,28.72,77.99,3.67,72.21,763.8,1015,0
2020-02-07,12:00,28.67,76.34,3.634,77.07,794.5,1015,0
2020-02-07,12:10,28.94,75.42,3.477,71.45,740.6,1015,0
2020-02-07,12:20,28.89,73.97,3.478,79.7,828,1015,0
2020-02-07,12:30,29,72.66,3.612,84.8,781.2,1015,0
2020-02-07,12:40,29.22,72.64,3.416,77.52,773.5,1015,0
2020-02-07,12:50,28.94,73.04,3.158,81.7,566.7,1015,0
2020-02-07,13:00,28.94,72.81,3.489,82,727,1014,0
2020-02-07,13:10,28.94,71.79,3.836,77.74,587.9,1014,0
2020-02-07,13:20,29,72.56,3.318,92.1,657.7,1014,0
2020-02-07,13:30,29.11,72.85,3.684,78.49,703.5,1014,0
2020-02-07,13:40,28.94,73.4,3.5,86.2,898,1014,0
2020-02-07,13:50,29.11,72.41,3.845,85.9,738.1,1014,0
2020-02-07,14:00,29.33,73.23,2.939,73.64,733.8,1014,0
2020-02-07,14:10,29.5,72.18,3.014,71.99,749.4,1014,0
2020-02-07,14:20,29.33,73.57,2.425,51.15,323.1,1014,0
2020-02-07,14:30,28.67,75.35,2.629,60.57,345.9,1013,0
2020-02-07,14:40,28.94,74.43,2.906,72.54,553.5,1013,0
2020-02-07,14:50,29.33,73.28,3.308,69.49,659.1,1013,0
2020-02-07,15:00,29.11,72.49,3.33,69.91,436.2,1013,0
2020-02-07,15:10,29.06,73.3,2.923,54.57,532.1,1013,0
2020-02-07,15:20,28.67,75.35,4.073,77.03,246.2,1013,0
2020-02-07,15:30,28.44,77,3.67,70.41,457.7,1013,0
2020-02-07,15:40,28.67,76.11,3.296,79.82,485.7,1013,0
2020-02-07,15:50,28.61,75.3,3.643,79.25,524.1,1013,0
2020-02-07,16:00,28.5,74.28,3.372,82.6,451.6,1013,0
2020-02-07,16:10,28.5,73.51,3.813,81.7,440.6,1013,0
2020-02-07,16:20,28.56,73.85,3.454,86.9,401,1013,0
2020-02-07,16:30,28.5,75.02,3.133,68.12,380.6,1014,0
2020-02-07,16:40,28.56,75.19,2.678,57.8,326,1014,0
2020-02-07,16:50,28.44,75.12,2.651,60.49,259.9,1014,0
2020-02-07,17:00,28.44,74.93,3.007,60.3,184,1014,0
2020-02-07,17:10,27.83,76.18,3.072,63.39,45.68,1014,0
2020-02-07,17:20,27.83,76.29,3.053,67.52,137,1014,0
2020-02-07,17:30,28.06,75.78,2.836,71.05,145.5,1014,0
2020-02-07,17:40,28.06,76.11,2.914,69.19,112,1014,0
2020-02-07,17:50,27.72,77.09,3.132,70.07,72.51,1014,0
2020-02-07,18:00,27.67,78.13,2.316,62.42,33.16,1014,0
2020-02-07,18:10,27.39,79.49,2.587,66.74,11.44,1014,0
2020-02-07,18:20,27.22,80.9,2.738,74.51,4.186,1014,0
2020-02-07,18:30,27.06,82.1,2.745,68.67,0.88,1014,0
2020-02-07,18:40,26.83,82.7,2.586,71.15,0,1014,0
2020-02-07,18:50,26.78,83.1,3.014,69.24,0,1014,0
2020-02-07,19:00,26.78,83.6,2.517,64.71,0,1014,0
2020-02-07,19:10,26.78,83.9,2.575,64.62,0,1014,0
2020-02-07,19:20,26.83,84.1,3.154,64,0,1014,0
2020-02-07,19:30,26.83,84.2,3.288,67.23,0,1014,0
2020-02-07,19:40,26.51,84.5,2.697,62.26,0,1015,0
2020-02-07,19:50,26.37,85.7,1.993,56.03,0,1015,0
2020-02-07,20:00,26.43,86.3,2.197,66.37,0,1015,0
2020-02-07,20:10,26.47,86.6,2.223,64.77,0,1015,0
2020-02-07,20:20,26.47,86.7,2.553,61.79,0,1015,0
2020-02-07,20:30,26.49,86.7,2.899,70.37,0,1015,0
2020-02-07,20:40,26.38,86.7,2.621,75.83,0,1015,0
2020-02-07,20:50,26.34,87.1,2.326,63.39,0,1015,0
2020-02-07,21:00,26.36,87.2,2.498,72.52,0,1015,0
2020-02-07,21:10,26.31,86.9,2.447,72.27,0,1015,0
2020-02-07,21:20,26.3,86.8,2.456,67.51,0,1015,0
2020-02-07,21:30,26.34,86.6,2.591,72.24,0,1015,0
2020-02-07,21:40,26.43,85.7,2.695,68.94,0,1015,0
2020-02-07,21:50,26.51,84.9,2.71,65.89,0,1015,0
2020-02-07,22:00,26.54,84.7,2.328,63.07,0,1015,0
2020-02-07,22:10,26.5,84.8,2.3,66.56,0,1015,0
2020-02-07,22:20,26.48,84.8,2.316,69.79,0,1015,0
2020-02-07,22:30,26.52,84.5,2.507,71.68,0,1015,0
2020-02-07,22:40,26.54,84.2,2.124,74.82,0,1015,0
2020-02-07,22:50,26.61,84.3,2.177,74.84,0,1015,0
2020-02-07,23:00,26.46,85,2.481,73.52,0,1015,0
2020-02-07,23:10,26.35,85.7,2.012,79.58,0,1015,0
2020-02-07,23:20,26.29,85.8,1.747,79.1,0,1015,0
2020-02-07,23:30,26.31,85.9,1.718,76.23,0,1015,0
2020-02-07,23:40,26.37,85.8,1.428,77.36,0,1015,0
2020-02-07,23:50,26.46,85.7,1.984,65.14,0,1015,0
2020-02-08,00:00,26.41,85.7,2.443,72.74,0,1015,0
2020-02-08,00:10,26.38,85.6,2.378,78.46,0,1014,0
2020-02-08,00:20,26.38,85.5,2.601,83.8,0,1014,0
2020-02-08,00:30,26.39,85.4,2.458,75.39,0,1014,0
2020-02-08,00:40,26.42,85.4,2.428,76.17,0,1014,0
2020-02-08,00:50,26.23,85.1,2.379,72.67,0,1014,0
2020-02-08,01:00,26.26,85,2.039,72.21,0,1014,0
2020-02-08,01:10,26.21,85,2.246,75.39,0,1014,0
2020-02-08,01:20,26.26,84.8,1.939,62.6,0,1014,0
2020-02-08,01:30,26.34,84.8,2.346,78.98,0,1014,0
2020-02-08,01:40,26.44,84.6,1.836,77.99,0,1014,0
2020-02-08,01:50,26.43,84.6,1.917,81.5,0,1014,0
2020-02-08,02:00,26.48,84.7,2.135,86.7,0,1014,0
2020-02-08,02:10,26.27,85.1,2.6,100,0.759,1014,0
2020-02-08,02:20,26.1,86,1.59,74.81,0.83,1014,0
2020-02-08,02:30,26.1,86.4,2.01,90.3,0.814,1014,0
2020-02-08,02:40,25.92,86.4,2.25,86.7,0.812,1013,0
2020-02-08,02:50,25.79,86.3,2.065,83.6,0.474,1013,0
2020-02-08,03:00,25.87,85.9,2.046,83.3,0,1013,0
2020-02-08,03:10,25.84,85.7,1.919,99,0,1013,0
2020-02-08,03:20,25.84,85.7,2.773,96.5,0,1013,0
2020-02-08,03:30,25.88,85.4,2.562,96.3,0,1013,0
2020-02-08,03:40,25.89,85.5,2.366,94.2,0,1013,0
2020-02-08,03:50,25.84,85.4,2.237,95.5,0,1013,0
2020-02-08,04:00,25.82,85.1,2.068,91.1,0,1013,0
2020-02-08,04:10,25.85,85,2.18,94.2,0,1013,0
2020-02-08,04:20,25.83,84.9,1.446,78.92,0,1013,0
2020-02-08,04:30,25.81,85.2,2.752,64.06,0.142,1013,0
2020-02-08,04:40,25.49,86.3,2.242,65.16,0.015,1013,0
2020-02-08,04:50,25.17,86.7,3.416,65.04,0.108,1013,0
2020-02-08,05:00,24.71,87.8,1.569,77.98,2.108,1013,0
2020-02-08,05:10,24.64,88.3,0.81,37.49,1.921,1013,0
2020-02-08,05:20,24.61,88.8,1.574,69.69,1.343,1013,0
2020-02-08,05:30,24.96,88.9,1.478,92.7,1.113,1013,0
2020-02-08,05:40,24.99,88.9,0.6312,116.2,0.833,1013,0
2020-02-08,05:50,25.07,88.9,1.083,106.5,0.812,1014,0
2020-02-08,06:00,25.2,88.9,1.222,73.72,0.812,1014,0
2020-02-08,06:10,25.24,88.9,1.008,47.76,0.84,1014,0
2020-02-08,06:20,25.21,88.6,1.473,83.7,0.334,1014,0
2020-02-08,06:30,25.21,88.4,1.617,91.8,0,1014,0
2020-02-08,06:40,25.24,88.3,1.357,90,0.313,1014,0
2020-02-08,06:50,25.27,88,1.551,86.8,2.5,1014,0
2020-02-08,07:00,25.31,87.7,1.117,87.1,7.24,1014,0
2020-02-08,07:10,25.4,87.6,0.8588,90.8,23.37,1014,0
2020-02-08,07:20,25.72,87.5,1.443,70.82,49.15,1014,0
2020-02-08,07:30,25.89,86.9,1.54,74.67,59.85,1014,0
2020-02-08,07:40,26.03,86.5,1.456,87.7,76.75,1015,0
2020-02-08,07:50,26.01,86,1.558,72.7,52.63,1015,0
2020-02-08,08:00,26.1,85.6,1.723,72.93,67.13,1015,0
2020-02-08,08:10,26.4,85,2.203,74.41,177.8,1015,0
2020-02-08,08:20,26.78,82.8,3.014,75.43,191.8,1015,0
2020-02-08,08:30,26.89,81.4,2.363,77.56,207.7,1015,0
2020-02-08,08:40,27.33,79.69,2.779,82.8,314.1,1015,0
2020-02-08,08:50,27.33,79.14,3.387,70.08,276,1015,0
2020-02-08,09:00,27.56,79.04,3.368,69.1,388.8,1015,0
2020-02-08,09:10,27.67,78.31,3.372,69.47,409.8,1015,0
2020-02-08,09:20,27.83,77,3.236,74.24,493.5,1015,0
2020-02-08,09:30,27.89,75.83,3.477,75.14,396.4,1015,0
2020-02-08,09:40,27.89,76.36,3.818,69.49,585.5,1015,0
2020-02-08,09:50,28.06,75.13,3.634,88.4,541.7,1015,0
2020-02-08,10:00,28.33,74.19,3.46,84.6,590.5,1015,0
2020-02-08,10:10,28.22,74.3,3.608,70.73,642.8,1015,0
2020-02-08,10:20,28.5,73.41,3.334,82.9,674.8,1015,0
2020-02-08,10:30,28.67,72.57,3.353,79.22,739.9,1015,0
2020-02-08,10:40,28.44,72.42,3.916,78.29,695.2,1015,0
2020-02-08,10:50,28.39,72.92,3.594,76.28,689.4,1015,0
2020-02-08,11:00,28.56,72.83,4.162,70.63,825,1014,0
2020-02-08,11:10,28.56,72.73,3.76,76.87,732,1014,0
2020-02-08,11:20,28.56,71.99,3.853,87.8,817,1014,0
2020-02-08,11:30,28.5,70.09,4.117,90.1,805,1014,0
2020-02-08,11:40,28.78,70.35,3.746,77.01,811,1014,0
2020-02-08,11:50,28.67,71,3.71,64.25,767.9,1014,0
2020-02-08,12:00,28.72,68.88,3.742,73.73,821,1014,0
2020-02-08,12:10,28.72,67.02,3.791,74.36,833,1013,0
2020-02-08,12:20,28.78,67.29,3.344,68.5,820,1013,0
2020-02-08,12:30,28.78,66.68,3.898,89.4,837,1013,0
2020-02-08,12:40,28.72,68.8,3.444,71.18,848,1013,0
2020-02-08,12:50,28.61,69.36,3.769,88.8,777.5,1013,0
2020-02-08,13:00,28.67,69.93,3.364,74.9,735,1013,0
2020-02-08,13:10,28.44,70.06,3.822,68.51,659.9,1013,0
2020-02-08,13:20,28.17,70.73,3.724,84.8,570.3,1013,0
2020-02-08,13:30,28.67,70.03,3.191,74.78,738.5,1012,0
2020-02-08,13:40,28.39,70.06,3.956,80.7,747.2,1012,0
2020-02-08,13:50,28.39,71.03,3.652,72.59,823,1012,0
2020-02-08,14:00,28.72,69.74,3.18,70.71,687,1012,0
2020-02-08,14:10,28.83,69.59,3.385,88.9,785,1012,0
2020-02-08,14:20,28.39,70.9,3.183,74.39,470.1,1012,0
2020-02-08,14:30,28.61,71.22,2.867,82,619.5,1011,0
2020-02-08,14:40,28.5,71.5,2.869,75.28,545,1011,0
2020-02-08,14:50,28.61,71.75,3.293,73.39,716.4,1011,0
2020-02-08,15:00,28.61,71.89,3.288,76.71,651.5,1011,0
2020-02-08,15:10,28.61,71.83,3.344,82.2,648.3,1011,0
2020-02-08,15:20,28.44,71.72,3.269,83.1,597.2,1011,0
2020-02-08,15:30,28.61,69.59,3.084,100.1,472.3,1011,0
2020-02-08,15:40,28.61,69.03,3.074,82.3,531.5,1011,0
2020-02-08,15:50,28.5,70.41,2.929,91.4,510.4,1011,0
2020-02-08,16:00,28.44,70.16,3.235,76.96,479.1,1011,0
2020-02-08,16:10,28.39,70.69,3.096,90,441.8,1011,0
2020-02-08,16:20,28.33,70.88,3.062,67.17,404.8,1011,0
2020-02-08,16:30,28.44,71.12,2.593,59.26,368.8,1011,0
2020-02-08,16:40,28.22,71.81,2.878,83,299.6,1011,0
2020-02-08,16:50,28.22,71.9,2.566,89.7,247.1,1011,0
2020-02-08,17:00,28.17,72.35,2.451,93.4,244.5,1011,0
2020-02-08,17:10,28,73.16,2.603,67.84,205.6,1011,0
2020-02-08,17:20,27.94,73.76,2.164,58.13,169.1,1011,0
2020-02-08,17:30,27.78,74.11,2.444,62.56,133,1011,0
2020-02-08,17:40,27.72,74.52,2.659,69.79,97.8,1011,0
2020-02-08,17:50,27.56,75.11,2.406,62.26,72.94,1011,0
2020-02-08,18:00,27.5,75.58,2.02,59.95,47.81,1011,0
2020-02-08,18:10,27.33,76.12,1.963,58.42,20.06,1011,0
2020-02-08,18:20,27.17,76.62,1.935,57.17,6.014,1011,0
2020-02-08,18:30,27.06,77.07,1.869,63.55,2.012,1011,0
2020-02-08,18:40,27,77.59,1.602,70.51,0.344,1011,0
2020-02-08,18:50,26.94,78.29,1.34,72.34,0,1012,0
2020-02-08,19:00,26.78,78.91,1.299,69.35,0,1012,0
2020-02-08,19:10,26.61,79.79,1.57,64.23,0,1012,0
2020-02-08,19:20,26.44,80.9,1.031,62.69,0,1012,0
2020-02-08,19:30,26.44,81.8,1.401,64.69,0,1012,0
2020-02-08,19:40,26.43,82.3,1.158,66.87,0,1012,0
2020-02-08,19:50,26.41,82.7,1.14,74.5,0,1012,0
2020-02-08,20:00,26.41,82.9,1.303,69.47,0,1012,0
2020-02-08,20:10,26.37,83,1.213,91.2,0,1012,0
2020-02-08,20:20,26.24,83.3,0.7555,113.7,0,1012,0
2020-02-08,20:30,26.18,83.6,1.021,80.7,0,1012,0
2020-02-08,20:40,26.24,84,1.185,77.57,0,1012,0
2020-02-08,20:50,26.32,84.2,1.606,70.09,0,1013,0
2020-02-08,21:00,26.3,84.2,1.865,68.62,0,1013,0
2020-02-08,21:10,26.25,84.2,1.512,70.64,0,1013,0
2020-02-08,21:20,26.21,84.3,1.419,85,0,1013,0
2020-02-08,21:30,26.16,84.5,1.44,79.27,0,1013,0
2020-02-08,21:40,26.19,84.7,1.943,67.16,0,1013,0
2020-02-08,21:50,26.35,84.8,1.34,67.94,0,1013,0
2020-02-08,22:00,26.39,85,1.773,70.71,0,1013,0
2020-02-08,22:10,26.29,85.4,1.716,74.29,0,1013,0
2020-02-08,22:20,26.18,85.7,2.004,72.44,0,1013,0
2020-02-08,22:30,26.05,85.8,2.183,75.59,0,1013,0
2020-02-08,22:40,25.98,85.8,1.781,67.36,0,1014,0
2020-02-08,22:50,25.98,85.7,2.161,72.99,0,1014,0
2020-02-08,23:00,25.97,85.6,1.946,74.82,0,1014,0
2020-02-08,23:10,25.93,85.5,1.599,72.83,0,1014,0
2020-02-08,23:20,25.92,85.5,1.304,101.7,0,1014,0
2020-02-08,23:30,25.93,85.5,0.8673,99.5,0,1013,0
2020-02-08,23:40,25.92,85.7,1.079,104.4,0,1013,0
2020-02-08,23:50,25.96,85.9,0.9312,98.7,0,1013,0
2020-02-09,00:00,26.02,86.1,1.348,83.9,0,1013,0
2020-02-09,00:10,25.94,86.1,1.497,106.2,0,1013,0
2020-02-09,00:20,25.83,86.2,1.658,108.3,0,1013,0
2020-02-09,00:30,25.89,86.2,1.683,101.8,0,1013,0
2020-02-09,00:40,25.86,86.2,1.77,103.7,0,1013,0
2020-02-09,00:50,25.81,86,1.549,102.9,0,1013,0
2020-02-09,01:00,25.84,85.9,1.449,105.8,0,1013,0
2020-02-09,01:10,25.83,85.7,1.543,102.4,0,1013,0
2020-02-09,01:20,25.75,85.5,1.025,88.3,0,1013,0
2020-02-09,01:30,25.66,85.4,0.7461,84.6,0,1013,0
2020-02-09,01:40,25.68,85.4,0.8114,75.4,0,1013,0
2020-02-09,01:50,25.93,85.3,1.468,70.18,0,1013,0
2020-02-09,02:00,26.01,85.8,1.741,79.46,0,1012,0
2020-02-09,02:10,25.88,86.4,1.514,67.65,0,1013,0
2020-02-09,02:20,25.74,86.6,1.811,84.4,0,1012,0
2020-02-09,02:30,25.68,86.7,1.329,68.12,0,1012,0
2020-02-09,02:40,25.66,86.6,0.8507,70.62,0,1012,0
2020-02-09,02:50,25.64,86.7,1.047,63.12,0,1012,0
2020-02-09,03:00,25.63,86.7,0.6361,80.6,0,1012,0
2020-02-09,03:10,25.57,86.6,0.848,82,0,1012,0
2020-02-09,03:20,25.49,86.7,0.4752,79.81,0,1012,0
2020-02-09,03:30,25.29,86.9,0.443,324.3,0,1012,0
2020-02-09,03:40,25.31,87.5,0.3523,355.4,0,1012,0
2020-02-09,03:50,25.34,87.7,0.2414,34.48,0,1012,0
2020-02-09,04:00,25.34,88,0.1636,77.59,0,1012,0
2020-02-09,04:10,25.33,88.2,0.3482,84.5,0,1012,0
2020-02-09,04:20,25.22,88.6,0.6639,99.8,0,1012,0
2020-02-09,04:30,25.21,89,0.7345,108.9,0,1012,0
2020-02-09,04:40,25.2,89.2,0.4779,95.6,0,1012,0
2020-02-09,04:50,25.17,89.4,0.3518,107.7,0,1012,0
2020-02-09,05:00,25.19,89.6,0.4613,154,0,1012,0
2020-02-09,05:10,25.28,89.7,0.6272,111.3,0,1012,0
2020-02-09,05:20,25.3,89.8,1.573,95.7,0,1012,0
2020-02-09,05:30,25.04,90.3,1.933,107.7,1.28,1012,0
2020-02-09,05:40,24.89,90.6,0.8954,195.6,1.814,1012,0
2020-02-09,05:50,24.91,90.5,0.9607,265.7,1.477,1012,0
2020-02-09,06:00,25.07,90.3,1.288,229,1.219,1012,0
2020-02-09,06:10,25.14,89.9,0.5633,253.4,1.219,1012,0
2020-02-09,06:20,24.91,89.9,0.532,73.52,1.251,1012,0
2020-02-09,06:30,24.81,90.2,0.4394,43.81,1.628,1012,0
2020-02-09,06:40,24.84,90.6,0.5141,109.6,2.493,1012,0
2020-02-09,06:50,24.94,90.7,0.3997,38.34,3.989,1012,0
2020-02-09,07:00,25.09,90.8,0.3004,84.3,12.1,1013,0
2020-02-09,07:10,25.32,90.8,0.257,251.3,23.46,1013,0
2020-02-09,07:20,25.14,90.2,0.5306,299.1,29.92,1013,0
2020-02-09,07:30,25.44,89.8,1.234,58.02,62.6,1013,0
2020-02-09,07:40,25.37,89.4,0.9066,46.98,67.1,1013,0
2020-02-09,07:50,25.81,89.5,0.3094,350.1,134.1,1013,0
2020-02-09,08:00,26.63,88.2,0.3916,178.1,212.9,1013,0
2020-02-09,08:10,26.83,86.6,0.6683,29.97,157.1,1014,0
2020-02-09,08:20,26.89,85.7,0.6357,0.175,168.4,1014,0
2020-02-09,08:30,26.72,85.1,0.6312,41.65,56.15,1014,0
2020-02-09,08:40,26.39,85.6,1.362,81,61.88,1014,0
2020-02-09,08:50,26.14,86.9,1.79,62.94,116.6,1014,0
2020-02-09,09:00,26.18,88.1,1.088,12.99,202.7,1014,0
2020-02-09,09:10,26.37,88.3,1.213,342,224.8,1014,0
2020-02-09,09:20,26.28,88.1,1.367,337.6,303.9,1014,0
2020-02-09,09:30,26.72,87.4,1.582,316.9,312.9,1015,0
2020-02-09,09:40,26.67,86.5,1.355,306.3,266.9,1014,0
2020-02-09,09:50,26.72,85.6,1.233,296.3,198.6,1014,0
2020-02-09,10:00,26.72,85.3,1.439,308.2,212.8,1014,0
2020-02-09,10:10,26.89,84.8,1.297,310.1,244.5,1014,0
2020-02-09,10:20,27.22,83.7,1.021,312.2,268.5,1014,0
2020-02-09,10:30,27.5,82.4,0.827,334.1,255.7,1014,0
2020-02-09,10:40,27.5,81.4,1.047,330.5,234.8,1014,0
2020-02-09,10:50,27.78,81,1.171,336.6,535.6,1014,0
2020-02-09,11:00,28.44,79.3,1.381,349.4,773.2,1014,0
2020-02-09,11:10,28.67,77.89,1.752,344.4,748.8,1014,0
2020-02-09,11:20,28.5,78.63,1.824,344.6,793.4,1014,0
2020-02-09,11:30,28.56,79.18,1.889,341.6,831,1014,0
2020-02-09,11:40,28.78,78.9,1.932,338.3,845,1013,0
2020-02-09,11:50,28.89,78.97,2.14,327.5,842,1013,0
2020-02-09,12:00,28.72,79.76,2.219,313.3,825,1013,0
2020-02-09,12:10,28.72,80.3,2.06,318.5,831,1013,0
2020-02-09,12:20,28.56,80.6,2.157,314.8,849,1013,0
2020-02-09,12:30,28.28,81,2.296,311.7,850,1013,0
2020-02-09,12:40,28.56,81.9,1.978,312.8,870,1012,0
2020-02-09,12:50,28.83,80.9,2.034,313.8,812,1012,0
2020-02-09,13:00,28.89,80.3,1.891,320.5,782.1,1012,0
2020-02-09,13:10,29.11,79.8,1.946,317.7,768.3,1012,0
2020-02-09,13:20,29,79.64,2.284,321.4,768,1012,0
2020-02-09,13:30,28.61,80.5,2.065,319,605.2,1012,0
2020-02-09,13:40,28.78,80.3,1.83,325.7,978,1012,0
2020-02-09,13:50,28.83,78.7,0,0,808,1011,0
2020-02-09,14:00,28.89,77.5,1.615,328.6,664.9,1011,0
2020-02-09,14:10,28.94,75.79,1.787,335.8,622.8,1011,0
2020-02-09,14:20,28.89,73.96,1.886,335.7,599.7,1011,0
2020-02-09,14:30,29.17,73.42,1.949,332.8,677.3,1011,0
2020-02-09,14:40,29,73.06,2.055,333.7,616.7,1011,0
2020-02-09,14:50,29.06,74.33,2.19,311.8,493.1,1011,0
2020-02-09,15:00,28.61,75.04,2.197,308.9,390.4,1011,0
2020-02-09,15:10,28.78,75.31,1.807,318.9,614,1011,0
2020-02-09,15:20,29.17,73.88,2.11,314.2,620,1011,0
2020-02-09,15:30,29.11,73.56,2.102,311.9,569.6,1011,0
2020-02-09,15:40,29.17,73.82,1.783,322.7,538.5,1011,0
2020-02-09,15:50,29.28,73.34,1.903,329.9,508.5,1011,0
2020-02-09,16:00,29.39,73.57,1.864,332.3,476,1011,0
2020-02-09,16:10,29.33,73.36,2.001,327,442.3,1011,0
2020-02-09,16:20,29.28,72.45,2.037,329.8,406.4,1011,0
2020-02-09,16:30,29.33,72.46,1.768,325.8,373.1,1011,0
2020-02-09,16:40,29.17,72.52,2.024,329.6,336.9,1011,0
2020-02-09,16:50,29.06,72.63,1.856,331.4,299.6,1011,0
2020-02-09,17:00,28.94,73.44,1.748,333.4,257.8,1011,0
2020-02-09,17:10,28.89,73.66,1.473,338.4,216.1,1011,0
2020-02-09,17:20,28.78,73.92,1.341,335.4,185.5,1011,0
2020-02-09,17:30,28.67,74.1,1.4,331.8,139.5,1011,0
2020-02-09,17:40,28.44,74.61,1.251,332.8,89.7,1011,0
2020-02-09,17:50,28.22,75.44,1.324,331.1,64.87,1011,0
2020-02-09,18:00,27.89,76.45,1.413,330.7,30.67,1011,0
2020-02-09,18:10,27.61,77.86,1.308,327.6,12.86,1011,0
2020-02-09,18:20,27.33,79.11,1.01,334,4.882,1011,0
2020-02-09,18:30,27.22,80.3,1.27,329.7,1.73,1011,0
2020-02-09,18:40,27.06,81.1,1.172,331.8,0.296,1011,0
2020-02-09,18:50,26.72,81.3,1.646,328.5,0,1011,0
2020-02-09,19:00,26.83,81.8,1.398,332.5,0,1011,0
2020-02-09,19:10,26.72,82.1,1.326,332,0,1011,0
2020-02-09,19:20,26.78,82.6,1.393,333.5,0,1011,0
2020-02-09,19:30,26.67,82.9,1.216,333.2,0,1011,0
2020-02-09,19:40,26.78,83.4,1.577,333.4,0,1011,0
2020-02-09,19:50,26.72,84.1,1.887,331.4,0,1012,0
2020-02-09,20:00,26.57,84.6,1.458,331.3,0,1012,0
2020-02-09,20:10,26.57,85.1,1.544,329.4,0,1012,0
2020-02-09,20:20,26.48,85.4,1.927,328.6,0,1012,0
2020-02-09,20:30,26.47,85.7,1.369,344.6,0,1012,0
2020-02-09,20:40,26.49,85.8,0.9339,2.758,0,1012,0
2020-02-09,20:50,26.24,86,2.031,61.75,0,1012,0
2020-02-09,21:00,25.58,86.5,2.333,72.7,0,1012,0
2020-02-09,21:10,25.4,86.7,1.839,69.54,0,1012,0
2020-02-09,21:20,25.47,86.4,1.511,77.87,0,1012,0
2020-02-09,21:30,25.66,85.9,1.314,77.6,0,1012,0
2020-02-09,21:40,25.75,85.7,0.8869,68.13,0,1012,0
2020-02-09,21:50,25.87,85.8,0.7886,68.76,0,1012,0
2020-02-09,22:00,26.04,86,0.9053,70.31,0,1012,0
2020-02-09,22:10,26.07,86.1,0.3956,46.26,0,1012,0
2020-02-09,22:20,26.07,86.4,0.5776,50.93,0,1013,0
2020-02-09,22:30,26.08,86.5,0.456,58.46,0,1013,0
2020-02-09,22:40,26.11,86.8,0.5373,49.58,0,1013,0
2020-02-09,22:50,26.12,87,0.722,346.7,0,1013,0
2020-02-09,23:00,26.11,87.1,0.5896,341.8,0,1013,0
2020-02-09,23:10,26.18,87.2,0.5758,352.8,0,1013,0
2020-02-09,23:20,26.21,87.1,0.5843,358.5,0,1013,0
2020-02-09,23:30,26.26,87,0.5271,4.956,0,1013,0
2020-02-09,23:40,26.24,86.9,0.6965,333.1,0,1013,0
2020-02-09,23:50,26.22,86.8,0.6858,342.6,0,1013,0
2020-02-10,00:00,26.16,86.6,0.8856,66.83,0,1013,0
2020-02-10,00:10,25.95,86.6,1.329,110.2,0,1013,0
2020-02-10,00:20,25.76,86.9,0.8489,96.8,0,1013,0
2020-02-10,00:30,25.69,87.3,1.041,73.27,0,1013,0
2020-02-10,00:40,25.67,87.6,1.07,92.8,0,1013,0
2020-02-10,00:50,25.58,87.9,0.9956,114,0,1013,0
2020-02-10,01:00,25.48,88.2,0.7618,93.2,0,1013,0
2020-02-10,01:10,25.42,88.5,0.8829,87.3,0,1013,0
2020-02-10,01:20,25.41,88.7,0.6621,101.5,0,1013,0
2020-02-10,01:30,25.35,88.8,0.5561,97.4,0,1012,0
2020-02-10,01:40,25.34,89,0.4676,105.3,0,1012,0
2020-02-10,01:50,25.34,89,0.7112,121.5,0,1012,0
2020-02-10,02:00,25.18,89.2,0.7568,100.2,0,1012,0
2020-02-10,02:10,25.23,89.4,0.6665,97.6,0,1012,0
2020-02-10,02:20,25.47,89.4,0.5297,28.69,0,1012,0
2020-02-10,02:30,25.72,89.1,0.6799,358.8,0,1012,0
2020-02-10,02:40,25.82,88.8,0.6093,16.67,0,1012,0
2020-02-10,02:50,25.96,88.5,0.7707,47.51,0,1012,0
2020-02-10,03:00,26.03,88.2,1.156,60.82,0,1012,0
2020-02-10,03:10,26.02,88,0.9312,71.54,0,1012,0
2020-02-10,03:20,25.8,87.9,1.224,75.83,0,1012,0
2020-02-10,03:30,25.73,88.5,1.401,28.08,0,1012,0
2020-02-10,03:40,26.11,89,2.921,336.2,0,1012,0
2020-02-10,03:50,25.9,89.4,2.972,337.7,0,1012,0
2020-02-10,04:00,25.78,89.6,2.667,341.4,0,1012,0
2020-02-10,04:10,25.81,89.7,2.784,337.6,0,1012,0
2020-02-10,04:20,25.84,89.7,2.617,337.7,0,1012,0
2020-02-10,04:30,25.75,89.6,2.653,341.7,0,1012,0
2020-02-10,04:40,25.77,89.6,2.7,343.6,0,1012,0
2020-02-10,04:50,25.77,89.5,2.272,345.5,0,1012,0
2020-02-10,05:00,25.76,89.5,2.229,347,0,1012,0
2020-02-10,05:10,25.63,89.4,1.215,348,0,1012,0
2020-02-10,05:20,25.52,89.5,1.574,346.5,0,1012,0
2020-02-10,05:30,25.63,89.4,2.008,347.1,0,1012,0
2020-02-10,05:40,25.68,89.4,1.148,345.6,0,1012,0
2020-02-10,05:50,25.67,89.4,2.989,344.4,0,1012,0
2020-02-10,06:00,25.62,89.3,2.913,341,0,1012,0
2020-02-10,06:10,25.54,88.9,1.859,344.7,0,1012,0
2020-02-10,06:20,25.57,88.5,1.274,353,0,1012,0
2020-02-10,06:30,25.64,88.2,1.051,0.517,0.051,1012,0
2020-02-10,06:40,25.76,88.1,1.258,56.9,1.079,1012,0
2020-02-10,06:50,25.57,88,1.468,60.29,4.808,1012,0
2020-02-10,07:00,25.59,88,0.9638,37.15,13.6,1013,0
2020-02-10,07:10,25.62,88.1,1.048,329.3,26.35,1013,0
2020-02-10,07:20,25.81,87.7,1.53,342.3,32.84,1013,0
2020-02-10,07:30,25.83,87.1,1.216,327.8,82.7,1013,0
2020-02-10,07:40,26.52,85.6,0.8471,355.9,183.8,1013,0
2020-02-10,07:50,26.94,83.3,1.005,345.3,123.3,1013,0
2020-02-10,08:00,27.22,82.1,1.056,342.2,216.2,1014,0
2020-02-10,08:10,27.39,81.1,1.205,357.7,196.8,1014,0
2020-02-10,08:20,27.67,80.8,1.187,353.7,248,1014,0
2020-02-10,08:30,27.56,80.2,1.104,350.2,175.6,1014,0
2020-02-10,08:40,27.06,81.3,1.332,11.53,172.6,1014,0
2020-02-10,08:50,27.33,82.8,0.9093,28.1,380.2,1014,0
2020-02-10,09:00,27.56,82.6,1.87,41.8,450.1,1014,0
2020-02-10,09:10,27.33,81.5,1.949,341.9,265.1,1014,0
2020-02-10,09:20,26.83,81.3,1.921,347.8,205.8,1014,0
2020-02-10,09:30,26.72,83,0.7881,1.508,353.9,1014,0
2020-02-10,09:40,27.83,82.1,0.8771,18.96,649,1014,0
2020-02-10,09:50,28.44,79.04,1.146,1.07,421.1,1015,0
2020-02-10,10:00,28.39,78.42,1.663,31.08,596,1015,0
2020-02-10,10:10,28.06,79.43,2.55,49.15,685.3,1015,0
2020-02-10,10:20,27.94,79.78,2.016,47.33,555.7,1015,0
2020-02-10,10:30,28.28,79.69,1.851,45.35,706.3,1015,0
2020-02-10,10:40,28.56,78.57,1.924,50.62,758.9,1015,0
2020-02-10,10:50,28.33,77.81,2.117,47.79,773.4,1014,0
2020-02-10,11:00,28.72,77.01,1.434,49.21,737.2,1014,0
2020-02-10,11:10,29.44,75.56,1.092,25.61,833,1014,0
2020-02-10,11:20,29.72,73.7,1.186,9.33,746.8,1014,0
2020-02-10,11:30,29.06,72.25,1.461,351.3,471.3,1014,0
2020-02-10,11:40,29.28,72.5,1.418,14.55,649.6,1014,0
2020-02-10,11:50,29.28,73.24,1.123,45.41,729.5,1014,0
2020-02-10,12:00,29.44,72.84,1.097,15.98,856,1014,0
2020-02-10,12:10,29.78,72.59,1.477,354,875,1014,0
2020-02-10,12:20,29.61,72.37,1.797,355.7,752.4,1014,0
2020-02-10,12:30,29.22,72.82,2.173,347.3,779,1014,0
2020-02-10,12:40,29.39,72.22,1.802,354.7,867,1013,0
2020-02-10,12:50,29.44,71.85,1.298,17.89,859,1013,0
2020-02-10,13:00,29.72,71.14,1.346,357.9,818,1013,0
2020-02-10,13:10,29.78,71.11,1.364,2.685,832,1013,0
2020-02-10,13:20,29.83,71.42,2.047,344.7,815,1013,0
2020-02-10,13:30,29.39,71,2.38,347.4,823,1013,0
2020-02-10,13:40,29.33,71.56,1.205,14.69,809,1013,0
2020-02-10,13:50,29.33,71.1,1.241,34.63,798.2,1013,0
2020-02-10,14:00,29.61,71.81,1.27,356.7,799.4,1013,0
2020-02-10,14:10,29.56,71.22,1.523,8.53,753.7,1012,0
2020-02-10,14:20,29.56,71.91,1.11,357.9,589.5,1012,0
2020-02-10,14:30,29.22,71.87,1.616,348.2,510.4,1012,0
2020-02-10,14:40,29.61,72.61,1.998,348.8,793.7,1012,0
2020-02-10,14:50,29.44,73.22,2.513,353.1,385,1012,0
2020-02-10,15:00,28.56,76.21,2.633,348,217.4,1012,0
2020-02-10,15:10,28.61,76.92,2.733,346.7,371,1012,0
2020-02-10,15:20,28.67,76.99,2.846,347,562.9,1012,0
2020-02-10,15:30,28.89,77.08,3.089,346,594.2,1012,0
2020-02-10,15:40,28.94,76.48,2.532,347,567.1,1012,0
2020-02-10,15:50,29.28,76.66,2.325,350.8,693,1012,0
2020-02-10,16:00,29.56,75.62,1.871,352.6,587.7,1012,0
2020-02-10,16:10,29.11,75.93,2.077,356.2,428.9,1012,0
2020-02-10,16:20,28.61,76.35,2.047,352.9,298.2,1012,0
2020-02-10,16:30,28.44,77.06,2.549,350.5,307.3,1013,0
2020-02-10,16:40,28.39,77.62,2.456,349.3,301.2,1013,0
2020-02-10,16:50,28.11,78.36,2.504,346.4,178.4,1013,0
2020-02-10,17:00,27.78,79.51,3.062,348.3,186.9,1013,0
2020-02-10,17:10,27.72,79.89,3.026,347.1,160.4,1013,0
2020-02-10,17:20,27.67,80.2,2.87,349.7,183.1,1013,0
2020-02-10,17:30,27.44,80.6,1.801,352.9,64.72,1013,0
2020-02-10,17:40,27,81.6,1.457,22.91,59.49,1013,0
2020-02-10,17:50,26.78,82.5,1.835,64.76,36.67,1013,0
2020-02-10,18:00,26.26,84,2.783,55.21,24.58,1013,0
2020-02-10,18:10,26.02,86.1,1.508,62.79,14.05,1013,0
2020-02-10,18:20,26.04,86.5,1.159,344,5.688,1014,0
2020-02-10,18:30,26.08,86.1,1.393,357.9,2.506,1014,0
2020-02-10,18:40,25.99,85.3,1.416,342.7,1.296,1014,0
2020-02-10,18:50,26.03,84.4,1.452,350,0.818,1014,0
2020-02-10,19:00,26.2,83.8,1.342,347.4,0.812,1014,0
2020-02-10,19:10,26.34,83.6,1.491,18,0.812,1014,0
2020-02-10,19:20,26.37,83.9,1.829,346.8,0.152,1014,0
2020-02-10,19:30,26.22,83.9,1.394,9.59,0,1014,0
2020-02-10,19:40,26.19,83.3,1.24,346,0,1015,0
2020-02-10,19:50,26.27,82.6,1.66,351.7,0,1015,0
2020-02-10,20:00,26.24,82.4,1.85,348.7,0,1015,0
2020-02-10,20:10,26.31,82.4,1.26,24.27,0,1015,0
2020-02-10,20:20,26.33,82.5,1.419,64.02,0,1015,0
2020-02-10,20:30,26.27,82.6,1.481,67.22,0,1015,0
2020-02-10,20:40,26.14,82,1.516,57.12,0,1015,0
2020-02-10,20:50,26.21,81.8,1.194,85.7,0,1015,0
2020-02-10,21:00,26.19,81.6,1.317,5.711,0,1015,0
2020-02-10,21:10,26.19,81.1,1.454,53.17,0,1015,0
2020-02-10,21:20,26.27,81.1,1.585,62.08,0,1015,0
2020-02-10,21:30,26.31,81.3,1.448,41.84,0,1015,0
2020-02-10,21:40,26.28,81.8,2.378,40.8,0,1016,0
2020-02-10,21:50,26.13,82,1.759,45.78,0,1016,0
2020-02-10,22:00,26.12,81.8,1.333,4.957,0,1016,0
2020-02-10,22:10,26.28,81.7,1.364,39.94,0,1016,0
2020-02-10,22:20,26.04,81.2,1.643,54.27,0,1016,0
2020-02-10,22:30,26.15,81.1,1.779,57.85,0,1016,0
2020-02-10,22:40,26.09,80.8,1.553,57.46,0,1016,0
2020-02-10,22:50,26.13,81.1,1.708,50.52,0,1016,0
2020-02-10,23:00,26.16,81.3,2.523,51.48,0,1016,0
2020-02-10,23:10,26.18,81.7,2.294,56.15,0,1016,0
2020-02-10,23:20,26.12,81.6,2.875,54.05,0,1015,0
2020-02-10,23:30,26.14,81.5,2.461,53.22,0,1015,0
2020-02-10,23:40,26.14,81.5,2.819,52.61,0,1015,0
2020-02-10,23:50,26.21,81.7,3.105,53.21,0,1015,0
2020-02-11,00:00,26.21,81.9,2.854,52.33,0,1015,0
2020-02-11,00:10,26.2,81.9,3.047,53.02,0,1015,0
2020-02-11,00:20,26.23,82,3.13,54.85,0,1015,0
2020-02-11,00:30,26.12,81.9,3.305,55.44,0,1015,0
2020-02-11,00:40,26.18,82.1,3.278,57.67,0,1015,0
2020-02-11,00:50,26.11,82.1,3.518,54.12,0,1015,0
2020-02-11,01:00,26.18,82.4,2.483,55.13,0,1014,0
2020-02-11,01:10,25.85,82.8,2.333,46.67,0,1015,0
2020-02-11,01:20,25.84,82.7,2.646,55.36,0,1014,0
2020-02-11,01:30,25.85,81.9,2.143,59.54,0,1014,0
2020-02-11,01:40,25.86,81,2.521,58.97,0,1014,0
2020-02-11,01:50,25.92,80.3,2.862,54.28,0,1014,0
2020-02-11,02:00,26,79.72,2.504,53.81,0,1014,0
2020-02-11,02:10,26,79.72,2.884,54.04,0,1014,0
2020-02-11,02:20,25.83,78.92,2.755,53.46,0,1014,0
2020-02-11,02:30,25.78,78.61,1.759,48.23,0,1014,0
2020-02-11,02:40,25.9,78.81,1.983,51.58,0,1014,0
2020-02-11,02:50,25.84,78.49,2.663,51.48,0,1014,0
2020-02-11,03:00,25.76,77.92,1.746,60.64,0,1014,0
2020-02-11,03:10,25.79,77.71,2.231,45.26,0,1014,0
2020-02-11,03:20,25.84,77.87,1.731,70.17,0,1014,0
2020-02-11,03:30,25.76,77.52,2.767,51.33,0,1014,0
2020-02-11,03:40,25.78,77.26,1.732,59.71,0,1014,0
2020-02-11,03:50,25.77,77.15,2.313,50.14,0,1014,0
2020-02-11,04:00,25.77,77.12,2.8,53.51,0,1013,0
2020-02-11,04:10,25.81,77.41,2.562,53.35,0,1013,0
2020-02-11,04:20,25.76,77.57,1.666,61.87,0,1013,0
2020-02-11,04:30,25.77,77.45,2.212,53.09,0,1013,0
2020-02-11,04:40,25.84,77.19,2.938,53.07,0,1014,0
2020-02-11,04:50,25.82,77.09,1.967,59.4,0,1014,0
2020-02-11,05:00,25.88,76.98,1.519,53.58,0,1014,0
2020-02-11,05:10,25.83,77.55,1.398,55.39,0.085,1014,0
2020-02-11,05:20,25.55,78.62,1.567,344.7,0.038,1014,0
2020-02-11,05:30,25.57,78.44,1.365,107.9,0,1014,0
2020-02-11,05:40,25.56,77.72,1.571,53.06,0,1015,0
2020-02-11,05:50,25.49,76.96,1.458,344.1,0,1015,0
2020-02-11,06:00,25.59,76.5,1.572,38.98,0,1015,0
2020-02-11,06:10,25.67,76.08,1.418,49.58,0,1015,0
2020-02-11,06:20,25.78,76.23,1.544,41,0,1016,0
2020-02-11,06:30,25.82,76.42,1.839,66.73,0,1016,0
2020-02-11,06:40,25.83,76.58,1.887,49.4,0.685,1016,0
2020-02-11,06:50,25.81,75.92,2.379,51,3.284,1016,0
2020-02-11,07:00,25.94,75.4,1.86,59.22,8.31,1016,0
2020-02-11,07:10,25.93,75.37,1.509,65.95,13.54,1016,0
2020-02-11,07:20,26.02,75.76,1.877,58.76,34.06,1017,0
2020-02-11,07:30,25.98,75.36,2.068,52.57,36.75,1017,0
2020-02-11,07:40,25.98,75.34,1.906,51.94,28.18,1017,0
2020-02-11,07:50,26.09,75.41,2.131,50.53,65.52,1017,0
2020-02-11,08:00,26.21,75.63,2.364,56.84,82.9,1017,0
2020-02-11,08:10,26.62,75.64,2.509,56.41,242.5,1017,0
2020-02-11,08:20,26.48,74.73,1.468,49.27,83.5,1017,0
2020-02-11,08:30,26.21,75.08,2.046,56.82,56.02,1017,0
2020-02-11,08:40,26.24,74.95,1.882,46.2,100.6,1018,0
2020-02-11,08:50,26.37,74.72,1.39,134.1,113.3,1018,0
2020-02-11,09:00,26.72,74.47,1.903,38.51,241.6,1018,0
2020-02-11,09:10,26.66,74.53,1.975,46.12,178.2,1018,0
2020-02-11,09:20,26.89,74.42,1.916,50.99,417.3,1018,0
2020-02-11,09:30,27.33,72.41,1.535,44.1,429.9,1018,0
2020-02-11,09:40,27.33,72.5,1.699,49.53,366.6,1018,0
2020-02-11,09:50,27.56,72.33,2.039,54.11,535.9,1018,0
2020-02-11,10:00,27.67,71.48,2.541,49.98,614.5,1018,0
2020-02-11,10:10,27.44,71.39,1.69,50.85,341,1018,0
2020-02-11,10:20,27.44,72.38,1.708,58.18,537,1018,0
2020-02-11,10:30,28.11,71.28,1.815,46.67,734.9,1018,0
2020-02-11,10:40,28.33,69.92,1.742,53.4,603.3,1018,0
2020-02-11,10:50,28.17,69.24,2.054,48.51,790.2,1018,0
2020-02-11,11:00,28.33,68.93,1.646,57,693.9,1018,0
2020-02-11,11:10,28.33,68.58,2.135,46.08,788.8,1018,0
2020-02-11,11:20,28.44,67.98,1.976,49.21,788.5,1017,0
2020-02-11,11:30,28.56,68.39,2.024,44.89,834,1017,0
2020-02-11,11:40,28.39,68.42,2.065,47.69,693.1,1017,0
2020-02-11,11:50,27.94,69.96,1.787,65.37,344.1,1017,0
2020-02-11,12:00,27.44,71.68,2.271,49.31,428.6,1017,0
2020-02-11,12:10,27.83,71.28,1.801,37.12,490.5,1017,0
2020-02-11,12:20,27.44,71.65,1.461,22.06,329.4,1017,0
2020-02-11,12:30,27.83,71.76,1.64,27.6,626.2,1017,0
2020-02-11,12:40,27.78,71.51,1.687,39.06,645.6,1016,0
2020-02-11,12:50,28,70.66,2.093,47.03,818,1017,0
2020-02-11,13:00,28.33,69.13,1.913,56.15,941,1016,0
2020-02-11,13:10,28.39,68.28,1.871,47.86,638.7,1016,0
2020-02-11,13:20,27.22,70.03,2.28,48.93,311.9,1016,0
2020-02-11,13:30,27.56,70.62,1.725,58.79,640.2,1016,0
2020-02-11,13:40,28.22,68.43,1.587,37.48,708,1016,0
2020-02-11,13:50,28.11,67.72,1.675,47.51,842,1016,0
2020-02-11,14:00,27.89,68,1.854,59.16,637.2,1016,0
2020-02-11,14:10,28.06,67.74,1.717,42.7,735.9,1016,0
2020-02-11,14:20,28,68.16,1.904,37.5,614.1,1016,0
2020-02-11,14:30,27.78,68.7,1.724,60.64,615.8,1016,0
2020-02-11,14:40,28,67.7,1.761,52.87,677,1016,0
2020-02-11,14:50,28,67.63,1.866,40.93,685.1,1015,0
2020-02-11,15:00,27.89,67.56,1.791,17.69,437.4,1015,0
2020-02-11,15:10,27.33,69.47,1.573,80.9,425.9,1015,0
2020-02-11,15:20,27.78,67.64,2.054,37.11,643.8,1015,0
2020-02-11,15:30,27.78,68.1,2.069,52.94,617.3,1015,0
2020-02-11,15:40,27.94,67.56,1.855,56.6,617.8,1015,0
2020-02-11,15:50,27.39,68.46,2.296,46.45,407.3,1015,0
2020-02-11,16:00,27.56,68.43,2.105,44.45,498.7,1015,0
2020-02-11,16:10,27.78,66.61,1.893,39.5,438.4,1016,0
2020-02-11,16:20,27.67,68.51,1.901,52.09,430.6,1015,0
2020-02-11,16:30,27.44,69.14,2.616,46.3,404.7,1016,0
2020-02-11,16:40,27.39,69.51,2.624,49.17,318.8,1016,0
2020-02-11,16:50,26.94,69.58,2.432,49.91,259.6,1016,0
2020-02-11,17:00,27.11,69.83,2.61,52.93,290.2,1016,0
2020-02-11,17:10,26.83,69.77,2.31,44.49,176.5,1016,0
2020-02-11,17:20,26.78,70.4,2.304,56.43,159.5,1016,0
2020-02-11,17:30,26.43,71.34,3.093,49.09,96.7,1016,0
2020-02-11,17:40,26.49,72.75,2.54,51.88,74.37,1016,0
2020-02-11,17:50,26.22,72.72,2.425,50.23,47.51,1016,0
2020-02-11,18:00,26.11,72.31,2.506,52.11,25.44,1016,0
2020-02-11,18:10,26.05,72.44,1.999,55.69,14.74,1016,0
2020-02-11,18:20,26.02,72.96,2.475,55.65,6.107,1016,0
2020-02-11,18:30,25.97,73.02,2.347,52.71,1.652,1016,0
2020-02-11,18:40,25.82,73.1,2.329,55.6,0.043,1016,0
2020-02-11,18:50,25.87,72.9,3.024,44.01,0,1016,0
2020-02-11,19:00,25.82,72.74,2.112,40.88,0,1016,0
2020-02-11,19:10,25.84,72.48,2.903,48.53,0,1017,0
2020-02-11,19:20,25.86,72.11,2.837,43.65,0,1017,0
2020-02-11,19:30,25.81,72.72,3.306,48.4,0,1017,0
2020-02-11,19:40,25.92,73.08,3.07,45.24,0,1017,0
2020-02-11,19:50,25.84,72.98,3.639,46.31,0,1017,0
2020-02-11,20:00,25.98,73.38,3.181,51.25,0,1017,0
2020-02-11,20:10,25.86,73.38,3.011,48.59,0,1017,0
2020-02-11,20:20,25.8,72.73,3.556,51.48,0,1017,0
2020-02-11,20:30,25.86,71.34,3.144,50.89,0,1017,0
2020-02-11,20:40,25.93,71.95,3.358,47.89,0,1017,0
2020-02-11,20:50,25.83,72.28,2.945,50.28,0,1017,0
2020-02-11,21:00,25.77,72.39,2.075,49.09,0,1017,0
2020-02-11,21:10,25.93,73.05,2.74,50.76,0,1018,0
2020-02-11,21:20,25.95,73.6,2.829,50.54,0,1018,0
2020-02-11,21:30,25.81,73.96,4.399,53.06,0,1018,0
2020-02-11,21:40,25.79,74.32,3.8,52.96,0,1018,0
2020-02-11,21:50,25.77,74.6,2.995,49.18,0,1018,0
2020-02-11,22:00,25.73,73.8,3.282,50.22,0,1018,0
2020-02-11,22:10,25.81,73.84,3.581,49.12,0,1018,0
2020-02-11,22:20,25.65,73.33,2.863,45.91,0,1018,0
2020-02-11,22:30,25.71,73.21,3.284,46.5,0,1018,0
2020-02-11,22:40,25.61,72.82,3.039,52.94,0,1018,0
2020-02-11,22:50,25.58,72.24,2.285,50.21,0,1018,0
2020-02-11,23:00,25.64,72.12,2.653,57.18,0,1018,0
2020-02-11,23:10,25.67,71.58,2.553,48.09,0,1018,0
2020-02-11,23:20,25.73,72.26,2.366,51.34,0,1018,0
2020-02-11,23:30,25.66,71.73,2.588,48.28,0,1018,0
2020-02-11,23:40,25.65,71.89,2.532,52.87,0,1018,0
2020-02-11,23:50,25.54,72.09,2.431,47.29,0,1018,0
2020-02-12,00:00,25.53,71.56,3.33,49.35,0,1018,0
2020-02-12,00:10,25.48,70.97,3.489,52.66,0,1018,0
2020-02-12,00:20,25.5,70.91,2.961,53.75,0,1018,0
2020-02-12,00:30,25.49,70.54,3.431,52.77,0,1018,0
2020-02-12,00:40,25.44,70.23,3.549,53.28,0,1018,0
2020-02-12,00:50,25.42,70.21,3.661,54.37,0,1018,0
2020-02-12,01:00,25.45,70.65,3.318,52.96,0,1018,0
2020-02-12,01:10,25.41,70.39,3.639,56.1,0,1018,0
2020-02-12,01:20,25.35,70.32,3.782,57.3,0,1018,0
2020-02-12,01:30,25.36,70.33,3.486,53.45,0,1018,0
2020-02-12,01:40,25.34,69.76,3.572,51.92,0,1018,0
2020-02-12,01:50,25.3,68.71,3.831,57.54,0,1017,0
2020-02-12,02:00,25.26,68.48,3.836,57.3,0,1017,0
2020-02-12,02:10,25.29,67.5,3.307,56.72,0,1017,0
2020-02-12,02:20,25.31,67.45,3.208,54.73,0,1017,0
2020-02-12,02:30,25.35,68.5,3.643,55.46,0,1017,0
2020-02-12,02:40,25.35,69.85,3.32,54.72,0,1017,0
2020-02-12,02:50,25.33,69.05,3.639,52.88,0,1017,0
2020-02-12,03:00,25.28,68.1,3.88,53.22,0,1017,0
2020-02-12,03:10,25.32,68.44,3.608,53,0,1017,0
2020-02-12,03:20,25.21,69.17,3.661,52.92,0,1017,0
2020-02-12,03:30,25.24,68.55,3.469,53.93,0,1017,0
2020-02-12,03:40,25.23,67.3,2.799,54.71,0,1017,0
2020-02-12,03:50,25.24,65.62,2.57,50.12,0,1017,0
2020-02-12,04:00,25.29,66.11,2.582,44.14,0,1017,0
2020-02-12,04:10,25.25,65.43,2.523,46.82,0,1017,0
2020-02-12,04:20,25.35,67.07,2.931,49.73,0,1017,0
2020-02-12,04:30,25.19,67.35,2.843,54.74,0,1016,0
2020-02-12,04:40,25.13,67,3.345,48.96,0,1016,0
2020-02-12,04:50,25.17,66.08,3.038,45.36,0,1016,0
2020-02-12,05:00,25.19,66.31,3.154,52.79,0,1016,0
2020-02-12,05:10,25.21,67.24,2.578,48.16,0,1016,0
2020-02-12,05:20,25.15,65.78,3.473,48.88,0,1017,0
2020-02-12,05:30,25.11,64.05,3.143,50.23,0,1017,0
2020-02-12,05:40,25.19,63.21,3.294,51.78,0,1017,0
2020-02-12,05:50,25.26,61.73,2.593,53.85,0,1017,0
2020-02-12,06:00,25.28,60.32,3.175,53.25,0,1017,0
2020-02-12,06:10,25.26,60.5,2.33,51.92,0,1017,0
2020-02-12,06:20,25.29,62.93,2.91,47.67,0,1017,0
2020-02-12,06:30,25.19,65.72,3.016,51.37,0.112,1017,0
2020-02-12,06:40,24.94,69.53,2.425,44.38,0.624,1017,0
2020-02-12,06:50,24.92,68.8,3.746,50.19,3.21,1017,0
2020-02-12,07:00,24.92,69.36,3.791,52.95,10.55,1018,0
2020-02-12,07:10,24.95,71.97,1.662,339.9,11.31,1018,0
2020-02-12,07:20,25.03,69.66,2.905,48.66,11.84,1018,0
2020-02-12,07:30,25.29,67.09,4.01,51.18,36.49,1018,0
2020-02-12,07:40,25.34,67.54,3.164,49.08,60.14,1018,0
2020-02-12,07:50,25.41,64.52,3.421,48.58,63.82,1018,0
2020-02-12,08:00,25.59,63.63,3.715,49.81,116.6,1019,0
2020-02-12,08:10,25.91,61.15,3.827,54.28,163.4,1019,0
2020-02-12,08:20,25.49,63.24,4.318,54.74,78.42,1019,0
2020-02-12,08:30,25.57,63.31,4.537,48.83,116.5,1019,0
2020-02-12,08:40,25.81,59.52,3.952,49.95,177.3,1019,0
2020-02-12,08:50,26.42,57.99,3.97,48.97,421.9,1019,0
2020-02-12,09:00,26.59,55.67,4.287,51.68,450.2,1020,0
2020-02-12,09:10,26.53,56.01,4.309,52.68,443.7,1020,0
2020-02-12,09:20,26.72,58.71,4.47,53.85,524.4,1020,0
2020-02-12,09:30,26.63,55.56,5.221,56.02,558.5,1020,0
2020-02-12,09:40,26.63,55.33,5.114,56.7,572.9,1020,0
2020-02-12,09:50,26.78,56.14,5.204,56.77,602.4,1020,0
2020-02-12,10:00,27,56.95,4.269,53.43,617.8,1020,0
2020-02-12,10:10,27,53.96,4.846,53.56,627.2,1020,0
2020-02-12,10:20,27.06,53.69,5.311,52.64,664.5,1019,0
2020-02-12,10:30,27.11,54.78,5.11,54.87,787.3,1019,0
2020-02-12,10:40,26.72,55.68,5.566,55.51,426.5,1019,0
2020-02-12,10:50,27,55.33,4.891,57.21,747.7,1019,0
2020-02-12,11:00,27.11,55.03,4.908,53.41,745,1019,0
2020-02-12,11:10,27.17,57.22,4.126,50.88,725.7,1019,0
2020-02-12,11:20,27.17,55.96,4.931,55.69,809,1019,0
2020-02-12,11:30,27.17,55.53,5.284,55.19,821,1019,0
2020-02-12,11:40,27.44,56.88,4.748,53.11,838,1019,0
2020-02-12,11:50,27.28,54.64,4.828,53.72,841,1019,0
2020-02-12,12:00,27.39,53.6,4.52,52.05,832,1019,0
2020-02-12,12:10,27.22,58.55,4.001,50.8,806,1018,0
2020-02-12,12:20,27.28,60.16,3.608,49.12,828,1018,0
2020-02-12,12:30,27.28,57.79,4.22,50.36,774.4,1018,0
2020-02-12,12:40,27.39,55.04,4.444,52.31,877,1018,0
2020-02-12,12:50,27.56,56.54,3.497,44.63,863,1018,0
2020-02-12,13:00,27.33,56.18,4.153,47.62,858,1017,0
2020-02-12,13:10,27.39,56.04,3.8,48.06,846,1017,0
2020-02-12,13:20,27.39,55.18,3.782,48.28,836,1017,0
2020-02-12,13:30,27.33,56.47,4.162,52.39,820,1017,0
2020-02-12,13:40,27.33,57.69,4.385,53.29,790.7,1017,0
2020-02-12,13:50,27.28,56.89,5.44,55.65,822,1017,0
2020-02-12,14:00,27.28,57.92,4.94,51.41,805,1016,0
2020-02-12,14:10,27.22,60.12,4.667,51.59,817,1016,0
2020-02-12,14:20,27,64.06,4.913,52.9,703.5,1016,0
2020-02-12,14:30,26.37,67.98,3.929,50.1,374.8,1016,0
2020-02-12,14:40,26.56,66.47,4.605,48.06,541.2,1016,0
2020-02-12,14:50,26.83,63.06,4.815,53.38,672.3,1016,0
2020-02-12,15:00,27.06,59.76,4.935,53.41,667.9,1016,0
2020-02-12,15:10,26.94,59.44,5.525,52.88,638,1016,0
2020-02-12,15:20,27,60.78,4.417,50.28,612.9,1016,0
2020-02-12,15:30,26.89,58.89,5.342,55.89,551.2,1016,0
2020-02-12,15:40,26.53,60.06,5.508,56.44,494,1016,0
2020-02-12,15:50,26.83,60.89,4.631,52.63,481.8,1016,0
2020-02-12,16:00,26.56,61.71,4.824,52.32,438.6,1016,0
2020-02-12,16:10,26.65,61.57,4.801,54.72,427.8,1016,0
2020-02-12,16:20,26.45,60.82,5.168,56.02,376.9,1016,0
2020-02-12,16:30,26.54,60.74,4.761,53.71,386.4,1016,0
2020-02-12,16:40,26.37,62.87,5.244,54.56,292,1016,0
2020-02-12,16:50,26.19,62.51,4.672,54.34,234.2,1016,0
2020-02-12,17:00,26.24,63.74,4.792,54.69,228.9,1016,0
2020-02-12,17:10,25.97,63.84,4.949,56.19,145.9,1016,0
2020-02-12,17:20,25.75,63.94,4.542,56.75,58.35,1016,0
2020-02-12,17:30,25.84,59.43,4.855,59.95,105.1,1016,0
2020-02-12,17:40,25.81,60.45,5.239,61.15,63.35,1016,0
2020-02-12,17:50,25.75,62.96,4.493,55.12,47.98,1016,0
2020-02-12,18:00,25.61,59.62,5.342,59.15,36.78,1017,0
2020-02-12,18:10,25.58,57.7,5.221,57.73,12.83,1017,0
2020-02-12,18:20,25.41,56.88,4.448,62.5,5.647,1017,0
2020-02-12,18:30,25.35,56.86,5.011,59.2,1.935,1017,0
2020-02-12,18:40,25.46,59.15,5.181,60.81,0.203,1017,0
2020-02-12,18:50,25.45,59.82,5.342,58.63,0,1017,0
2020-02-12,19:00,25.47,61.78,4.926,57.78,0,1017,0
2020-02-12,19:10,25.43,62.41,4.931,57.26,0,1017,0
2020-02-12,19:20,25.43,63.73,4.748,59.12,0,1017,0
2020-02-12,19:30,25.37,63.99,4.891,59.1,0,1018,0
2020-02-12,19:40,25.35,64.48,4.144,61.76,0,1018,0
2020-02-12,19:50,25.4,65.41,4.256,64.21,0,1018,0
2020-02-12,20:00,25.4,66.34,4.023,62.17,0,1018,0
2020-02-12,20:10,25.44,66.47,4.792,61.07,0,1018,0
2020-02-12,20:20,25.38,67.83,4.207,61.07,0,1018,0
2020-02-12,20:30,25.51,68.5,4.274,58.64,0,1018,0
2020-02-12,20:40,25.58,67.73,4.953,60.51,0,1018,0
2020-02-12,20:50,25.79,69.1,4.64,52.92,0,1018,0
2020-02-12,21:00,25.74,68.9,5.199,55,0,1018,0
2020-02-12,21:10,25.73,69.52,5.11,53.33,0,1018,0
2020-02-12,21:20,25.6,68.77,4.873,58.02,0,1018,0
2020-02-12,21:30,25.59,67.07,5.356,56.83,0,1018,0
2020-02-12,21:40,25.53,66.56,5.892,56.84,0,1018,0
2020-02-12,21:50,25.48,65.34,5.132,59.15,0,1019,0
2020-02-12,22:00,25.49,66.66,5.351,57.57,0,1019,0
2020-02-12,22:10,25.44,65.56,5.011,59.18,0,1019,0
2020-02-12,22:20,25.39,63.17,5.32,58.37,0,1019,0
2020-02-12,22:30,25.4,60.33,4.828,61.76,0,1019,0
2020-02-12,22:40,25.42,61.43,5.364,59.83,0,1019,0
2020-02-12,22:50,25.48,59.57,5.342,59.38,0,1019,0
2020-02-12,23:00,25.38,60.41,5.128,61.61,0,1018,0
2020-02-12,23:10,25.39,60.68,4.765,61.78,0,1018,0
2020-02-12,23:20,25.28,60.2,4.202,65.98,0,1018,0
2020-02-12,23:30,25.29,59.62,3.938,66.02,0,1018,0
2020-02-12,23:40,25.3,60.59,4.926,64.59,0,1018,0
2020-02-12,23:50,25.35,62.35,4.341,59.74,0,1018,0
2020-02-13,00:00,25.33,65.52,3.643,62.57,0,1018,0
2020-02-13,00:10,25.11,66.83,3.504,62.88,0,1018,0
2020-02-13,00:20,25.16,67.17,3.813,71.73,0,1018,0
2020-02-13,00:30,25.04,69.2,4.18,65.54,0,1018,0
2020-02-13,00:40,25.31,69.09,4.998,60.31,0,1018,0
2020-02-13,00:50,25.06,70.59,5.105,62.84,0,1018,0
2020-02-13,01:00,24.36,74.19,5.06,60.41,0,1018,0
2020-02-13,01:10,24.52,73.67,5.338,59.96,0,1018,0
2020-02-13,01:20,23.96,74.93,5.154,61.34,0.292,1018,0
2020-02-13,01:30,23.87,76.87,4.229,59.86,0.406,1017,0
2020-02-13,01:40,23.89,76.82,4.202,63.86,0.406,1017,0
2020-02-13,01:50,24.09,75.75,4.032,65.72,0.314,1017,0
2020-02-13,02:00,24.23,72.42,4.962,63.93,0,1017,0
2020-02-13,02:10,24.71,66.99,5.02,62.68,0,1017,0
2020-02-13,02:20,24.87,62.52,4.14,67.85,0,1017,0
2020-02-13,02:30,25.09,60.04,4.716,60.64,0,1017,0
2020-02-13,02:40,25.04,61.24,4.023,64.4,0,1017,0
2020-02-13,02:50,25.01,62.55,4.421,65.59,0,1017,0
2020-02-13,03:00,25.07,61.03,4.457,65.6,0,1017,0
2020-02-13,03:10,25.08,60.55,4.104,66.67,0,1017,0
2020-02-13,03:20,25.18,57.82,4.479,70.22,0,1017,0
2020-02-13,03:30,25.1,58.59,4.582,65.87,0,1016,0
2020-02-13,03:40,25.13,59.31,4.998,66.43,0,1016,0
2020-02-13,03:50,24.96,63.81,4.85,65.5,0,1016,0
2020-02-13,04:00,24.74,66.9,4.806,68.27,0,1016,0
2020-02-13,04:10,24.66,67.31,4.497,66.14,0,1016,0
2020-02-13,04:20,24.62,68.35,3.956,65.35,0,1016,0
2020-02-13,04:30,24.71,68.34,4.412,60.71,0,1016,0
2020-02-13,04:40,24.74,66.7,4.122,63.95,0,1017,0
2020-02-13,04:50,24.92,63.8,4.417,59.86,0,1017,0
2020-02-13,05:00,25.03,61.57,3.988,62.77,0,1017,0
2020-02-13,05:10,25.02,60.91,5.034,64.82,0,1017,0
2020-02-13,05:20,24.86,61.2,4.305,65.65,0,1017,0
2020-02-13,05:30,25.09,59.59,4.502,61.71,0,1017,0
2020-02-13,05:40,25.17,61.94,4.041,62.11,0,1017,0
2020-02-13,05:50,25.26,61.66,4.698,61.19,0,1017,0
2020-02-13,06:00,25.33,62.31,4.658,59.18,0,1017,0
2020-02-13,06:10,25.32,64.26,4.819,62.8,0,1017,0
2020-02-13,06:20,25.27,62.48,4.895,60.41,0,1017,0
2020-02-13,06:30,25.25,61.74,5.002,60.83,0.047,1017,0
2020-02-13,06:40,25.09,62.6,4.694,66.16,1.533,1018,0
2020-02-13,06:50,24.98,62.21,4.667,71.73,5.56,1018,0
2020-02-13,07:00,24.91,61.2,4.475,68.68,17.07,1018,0
2020-02-13,07:10,25.02,60.3,4.198,66.1,28.84,1018,0
2020-02-13,07:20,25.11,60.19,4.184,67.66,59.03,1018,0
2020-02-13,07:30,25.22,60.43,4.068,67.64,88.4,1018,0
2020-02-13,07:40,25.22,61.33,3.916,67.29,96.7,1018,0
2020-02-13,07:50,25.33,60.79,4.287,64.78,104.1,1018,0
2020-02-13,08:00,25.44,60.09,4.26,61.45,110,1018,0
2020-02-13,08:10,25.77,59.74,4.895,64.68,201.7,1018,0
2020-02-13,08:20,25.77,59.57,4.546,64.36,135,1018,0
2020-02-13,08:30,25.84,61.79,3.599,61.8,180.6,1019,0
2020-02-13,08:40,25.88,61.4,4.493,62.44,115.6,1019,0
2020-02-13,08:50,26.04,63.3,4.497,57.97,199.7,1019,0
2020-02-13,09:00,25.87,65.08,4.908,59.04,135.4,1019,0
2020-02-13,09:10,25.8,66.92,4.931,56.65,180.3,1019,0
2020-02-13,09:20,25.87,66.24,5.034,62.58,168.2,1019,0
2020-02-13,09:30,25.94,65.96,4.989,59.83,225.8,1019,0
2020-02-13,09:40,26.13,65.83,4.377,62.69,236.7,1019,0
2020-02-13,09:50,26.29,62.8,4.757,61.09,305.8,1019,0
2020-02-13,10:00,26.29,64.87,4.318,60.5,181.1,1019,0
2020-02-13,10:10,26.18,66.06,4.645,63.56,213.2,1019,0
2020-02-13,10:20,26.45,64.11,4.631,59.63,338.6,1019,0
2020-02-13,10:30,26.83,60.56,5.807,60.89,451.2,1019,0
2020-02-13,10:40,26.5,61.66,5.364,59.78,316.9,1019,0
2020-02-13,10:50,27.39,60.26,5.378,60.13,876,1019,0
2020-02-13,11:00,27.5,62.28,5.101,53.38,828,1018,0
2020-02-13,11:10,27.5,61.57,4.94,55.93,828,1019,0
2020-02-13,11:20,27.5,61.33,5.347,58.96,814,1018,0
2020-02-13,11:30,27.56,59.4,5.999,67.06,838,1018,0
2020-02-13,11:40,27.17,61.63,5.78,59.83,544.2,1018,0
2020-02-13,11:50,27.44,62.23,5.132,64.51,835,1018,0
2020-02-13,12:00,27.61,59.84,6.017,63.86,791.4,1018,0
2020-02-13,12:10,27.17,61.89,5.601,62.63,662.9,1018,0
2020-02-13,12:20,27.61,59.63,5.566,61.67,883,1018,0
2020-02-13,12:30,27.56,58.05,5.463,66.62,807,1018,0
2020-02-13,12:40,27.56,57.55,6.178,66.68,868,1017,0
2020-02-13,12:50,27.89,58.74,5.293,63.41,893,1017,0
2020-02-13,13:00,27.83,59.18,5.19,57.64,876,1017,0
2020-02-13,13:10,27.67,58.19,5.087,64.05,795.5,1017,0
2020-02-13,13:20,27.94,56.69,5.329,66.07,794.7,1017,0
2020-02-13,13:30,27.72,59.14,5.083,57.59,776,1017,0
2020-02-13,13:40,27.83,57.08,5.49,59.29,881,1017,0
2020-02-13,13:50,27.83,57.2,5.476,61.33,846,1017,0
2020-02-13,14:00,27.89,59.38,4.47,60.22,602,1016,0
2020-02-13,14:10,27,61.12,5.168,55.96,497.9,1016,0
2020-02-13,14:20,27.72,59.55,5.387,67.24,760.7,1016,0
2020-02-13,14:30,27.61,58.61,5.432,55.79,704.5,1016,0
2020-02-13,14:40,27.33,61.9,5.096,61.02,506.5,1016,0
2020-02-13,14:50,26.94,64.57,4.193,57.71,296.3,1016,0
2020-02-13,15:00,26.4,67.32,4.573,55.1,424,1016,0
2020-02-13,15:10,26.53,66.21,4.435,54.7,374.1,1016,0
2020-02-13,15:20,26.72,63.56,4.748,56.18,319.5,1016,0
2020-02-13,15:30,26.94,60.11,5.481,55.34,395.3,1015,0
2020-02-13,15:40,27.06,58.65,5.467,57.93,388.7,1015,0
2020-02-13,15:50,27.44,56.84,5.476,57.28,546.4,1015,0
2020-02-13,16:00,27.44,56.99,4.967,61.15,476.4,1015,0
2020-02-13,16:10,27.39,57,5.454,60.9,464.2,1015,0
2020-02-13,16:20,27.22,59.91,5.472,61.76,390.2,1015,0
2020-02-13,16:30,27.06,61.63,4.895,64.4,325.5,1015,0
2020-02-13,16:40,26.94,61.72,5.02,59.93,338.4,1016,0
2020-02-13,16:50,26.83,62.94,5.101,62.27,302,1016,0
2020-02-13,17:00,26.66,63.54,4.681,56.37,266.2,1016,0
2020-02-13,17:10,26.67,64.52,4.596,61.32,232.8,1016,0
2020-02-13,17:20,26.26,65.91,5.02,67.2,127,1016,0
2020-02-13,17:30,26.21,66.25,5.458,57.93,125.7,1016,0
2020-02-13,17:40,25.61,68.1,5.633,66.19,109.5,1016,0
2020-02-13,17:50,25.81,68.29,4.935,60.7,77.46,1016,0
2020-02-13,18:00,25.72,68.96,5.262,61.02,50.43,1016,0
2020-02-13,18:10,25.57,67.1,5.029,62.13,22.29,1016,0
2020-02-13,18:20,25.43,69.63,4.524,63.17,8.84,1016,0
2020-02-13,18:30,25.25,70.42,4.502,63.81,1.25,1016,0
2020-02-13,18:40,25.43,69.25,4.806,63.84,0.142,1016,0
2020-02-13,18:50,25.59,65.52,5.087,64.96,0,1016,0
2020-02-13,19:00,25.69,66.17,4.725,68.46,0,1016,0
2020-02-13,19:10,25.81,65.39,4.98,65.19,0,1016,0
2020-02-13,19:20,25.81,64.48,3.974,64.27,0,1017,0
2020-02-13,19:30,25.69,63.78,3.603,66.37,0,1017,0
2020-02-13,19:40,25.66,63.84,4.475,67.05,0,1017,0
2020-02-13,19:50,25.59,63.06,4.752,64.32,0,1017,0
2020-02-13,20:00,25.64,61.95,4.663,63.88,0,1017,0
2020-02-13,20:10,25.54,62.94,4.77,70.54,0,1017,0
2020-02-13,20:20,25.59,62.85,4.9,68.52,0,1017,0
2020-02-13,20:30,25.61,63.21,4.788,67.8,0,1017,0
2020-02-13,20:40,25.68,64.02,4.18,63.46,0,1017,0
2020-02-13,20:50,25.7,64.49,4.484,69.88,0,1017,0
2020-02-13,21:00,25.69,65.2,4.43,64.77,0,1017,0
2020-02-13,21:10,25.77,65.02,4.622,62.35,0,1017,0
2020-02-13,21:20,25.72,65.02,4.274,66.16,0,1017,0
2020-02-13,21:30,25.64,65.3,4.721,64.64,0,1017,0
2020-02-13,21:40,25.71,65.78,4.417,62.91,0,1017,0
2020-02-13,21:50,25.78,67.14,3.769,62.51,0,1017,0
2020-02-13,22:00,25.75,66.78,4.144,58.53,0,1017,0
2020-02-13,22:10,25.79,67.46,4.77,60.02,0,1017,0
2020-02-13,22:20,25.87,67.53,4.184,61.23,0,1017,0
2020-02-13,22:30,25.89,67.08,5.181,56.17,0,1017,0
2020-02-13,22:40,25.86,67.71,4.497,57.61,0,1017,0
2020-02-13,22:50,25.86,66.73,4.917,61.53,0,1017,0
2020-02-13,23:00,25.94,66.09,5.159,64.09,0,1017,0
2020-02-13,23:10,25.82,67.01,4.64,64.53,0,1017,0
2020-02-13,23:20,25.69,68.6,4.399,62.08,0,1017,0
2020-02-13,23:30,25.7,69.33,4.426,62.11,0,1017,0
2020-02-13,23:40,25.64,70.06,4.064,66.97,0,1017,0
2020-02-13,23:50,25.78,69.7,4.792,61.77,0,1017,0
2020-02-14,00:00,25.83,67.78,5.217,67.32,0,1017,0
2020-02-14,00:10,25.85,68.01,4.368,64.63,0,1017,0
2020-02-14,00:20,25.89,65.93,4.837,65.41,0,1017,0
2020-02-14,00:30,25.9,64.93,4.931,63,0,1017,0
2020-02-14,00:40,25.72,64.94,4.761,67.08,0,1017,0
2020-02-14,00:50,25.48,65.3,4.345,70.09,0,1017,0
2020-02-14,01:00,25.43,65.83,4.837,65.61,0,1017,0
2020-02-14,01:10,25.63,66.55,4.689,63.58,0,1017,0
2020-02-14,01:20,25.63,68.52,3.943,67.68,0,1017,0
2020-02-14,01:30,25.43,69.58,4.385,64.49,0,1017,0
2020-02-14,01:40,25.43,68.57,3.938,64.27,0,1017,0
2020-02-14,01:50,25.44,69.25,4.399,62.32,0,1017,0
2020-02-14,02:00,25.51,68.36,4.989,59.44,0,1017,0
2020-02-14,02:10,25.45,65.89,4.739,63.38,0,1017,0
2020-02-14,02:20,25.57,65.32,4.421,63.24,0,1017,0
2020-02-14,02:30,25.53,65.54,4.801,64.81,0,1017,0
2020-02-14,02:40,25.66,65.43,5.418,62.39,0,1017,0
2020-02-14,02:50,25.67,65.76,4.819,59.43,0,1017,0
2020-02-14,03:00,25.76,62.29,4.877,61.49,0,1017,0
2020-02-14,03:10,25.67,63,5.226,66.38,0,1017,0
2020-02-14,03:20,25.64,64.91,4.345,63.31,0,1017,0
2020-02-14,03:30,25.62,65.11,4.859,62.38,0,1017,0
2020-02-14,03:40,25.54,63.35,5.204,64.28,0,1017,0
2020-02-14,03:50,25.51,63.03,4.301,64.82,0,1016,0
2020-02-14,04:00,25.62,60.2,4.976,64.81,0,1016,0
2020-02-14,04:10,25.7,58.97,4.573,66.9,0,1016,0
2020-02-14,04:20,25.64,58.52,4.613,67.77,0,1016,0
2020-02-14,04:30,25.6,58.09,4.336,70.52,0,1016,0
2020-02-14,04:40,25.54,59.49,4.43,66.91,0,1016,0
2020-02-14,04:50,25.54,60.92,4.658,65.71,0,1016,0
2020-02-14,05:00,25.38,62.16,3.813,68.92,0,1016,0
2020-02-14,05:10,25.35,63.05,4.126,65.7,0,1016,0
2020-02-14,05:20,25.56,64.5,3.876,65.78,0,1017,0
2020-02-14,05:30,25.52,65.8,4.372,68.89,0,1017,0
2020-02-14,05:40,25.54,66.16,4.555,64.41,0,1017,0
2020-02-14,05:50,25.52,67.07,4.014,69.19,0,1017,0
2020-02-14,06:00,25.24,68.98,3.88,68.84,0,1017,0
2020-02-14,06:10,25.27,68.55,4.336,67.47,0,1017,0
2020-02-14,06:20,25.25,68.29,4.055,66.03,0,1017,0
2020-02-14,06:30,25.29,67.55,4.171,70.88,0.112,1017,0
2020-02-14,06:40,25.32,68.62,3.724,65.56,1.748,1017,0
2020-02-14,06:50,25.49,69.08,4.569,66.71,4.965,1017,0
2020-02-14,07:00,25.49,67.68,4.166,68.54,10.76,1017,0
2020-02-14,07:10,25.44,69.28,4.068,66.86,16.42,1018,0
2020-02-14,07:20,25.43,70.42,4.126,66.23,41.48,1018,0
2020-02-14,07:30,25.7,70.72,4.292,66.43,101.3,1018,0
2020-02-14,07:40,25.87,68.4,4.949,69.7,93.3,1018,0
2020-02-14,07:50,25.99,66.45,5.083,66.37,122.1,1018,0
2020-02-14,08:00,26.11,67.81,4.596,65.65,160.7,1018,0
2020-02-14,08:10,26.31,68.01,5.297,64.51,222.5,1018,0
2020-02-14,08:20,26.25,65.46,5.405,71.08,173.6,1018,0
2020-02-14,08:30,26.43,66.55,4.417,65.35,243.5,1018,0
2020-02-14,08:40,26.58,66.43,4.779,61.43,290.7,1018,0
2020-02-14,08:50,26.5,66.01,5.856,71.22,285.2,1018,0
2020-02-14,09:00,26.44,67.12,5.405,70.18,223.8,1018,0
2020-02-14,09:10,26.89,66.3,4.989,57.69,456.5,1018,0
2020-02-14,09:20,27.11,62.38,5.467,64.45,439.1,1018,0
2020-02-14,09:30,27.33,60.71,5.655,63.74,552.3,1018,0
2020-02-14,09:40,27.39,62.49,5.19,64.4,481,1018,0
2020-02-14,09:50,27.5,63.9,5.262,59.36,625.9,1018,0
2020-02-14,10:00,27.72,64.85,4.882,68.33,593.9,1018,0
2020-02-14,10:10,27.44,64.81,5.199,59.86,512.2,1018,0
2020-02-14,10:20,27.78,62.16,4.689,63.77,546.1,1018,0
2020-02-14,10:30,27.89,60.5,4.855,60.66,633.8,1018,0
2020-02-14,10:40,27.78,58.47,6.044,60.52,677.9,1018,0
2020-02-14,10:50,28,58.7,4.689,66.17,579.6,1018,0
2020-02-14,11:00,27.67,60.15,5.302,57.86,515.5,1018,0
2020-02-14,11:10,27.94,58.87,5.186,58.11,655.7,1018,0
2020-02-14,11:20,27.78,58.86,4.976,64.74,477,1018,0
2020-02-14,11:30,28.11,59.05,5.418,66.43,812,1018,0
2020-02-14,11:40,28.11,57.42,5.592,66,715.6,1018,0
2020-02-14,11:50,28.33,56.08,5.378,55.89,806,1017,0
2020-02-14,12:00,28.33,55.85,5.199,61.52,819,1017,0
2020-02-14,12:10,28.28,55.13,5.883,58.95,862,1017,0
2020-02-14,12:20,28.22,55.86,5.499,59.41,686.5,1017,0
2020-02-14,12:30,28.33,56.32,5.338,63.99,814,1017,0
2020-02-14,12:40,28.28,53.89,5.722,57.66,836,1016,0
2020-02-14,12:50,28.44,51.2,5.534,63.28,858,1016,0
2020-02-14,13:00,28.72,52.42,5.288,63.33,901,1016,0
2020-02-14,13:10,28.67,56.12,4.475,62.09,750.3,1016,0
2020-02-14,13:20,28.33,56.13,5.235,59.87,638.6,1016,0
2020-02-14,13:30,28.17,57.5,5.141,60.75,651.4,1016,0
2020-02-14,13:40,28.33,58.59,4.466,63.15,633.2,1016,0
2020-02-14,13:50,27.89,59.52,5.302,61.59,562.4,1016,0
2020-02-14,14:00,28.11,59.8,5.329,63.02,551.7,1015,0
2020-02-14,14:10,28.06,60.53,5.06,64.17,608.6,1015,0
2020-02-14,14:20,28.17,60.64,5.195,64.44,623.7,1015,0
2020-02-14,14:30,28.11,60.81,5.302,59.34,636.1,1015,0
2020-02-14,14:40,27.83,62.92,4.908,57.57,454.3,1015,0
2020-02-14,14:50,27.72,64.42,4.484,62.46,531.3,1015,0
2020-02-14,15:00,27.72,64.05,5.539,64.94,438.8,1015,0
2020-02-14,15:10,27.56,65.32,4.944,62.5,407.7,1015,0
2020-02-14,15:20,27.28,66.7,4.882,55.63,412.8,1014,0
2020-02-14,15:30,27.39,67.76,4.922,56.11,391.1,1014,0
2020-02-14,15:40,27.11,66.97,5.11,54.62,312.2,1015,0
2020-02-14,15:50,27.17,65.92,5.382,66.2,395,1015,0
2020-02-14,16:00,27.06,68.99,5.128,65.74,256.2,1015,0
2020-02-14,16:10,25.16,74.3,5.016,59.27,150.1,1015,0
2020-02-14,16:20,25.07,72.74,4.739,55.96,177.2,1015,0
2020-02-14,16:30,25.53,73.09,3.751,59.1,169.2,1015,0
2020-02-14,16:40,25.82,73.85,3.33,56.85,158.9,1015,0
2020-02-14,16:50,25.78,75.17,3.612,58.36,129.2,1015,0
2020-02-14,17:00,25.88,75.37,3.903,63.37,129.4,1015,0
2020-02-14,17:10,26.11,73.7,4.077,64.12,134.2,1015,0
2020-02-14,17:20,26.29,67.38,5.275,65.68,107.2,1015,0
2020-02-14,17:30,26.45,67.81,5.275,64.7,126.2,1015,0
2020-02-14,17:40,26.51,67.86,5.584,62.43,82.3,1015,0
2020-02-14,17:50,26.29,69.89,4.846,66.43,42.68,1015,0
2020-02-14,18:00,26.27,70.21,4.596,63.75,30.93,1015,0
2020-02-14,18:10,26.1,71.57,5.177,61.03,14.02,1015,0
2020-02-14,18:20,25.61,71.79,5.002,63.6,6.215,1015,0
2020-02-14,18:30,25.69,70.07,4.542,66.39,2.935,1015,0
2020-02-14,18:40,25.88,69.42,5.114,58.89,0.505,1015,0
2020-02-14,18:50,26.01,69.25,5.043,62.95,0,1016,0
2020-02-14,19:00,25.98,69.59,4.882,59.11,0,1016,0
2020-02-14,19:10,25.92,69.62,4.162,70.17,0,1016,0
2020-02-14,19:20,25.97,70.31,4.086,64.6,0,1016,0
2020-02-14,19:30,25.96,69.53,4.444,64.07,0,1016,0
2020-02-14,19:40,25.92,70.11,4.605,63.91,0,1016,0
2020-02-14,19:50,25.84,71.4,4.622,61.81,0,1016,0
2020-02-14,20:00,25.84,71.47,4.05,64.5,0,1016,0
2020-02-14,20:10,25.93,71.35,4.484,64.35,0,1016,0
2020-02-14,20:20,25.88,70.46,5.141,63.77,0,1016,0
2020-02-14,20:30,25.9,70.49,4.511,62.46,0,1016,0
2020-02-14,20:40,25.98,69.67,4.895,62.35,0,1016,0
2020-02-14,20:50,26.08,70.03,4.555,60.78,0,1016,0
2020-02-14,21:00,26.07,69.34,5.029,57.85,0,1016,0
2020-02-14,21:10,26.06,68.63,4.944,64.4,0,1016,0
2020-02-14,21:20,25.96,67.62,4.569,64.9,0,1017,0
2020-02-14,21:30,25.99,68.15,4.479,63.6,0,1017,0
2020-02-14,21:40,26.14,68.12,5.396,62.42,0,1017,0
2020-02-14,21:50,26.06,67.04,4.591,66.43,0,1017,0
2020-02-14,22:00,25.88,67.61,4.327,66.89,0,1017,0
2020-02-14,22:10,25.7,66.54,4.6,65.17,0,1017,0
2020-02-14,22:20,25.75,63.78,4.493,66.54,0,1017,0
2020-02-14,22:30,25.65,64.35,3.688,68.36,0,1017,0
2020-02-14,22:40,25.77,68.14,4.162,65.53,0,1017,0
2020-02-14,22:50,25.91,69.99,4.314,62.59,0,1017,0
2020-02-14,23:00,25.85,69.02,5.002,66.16,0,1017,0
2020-02-14,23:10,25.71,67.26,4.591,63.86,0,1017,0
2020-02-14,23:20,25.58,68.21,4.385,63.8,0,1017,0
2020-02-14,23:30,25.69,68.94,4.149,63.63,0,1017,0
2020-02-14,23:40,25.55,70.39,4.408,68.62,0,1017,0
2020-02-14,23:50,25.43,69.62,4.484,71.45,0,1017,0
2020-02-15,00:00,25.55,68.27,4.417,71.75,0,1017,0
2020-02-15,00:10,25.71,68.26,4.949,71.18,0,1017,0
2020-02-15,00:20,25.79,69.09,4.591,68.09,0,1017,0
2020-02-15,00:30,25.78,71.2,4.354,63.15,0,1017,0
2020-02-15,00:40,25.55,71.41,4.484,64.75,0.123,1017,0
2020-02-15,00:50,25.43,72.52,4.081,73.35,0.244,1017,0
2020-02-15,01:00,25.52,70.5,4.488,71.97,0.034,1017,0
2020-02-15,01:10,25.77,67.74,3.453,70.04,0,1017,0
2020-02-15,01:20,25.74,69.48,3.116,77.47,0,1017,0
2020-02-15,01:30,25.57,70.98,2.558,67.74,0,1017,0
2020-02-15,01:40,25.66,71.15,3.337,63.52,0,1016,0
2020-02-15,01:50,25.34,73.51,4.068,72.11,0.204,1016,1
2020-02-15,02:00,24.18,78.07,2.882,83.9,0.328,1016,0
2020-02-15,02:10,24.26,79.6,3.378,79.53,0.402,1016,0
2020-02-15,02:20,24.34,79.28,3.965,72.88,0.406,1016,0
2020-02-15,02:30,24.48,78.16,4.305,72.21,0.271,1016,0
2020-02-15,02:40,24.69,78.1,3.191,73.99,0.115,1016,0
2020-02-15,02:50,24.55,79.73,2.66,73.46,0.406,1016,0
2020-02-15,03:00,24.73,81.6,3.496,61.41,0.406,1016,0
2020-02-15,03:10,24.47,82.2,2.765,73.1,0.406,1016,0
2020-02-15,03:20,24.38,80.9,3.555,74.3,0.259,1016,0
2020-02-15,03:30,24.94,74.94,4.73,68.14,0,1016,0
2020-02-15,03:40,25.18,71.4,4.573,72.66,0,1016,0
2020-02-15,03:50,25.23,70.06,4.52,71.76,0,1016,0
2020-02-15,04:00,25.23,70.18,4.725,74.37,0,1016,0
2020-02-15,04:10,25.29,68.92,5.016,72.82,0,1016,0
2020-02-15,04:20,25.46,69.28,5.932,76.47,0,1016,0
2020-02-15,04:30,25.46,67.91,5.794,77.06,0,1016,0
2020-02-15,04:40,25.44,64.18,5.391,76.86,0,1016,0
2020-02-15,04:50,25.75,58.26,5.736,72.62,0,1016,0
2020-02-15,05:00,25.86,56.3,5.195,70.31,0,1016,0
2020-02-15,05:10,25.95,54.33,4.421,71.94,0,1016,0
2020-02-15,05:20,25.76,56.26,4.023,69.26,0,1016,0
2020-02-15,05:30,25.51,59.69,3.67,71.07,0,1016,0
2020-02-15,05:40,25.39,60.03,2.992,73.26,0,1016,0
2020-02-15,05:50,25.41,58.15,3.031,73.01,0,1016,0
2020-02-15,06:00,25.51,57.98,3.666,72.53,0,1016,0
2020-02-15,06:10,25.48,58.86,2.936,68.94,0,1016,0
2020-02-15,06:20,25.28,61.5,2.799,77.14,0,1017,0
2020-02-15,06:30,25.15,63.4,2.718,70.86,0.11,1017,0
2020-02-15,06:40,25.23,62.3,3.027,76.78,1.304,1017,0
2020-02-15,06:50,25.42,61.44,3.44,75.23,3.791,1017,0
2020-02-15,07:00,25.57,61.07,3.569,76.45,8.62,1017,0
2020-02-15,07:10,25.59,62.37,3.477,68.88,15.08,1017,0
2020-02-15,07:20,25.63,62.79,3.652,73.48,30.99,1017,0
2020-02-15,07:30,25.94,62.68,3.818,69.41,123.7,1017,0
2020-02-15,07:40,26.44,62.83,3.921,72.77,158.3,1017,0
2020-02-15,07:50,26.39,63.63,3.791,69.69,158.5,1017,0
2020-02-15,08:00,26.62,63.24,4.037,70.17,213.5,1017,0
2020-02-15,08:10,26.89,59.22,4.01,68.59,249.4,1018,0
2020-02-15,08:20,27.06,60.81,4.354,72.44,294.7,1017,0
2020-02-15,08:30,27.11,62.42,5.101,71.44,334.2,1017,0
2020-02-15,08:40,27.22,61.06,4.801,76.01,364.4,1018,0
2020-02-15,08:50,27.5,58.32,4.819,78.9,402.9,1018,0
2020-02-15,09:00,27.56,58.5,5.105,79.08,440.8,1018,0
2020-02-15,09:10,27.78,59.46,4.707,71.87,479.5,1018,0
2020-02-15,09:20,27.72,58.93,4.967,72.07,511,1018,0
2020-02-15,09:30,27.89,59.35,4.989,67.78,551.5,1018,0
2020-02-15,09:40,28,59.02,4.385,71.79,580,1018,0
2020-02-15,09:50,27.94,60.12,4.824,68.92,601.8,1018,0
2020-02-15,10:00,28.06,60.52,4.725,63.92,643.8,1018,0
2020-02-15,10:10,28.22,61.49,4.426,69.24,644.6,1018,0
2020-02-15,10:20,28,63.36,4.801,64.53,658,1018,0
2020-02-15,10:30,28,63.32,5.007,63.33,612.8,1018,0
2020-02-15,10:40,28,62.71,4.917,62.58,708.3,1018,0
2020-02-15,10:50,28.22,63.16,4.833,66.38,735,1018,0
2020-02-15,11:00,28.06,63.37,5.516,66.93,756.3,1017,0
2020-02-15,11:10,28.17,64.21,4.958,62.52,717.8,1017,0
2020-02-15,11:20,28.33,64.56,4.685,69.75,823,1017,0
2020-02-15,11:30,28.33,66.9,4.448,63.52,832,1017,0
2020-02-15,11:40,28.22,61.32,5.297,64.27,774,1017,0
2020-02-15,11:50,28.22,59.98,4.931,77.87,821,1017,0
2020-02-15,12:00,28.22,60.53,5.284,74.66,912,1017,0
2020-02-15,12:10,28.5,60.58,5.025,72.1,766.9,1017,0
2020-02-15,12:20,28.28,61.54,5.114,77.51,803,1016,0
2020-02-15,12:30,28.17,62.56,5.472,75.59,706.9,1016,0
2020-02-15,12:40,27.89,65.04,4.757,54.02,474.6,1016,0
2020-02-15,12:50,26.5,73.72,4.672,74.46,619,1016,0
2020-02-15,13:00,27.06,73.3,5.074,72.43,791.8,1016,0
2020-02-15,13:10,27,72.72,3.639,59.41,560.1,1016,0
2020-02-15,13:20,27.17,71.85,4.269,60.5,718.4,1016,0
2020-02-15,13:30,27.44,71.66,4.274,56.91,575.4,1015,0
2020-02-15,13:40,26.35,69.03,5.329,67.87,443.2,1015,0
2020-02-15,13:50,26.72,67.65,5.329,62.64,547.8,1015,0
2020-02-15,14:00,26.35,71.65,5.485,68.47,427.2,1015,0
2020-02-15,14:10,25.37,75.56,4.689,89.7,167.8,1015,0
2020-02-15,14:20,25.43,77.26,3.403,66.22,290.2,1015,0
2020-02-15,14:30,26.31,75.81,3.473,69.33,434.2,1014,0
2020-02-15,14:40,26.89,73.24,4.582,73.89,551.4,1014,0
2020-02-15,14:50,27.39,69.49,4.354,73.29,575.9,1014,0
2020-02-15,15:00,27.83,64.34,4.788,70.64,535.3,1014,0
2020-02-15,15:10,27.72,63.61,5.083,65.99,436.9,1014,0
2020-02-15,15:20,27.56,64.9,4.493,62.68,227,1014,0
2020-02-15,15:30,27.39,64.76,4.694,67.51,275.3,1014,0
2020-02-15,15:40,27.44,64.89,4.533,65.31,270.6,1014,0
2020-02-15,15:50,27.44,65.48,5.011,70.79,292,1014,0
2020-02-15,16:00,27.39,65.43,4.877,72.77,369.6,1014,0
2020-02-15,16:10,27.44,65.74,4.779,66.45,360.8,1014,0
2020-02-15,16:20,27.39,64.13,5.212,71.26,364.6,1014,0
2020-02-15,16:30,27.33,66.12,5.364,60.23,317.8,1014,0
2020-02-15,16:40,27.17,66.97,5.432,62.23,274.4,1014,0
2020-02-15,16:50,27.17,67.23,4.707,65.85,243.5,1014,0
2020-02-15,17:00,27.06,67.8,4.752,59.16,201.3,1014,0
2020-02-15,17:10,27,67.6,4.707,60.74,170,1014,0
2020-02-15,17:20,26.89,67.25,4.649,58.67,159.9,1014,0
2020-02-15,17:30,26.94,66.57,4.658,63.49,159.5,1015,0
2020-02-15,17:40,26.89,66.8,4.52,59.77,128.2,1015,0
2020-02-15,17:50,26.72,67.43,4.327,58.49,82.3,1015,0
2020-02-15,18:00,26.63,67.58,4.479,57.21,57.76,1015,0
2020-02-15,18:10,26.5,67.86,4.05,58.2,34.68,1015,0
2020-02-15,18:20,26.46,70.03,4.712,59.24,21.98,1015,0
2020-02-15,18:30,26.12,72.47,4.591,61.62,9.55,1015,0
2020-02-15,18:40,25.9,72.46,4.073,64.51,2.544,1015,0
2020-02-15,18:50,25.83,73.4,3.813,59.73,0,1015,0
2020-02-15,19:00,25.86,74.4,4.529,68.05,0,1015,0
2020-02-15,19:10,25.64,74.23,4.922,66.04,0,1015,0
2020-02-15,19:20,25.63,74.4,4.131,65,0,1015,0
2020-02-15,19:30,25.56,74.76,3.304,69.51,0,1016,0
2020-02-15,19:40,25.54,74.87,4.47,68.46,0,1016,0
2020-02-15,19:50,25.61,73.99,4.198,69,0,1016,0
2020-02-15,20:00,25.73,74.44,3.809,66.07,0,1016,0
2020-02-15,20:10,25.77,74.44,4.175,64.53,0,1016,0
2020-02-15,20:20,25.87,74.72,4.059,68.25,0,1016,0
2020-02-15,20:30,25.74,74.64,4.144,68.17,0,1016,0
2020-02-15,20:40,25.76,74.78,3.929,65.88,0,1016,0
2020-02-15,20:50,25.78,75.07,3.853,69.36,0,1016,0
2020-02-15,21:00,25.81,74.76,4.904,76.08,0,1016,0
2020-02-15,21:10,25.62,74.72,5.454,73.18,0,1016,0
2020-02-15,21:20,25.67,74.82,4.408,69.73,0,1017,0
2020-02-15,21:30,25.92,75.52,3.693,67.23,0,1016,0
2020-02-15,21:40,25.75,75.99,4.269,68.96,0,1017,0
2020-02-15,21:50,25.82,75.68,4.882,69.82,0,1017,0
2020-02-15,22:00,25.88,75.64,4.475,70.13,0,1017,0
2020-02-15,22:10,25.91,76.07,3.706,66.63,0,1017,0
2020-02-15,22:20,25.84,76.25,4.403,71.48,0,1017,0
2020-02-15,22:30,25.86,75.29,4.636,65.82,0,1017,0
2020-02-15,22:40,25.8,73.87,5.065,70.02,0,1017,0
2020-02-15,22:50,25.92,73.68,4.672,66.83,0,1017,0
2020-02-15,23:00,25.88,73.37,4.345,67.3,0,1017,0
2020-02-15,23:10,25.9,73.03,3.675,68.27,0,1017,0
2020-02-15,23:20,26.03,71.59,4.515,65.9,0,1017,0
2020-02-15,23:30,26.11,70.16,5.15,66.59,0,1017,0
2020-02-15,23:40,26.17,69.38,4.408,60.93,0,1017,0
2020-02-15,23:50,26.03,69.73,4.403,69.24,0,1017,0
2020-02-16,00:00,25.94,70.12,4.605,65.35,0,1017,0
2020-02-16,00:10,26.08,68.87,4.672,64.66,0,1017,0
2020-02-16,00:20,26.2,66.47,4.309,64.58,0,1017,0
2020-02-16,00:30,26.13,67.04,4.797,62.97,0,1016,0
2020-02-16,00:40,25.91,69.66,4.596,69.51,0,1016,0
2020-02-16,00:50,25.59,72.33,4.01,66.91,0,1016,0
2020-02-16,01:00,25.53,72.53,3.746,67.93,0,1016,0
2020-02-16,01:10,25.54,72.96,3.831,67.12,0,1016,0
2020-02-16,01:20,25.72,73.18,3.791,63.51,0,1016,0
2020-02-16,01:30,25.79,73.87,3.701,66.28,0,1016,0
2020-02-16,01:40,25.86,74.44,4.184,65.77,0,1016,0
2020-02-16,01:50,25.89,73.02,4.417,67.06,0,1016,0
2020-02-16,02:00,26.09,68.29,4.251,73.84,0,1016,0
2020-02-16,02:10,26.23,65.64,4.126,67.37,0,1016,0
2020-02-16,02:20,26.36,63.32,4.453,68.82,0,1016,0
2020-02-16,02:30,26.24,65.31,4.551,70.58,0,1016,0
2020-02-16,02:40,26.13,66.27,4.953,67.26,0,1016,0
2020-02-16,02:50,26.15,67.11,4.171,69.28,0,1016,0
2020-02-16,03:00,26.04,69.85,4.381,66.98,0,1016,0
2020-02-16,03:10,25.79,71.39,4.828,71.02,0,1016,0
2020-02-16,03:20,25.67,72.31,3.769,66.1,0,1016,0
2020-02-16,03:30,25.49,73.1,3.912,62.59,0,1015,0
2020-02-16,03:40,25.46,74.17,3.988,65.48,0,1015,0
2020-02-16,03:50,25.44,74.74,3.831,64.62,0,1015,0
2020-02-16,04:00,25.54,74.66,3.468,66.25,0,1015,0
2020-02-16,04:10,25.66,73.93,4.439,68.49,0,1015,0
2020-02-16,04:20,25.72,72.44,4.104,71.94,0,1015,0
2020-02-16,04:30,25.8,72.53,4.059,71.84,0,1015,0
2020-02-16,04:40,25.71,72.64,4.824,72.77,0,1015,0
2020-02-16,04:50,25.56,72.73,3.751,67.88,0,1015,0
2020-02-16,05:00,25.54,72.35,4.081,68.41,0,1015,0
2020-02-16,05:10,25.67,71.66,4.005,74.4,0,1015,0
2020-02-16,05:20,25.63,70.38,4.265,71.96,0,1015,0
2020-02-16,05:30,25.78,66.99,4.135,67.04,0,1016,0
2020-02-16,05:40,25.88,65.41,4.663,66.98,0,1016,0
2020-02-16,05:50,25.96,64.22,4.649,71.32,0,1016,0
2020-02-16,06:00,26.07,62.33,4.873,73.19,0,1016,0
2020-02-16,06:10,25.99,62.11,3.898,75.99,0,1016,0
2020-02-16,06:20,26.15,58.87,4.806,72.83,0,1016,0
2020-02-16,06:30,26.41,57.1,5.405,71.21,0,1016,0
2020-02-16,06:40,26.21,62.03,4.931,74.2,0.815,1016,0
2020-02-16,06:50,26.1,62.73,4.426,71,4.589,1016,0
2020-02-16,07:00,26.1,62.28,4.162,71.05,12.47,1016,0
2020-02-16,07:10,26.23,60.22,4.895,73.88,31.24,1016,0
2020-02-16,07:20,26.43,58.51,5.15,71.86,51.56,1016,0
2020-02-16,07:30,26.78,56.94,4.73,78.82,116.1,1016,0
2020-02-16,07:40,27.17,54.16,5.454,73.12,146.8,1016,0
2020-02-16,07:50,27.17,55.72,4.908,82,160.6,1016,0
2020-02-16,08:00,27.28,57.46,4.877,82.5,211.8,1016,0
2020-02-16,08:10,26.89,60.29,5.217,83.5,75.45,1017,0
2020-02-16,08:20,26.89,64.99,5.016,74.64,236.1,1017,0
2020-02-16,08:30,27.11,64.11,6.178,76.16,271.5,1017,0
2020-02-16,08:40,27.33,62.79,5.485,78.26,347.8,1017,0
2020-02-16,08:50,27.44,63.42,4.926,82.5,406.5,1017,0
2020-02-16,09:00,27.61,59.9,6.236,86,433.9,1017,0
2020-02-16,09:10,27.83,59.48,5.418,81.1,440.4,1017,0
2020-02-16,09:20,27.83,57.14,5.664,79.05,424.5,1017,0
2020-02-16,09:30,27.78,57.62,5.879,79.37,351.5,1017,0
2020-02-16,09:40,27.67,58.88,5.28,80.6,356.2,1017,0
2020-02-16,09:50,28.22,57.59,6.057,80.2,656.1,1017,0
2020-02-16,10:00,28.44,58.15,5.597,76.56,634.5,1017,0
2020-02-16,10:10,28.5,59.41,5.758,71.91,670.9,1017,0
2020-02-16,10:20,28.56,60.27,5.373,75.92,706.5,1017,0
2020-02-16,10:30,28.89,62.42,4.314,72.28,728.1,1017,0
2020-02-16,10:40,28.89,58.23,5.145,71.93,738.8,1017,0
2020-02-16,10:50,28.61,57.34,6.008,70.53,758.9,1017,0
2020-02-16,11:00,28.83,56.17,5.615,83.6,780.2,1017,0
2020-02-16,11:10,28.83,56.32,5.834,87.3,798.2,1016,0
2020-02-16,11:20,29,56.82,5.744,79.21,770.7,1016,0
2020-02-16,11:30,28.67,59.56,5.467,83.1,598.9,1016,0
2020-02-16,11:40,28.67,62.98,4.457,66.2,675.8,1016,0
2020-02-16,11:50,28.78,64.95,5.025,76.14,852,1016,0
2020-02-16,12:00,28.56,65.52,5.999,81,825,1016,0
2020-02-16,12:10,27.67,67.8,5.776,73.65,484.8,1015,0
2020-02-16,12:20,27.44,69.54,4.573,78.62,762.9,1015,0
2020-02-16,12:30,28.06,66.91,4.94,73.78,615.6,1015,0
2020-02-16,12:40,27.22,71.72,5.025,71.84,301.9,1015,0
2020-02-16,12:50,27.61,70.05,5.105,82.8,592.5,1015,0
2020-02-16,13:00,28.06,64.85,7.224,76.42,860,1015,0
2020-02-16,13:10,28.11,66.24,6.446,82.7,863,1015,0
2020-02-16,13:20,28.06,66.44,6.393,78.64,727.5,1015,0
2020-02-16,13:30,28.39,66.39,6.124,75.24,741.4,1015,0
2020-02-16,13:40,28.17,69.6,5.472,82,727.8,1014,0
2020-02-16,13:50,28.17,68.27,6.312,75.33,787.1,1015,0
2020-02-16,14:00,28,68.54,5.575,75.21,561.8,1014,0
2020-02-16,14:10,28.56,65.89,5.588,85.6,802,1014,0
2020-02-16,14:20,28.22,67.57,6.245,69.35,691.3,1014,0
2020-02-16,14:30,28.28,66.58,5.584,70.82,759.5,1014,0
2020-02-16,14:40,28.33,67.99,5.838,74.46,665.8,1014,0
2020-02-16,14:50,28.22,66.86,5.315,80.6,685.6,1014,0
2020-02-16,15:00,28.5,66.41,4.582,76.82,660.7,1014,0
2020-02-16,15:10,28.11,67.83,5.356,78.63,500.9,1014,0
2020-02-16,15:20,28,67.48,5.762,66.14,478.6,1014,0
2020-02-16,15:30,28,67.98,5.253,71.12,455.7,1013,0
2020-02-16,15:40,28.28,66.54,4.962,79.48,584.6,1013,0
2020-02-16,15:50,28.28,64.89,4.824,76.52,540.4,1014,0
2020-02-16,16:00,28.11,65.93,5.154,61.92,432.4,1013,0
2020-02-16,16:10,28,66.66,5.101,77.98,467.9,1013,0
2020-02-16,16:20,28,69.79,4.757,74.45,441.9,1014,0
2020-02-16,16:30,27.78,69.63,5.002,73.98,387.3,1014,0
2020-02-16,16:40,27.72,68.08,4.466,72.22,317.1,1014,0
2020-02-16,16:50,27.61,68.44,5.324,69.43,305.1,1014,0
2020-02-16,17:00,27.44,68.06,5.405,65.36,271.7,1014,0
2020-02-16,17:10,27.56,67.34,4.993,66.43,252.5,1014,0
2020-02-16,17:20,27.33,68.19,4.716,71.21,172.1,1014,0
2020-02-16,17:30,27.44,68.61,4.399,76.7,195.7,1014,0
2020-02-16,17:40,27,70.04,4.247,73.44,73.15,1014,0
2020-02-16,17:50,26.83,70.96,4.707,68.27,71,1014,0
2020-02-16,18:00,26.72,71.76,4.305,66.53,38.49,1014,0
2020-02-16,18:10,26.56,71.4,4.855,69.75,23.65,1014,0
2020-02-16,18:20,26.53,71.22,4.372,68.49,7.239,1014,0
2020-02-16,18:30,26.47,71.78,4.104,71.29,2.413,1014,0
2020-02-16,18:40,26.41,72.16,3.608,69.23,0.367,1014,0
2020-02-16,18:50,26.46,72.99,4.131,66.66,0,1014,0
2020-02-16,19:00,26.43,72.4,4.609,65.15,0,1014,0
2020-02-16,19:10,26.44,72.14,4.439,67.81,0,1014,0
2020-02-16,19:20,26.48,71.88,4.448,70.13,0,1014,0
2020-02-16,19:30,26.49,71.09,4.824,67.08,0,1014,0
2020-02-16,19:40,26.52,72,4.707,63.83,0,1015,0
2020-02-16,19:50,26.45,73.02,3.585,63.4,0,1015,0
2020-02-16,20:00,26.32,73.25,3.907,68.91,0,1015,0
2020-02-16,20:10,26.32,72.6,4.868,68.16,0,1015,0
2020-02-16,20:20,26.27,72.88,4.667,69.21,0,1015,0
2020-02-16,20:30,26.22,71.78,4.225,69.1,0,1015,0
2020-02-16,20:40,26.15,71.34,4.028,69.24,0,1015,0
2020-02-16,20:50,26.21,71.9,3.988,71.4,0,1015,0
2020-02-16,21:00,26.2,72.89,4.064,66.93,0,1015,0
2020-02-16,21:10,26.14,71.56,4.359,69.96,0,1015,0
2020-02-16,21:20,26.14,71.44,3.648,68.73,0,1015,0
2020-02-16,21:30,26.13,72.83,3.746,69.01,0,1015,0
2020-02-16,21:40,26.08,73.27,3.916,72.73,0,1015,0
2020-02-16,21:50,26.21,73.1,3.916,70.85,0,1015,0
2020-02-16,22:00,26.22,73.3,4.247,68.69,0,1015,0
2020-02-16,22:10,26.27,73.68,3.531,67.87,0,1015,0
2020-02-16,22:20,26.17,74.61,3.885,68.48,0,1015,0
2020-02-16,22:30,25.82,75.38,4.949,70.47,0,1015,0
2020-02-16,22:40,25.94,75.77,4.681,70.26,0,1015,0
2020-02-16,22:50,25.96,75.53,4.363,70.85,0,1015,0
2020-02-16,23:00,25.97,75.16,4.618,72.91,0,1015,0
2020-02-16,23:10,26.04,75.3,3.804,71.56,0,1015,0
2020-02-16,23:20,26.06,75.81,4.046,73.52,0,1015,0
2020-02-16,23:30,25.88,75.53,4.256,69.97,0,1015,0
2020-02-16,23:40,25.97,75.48,4.05,71.4,0.003,1015,0
2020-02-16,23:50,25.77,75.39,4.806,77.05,0.045,1015,0
2020-02-17,00:00,25.69,75.99,4.073,71.98,0,1015,0
2020-02-17,00:10,25.79,76.64,2.871,74.09,0,1015,0
2020-02-17,00:20,26.06,76.83,3.889,69.15,0.005,1015,0
2020-02-17,00:30,26.09,76.57,5.154,69.84,0,1015,0
2020-02-17,00:40,25.99,75.66,5.141,77.96,0,1015,0
2020-02-17,00:50,25.93,75.6,4.095,75.09,0,1015,0
2020-02-17,01:00,25.85,76.21,3.661,74.14,0,1015,0
2020-02-17,01:10,25.76,76.39,3.813,71.71,0,1015,0
2020-02-17,01:20,25.74,76.23,3.862,70.67,0,1015,0
2020-02-17,01:30,25.82,76.47,4.122,75.44,0.32,1015,0
2020-02-17,01:40,25.5,77.61,3.486,72.35,0.807,1015,0
2020-02-17,01:50,25.58,77.55,3.35,71.66,0.807,1015,0
2020-02-17,02:00,25.53,77.04,3.581,69.89,0.812,1015,0
2020-02-17,02:10,25.52,76.49,3.171,72.2,0.811,1015,0
2020-02-17,02:20,25.63,76.78,3.845,70.81,0.8,1015,0
2020-02-17,02:30,25.61,76.93,3.28,74.95,0.701,1015,0
2020-02-17,02:40,25.73,75.83,3.697,71.85,0.524,1015,0
2020-02-17,02:50,25.79,75.22,3.182,70.32,0.417,1015,0
2020-02-17,03:00,25.76,75.13,3.516,66.21,0.406,1015,0
2020-02-17,03:10,25.76,75.88,3.822,66.77,0.406,1014,0
2020-02-17,03:20,25.62,76.53,3.724,70.91,0.417,1014,0
2020-02-17,03:30,25.13,78.7,3.178,70.1,0.406,1014,0
2020-02-17,03:40,25.12,79.63,3.222,72.15,0.406,1014,0
2020-02-17,03:50,25.26,78.56,3.305,65.75,0.406,1014,0
2020-02-17,04:00,25.33,77.86,3.085,66.96,0.406,1014,0
2020-02-17,04:10,25.43,77.12,3.675,65.49,0.405,1014,0
2020-02-17,04:20,25.39,76.46,3.408,65.2,0.406,1014,0
2020-02-17,04:30,25.37,75.52,3.71,69.72,0.406,1014,0
2020-02-17,04:40,25.43,74.15,3.284,64.93,0.401,1014,0
2020-02-17,04:50,25.52,74.15,3.224,65.1,0.406,1014,0
2020-02-17,05:00,25.57,74.18,3.688,67.7,0.406,1014,0
2020-02-17,05:10,25.52,74.15,3.067,65.95,0.405,1014,0
2020-02-17,05:20,25.55,74.71,3.697,64.92,0.405,1014,0
2020-02-17,05:30,25.58,74.87,3.448,65.27,0.406,1014,0
2020-02-17,05:40,25.44,75.24,3.067,66.6,0.406,1014,0
2020-02-17,05:50,25.39,75.88,2.923,65.54,0.406,1015,0
2020-02-17,06:00,25.51,75.89,3.457,62.59,0.404,1015,0
2020-02-17,06:10,25.61,75.75,3.309,67.18,0.405,1015,0
2020-02-17,06:20,25.69,75.76,3.652,67.37,0.406,1015,0
2020-02-17,06:30,24.99,78.17,4.868,63.36,0.566,1015,0
2020-02-17,06:40,24.58,81.4,3.836,67.02,1.717,1015,0
2020-02-17,06:50,24.7,82.4,3.401,76.85,5.422,1015,0
2020-02-17,07:00,24.84,82.7,3.114,69.82,11.64,1015,0
2020-02-17,07:10,25.16,82.2,3.23,67.47,52.19,1015,0
2020-02-17,07:20,25.36,79.43,3.992,82.6,63.06,1015,0
2020-02-17,07:30,25.46,73.08,4.283,79.06,33.48,1015,0
2020-02-17,07:40,25.67,69.81,4.144,85.8,49.1,1015,0
2020-02-17,07:50,25.87,69.16,4.041,83,82.3,1015,0
2020-02-17,08:00,26.21,68.53,3.983,83,133.1,1016,0
2020-02-17,08:10,26.61,66.94,4.502,82.8,225.3,1016,0
2020-02-17,08:20,27,65.51,4.917,88.7,284.6,1015,0
2020-02-17,08:30,27.22,64.06,4.761,84.8,301.5,1016,0
2020-02-17,08:40,27.33,64.7,4.435,83.4,342.4,1016,0
2020-02-17,08:50,27.56,63.53,4.725,77.77,379,1016,0
2020-02-17,09:00,27.56,61.64,5.432,83,450,1016,0
2020-02-17,09:10,27.39,62.92,5.432,86.4,288.4,1016,0
2020-02-17,09:20,27.33,64.3,4.605,84.6,283.1,1016,0
2020-02-17,09:30,27.17,65.07,4.511,78.11,223.1,1016,0
2020-02-17,09:40,26.72,70.61,3.679,76.42,243.5,1016,0
2020-02-17,09:50,27.11,71.17,4.309,85.3,444.3,1016,0
2020-02-17,10:00,27.33,70.81,4.385,89.4,525.8,1016,0
2020-02-17,10:10,27.83,68.02,4.032,93.2,640.2,1016,0
2020-02-17,10:20,28,65.64,5.266,95.8,696.3,1016,0
2020-02-17,10:30,28.33,65.06,4.605,86.8,615.1,1016,0
2020-02-17,10:40,27.83,66.46,4.837,81.8,528.5,1016,0
2020-02-17,10:50,28.5,61.42,5.597,75.4,797.3,1016,0
2020-02-17,11:00,28.5,61.03,5.387,81.7,779.4,1016,0
2020-02-17,11:10,28.83,61.84,4.649,83.2,745.6,1016,0
2020-02-17,11:20,28.56,62.63,5.011,78.87,753.6,1015,0
2020-02-17,11:30,28.61,62.62,5.78,70.83,886,1015,0
2020-02-17,11:40,28.72,62.72,5.646,73.62,896,1015,0
2020-02-17,11:50,28.61,63.79,4.949,85.1,691.5,1015,0
2020-02-17,12:00,28.39,65.74,4.372,76.72,324.4,1015,0
2020-02-17,12:10,27.89,68.21,4.613,76.54,564.1,1015,0
2020-02-17,12:20,28.39,64.78,5.275,75.96,887,1015,0
2020-02-17,12:30,28.39,65.38,5.293,83.5,882,1014,0
2020-02-17,12:40,28.78,64.14,4.989,65.12,842,1014,0
2020-02-17,12:50,28.67,64.27,5.016,72.73,874,1014,0
2020-02-17,13:00,28.83,61.34,4.967,69.78,840,1014,0
2020-02-17,13:10,28.72,62.64,4.828,80.1,887,1014,0
2020-02-17,13:20,28.61,61.5,5.092,72.14,853,1014,0
2020-02-17,13:30,28.72,62.41,4.479,75.97,845,1014,0
2020-02-17,13:40,28.83,61.79,4.336,68.93,844,1014,0
2020-02-17,13:50,28.94,61.5,4.43,82.6,836,1014,0
2020-02-17,14:00,28.61,60.91,4.833,79.45,821,1014,0
2020-02-17,14:10,28.89,61.71,4.399,68.69,778.1,1013,0
2020-02-17,14:20,28.89,61.64,4.26,70.14,715.8,1013,0
2020-02-17,14:30,28.67,63.53,4.618,76.17,563.6,1013,0
2020-02-17,14:40,28.17,65.43,4.211,57.14,449.4,1013,0
2020-02-17,14:50,28.72,63.67,3.862,70.78,686.4,1013,0
2020-02-17,15:00,28.39,65.07,4.824,70.41,458,1013,0
2020-02-17,15:10,27.22,70.67,6.04,74.42,293.8,1013,0
2020-02-17,15:20,25.81,73.98,5.186,67.82,287,1013,0
2020-02-17,15:30,26.66,71.24,3.921,72.31,358,1013,0
2020-02-17,15:40,27.17,69.2,4.233,65.97,365.2,1013,0
2020-02-17,15:50,27.28,70.36,3.67,61.12,283.3,1013,0
2020-02-17,16:00,27.44,71.03,3.538,59.04,303.4,1013,0
2020-02-17,16:10,27.78,70.22,3.643,56.08,362.8,1013,0
2020-02-17,16:20,27.56,70.84,3.191,62.49,186.9,1013,0
2020-02-17,16:30,27.56,71.25,3.185,61.64,199.9,1013,0
2020-02-17,16:40,27.17,71.72,4.104,75.32,119.9,1013,0
2020-02-17,16:50,26.59,73.36,3.191,85.5,79.35,1013,0
2020-02-17,17:00,26.72,74.09,3.055,80.3,176.7,1013,0
2020-02-17,17:10,27.28,72.94,3.572,84.7,272.5,1013,0
2020-02-17,17:20,27.39,72.54,3.225,69.51,212,1013,0
2020-02-17,17:30,27.06,71.73,4.028,65.76,96.2,1013,0
2020-02-17,17:40,26.94,71.6,3.464,64.64,86.6,1013,0
2020-02-17,17:50,27,71.68,3.213,69.43,69.88,1013,0
2020-02-17,18:00,26.89,70.76,4.028,69.62,49.01,1014,0
2020-02-17,18:10,26.83,71.31,3.135,67.38,26.02,1014,0
2020-02-17,18:20,26.62,71.33,3.634,69.72,9.04,1014,0
2020-02-17,18:30,26.53,71.42,3.43,64.21,3.039,1014,0
2020-02-17,18:40,26.47,72.11,3.33,67.58,0.885,1014,0
2020-02-17,18:50,26.46,72.56,3.067,69.51,0.352,1014,0
2020-02-17,19:00,26.39,72.54,3.219,65.95,0.118,1014,0
2020-02-17,19:10,26.36,72.61,3.643,63.63,0.059,1014,0
2020-02-17,19:20,26.34,72.42,3.311,67.37,0.02,1014,0
2020-02-17,19:30,26.23,72.72,3.413,66.7,0.054,1014,0
2020-02-17,19:40,26.23,72.94,3.561,67.72,0.043,1014,0
2020-02-17,19:50,26.29,73.32,3.393,66.01,0.047,1014,0
2020-02-17,20:00,26.22,73.58,3.331,65.68,0.087,1014,0
2020-02-17,20:10,26.09,73.27,3.447,68.98,0.027,1015,0
2020-02-17,20:20,26.04,73.24,2.932,69.16,0.015,1015,0
2020-02-17,20:30,26.01,73.09,3.145,66.48,0.011,1015,0
2020-02-17,20:40,26.02,73.05,3.128,71.3,0,1015,0
2020-02-17,20:50,26.12,73.64,2.646,69.59,0.003,1015,0
2020-02-17,21:00,26.17,74.18,3.571,73.49,0.015,1015,0
2020-02-17,21:10,26.04,73.86,2.922,69.05,0.005,1015,0
2020-02-17,21:20,25.99,74.21,2.862,73.46,0.003,1015,0
2020-02-17,21:30,25.98,74.63,3.208,70.82,0.001,1015,0
2020-02-17,21:40,25.89,74.67,2.875,67.05,0,1015,0
2020-02-17,21:50,26.29,75.46,2.923,63.54,0,1015,0
2020-02-17,22:00,26.22,76.09,3.212,66.91,0.056,1015,0
2020-02-17,22:10,26.07,76.57,3.135,68.64,0.001,1015,0
2020-02-17,22:20,25.85,76.34,3.309,70.81,0,1015,0
2020-02-17,22:30,25.6,75.52,2.941,68.56,0,1015,0
2020-02-17,22:40,25.56,74.45,3.065,70.89,0,1015,0
2020-02-17,22:50,25.69,74.28,2.569,65.65,0,1015,0
2020-02-17,23:00,25.76,74.39,2.994,71.02,0,1015,0
2020-02-17,23:10,25.74,74.23,2.769,66.47,0,1015,0
2020-02-17,23:20,25.75,74.38,3.3,73.89,0,1015,0
2020-02-17,23:30,25.74,74.14,3.148,71.64,0,1015,0
2020-02-17,23:40,25.68,73.92,2.94,70.9,0,1015,0
2020-02-17,23:50,25.72,73.49,3.576,67.31,0,1015,0
2020-02-18,00:00,25.71,73.21,3.293,68.9,0,1015,0
2020-02-18,00:10,25.71,73.43,3.204,65.63,0,1015,0
2020-02-18,00:20,25.69,73.9,3.323,67.15,0,1015,0
2020-02-18,00:30,25.82,74.27,3.238,67.7,0,1015,0
2020-02-18,00:40,25.91,73.94,3.715,67.69,0,1015,0
2020-02-18,00:50,25.82,73.66,3.128,69.3,0,1015,0
2020-02-18,01:00,25.83,74.3,3.581,65.95,0,1015,0
2020-02-18,01:10,25.75,74.5,3.308,66.65,0,1015,0
2020-02-18,01:20,25.71,74.87,2.893,71.56,0,1015,0
2020-02-18,01:30,25.67,75.14,3.185,67.48,0,1015,0
2020-02-18,01:40,25.65,75.07,3.098,68.26,0,1014,0
2020-02-18,01:50,25.54,75.18,2.56,67.01,0,1014,0
2020-02-18,02:00,25.54,75.44,3.046,67.49,0,1014,0
2020-02-18,02:10,25.56,75.1,2.875,66.76,0,1014,0
2020-02-18,02:20,25.51,74.45,3.041,70.1,0,1014,0
2020-02-18,02:30,25.58,74.44,3.078,65.14,0,1014,0
2020-02-18,02:40,25.71,74.91,2.8,65.5,0,1014,0
2020-02-18,02:50,25.72,75.34,3.133,66.86,0,1014,0
2020-02-18,03:00,25.64,75.27,3.275,67.64,0,1014,0
2020-02-18,03:10,25.65,75.38,3.44,68.08,0,1014,0
2020-02-18,03:20,25.59,75.19,3.087,69.14,0,1014,0
2020-02-18,03:30,25.61,75.31,3.259,66.41,0,1014,0
2020-02-18,03:40,25.53,75.1,3.469,69.62,0,1014,0
2020-02-18,03:50,25.63,75.21,3.228,62.75,0,1014,0
2020-02-18,04:00,25.49,74.84,3.516,63.99,0,1014,0
2020-02-18,04:10,25.41,75.05,3.109,71.69,0,1014,0
2020-02-18,04:20,25.44,75.01,3.206,68.24,0,1014,0
2020-02-18,04:30,25.45,75.3,2.661,66.72,0,1014,0
2020-02-18,04:40,25.65,75.34,3.17,64.94,0,1013,0
2020-02-18,04:50,25.63,75.21,3.296,66.43,0,1013,0
2020-02-18,05:00,25.74,74.98,3.724,66.26,0,1014,0
2020-02-18,05:10,25.7,74.13,4.099,66.52,0,1013,0
2020-02-18,05:20,25.82,74.01,3.014,64.26,0,1013,0
2020-02-18,05:30,25.82,75.13,3.193,72.77,0,1013,0
2020-02-18,05:40,25.78,75.26,3.409,67.2,0,1013,0
2020-02-18,05:50,25.66,72.66,4.546,68.69,0,1013,0
2020-02-18,06:00,25.66,72.06,4.081,68.16,0,1014,0
2020-02-18,06:10,25.64,71.28,3.983,70.3,0,1014,0
2020-02-18,06:20,25.56,70.98,3.267,69.18,0,1014,0
2020-02-18,06:30,25.58,70.64,3.416,67.03,0.432,1014,0
2020-02-18,06:40,25.57,70.93,3.468,69.72,2.256,1014,0
2020-02-18,06:50,25.67,71.04,3.337,66.52,7.361,1014,0
2020-02-18,07:00,25.66,70.83,2.886,69.16,18.2,1014,0
2020-02-18,07:10,25.78,70.63,3.057,67.31,47.89,1014,0
2020-02-18,07:20,26.09,70.22,3.187,67.16,74.41,1014,0
2020-02-18,07:30,26.05,70.6,3.106,65.7,86.1,1015,0
2020-02-18,07:40,26.23,69.83,2.948,68.59,94.9,1015,0
2020-02-18,07:50,26.09,70.87,2.497,68.74,78.65,1015,0
2020-02-18,08:00,26.16,70.9,2.739,66.42,96.3,1015,0
2020-02-18,08:10,26.47,71.35,2.576,62.25,154.6,1015,0
2020-02-18,08:20,26.54,73.82,2.984,58.15,287.7,1015,0
2020-02-18,08:30,26.72,73.55,2.932,66.34,226.3,1015,0
2020-02-18,08:40,26.46,73.75,3.666,65.7,116.9,1015,0
2020-02-18,08:50,26.72,73.61,3.12,60.33,221.6,1016,0
2020-02-18,09:00,26.94,72.77,3.272,65.37,304.3,1016,0
2020-02-18,09:10,27.56,70.51,3.675,60.86,423.3,1016,0
2020-02-18,09:20,27.61,70.74,3.836,71.69,477.3,1016,0
2020-02-18,09:30,28.06,69.88,3.53,63.99,423.9,1016,0
2020-02-18,09:40,27.22,75.91,3.693,58.17,720.1,1016,0
2020-02-18,09:50,27.44,75.28,4.198,62.03,692.7,1016,0
2020-02-18,10:00,27.39,73.47,4.806,60.29,607.2,1016,0
2020-02-18,10:10,27.22,73.52,4.296,57.81,466.8,1016,0
2020-02-18,10:20,27.11,74.02,3.813,66.41,292.7,1016,0
2020-02-18,10:30,26.94,74.15,4.712,67.65,405.3,1016,0
2020-02-18,10:40,27.5,72.53,4.739,63.25,727,1016,0
2020-02-18,10:50,27.89,70.82,4.296,64.36,721.5,1015,0
2020-02-18,11:00,27.78,70.49,4.779,69.32,630.9,1015,0
2020-02-18,11:10,27.83,70.64,4.546,63.17,627.5,1015,0
2020-02-18,11:20,28.06,71.41,3.992,59.5,835,1015,0
2020-02-18,11:30,27.89,71.21,3.381,53.95,581.2,1015,0
2020-02-18,11:40,27.78,72.27,3.336,52.72,657.8,1015,0
2020-02-18,11:50,27.89,71.19,4.314,59.71,742,1015,0
2020-02-18,12:00,28.22,69.94,4.126,61.21,876,1015,0
2020-02-18,12:10,28.28,70.93,3.907,62.87,833,1015,0
2020-02-18,12:20,27.89,73.15,3.323,49.61,621.7,1014,0
2020-02-18,12:30,27.72,74.51,3.005,46.03,652.9,1014,0
2020-02-18,12:40,27.72,72.99,4.256,60.64,693.8,1014,0
2020-02-18,12:50,28.11,69.64,4.993,64.43,662.9,1014,0
2020-02-18,13:00,27.89,68.4,5.865,67.83,741.8,1014,0
2020-02-18,13:10,27.89,68.92,5.302,71.23,657.5,1014,0
2020-02-18,13:20,28.39,69.24,4.117,61.27,792,1014,0
2020-02-18,13:30,27.83,71.67,4.511,64.06,649.8,1013,0
2020-02-18,13:40,28.06,68.84,5.011,73.92,730.1,1013,0
2020-02-18,13:50,28.17,67.7,5.083,70.94,772.5,1013,0
2020-02-18,14:00,28.61,67.81,4.636,82.4,824,1013,0
2020-02-18,14:10,27.22,72.31,5.99,98.5,648.2,1013,0
2020-02-18,14:20,25.44,77.89,5.575,93.7,242.4,1013,0
2020-02-18,14:30,25.37,80.4,3.97,95.2,247.6,1013,1
2020-02-18,14:40,25.09,82.9,3.544,98.3,152.6,1013,0
2020-02-18,14:50,25.08,84.9,2.95,98.4,166.3,1013,0
2020-02-18,15:00,25.54,85.3,3.54,75.11,440.7,1012,0
2020-02-18,15:10,26.32,83.3,4.564,69.17,669.8,1012,0
2020-02-18,15:20,26.72,80.6,4.591,59.06,582.1,1012,0
2020-02-18,15:30,26.94,78.09,4.743,64.92,548.5,1012,0
2020-02-18,15:40,27,76.42,4.908,66.5,542.9,1012,0
2020-02-18,15:50,27.22,74.65,4.908,69.1,539.7,1012,0
2020-02-18,16:00,27.5,74.22,3.943,63.57,388.8,1012,0
2020-02-18,16:10,27.33,74.74,3.885,72.77,453.6,1012,0
2020-02-18,16:20,27.17,73.74,4.506,68.33,326.3,1012,0
2020-02-18,16:30,27.22,73.87,4.028,61.01,230,1012,0
2020-02-18,16:40,27,74.61,3.581,62.68,152.4,1012,0
2020-02-18,16:50,27,74.6,3.751,56.87,195.7,1012,0
2020-02-18,17:00,27,76.67,2.866,56.38,106.4,1012,0
2020-02-18,17:10,25.65,79.08,5.159,63.93,84.6,1012,1
2020-02-18,17:20,25.62,80.3,3.657,68.2,78.19,1012,0
2020-02-18,17:30,25.82,79.87,3.952,65.71,121.2,1012,0
2020-02-18,17:40,26.1,77.5,3.581,66.25,114.3,1012,0
2020-02-18,17:50,26.12,76.17,3.255,68.15,46.76,1012,0
2020-02-18,18:00,26.09,75.79,3.537,65.19,30.63,1012,0
2020-02-18,18:10,26.11,75.14,3.639,69.31,17.63,1012,0
2020-02-18,18:20,25.93,74.84,3.284,68.08,8.72,1012,0
2020-02-18,18:30,25.82,75.12,2.777,66.8,2.903,1012,0
2020-02-18,18:40,25.83,75.82,3.307,66.33,0.229,1013,0
2020-02-18,18:50,25.91,76.34,3.255,65.8,0,1013,0
2020-02-18,19:00,25.82,76.62,2.857,67.68,0,1013,0
2020-02-18,19:10,25.78,76.52,3.123,67.74,0,1013,0
2020-02-18,19:20,25.71,75.63,3.389,65.59,0,1013,0
2020-02-18,19:30,25.74,74.64,3.666,64.3,0,1013,0
2020-02-18,19:40,25.73,74.67,3.571,72.17,0,1013,0
2020-02-18,19:50,25.87,74.4,3.786,73.36,0,1013,0
2020-02-18,20:00,25.97,75.49,3.648,69.35,0,1013,0
2020-02-18,20:10,25.83,75.28,4.131,67.94,0,1013,0
2020-02-18,20:20,25.79,74.42,3.657,69.61,0,1013,0
2020-02-18,20:30,25.79,74.25,3.581,68.75,0,1014,0
2020-02-18,20:40,25.81,74.76,3.11,73.36,0,1014,0
2020-02-18,20:50,25.78,75.57,3.249,71.22,0,1014,0
2020-02-18,21:00,25.76,76.07,3.326,72.46,0,1014,0
2020-02-18,21:10,25.76,76.21,3.174,70.21,0,1014,0
2020-02-18,21:20,25.69,76.48,2.76,70.11,0,1014,0
2020-02-18,21:30,25.71,76.53,3.599,67.81,0,1014,0
2020-02-18,21:40,25.78,75.94,3.244,71.03,0,1014,0
2020-02-18,21:50,25.71,76.21,3.309,68.98,0,1014,0
2020-02-18,22:00,25.69,76.26,3.034,68.55,0,1014,0
2020-02-18,22:10,25.62,76.29,3.003,72.73,0,1014,0
2020-02-18,22:20,25.66,76.34,2.978,72.38,0,1014,0
2020-02-18,22:30,25.69,76.55,2.911,72.5,0,1014,0
2020-02-18,22:40,25.76,76.56,3.183,70.75,0,1014,0
2020-02-18,22:50,25.78,76.26,3.246,66.17,0,1015,0
2020-02-18,23:00,25.78,76.18,3.136,70.84,0,1015,0
2020-02-18,23:10,25.71,76.3,3.332,70.23,0,1015,0
2020-02-18,23:20,25.71,76.31,2.946,72.59,0,1015,0
2020-02-18,23:30,25.64,76.77,2.48,68.56,0,1015,0
2020-02-18,23:40,25.69,77.13,2.998,72.02,0,1015,0
2020-02-18,23:50,25.71,76.7,3.84,74.4,0,1015,0
2020-02-19,00:00,25.66,75.89,3.383,68.61,0,1015,0
2020-02-19,00:10,25.67,75.94,2.953,73.59,0,1015,0
2020-02-19,00:20,25.59,76.37,2.661,66.64,0,1015,0
2020-02-19,00:30,25.7,76.38,2.893,63.76,0,1014,0
2020-02-19,00:40,25.73,76.58,1.999,75.7,0,1014,0
2020-02-19,00:50,25.5,76.54,2.929,66.14,0,1014,0
2020-02-19,01:00,25.53,75.35,3.015,69.37,0,1014,0
2020-02-19,01:10,25.51,75.4,2.812,65.74,0,1014,0
2020-02-19,01:20,25.37,75.46,2.451,69.63,0,1014,0
2020-02-19,01:30,25.37,75.89,2.85,65.92,0,1014,0
2020-02-19,01:40,25.27,76.26,2.343,71.2,0,1014,0
2020-02-19,01:50,25.19,76.64,2.533,66.75,0,1014,0
2020-02-19,02:00,25.1,77.15,2.63,69.43,0,1014,0
2020-02-19,02:10,25.02,76.85,2.439,64.76,0,1013,0
2020-02-19,02:20,25.09,76.89,1.93,65.09,0,1013,0
2020-02-19,02:30,25.03,77.52,2.255,68.67,0,1013,0
2020-02-19,02:40,24.97,77.59,2.734,66.76,0,1013,0
2020-02-19,02:50,24.97,78.01,2.422,63.86,0,1013,0
2020-02-19,03:00,25.17,78.63,2.499,67.21,0,1013,0
2020-02-19,03:10,25.12,78.71,2.713,64.71,0,1013,0
2020-02-19,03:20,25.07,78.61,2.615,66.59,0,1013,0
2020-02-19,03:30,24.98,78.76,2.385,64.89,0,1013,0
2020-02-19,03:40,24.96,78.88,2.423,68.97,0,1013,0
2020-02-19,03:50,25.03,78.69,2.848,67.56,0,1013,0
2020-02-19,04:00,25.12,78.4,2.774,69.44,0,1013,0
2020-02-19,04:10,25.14,78.64,2.706,69.41,0,1013,0
2020-02-19,04:20,25.08,78.82,2.706,70.43,0,1013,0
2020-02-19,04:30,25.06,78.79,2.519,65.86,0,1013,0
2020-02-19,04:40,25.34,78.86,2.807,62.02,0,1013,0
2020-02-19,04:50,25.51,77.66,2.724,68.14,0,1013,0
2020-02-19,05:00,25.51,77.27,3.01,68.53,0,1013,0
2020-02-19,05:10,25.52,77,2.808,66.67,0,1013,0
2020-02-19,05:20,25.5,76.54,2.869,72.37,0,1012,0
2020-02-19,05:30,25.46,75.94,2.887,70.31,0,1012,0
2020-02-19,05:40,25.36,75.71,2.616,66.72,0,1013,0
2020-02-19,05:50,25.28,76.27,2.887,63.06,0,1013,0
2020-02-19,06:00,25.23,76.55,2.71,67.93,0,1013,0
2020-02-19,06:10,25.16,76.9,2.384,67.36,0,1013,0
2020-02-19,06:20,25.2,77.26,2.32,66,0,1013,0
2020-02-19,06:30,25.23,77.74,2.307,67.26,0.229,1013,0
2020-02-19,06:40,25.21,78.88,2.551,69.78,1.896,1013,0
2020-02-19,06:50,25.18,79.58,2.304,65.59,4.644,1014,0
2020-02-19,07:00,25.29,79.64,2.753,59.16,8.45,1014,0
2020-02-19,07:10,25.49,79.59,2.678,60.8,19.03,1014,0
2020-02-19,07:20,25.47,79.13,3.423,64.81,22.3,1014,0
2020-02-19,07:30,25.31,78.58,3.443,65.96,26.81,1014,0
2020-02-19,07:40,25.09,77.04,3.916,71.41,63.05,1014,0
2020-02-19,07:50,25.35,74.59,3.172,66.78,95.4,1014,0
2020-02-19,08:00,25.74,71.51,3.051,62.14,118,1014,0
2020-02-19,08:10,25.83,70.53,2.695,66.57,134.9,1015,0
2020-02-19,08:20,26.39,71.28,3.047,57.53,189,1015,0
2020-02-19,08:30,26.54,73.43,3.305,58.81,249.4,1015,0
2020-02-19,08:40,26.72,73.91,3.081,56.13,327,1015,0
2020-02-19,08:50,27.44,73.11,2.92,52.48,537.3,1016,0
2020-02-19,09:00,26.83,71.52,3.479,56.97,114.6,1016,0
2020-02-19,09:10,26.59,72.74,3.701,59.93,151,1016,0
2020-02-19,09:20,26.65,73.28,3.436,55.51,297,1016,0
2020-02-19,09:30,27.5,70.57,3.365,57,541.8,1016,0
2020-02-19,09:40,27.5,69.29,3.907,58.64,474.5,1016,0
2020-02-19,09:50,27.72,68.04,4.189,59.95,648.4,1016,0
2020-02-19,10:00,28,65.87,4.685,63.59,668.5,1016,0
2020-02-19,10:10,28.39,63.7,4.484,60.7,714.7,1016,0
2020-02-19,10:20,28.39,64.23,3.992,58.57,732.7,1016,0
2020-02-19,10:30,28.28,65.23,2.719,53.18,543.4,1016,0
2020-02-19,10:40,28.28,66.89,2.856,48.75,708.4,1016,0
2020-02-19,10:50,28.28,66.32,3.213,50.84,637.9,1016,0
2020-02-19,11:00,28.44,66.67,3.329,51.12,648.6,1016,0
2020-02-19,11:10,27.78,68.97,3.254,52.73,398.8,1016,0
2020-02-19,11:20,27.89,68.52,3.064,53.53,567.1,1015,0
2020-02-19,11:30,28.61,67,3.625,55.42,1008,1015,0
2020-02-19,11:40,28.33,65.47,4.426,58.36,528.1,1015,0
2020-02-19,11:50,28,63.19,3.701,53.87,670.3,1015,0
2020-02-19,12:00,28.06,65.42,3.413,55.59,446.4,1015,0
2020-02-19,12:10,27.72,67.04,2.951,54.39,374.8,1015,0
2020-02-19,12:20,27.44,68.02,3.246,50.81,254.6,1014,0
2020-02-19,12:30,27.56,70,3.075,53.23,425.1,1014,0
2020-02-19,12:40,27.56,67.67,2.87,50.04,542.3,1014,0
2020-02-19,12:50,27.94,65.12,3.032,45.41,658.8,1014,0
2020-02-19,13:00,27.94,67.33,2.871,46.63,580.2,1014,0
2020-02-19,13:10,27.78,69.12,2.916,42.89,680.3,1014,0
2020-02-19,13:20,27.94,69.58,2.824,47.09,527,1014,0
2020-02-19,13:30,27.33,70.97,3.077,54.52,203.4,1014,0
2020-02-19,13:40,27.56,69.06,3.267,53.42,440.7,1013,0
2020-02-19,13:50,28.06,67.05,3.275,57.31,583.5,1013,0
2020-02-19,14:00,28,68.41,3.065,48.53,470.8,1013,0
2020-02-19,14:10,28.06,67.78,3.773,52.79,690.2,1013,0
2020-02-19,14:20,27.89,71.33,2.988,50.08,507.4,1013,0
2020-02-19,14:30,27.89,71.76,2.929,50.55,574.9,1013,0
2020-02-19,14:40,27.22,72.63,3.165,50.64,221,1013,0
2020-02-19,14:50,27.28,72.33,2.799,51.02,292.2,1013,0
2020-02-19,15:00,27.39,72.28,3.068,54.73,268.2,1012,0
2020-02-19,15:10,27.33,71.67,2.969,50.82,347.3,1012,0
2020-02-19,15:20,27.78,72.25,3.077,51.65,454.8,1012,0
2020-02-19,15:30,27.22,72.3,3.056,51.37,280.7,1012,0
2020-02-19,15:40,27.56,71.06,3.286,51.07,492.6,1012,0
2020-02-19,15:50,27.39,71.73,3.229,54.91,247.7,1012,0
2020-02-19,16:00,27.33,71.06,3.581,51.72,465.7,1012,0
2020-02-19,16:10,27.78,70.03,3.581,56.08,434.5,1012,0
2020-02-19,16:20,27.5,71.31,3.67,56.42,270.7,1012,0
2020-02-19,16:30,27.39,72.07,3.862,54.61,391.4,1012,0
2020-02-19,16:40,27.56,71.43,3.961,53.94,399.5,1012,0
2020-02-19,16:50,27.5,72.31,3.737,54.95,289.5,1012,0
2020-02-19,17:00,27.17,70.55,4.645,55.22,237,1012,0
2020-02-19,17:10,27.28,70.59,4.345,55.52,270.8,1012,0
2020-02-19,17:20,27.22,69.98,4.551,58.28,212.8,1012,0
2020-02-19,17:30,27,68.96,4.359,63.04,127.7,1013,0
2020-02-19,17:40,26.94,69.62,4.546,59.36,128.7,1013,0
2020-02-19,17:50,26.72,70.7,4.582,57.05,79.36,1013,0
2020-02-19,18:00,26.64,70.3,4.676,56.88,33.46,1013,0
2020-02-19,18:10,26.66,72.76,4.296,56.95,22.26,1013,0
2020-02-19,18:20,26.47,74.06,4.117,55.2,8.81,1013,0
2020-02-19,18:30,26.24,74.21,4.005,59.1,3.271,1013,0
2020-02-19,18:40,26.08,72.53,3.836,59.43,0.582,1013,0
2020-02-19,18:50,26.21,70.23,4.596,61.21,0,1013,0
2020-02-19,19:00,26.35,70.72,4.712,60.36,0,1013,0
2020-02-19,19:10,26.3,71.47,4.815,58.08,0,1013,0
2020-02-19,19:20,26.27,71.89,4.85,58.93,0,1013,0
2020-02-19,19:30,26.2,71.95,5.029,59.16,0,1013,0
2020-02-19,19:40,26.19,70.04,4.636,61.07,0,1013,0
2020-02-19,19:50,26.21,71.58,4.336,61.56,0,1013,0
2020-02-19,20:00,26.17,72.2,4.596,58.72,0,1014,0
2020-02-19,20:10,26.18,71.17,5.159,58.6,0,1014,0
2020-02-19,20:20,26.13,70.33,4.359,58.67,0,1014,0
2020-02-19,20:30,26.09,70.6,4.408,62.53,0,1014,0
2020-02-19,20:40,26.03,70.82,4.077,67.09,0,1014,0
2020-02-19,20:50,26.02,70.15,4.403,64.78,0,1014,0
2020-02-19,21:00,26.06,71.06,3.76,67.45,0,1014,0
2020-02-19,21:10,26.12,71.68,4.381,63.5,0,1014,0
2020-02-19,21:20,26.16,72.34,4.296,58.78,0,1014,0
2020-02-19,21:30,26.09,72.44,3.885,66.68,0,1014,0
2020-02-19,21:40,25.97,71.92,5.047,63.63,0,1014,0
2020-02-19,21:50,26.03,71.24,4.095,64.59,0,1015,0
2020-02-19,22:00,25.96,71.57,4.529,68.64,0,1015,0
2020-02-19,22:10,25.96,71.05,4.672,64.33,0,1015,0
2020-02-19,22:20,25.92,71.13,4.479,61.92,0,1015,0
2020-02-19,22:30,25.89,71.77,4.157,64.42,0,1015,0
2020-02-19,22:40,25.86,72.01,4.359,66.38,0,1015,0
2020-02-19,22:50,25.83,72.24,3.697,65.1,0,1015,0
2020-02-19,23:00,25.83,72.95,3.465,65.83,0,1015,0
2020-02-19,23:10,25.74,73.07,4.081,70.27,0,1015,0
2020-02-19,23:20,25.87,72.48,3.845,66.58,0,1015,0
2020-02-19,23:30,25.86,73.11,3.506,67.21,0,1015,0
2020-02-19,23:40,25.88,74.03,3.849,64.89,0,1015,0
2020-02-19,23:50,25.74,74.39,4.01,66.58,0,1015,0
2020-02-20,00:00,25.63,74.16,3.773,62.54,0,1015,0
2020-02-20,00:10,25.57,73.33,3.575,64.96,0,1015,0
2020-02-20,00:20,25.64,73.24,3.186,68.7,0,1015,0
2020-02-20,00:30,25.67,73.3,3.526,68.03,0,1015,0
2020-02-20,00:40,25.75,73.31,3.608,66.61,0,1015,0
2020-02-20,00:50,25.76,73.75,2.945,64.3,0,1015,0
2020-02-20,01:00,25.7,74.32,3.41,66.84,0,1015,0
2020-02-20,01:10,25.67,74.54,3.351,65.52,0,1014,0
2020-02-20,01:20,25.61,74.34,3.542,71.08,0,1014,0
2020-02-20,01:30,25.66,74.35,3.448,64.24,0,1014,0
2020-02-20,01:40,25.74,74.63,3.295,68.36,0,1014,0
2020-02-20,01:50,25.6,74.66,3.465,68.79,0,1014,0
2020-02-20,02:00,25.57,74.53,3.652,68.64,0,1014,0
2020-02-20,02:10,25.58,74.04,4.475,66.63,0,1014,0
2020-02-20,02:20,25.67,73.29,4.104,68.35,0,1014,0
2020-02-20,02:30,25.66,73.49,4.676,62.78,0,1014,0
2020-02-20,02:40,25.62,73.56,4.394,67.92,0,1014,0
2020-02-20,02:50,25.47,73.16,4.198,65.15,0,1014,0
2020-02-20,03:00,25.4,73.11,3.809,66.78,0,1014,0
2020-02-20,03:10,25.37,74.04,3.84,67.2,0,1014,0
2020-02-20,03:20,25.38,74.17,3.715,68.58,0,1014,0
2020-02-20,03:30,25.52,74.54,3.491,68.38,0,1014,0
2020-02-20,03:40,25.42,75.03,3.048,66.97,0,1014,0
2020-02-20,03:50,25.33,74.78,3.355,67.97,0,1014,0
2020-02-20,04:00,25.32,74.47,3.144,68.23,0,1014,0
2020-02-20,04:10,25.27,74.48,3.373,68.94,0,1014,0
2020-02-20,04:20,25.15,73.98,3.195,66.7,0,1013,0
2020-02-20,04:30,25.19,73.55,3.145,71.03,0,1013,0
2020-02-20,04:40,25.3,74.1,3.313,70.27,0,1013,0
2020-02-20,04:50,25.34,74.32,3.566,69.86,0,1014,0
2020-02-20,05:00,25.36,73.75,3.555,70.51,0,1014,0
2020-02-20,05:10,25.38,73.28,3.496,70.98,0,1014,0
2020-02-20,05:20,25.46,73.73,2.783,70.09,0,1014,0
2020-02-20,05:30,25.46,74.23,3.107,74.39,0,1014,0
2020-02-20,05:40,25.45,74.82,3.379,70.1,0,1014,0
2020-02-20,05:50,25.44,75.11,2.812,67.84,0,1014,0
2020-02-20,06:00,25.34,75.3,2.82,71.92,0,1014,0
2020-02-20,06:10,25.44,75.45,2.861,66.35,0,1014,0
2020-02-20,06:20,25.4,75.25,3.625,66.72,0,1015,0
2020-02-20,06:30,25.37,75.16,3.666,64.95,0.408,1015,0
2020-02-20,06:40,25.37,75.77,3.804,68.12,2.5,1015,0
2020-02-20,06:50,25.26,76.46,3.254,68.96,5.998,1015,0
2020-02-20,07:00,25.25,77.13,3.459,65.7,18.3,1015,0
2020-02-20,07:10,25.4,77.45,3.28,65.97,45.68,1015,0
2020-02-20,07:20,25.53,77.08,3.203,61.25,63.25,1015,0
2020-02-20,07:30,25.86,76.55,3.423,61.18,113.3,1016,0
2020-02-20,07:40,25.89,76.16,3.201,57.15,116.7,1016,0
2020-02-20,07:50,25.69,76.44,3.621,57.33,47.69,1016,0
2020-02-20,08:00,25.67,77.32,3.275,57.95,71.34,1016,0
2020-02-20,08:10,26.04,77.29,3.057,57.79,204.1,1016,0
2020-02-20,08:20,25.98,75.71,3.511,59.74,159.6,1016,0
2020-02-20,08:30,26.24,75.87,3.257,58.48,73.74,1016,0
2020-02-20,08:40,25.83,77.61,3.742,63.23,100.5,1016,0
2020-02-20,08:50,25.26,80.5,4.09,78.16,170.7,1016,0
2020-02-20,09:00,25.17,82,3.831,79.29,217.2,1016,0
2020-02-20,09:10,25.68,82.6,3.417,77.11,391.6,1016,0
2020-02-20,09:20,26.18,81.7,3.617,68.56,200.7,1016,0
2020-02-20,09:30,25.26,82.6,6.464,84,369.2,1016,0
2020-02-20,09:40,24.93,83.7,6.29,93.2,348.7,1017,0
2020-02-20,09:50,24.77,83.3,5.847,94.4,258.5,1017,0
2020-02-20,10:00,25.11,81.9,5.239,91,339.3,1017,0
2020-02-20,10:10,25.42,81,5.288,89.6,337.7,1017,0
2020-02-20,10:20,24.93,81.9,4.247,78.66,366.2,1017,0
2020-02-20,10:30,25.52,83.7,3.182,78.88,746.2,1017,0
2020-02-20,10:40,25.6,82.6,3.827,63.05,418.2,1017,0
2020-02-20,10:50,25.81,82.2,3.243,54.73,452.5,1017,0
2020-02-20,11:00,25.46,81.8,3.187,52.64,280.7,1017,0
2020-02-20,11:10,25.49,84.3,2.472,51.72,711,1016,0
2020-02-20,11:20,26.21,83.5,2.547,44.9,649.1,1016,0
2020-02-20,11:30,26.64,82.2,2.393,50.06,743.1,1016,0
2020-02-20,11:40,27.11,78.62,3.166,50.92,745.1,1016,0
2020-02-20,11:50,27.94,74.15,3.532,55.26,1023,1016,0
2020-02-20,12:00,27.89,69.9,4.582,65.04,743.8,1015,0
2020-02-20,12:10,27.5,70.29,4.412,63.1,522.1,1015,0
2020-02-20,12:20,27.72,71.97,3.88,59.26,619.6,1015,0
2020-02-20,12:30,27.56,73.99,3.688,56.24,564.3,1015,0
2020-02-20,12:40,27.94,73.58,3.657,57.29,660.5,1014,0
2020-02-20,12:50,27.78,73.47,4.269,56.81,591.3,1014,0
2020-02-20,13:00,27.67,73.73,3.541,53.45,376.4,1014,0
2020-02-20,13:10,26.89,73.2,4.296,58.13,224.2,1014,0
2020-02-20,13:20,27.44,72.37,4.149,55.95,507.8,1014,0
2020-02-20,13:30,27.72,72.05,4.287,54.41,610.9,1014,0
2020-02-20,13:40,27.61,72.09,4.551,53.96,527.2,1014,0
2020-02-20,13:50,27.28,72.11,4.716,57.26,352.1,1014,0
2020-02-20,14:00,27.33,73.12,4.238,52.95,350.7,1014,0
2020-02-20,14:10,27.17,73.09,4.135,55.92,390.5,1014,0
2020-02-20,14:20,27.17,72.74,4.202,55.98,526.9,1014,0
2020-02-20,14:30,27.72,72.33,3.506,52.29,621.1,1013,0
2020-02-20,14:40,27.72,72.98,3.59,51.1,584.1,1013,0
2020-02-20,14:50,27.39,73.53,3.751,52,380.8,1013,0
2020-02-20,15:00,27.11,73.62,4.283,51.97,570,1013,0
2020-02-20,15:10,27.39,72.89,4.073,53.9,504.9,1013,0
2020-02-20,15:20,27.44,72.8,3.979,54.64,605.4,1013,0
2020-02-20,15:30,27.39,71.93,4.323,55.79,465,1013,0
2020-02-20,15:40,27.22,71.12,4.332,56.65,344.2,1013,0
2020-02-20,15:50,27.44,68.78,4.698,57.76,443.1,1013,0
2020-02-20,16:00,27.56,69.02,4.104,57.04,436.4,1013,0
2020-02-20,16:10,27.39,73.06,3.419,56.36,310.5,1013,0
2020-02-20,16:20,27.22,71.4,4.658,58.87,403.4,1013,0
2020-02-20,16:30,27.44,71.41,3.938,55.37,346.7,1013,0
2020-02-20,16:40,27.28,70.89,4.596,57.03,339.6,1014,0
2020-02-20,16:50,27.28,69.9,4.529,58.12,330.2,1014,0
2020-02-20,17:00,27.33,68.97,4.385,59.73,296.3,1014,0
2020-02-20,17:10,27.11,71.16,4.403,57.42,167.7,1014,0
2020-02-20,17:20,26.89,71.81,4.582,57.59,186,1014,0
2020-02-20,17:30,26.94,72.79,3.751,55.12,163.4,1014,0
2020-02-20,17:40,26.67,73.55,4.56,56.31,99.8,1014,0
2020-02-20,17:50,26.58,74.04,4.318,58.13,57.02,1014,0
2020-02-20,18:00,26.45,74.18,4.01,60.87,40.03,1014,0
2020-02-20,18:10,26.41,74.15,3.907,59.23,26.62,1014,0
2020-02-20,18:20,26.31,73.3,3.701,60.69,11.32,1014,0
2020-02-20,18:30,26.28,73.45,3.564,64.28,3.115,1015,0
2020-02-20,18:40,26.16,72.94,4.225,62.76,0.643,1015,0
2020-02-20,18:50,26.06,73.24,3.018,66.22,0,1015,0
2020-02-20,19:00,26.03,72.82,4.005,65.14,0,1015,0
2020-02-20,19:10,25.99,72.65,3.581,66.41,0,1015,0
2020-02-20,19:20,25.96,72.67,3.311,64.59,0,1015,0
2020-02-20,19:30,26.02,72.2,3.719,61.46,0,1015,0
2020-02-20,19:40,26.08,71.89,3.414,63.34,0,1015,0
2020-02-20,19:50,26.08,72.07,3.612,63.02,0,1015,0
2020-02-20,20:00,26.11,71.46,4.122,58.25,0,1016,0
2020-02-20,20:10,26.05,71.07,3.594,65.27,0,1016,0
2020-02-20,20:20,25.89,71,3.742,70.31,0,1016,0
2020-02-20,20:30,25.74,71.34,3.292,65.94,0,1016,0
2020-02-20,20:40,25.82,71.59,3.348,66.19,0,1016,0
2020-02-20,20:50,25.89,72.21,3.248,64.15,0,1016,0
2020-02-20,21:00,25.97,72.32,3.728,63.37,0,1016,0
2020-02-20,21:10,25.83,71.65,3.001,72.29,0,1016,0
2020-02-20,21:20,25.74,71.8,3.442,68.24,0,1016,0
2020-02-20,21:30,25.77,72.5,3.335,66.92,0,1016,0
2020-02-20,21:40,25.93,73.4,4.108,65.63,0.278,1017,0
2020-02-20,21:50,25.26,76.28,3.573,69.02,0.936,1017,0
2020-02-20,22:00,24.96,76.6,3.196,70.07,0.812,1017,0
2020-02-20,22:10,24.96,76.59,3.8,70.4,0.812,1017,0
2020-02-20,22:20,24.91,75.78,3.657,70.89,0.414,1017,0
2020-02-20,22:30,24.86,74.74,3.688,67.31,0,1017,0
2020-02-20,22:40,24.82,75.37,2.784,68.58,0,1017,0
2020-02-20,22:50,25.02,75.84,3.542,70.76,0,1017,0
2020-02-20,23:00,25.01,75.72,2.956,69.3,0,1017,0
2020-02-20,23:10,25.09,75.75,3.265,68.99,0,1017,0
2020-02-20,23:20,25.17,75.79,2.693,67.94,0,1017,0
2020-02-20,23:30,25.21,75.95,3.17,69.62,0,1017,0
2020-02-20,23:40,25.22,75.53,2.824,67.27,0,1017,0
2020-02-20,23:50,25.21,75.6,2.803,67.72,0,1017,0
2020-02-21,00:00,25.28,75.7,3.334,68.39,0,1017,0
2020-02-21,00:10,25.34,75.47,3.511,68.57,0,1017,0
2020-02-21,00:20,25.31,75.44,3.476,68.09,0,1017,0
2020-02-21,00:30,25.33,75.62,3.031,71.58,0,1017,0
2020-02-21,00:40,25.33,75.93,3.066,69.42,0,1016,0
2020-02-21,00:50,25.41,76.49,2.888,67.22,0,1016,0
2020-02-21,01:00,25.46,77.14,2.51,64.24,0,1016,0
2020-02-21,01:10,25.39,77.36,3.158,69.1,0,1016,0
2020-02-21,01:20,25.34,76.87,3.098,68.4,0,1016,0
2020-02-21,01:30,25.42,76.24,3.172,65.87,0,1016,0
2020-02-21,01:40,25.52,76.09,3.009,64.8,0,1016,0
2020-02-21,01:50,25.38,75.94,4.073,65.09,0,1016,0
2020-02-21,02:00,24.29,76.88,3.328,77.97,0,1016,0
2020-02-21,02:10,24.23,77.56,1.976,78.51,0,1016,0
2020-02-21,02:20,24.41,77.78,2.118,85.8,0,1016,0
2020-02-21,02:30,25.23,78.03,2.808,66.04,0.008,1016,0
2020-02-21,02:40,25.31,78.82,2.765,63.99,0.214,1016,0
2020-02-21,02:50,25.22,79.03,3.165,69.08,0,1016,0
2020-02-21,03:00,25.31,79.32,3.125,67.64,0,1016,0
2020-02-21,03:10,24.97,80.7,2.798,63.17,0,1015,0
2020-02-21,03:20,24.81,81.6,2.827,63.83,0,1015,0
2020-02-21,03:30,24.84,82.2,2.547,63.62,0,1015,0
2020-02-21,03:40,24.77,82.3,2.482,64.64,0,1015,0
2020-02-21,03:50,24.79,82.3,2.379,65.25,0,1015,0
2020-02-21,04:00,24.8,82.4,2.021,64.38,0,1015,0
2020-02-21,04:10,24.86,82.6,1.848,61.09,0,1015,0
2020-02-21,04:20,25.02,82.9,2.592,63.19,0,1015,0
2020-02-21,04:30,24.8,81.1,3.603,65.85,0,1015,0
2020-02-21,04:40,24.81,78.86,2.808,64.54,0,1016,0
2020-02-21,04:50,25.13,78.27,2.374,67.7,0,1016,0
2020-02-21,05:00,25.42,77.76,3.179,67.25,0,1016,0
2020-02-21,05:10,25.74,76.24,3.845,73.16,0,1016,0
2020-02-21,05:20,25.81,75.05,4.448,70.29,0,1016,0
2020-02-21,05:30,25.87,75.02,3.737,69.49,0,1016,0
2020-02-21,05:40,25.77,75.65,2.972,69.17,0,1016,0
2020-02-21,05:50,25.7,76.67,3.037,66.77,0,1016,0
2020-02-21,06:00,25.5,76.8,2.992,74.22,0,1016,0
2020-02-21,06:10,25.54,76.39,3.392,66.44,0,1017,0
2020-02-21,06:20,25.5,75.24,3.639,73.18,0,1016,0
2020-02-21,06:30,25.6,73.82,3.207,67.29,0.492,1017,0
2020-02-21,06:40,25.53,73.66,3.194,70.32,2.723,1017,0
2020-02-21,06:50,25.61,73.21,3.147,75.1,7.396,1017,0
2020-02-21,07:00,25.69,73.57,3.366,77.86,15.84,1017,0
2020-02-21,07:10,25.83,73.65,2.892,76.72,39.14,1017,0
2020-02-21,07:20,26.02,73.44,2.552,65.4,75.88,1017,0
2020-02-21,07:30,26.08,73.87,2.699,65.1,88.7,1017,0
2020-02-21,07:40,26.19,73.96,2.896,66.21,118,1017,0
2020-02-21,07:50,26.52,74.34,2.644,64.14,171.6,1017,0
2020-02-21,08:00,26.65,73.96,3.45,59.4,188.3,1017,0
2020-02-21,08:10,26.56,73.73,4.068,62.27,189.1,1018,0
2020-02-21,08:20,26.56,73.79,3.791,59.82,190,1018,0
2020-02-21,08:30,26.83,73.73,2.949,73.59,318.2,1018,0
2020-02-21,08:40,27.06,70.96,4.068,65.9,378.7,1018,0
2020-02-21,08:50,27.22,70.25,3.947,68.52,421.4,1018,0
2020-02-21,09:00,27.5,68.76,4.622,63.75,461.3,1018,0
2020-02-21,09:10,27.78,67.98,4.153,71.26,505.4,1018,0
2020-02-21,09:20,27.78,67.89,4.877,73.93,548.2,1018,0
2020-02-21,09:30,27.94,67.05,4.417,52.56,579.4,1018,0
2020-02-21,09:40,28,67.96,4.475,58.21,621.2,1018,0
2020-02-21,09:50,28.28,68.13,4.627,61.42,774.5,1018,0
2020-02-21,10:00,28.28,68.85,4.095,57.53,626.1,1018,0
2020-02-21,10:10,28.39,67.38,4.229,55.3,731.4,1018,0
2020-02-21,10:20,28.61,65.43,3.809,62.45,679.1,1018,0
2020-02-21,10:30,28.72,61.63,4.792,65.43,748.1,1018,0
2020-02-21,10:40,28.89,62.91,4.216,56.3,787,1018,0
2020-02-21,10:50,28.83,64.53,3.858,57.93,737.1,1017,0
2020-02-21,11:00,28.83,65.58,3.795,58.85,825,1017,0
2020-02-21,11:10,28.83,62.6,4.412,56.95,787.4,1017,0
2020-02-21,11:20,28.72,63.1,3.585,49.52,848,1017,0
2020-02-21,11:30,29.06,66.3,3.36,60.24,859,1017,0
2020-02-21,11:40,28.89,65.78,3.634,50.6,828,1017,0
2020-02-21,11:50,29.06,66.92,3.504,59.31,907,1017,0
2020-02-21,12:00,29.06,64.74,4.6,63.32,905,1017,0
2020-02-21,12:10,29.39,64.14,4.202,60.15,802,1017,0
2020-02-21,12:20,28.89,66.08,4.363,61.21,838,1016,0
2020-02-21,12:30,28.78,67.33,3.974,59.03,541.1,1016,0
2020-02-21,12:40,28.72,69.12,3.701,58.27,735.8,1016,0
2020-02-21,12:50,28.56,70.81,3.195,59.88,490.8,1016,0
2020-02-21,13:00,28.33,72.46,3.304,50.72,592.7,1016,0
2020-02-21,13:10,28.44,72.31,3.523,52.93,856,1016,0
2020-02-21,13:20,28.56,70.14,3.652,54.82,620.9,1016,0
2020-02-21,13:30,28.72,71.29,3.051,57.88,707.7,1016,0
2020-02-21,13:40,28.67,70.86,3.561,57.1,564.5,1016,0
2020-02-21,13:50,28.61,71.38,3.229,59.62,499.4,1016,0
2020-02-21,14:00,28.39,72.21,3.777,57.9,630.4,1015,0
2020-02-21,14:10,28.44,72.73,3.273,52.25,498.1,1015,0
2020-02-21,14:20,28.17,73.75,3.29,51.85,371,1015,0
2020-02-21,14:30,28,74.02,3.409,53.13,338.6,1015,0
2020-02-21,14:40,28.06,74.2,3.279,52.12,464.7,1015,0
2020-02-21,14:50,28,73.7,2.955,53.26,297.3,1015,0
2020-02-21,15:00,28.06,74.43,2.7,52.27,355.6,1015,0
2020-02-21,15:10,27.94,74.6,3.317,53.36,364.7,1014,0
2020-02-21,15:20,27.72,74.79,3.319,54.99,293.6,1014,0
2020-02-21,15:30,27.83,75.27,3.474,60.16,228.4,1015,0
2020-02-21,15:40,27.78,75.57,2.852,54.64,247.2,1015,0
2020-02-21,15:50,27.89,75.53,3.187,54.29,341.4,1014,0
2020-02-21,16:00,27.94,75.73,2.942,56.78,254.9,1015,0
2020-02-21,16:10,27.67,75.72,3.599,55.33,271.2,1015,0
2020-02-21,16:20,27.67,75.46,3.443,56.92,208.2,1015,0
2020-02-21,16:30,27.67,75.84,3.724,57.29,226.8,1015,0
2020-02-21,16:40,27.72,75.51,3.885,59.51,287,1015,0
2020-02-21,16:50,27.78,75.75,3.272,57.1,231,1015,0
2020-02-21,17:00,27.72,75.66,3.67,57.46,284.4,1015,0
2020-02-21,17:10,27.78,75.64,3.235,58.65,281.4,1015,0
2020-02-21,17:20,27.61,75.33,3.524,58.44,204.3,1015,0
2020-02-21,17:30,27.39,75.2,3.737,61.12,153.8,1015,0
2020-02-21,17:40,27.28,75.2,4.023,59.41,102.1,1015,0
2020-02-21,17:50,27.28,75.55,3.777,60.42,66.46,1015,0
2020-02-21,18:00,27.17,75.85,3.543,61.91,46.76,1015,0
2020-02-21,18:10,27.11,75.72,3.349,66.63,21.11,1015,0
2020-02-21,18:20,27,76.14,3.344,62.89,8.62,1016,0
2020-02-21,18:30,26.94,76.28,3.122,63.59,3.456,1016,0
2020-02-21,18:40,26.83,76.34,2.741,66.47,0.741,1016,0
2020-02-21,18:50,26.83,76.89,3.235,63.04,0,1016,0
2020-02-21,19:00,26.83,76.86,2.552,71.33,0,1016,0
2020-02-21,19:10,26.89,77.23,2.707,68.36,0,1016,0
2020-02-21,19:20,26.83,77.74,3.312,70.77,0,1016,0
2020-02-21,19:30,26.83,78.04,3.058,72.71,0,1016,0
2020-02-21,19:40,26.83,78.2,2.856,74.93,0,1016,0
2020-02-21,19:50,26.72,78.81,3.347,70.81,0,1016,0
2020-02-21,20:00,26.64,79.29,2.889,71.87,0,1016,0
2020-02-21,20:10,26.67,79.66,2.56,75.49,0,1016,0
2020-02-21,20:20,26.61,80.1,3.207,73.63,0,1017,0
2020-02-21,20:30,26.53,80.2,2.981,72.09,0,1017,0
2020-02-21,20:40,26.52,80.5,3.307,71.17,0,1017,0
2020-02-21,20:50,26.52,80.9,2.907,67.27,0,1017,0
2020-02-21,21:00,26.54,81.3,3.046,64.54,0,1017,0
2020-02-21,21:10,26.55,81.5,3.036,70.6,0,1017,0
2020-02-21,21:20,26.61,81.5,3.372,62.92,0,1017,0
2020-02-21,21:30,26.61,81.4,3.473,66.4,0,1017,0
2020-02-21,21:40,26.62,81.3,3.391,66.1,0,1017,0
2020-02-21,21:50,26.57,81.7,3.512,65.9,0,1017,0
2020-02-21,22:00,26.51,82.3,3.354,65.14,0,1017,0
2020-02-21,22:10,26.41,82.6,3.152,65.78,0,1017,0
2020-02-21,22:20,26.41,83,3.836,60.63,0,1017,0
2020-02-21,22:30,26.39,82.9,4.059,67.15,0,1017,0
2020-02-21,22:40,26.45,82.8,3.701,67.35,0,1017,0
2020-02-21,22:50,26.39,82.9,3.566,69.72,0,1017,0
2020-02-21,23:00,26.31,82.9,3.688,70.56,0,1017,0
2020-02-21,23:10,26.31,82.9,3.952,70.37,0,1017,0
2020-02-21,23:20,26.36,82.6,3.849,69.05,0,1017,0
2020-02-21,23:30,26.44,82.4,3.894,73.98,0,1017,0
2020-02-21,23:40,26.52,82.8,4.131,73.06,0,1017,0
2020-02-21,23:50,26.4,82.4,4.797,70.75,0,1017,0
2020-02-22,00:00,26.38,80.8,4.94,72.45,0,1017,0
2020-02-22,00:10,26.42,79.48,4.301,78.34,0,1017,0
2020-02-22,00:20,26.57,79.21,3.836,83.3,0,1017,0
2020-02-22,00:30,26.31,80.7,3.862,92.1,0,1017,0
2020-02-22,00:40,26.06,82.9,3.715,77.55,0,1017,0
2020-02-22,00:50,26.14,83.5,3.907,80.4,0,1017,0
2020-02-22,01:00,26.13,83.1,3.457,89.6,0,1017,0
2020-02-22,01:10,26.11,82.4,4.14,87.4,0,1017,0
2020-02-22,01:20,26.19,81.7,3.392,78.41,0,1017,0
2020-02-22,01:30,26.22,81,4.336,72.61,0,1017,0
2020-02-22,01:40,26.33,80.6,3.97,80.6,0,1017,0
2020-02-22,01:50,26.23,81,4.296,80.5,0,1017,0
2020-02-22,02:00,26.21,81.7,3.795,83.4,0,1017,0
2020-02-22,02:10,26.18,81.8,4.225,80.8,0,1017,0
2020-02-22,02:20,26.28,81.2,3.885,84.6,0,1016,0
2020-02-22,02:30,26.22,80.4,4.681,84.5,0,1016,0
2020-02-22,02:40,26.24,79.11,4.837,89.4,0,1016,0
2020-02-22,02:50,26.27,78.66,3.813,86.6,0,1016,0
2020-02-22,03:00,26.31,78.81,3.934,88.6,0,1016,0
2020-02-22,03:10,26.41,78.7,4.309,87.4,0,1016,0
2020-02-22,03:20,26.32,79.05,3.947,85.2,0,1016,0
2020-02-22,03:30,26.26,78.25,4.765,84.3,0,1016,0
2020-02-22,03:40,26.41,77.45,4.958,80.4,0,1016,0
2020-02-22,03:50,26.51,78.1,4.435,78.67,0,1016,0
2020-02-22,04:00,26.35,78.51,4.806,74.08,0,1016,0
2020-02-22,04:10,26.38,77.74,4.676,75.08,0,1016,0
2020-02-22,04:20,26.39,78.32,4.757,73.49,0,1016,0
2020-02-22,04:30,25.76,77.79,5.034,90.1,0.039,1016,0
2020-02-22,04:40,25.66,78.72,3.648,88.5,0,1016,0
2020-02-22,04:50,25.9,80.5,3.478,87,0,1016,0
2020-02-22,05:00,25.99,81.1,4.453,86,0,1016,0
2020-02-22,05:10,26.12,80.8,4.225,74.72,0,1016,0
2020-02-22,05:20,26.07,79.87,4.14,75.02,0,1016,0
2020-02-22,05:30,26.13,79.08,3.764,76.88,0,1016,0
2020-02-22,05:40,26.16,78.79,3.706,76.34,0,1016,0
2020-02-22,05:50,26.14,78.23,3.97,74.63,0,1016,0
2020-02-22,06:00,26.19,78.27,3.232,72.12,0,1016,0
2020-02-22,06:10,26.21,78.64,3.822,70.77,0,1016,0
2020-02-22,06:20,26.21,78.47,3.751,79.81,0,1017,0
2020-02-22,06:30,26.19,77.97,4.461,75.96,0.091,1017,0
2020-02-22,06:40,26.36,77.55,4.09,77,1.866,1017,0
2020-02-22,06:50,26.4,78.28,4.672,76.79,7.443,1017,0
2020-02-22,07:00,26.33,78.44,4.117,76.42,15.68,1017,0
2020-02-22,07:10,26.36,78.76,4.077,74.2,28.95,1017,0
2020-02-22,07:20,26.44,78.87,4.296,81,34.55,1017,0
2020-02-22,07:30,26.45,78.06,4.797,75.95,64.52,1017,0
2020-02-22,07:40,26.72,76,5.221,78.24,74.36,1018,0
2020-02-22,07:50,26.89,74.89,4.935,79.37,146.3,1018,0
2020-02-22,08:00,27.39,73.83,4.573,73.51,241,1018,0
2020-02-22,08:10,27.33,73.56,4.828,67.58,160,1018,0
2020-02-22,08:20,27.17,74.86,4.426,68.55,153.8,1018,0
2020-02-22,08:30,27.33,75.12,4.739,69.39,181.6,1018,0
2020-02-22,08:40,27.39,74.94,4.895,66.5,260.6,1018,0
2020-02-22,08:50,27.67,73.96,4.797,82.1,377.7,1018,0
2020-02-22,09:00,28.06,73.17,4.752,63.62,427,1018,0
2020-02-22,09:10,27.78,74.33,4.761,65.35,235.8,1018,0
2020-02-22,09:20,27.94,74.21,4.868,73.56,474.5,1018,0
2020-02-22,09:30,28.17,72.98,5.704,70.1,611.6,1018,0
2020-02-22,09:40,28,73.19,5.083,69.78,274.4,1018,0
2020-02-22,09:50,28.28,73.31,5.025,65.46,650,1019,0
2020-02-22,10:00,28.56,71.59,5.481,70.25,690.2,1019,0
2020-02-22,10:10,28.39,72.69,4.908,68.87,471.2,1019,0
2020-02-22,10:20,28.89,72.2,4.743,73.63,803,1019,0
2020-02-22,10:30,29.22,70.29,5.235,64.88,820,1018,0
2020-02-22,10:40,29.17,69.91,5.002,61.71,739.7,1018,0
2020-02-22,10:50,29.11,70.65,4.573,61.25,623.2,1018,0
2020-02-22,11:00,29,71.12,5.338,63.1,790.3,1018,0
2020-02-22,11:10,29.17,70.43,4.698,70.92,683.7,1018,0
2020-02-22,11:20,29.17,69.83,5.306,60.72,762.5,1018,0
2020-02-22,11:30,29.11,68.93,5.87,70.83,857,1018,0
2020-02-22,11:40,29.39,68.13,5.923,66.07,869,1018,0
2020-02-22,11:50,29.39,68.53,5.271,65.3,823,1018,0
2020-02-22,12:00,29.44,68.93,5.154,64.6,974,1018,0
2020-02-22,12:10,29.11,69.52,5.508,60.49,655,1017,0
2020-02-22,12:20,28.94,70.54,5.418,61.51,708.7,1017,0
2020-02-22,12:30,29,69.26,6.089,65.35,832,1017,0
2020-02-22,12:40,29.44,68.03,5.718,69.21,908,1017,0
2020-02-22,12:50,29.22,68.64,5.521,64.53,634.6,1017,0
2020-02-22,13:00,29.17,68.2,5.485,64.01,661.4,1017,0
2020-02-22,13:10,28.83,71.04,5.463,65.28,746.9,1017,0
2020-02-22,13:20,29.06,70.13,5.253,63.12,485.8,1017,0
2020-02-22,13:30,28.67,71.18,5.44,61.8,654,1017,0
2020-02-22,13:40,29.22,68.77,6.026,72.12,894,1016,0
2020-02-22,13:50,29.39,68.81,5.476,66.8,845,1016,0
2020-02-22,14:00,29.17,69.13,5.771,72.96,747.8,1016,0
2020-02-22,14:10,28.94,69.58,5.53,67.18,575.8,1016,0
2020-02-22,14:20,29,69.79,5.651,73.47,669.7,1016,0
2020-02-22,14:30,29,69.97,5.677,65.71,695.5,1016,0
2020-02-22,14:40,28.78,69.38,6.402,71.27,571.9,1016,0
2020-02-22,14:50,28.89,70.42,5.472,69.69,492.1,1016,0
2020-02-22,15:00,28.72,71.45,5.154,68.29,621.7,1016,0
2020-02-22,15:10,28.83,70.75,5.485,65.13,470.6,1016,0
2020-02-22,15:20,28.56,71.67,5.458,67.85,516.6,1015,0
2020-02-22,15:30,28.67,71.45,5.043,72.74,440.6,1016,0
2020-02-22,15:40,28.72,71.26,5.007,70.28,402.5,1015,0
2020-02-22,15:50,28.44,72.14,5.673,70.81,347.5,1015,0
2020-02-22,16:00,28.17,72.64,5.4,60.63,254.7,1015,0
2020-02-22,16:10,28.56,72.06,4.649,63.67,436.6,1016,0
2020-02-22,16:20,28.44,70.73,5.709,68.7,313.4,1016,0
2020-02-22,16:30,28.17,71.4,5.633,69.95,335.3,1016,0
2020-02-22,16:40,28.39,70.79,5.494,69.99,354.7,1016,0
2020-02-22,16:50,28.28,70.88,5.244,63.8,316.4,1016,0
2020-02-22,17:00,28.33,71.49,5.253,67.72,289.2,1016,0
2020-02-22,17:10,27.94,72.76,5.15,68.51,144.5,1016,0
2020-02-22,17:20,27.94,73.17,5.092,72.75,203.2,1016,0
2020-02-22,17:30,27.83,72.88,5.476,69.59,170.1,1016,0
2020-02-22,17:40,27.78,73.14,5.06,66.73,173.9,1016,0
2020-02-22,17:50,27.67,73.48,4.944,62.88,94.2,1016,0
2020-02-22,18:00,27.44,74.48,4.743,70.53,52.91,1016,0
2020-02-22,18:10,27.28,75,5.566,66.2,29.01,1016,0
2020-02-22,18:20,27.06,74.84,4.716,70.11,10.1,1016,0
2020-02-22,18:30,26.94,74.66,5.387,71.48,3.551,1016,0
2020-02-22,18:40,26.94,74.91,4.488,66.49,0.961,1016,0
2020-02-22,18:50,26.89,74.76,4.868,66.9,0.03,1016,0
2020-02-22,19:00,26.89,74.91,5.342,66.11,0,1016,0
2020-02-22,19:10,26.89,74.94,4.824,70.14,0,1016,0
2020-02-22,19:20,26.89,75.18,4.689,71.89,0,1017,0
2020-02-22,19:30,26.89,75.62,4.926,69.22,0,1017,0
2020-02-22,19:40,26.83,75.3,5.458,67.32,0,1017,0
2020-02-22,19:50,26.89,75.62,4.448,70.05,0,1017,0
2020-02-22,20:00,26.83,75.72,5.28,68.67,0,1017,0
2020-02-22,20:10,26.72,75.61,5.204,69.14,0,1017,0
2020-02-22,20:20,26.72,75.78,4.864,69.69,0,1017,0
2020-02-22,20:30,26.83,75.91,5.418,69.54,0,1017,0
2020-02-22,20:40,26.83,76.09,4.555,68.61,0,1017,0
2020-02-22,20:50,26.89,76,5.172,68.42,0,1017,0
2020-02-22,21:00,26.83,75.77,5.15,65.43,0,1017,0
2020-02-22,21:10,26.83,75.33,5.28,67,0,1017,0
2020-02-22,21:20,26.89,75.68,5.485,66.24,0,1017,0
2020-02-22,21:30,26.83,75.81,5.879,65.79,0,1017,0
2020-02-22,21:40,26.72,74.94,5.351,67.56,0,1017,0
2020-02-22,21:50,26.61,74.45,5.23,67.73,0,1018,0
2020-02-22,22:00,26.59,74.32,5.525,66.48,0,1018,0
2020-02-22,22:10,26.55,74.24,5.078,65.33,0,1018,0
2020-02-22,22:20,26.62,73.82,5.463,67.71,0,1018,0
2020-02-22,22:30,26.61,74.05,5.136,67.48,0,1018,0
2020-02-22,22:40,26.59,73.87,5.324,64.04,0,1018,0
2020-02-22,22:50,26.61,74.01,5.15,64.88,0,1018,0
2020-02-22,23:00,26.62,74.86,5.481,67.2,0,1018,0
2020-02-22,23:10,26.48,74.26,5.476,65.7,0,1018,0
2020-02-22,23:20,26.44,74.06,5.257,68.05,0,1018,0
2020-02-22,23:30,26.41,74.04,5.423,67.92,0,1018,0
2020-02-22,23:40,26.46,74.32,5.467,65.02,0,1018,0
2020-02-22,23:50,26.43,73.96,5.53,64.14,0,1018,0
2020-02-23,00:00,26.51,74.13,5.119,64.83,0,1018,0
2020-02-23,00:10,26.46,74.71,4.855,63.12,0,1018,0
2020-02-23,00:20,26.33,73.85,5.606,62.4,0,1018,0
2020-02-23,00:30,26.34,73.18,5.195,66.64,0,1017,0
2020-02-23,00:40,26.32,73.96,4.837,67.69,0,1017,0
2020-02-23,00:50,26.22,74.33,4.479,62.3,0,1017,0
2020-02-23,01:00,26.12,73.6,4.524,68.26,0,1017,0
2020-02-23,01:10,26.18,72.69,5.172,64.08,0,1017,0
2020-02-23,01:20,26.18,73.05,4.318,62.61,0,1017,0
2020-02-23,01:30,26.21,72.62,5.23,62.05,0,1017,0
2020-02-23,01:40,26.23,72.8,4.676,63.94,0,1017,0
2020-02-23,01:50,26.2,72.95,4.26,63.71,0,1017,0
2020-02-23,02:00,26.22,73.53,4.041,61,0,1017,0
2020-02-23,02:10,26.11,73.73,3.791,66.52,0,1017,0
2020-02-23,02:20,26.14,73,4.56,63.45,0,1017,0
2020-02-23,02:30,26.27,73.24,4.368,60.67,0,1017,0
2020-02-23,02:40,26.23,73.68,3.983,62.72,0,1017,0
2020-02-23,02:50,26.29,74.66,4.211,58.64,0,1017,0
2020-02-23,03:00,26.29,75.34,4.466,62.95,0,1017,0
2020-02-23,03:10,26.21,75.45,4.341,65.64,0,1016,0
2020-02-23,03:20,26.19,75.87,4.265,65.41,0,1016,0
2020-02-23,03:30,26.39,76.67,4.511,60.95,0.012,1016,0
2020-02-23,03:40,26.08,77.77,4.859,60.58,0.345,1016,0
2020-02-23,03:50,26.06,78.05,4.886,62.27,0.157,1016,0
2020-02-23,04:00,25.88,77.6,4.993,64.86,0.008,1016,0
2020-02-23,04:10,25.86,76.41,5.378,61.96,0,1016,0
2020-02-23,04:20,25.91,76.7,4.403,59.68,0.001,1016,0
2020-02-23,04:30,25.88,76.45,5.208,59.08,0,1016,0
2020-02-23,04:40,25.93,75.95,4.752,59.29,0,1016,0
2020-02-23,04:50,25.87,76.33,4.529,60.32,0.007,1016,0
2020-02-23,05:00,25.76,75.23,4.721,62.62,0,1016,0
2020-02-23,05:10,25.86,75.13,4.484,63.33,0,1016,0
2020-02-23,05:20,25.81,75.07,4.797,62.49,0,1016,0
2020-02-23,05:30,25.84,75.18,5.074,62.03,0,1016,0
2020-02-23,05:40,25.91,74.58,5.333,59.96,0,1016,0
2020-02-23,05:50,25.9,74.82,4.605,63.42,0,1016,0
2020-02-23,06:00,25.93,75.43,4.497,59.77,0,1017,0
2020-02-23,06:10,26,76.33,4.56,61.04,0,1017,0
2020-02-23,06:20,25.92,76.41,5.351,59.57,0.034,1017,0
2020-02-23,06:30,25.99,76.37,5.302,61.22,0.707,1017,0
2020-02-23,06:40,26.04,76.42,5.396,60.25,2.567,1017,0
2020-02-23,06:50,26.18,76.58,5.391,59.38,5.584,1017,0
2020-02-23,07:00,26.12,76.11,5.941,62.24,10.34,1017,0
2020-02-23,07:10,26.22,75.73,5.959,63.48,23.82,1017,0
2020-02-23,07:20,26.23,76.13,5.078,63.34,31.47,1017,0
2020-02-23,07:30,26.42,75.93,5.262,59.66,124.1,1017,0
2020-02-23,07:40,26.37,75.26,6.08,60.44,47.54,1017,0
2020-02-23,07:50,26.31,75.24,5.311,60.59,95.7,1017,0
2020-02-23,08:00,26.51,74.52,5.856,59.66,126.7,1017,0
2020-02-23,08:10,26.61,74.59,5.244,61.27,157.1,1018,0
2020-02-23,08:20,26.89,73.92,6.057,60.01,248.2,1017,0
2020-02-23,08:30,26.94,73.25,6.469,64.48,218.5,1018,0
2020-02-23,08:40,26.94,74.38,5.226,60.84,211.6,1018,0
2020-02-23,08:50,27,73.69,6.938,62,306,1018,0
2020-02-23,09:00,27.39,72.79,5.584,60.54,303.3,1018,0
2020-02-23,09:10,27.33,72.9,6.017,60.91,436.9,1018,0
2020-02-23,09:20,27.61,71.72,5.937,58.53,499.9,1018,0
2020-02-23,09:30,27.56,72.18,5.414,61.58,404.1,1018,0
2020-02-23,09:40,27.78,71.79,5.449,59.88,441.2,1018,0
2020-02-23,09:50,27.56,72.2,5.53,68.33,244.4,1018,0
2020-02-23,10:00,27.33,76.51,5.418,68.43,641.2,1018,0
2020-02-23,10:10,27.39,77.11,5.494,76.95,752.4,1018,0
2020-02-23,10:20,27.83,74.69,5.503,69.13,769,1018,0
2020-02-23,10:30,27.94,73.5,5.847,77.86,791.9,1018,0
2020-02-23,10:40,27.94,73.31,5.655,66.67,735.1,1018,0
2020-02-23,10:50,28.22,73.01,5.217,63.82,756.3,1018,0
2020-02-23,11:00,28.28,73.15,4.318,55.6,560.3,1018,0
2020-02-23,11:10,28,73.16,4.359,55.39,440.2,1018,0
2020-02-23,11:20,27.67,72.39,5.262,63.92,247.4,1018,0
2020-02-23,11:30,27.56,73.79,3.943,66.89,358.1,1018,0
2020-02-23,11:40,27.83,73.13,4.309,57.21,462.6,1018,0
2020-02-23,11:50,28.5,71.56,4.211,58.8,764.9,1017,0
2020-02-23,12:00,28.61,71.26,3.76,51.98,699.4,1017,0
2020-02-23,12:10,28.06,72.51,4.189,57.55,357,1017,0
2020-02-23,12:20,28.06,72.78,4.908,59.29,582.7,1017,0
2020-02-23,12:30,28.5,71.78,3.938,55.85,752.2,1017,0
2020-02-23,12:40,28.39,71.59,4.345,59.43,448,1017,0
2020-02-23,12:50,28.17,72.35,4.797,57.66,595.3,1017,0
2020-02-23,13:00,28,72.47,4.171,57.04,332.4,1016,0
2020-02-23,13:10,27.67,73.61,4.493,60.81,231.1,1016,0
2020-02-23,13:20,26.24,75.86,5.852,78.57,336.8,1016,0
2020-02-23,13:30,25.88,79.1,5.096,81.8,401.5,1016,0
2020-02-23,13:40,26.02,79.12,5.288,76.48,499.3,1016,0
2020-02-23,13:50,26.52,78.95,5.078,71.79,596,1016,0
2020-02-23,14:00,25.39,78.75,5.172,80.2,402.7,1016,0
2020-02-23,14:10,26.51,80.1,3.569,71.01,559.4,1016,0
2020-02-23,14:20,27.28,80,3.524,56.02,489.2,1016,0
2020-02-23,14:30,27.33,78.77,4.399,62.47,425.7,1015,0
2020-02-23,14:40,27.5,76.29,4.833,59.71,536.2,1015,0
2020-02-23,14:50,27.83,74.57,4.377,61.61,454.5,1015,0
2020-02-23,15:00,27.83,73.92,4.676,61.51,473.9,1015,0
2020-02-23,15:10,27.89,73.35,4.453,59.67,455.7,1015,0
2020-02-23,15:20,27.33,73.34,4.94,78.16,247,1015,0
2020-02-23,15:30,26.78,76.69,4.216,82.7,278.3,1015,0
2020-02-23,15:40,27.06,76.74,4.958,82.5,246.7,1015,0
2020-02-23,15:50,26.72,75.49,4.032,74.97,473.1,1015,0
2020-02-23,16:00,27.61,73.57,4.658,79.17,564.1,1015,0
2020-02-23,16:10,27.44,73.96,4.609,68.74,242.3,1015,0
2020-02-23,16:20,27.33,74.4,4.886,70.14,179.8,1015,0
2020-02-23,16:30,27.17,74.63,5.257,72.84,135.2,1015,0
2020-02-23,16:40,27.33,74.74,4.537,74.38,122.6,1015,0
2020-02-23,16:50,27.06,75.07,4.877,66.93,118.9,1015,0
2020-02-23,17:00,27.28,74.36,4.913,62.42,240.6,1015,0
2020-02-23,17:10,27.33,73.8,5.114,70.85,232.8,1015,0
2020-02-23,17:20,27.22,74.4,4.725,62.57,165,1015,0
2020-02-23,17:30,27.11,75.01,4.828,63.71,143.2,1016,0
2020-02-23,17:40,26.89,75.73,5.15,69.56,64.98,1016,0
2020-02-23,17:50,26.78,76.28,4.479,66.17,52.58,1016,0
2020-02-23,18:00,26.64,75.91,4.511,70.2,35.04,1016,0
2020-02-23,18:10,26.59,76.25,3.777,65.79,19.7,1016,0
2020-02-23,18:20,26.51,76.65,4.582,68.5,12.77,1016,0
2020-02-23,18:30,26.47,77.18,3.427,65.63,3.662,1016,0
2020-02-23,18:40,26.47,77.85,3.191,65.98,0.868,1016,0
2020-02-23,18:50,26.43,78.03,4.001,67.53,0.001,1016,0
2020-02-23,19:00,26.27,76.81,3.701,67.83,0,1016,0
2020-02-23,19:10,26.32,77.02,3.525,74.6,0,1016,0
2020-02-23,19:20,26.28,77.77,2.936,80.4,0,1016,0
2020-02-23,19:30,25.99,79,2.259,74.46,0,1016,0
2020-02-23,19:40,25.73,79.02,3.903,59.24,0.433,1016,1
2020-02-23,19:50,24.48,80.5,3.251,67.07,0.6,1016,0
2020-02-23,20:00,24.93,80.6,2.747,66.77,0.682,1016,0
2020-02-23,20:10,25.4,81.1,3.008,66.38,0.63,1016,0
2020-02-23,20:20,25.59,81.8,3.131,62.9,0,1016,0
2020-02-23,20:30,25.58,82.1,2.985,65.69,0,1017,0
2020-02-23,20:40,25.64,82.1,2.93,68.43,0,1017,0
2020-02-23,20:50,25.67,82.2,2.831,66.79,0,1017,0
2020-02-23,21:00,25.68,82,2.992,65.19,0,1017,0
2020-02-23,21:10,25.71,81.8,3.249,64.74,0,1017,0
2020-02-23,21:20,25.79,81.3,3.49,65.82,0,1017,0
2020-02-23,21:30,25.72,80.3,3.228,64.9,0,1017,0
2020-02-23,21:40,25.75,78.92,3.483,65.71,0,1017,0
2020-02-23,21:50,25.84,78.23,3.039,65,0,1017,0
2020-02-23,22:00,25.78,77.68,3.701,68.33,0,1017,0
2020-02-23,22:10,25.87,76.89,4.05,69.77,0,1017,0
2020-02-23,22:20,25.92,76.38,3.831,68.79,0,1017,0
2020-02-23,22:30,25.87,76.38,2.971,64.79,0,1017,0
2020-02-23,22:40,25.78,76.99,3.027,66.82,0,1017,0
2020-02-23,22:50,25.72,77.38,2.332,64.94,0,1017,0
2020-02-23,23:00,25.71,77.61,3.149,63.56,0,1017,0
2020-02-23,23:10,25.66,77.67,2.794,67.77,0,1017,0
2020-02-23,23:20,25.69,78.1,3.159,69.22,0,1017,0
2020-02-23,23:30,25.69,78.08,3.247,63.95,0,1017,0
2020-02-23,23:40,25.72,77.89,3.238,67.31,0,1017,0
2020-02-23,23:50,25.74,77.83,3.298,66.41,0,1017,0
2020-02-24,00:00,25.72,78.16,3.029,70.23,0,1017,0
2020-02-24,00:10,25.68,78.27,3.63,68.99,0,1017,0
2020-02-24,00:20,25.68,77.27,3.661,66.96,0,1017,0
2020-02-24,00:30,25.68,76.86,3.284,63.93,0,1017,0
2020-02-24,00:40,25.73,77.01,3.174,66.93,0,1017,0
2020-02-24,00:50,25.78,77.51,2.929,65.22,0,1017,0
2020-02-24,01:00,25.7,78.1,2.73,65.75,0,1017,0
2020-02-24,01:10,25.64,78.61,2.667,67.38,0,1017,0
2020-02-24,01:20,25.66,79,2.412,63.49,0,1016,0
2020-02-24,01:30,25.67,79.27,2.613,73.43,0,1016,0
2020-02-24,01:40,25.67,79.37,2.823,74.33,0,1016,0
2020-02-24,01:50,25.51,80.1,2.607,75.1,0,1016,0
2020-02-24,02:00,25.52,80.3,2.589,72.64,0,1016,0
2020-02-24,02:10,25.54,79.19,3.49,62.38,0,1016,0
2020-02-24,02:20,25.53,79.21,3.328,67.54,0,1016,0
2020-02-24,02:30,25.52,78.91,3.581,68.24,0,1016,0
2020-02-24,02:40,25.57,78.68,3.042,66.76,0,1016,0
2020-02-24,02:50,25.52,78.78,3.279,70.31,0,1016,0
2020-02-24,03:00,25.41,78.64,2.871,64.99,0,1016,0
2020-02-24,03:10,25.35,78.28,3.574,65.15,0,1016,0
2020-02-24,03:20,25.4,77.7,3.011,65.84,0,1015,0
2020-02-24,03:30,25.37,77.68,2.959,66.47,0,1015,0
2020-02-24,03:40,25.41,77.82,3.612,68.8,0,1015,0
2020-02-24,03:50,25.41,77.63,3.197,63.81,0,1015,0
2020-02-24,04:00,25.38,77.58,3.376,63.34,0,1015,0
2020-02-24,04:10,25.49,77.35,3.934,64.28,0,1015,0
2020-02-24,04:20,25.51,77.77,3.187,64.78,0,1015,0
2020-02-24,04:30,25.32,77.83,3.217,66.26,0,1015,0
2020-02-24,04:40,25.28,77.02,3.921,62.83,0,1015,0
2020-02-24,04:50,25.26,76.76,3.639,69.05,0,1015,0
2020-02-24,05:00,25.26,76.15,3.657,63.81,0,1015,0
2020-02-24,05:10,25.31,75.95,3.099,67.14,0,1015,0
2020-02-24,05:20,25.43,76.78,3.277,66.25,0,1015,0
2020-02-24,05:30,25.36,77.46,3.693,63.89,0,1016,0
2020-02-24,05:40,25.38,77.76,3.541,65.09,0,1016,0
2020-02-24,05:50,25.46,77.83,3.666,67.5,0,1016,0
2020-02-24,06:00,25.41,76.5,4.068,70,0,1016,0
2020-02-24,06:10,25.37,75.56,3.639,67.42,0,1016,0
2020-02-24,06:20,25.33,73.7,4.551,68.8,0,1016,0
2020-02-24,06:30,25.38,73.91,3.867,68.56,0.632,1016,0
2020-02-24,06:40,25.36,74.06,3.943,69.02,3.208,1016,0
2020-02-24,06:50,25.46,73.95,4.314,63.41,9.98,1016,0
2020-02-24,07:00,25.41,73.39,4.171,65.17,17.63,1016,0
2020-02-24,07:10,25.51,73.43,3.804,66.49,38.84,1016,0
2020-02-24,07:20,25.66,73.72,3.849,66.8,48.3,1016,0
2020-02-24,07:30,25.7,73.15,4.095,66.21,62.28,1017,0
2020-02-24,07:40,25.73,73.05,3.231,66.03,59.06,1017,0
2020-02-24,07:50,25.98,74.18,3.617,65.33,82.4,1017,0
2020-02-24,08:00,26.06,74.23,4.22,66.16,157.6,1017,0
2020-02-24,08:10,26.37,72.66,4.573,58.92,214.9,1017,0
2020-02-24,08:20,26.47,73.47,3.639,57.33,211.1,1018,0
2020-02-24,08:30,26.83,73.31,4.157,54.65,400.2,1017,0
2020-02-24,08:40,26.78,72.91,4.645,54.07,355,1018,0
2020-02-24,08:50,26.89,72.09,4.189,56.9,357.1,1018,0
2020-02-24,09:00,26.89,72.86,3.8,52.75,376.3,1018,0
2020-02-24,09:10,27.44,72.52,3.947,53.11,595.8,1018,0
2020-02-24,09:20,27.67,72.36,3.675,56.65,584.4,1018,0
2020-02-24,09:30,27.67,72.63,3.666,56.67,611.4,1018,0
2020-02-24,09:40,27.72,70.52,3.813,55.73,584.6,1017,0
2020-02-24,09:50,27.56,68.06,4.613,55.89,617.2,1017,0
2020-02-24,10:00,27.44,69.74,4.18,55.33,471.1,1017,0
2020-02-24,10:10,27.67,69.03,3.715,50.68,651.6,1017,0
2020-02-24,10:20,27.94,68.36,3.556,50.5,679.1,1017,0
2020-02-24,10:30,27.94,67.87,4.171,54.25,751.8,1017,0
2020-02-24,10:40,28.06,68.86,4.189,53.08,747.5,1017,0
2020-02-24,10:50,27.89,69.76,3.997,53.79,678,1017,0
2020-02-24,11:00,28,70.01,4.126,54.35,696.1,1017,0
2020-02-24,11:10,27.33,71.45,4.721,55.38,275.9,1017,0
2020-02-24,11:20,27.11,71.29,4.314,56.16,316.4,1017,0
2020-02-24,11:30,27.39,72.19,3.376,54.01,369.5,1017,0
2020-02-24,11:40,27.17,72.33,3.385,52.72,183.1,1017,0
2020-02-24,11:50,26.94,73.29,3.755,53.22,166.5,1017,0
2020-02-24,12:00,26.94,72.4,4.444,57.66,206.2,1016,0
2020-02-24,12:10,27.17,70.77,5.239,57.44,444.2,1016,0
2020-02-24,12:20,28.11,68.64,4.435,59.19,762.2,1016,0
2020-02-24,12:30,27.33,67.11,4.841,58.51,266.3,1016,0
2020-02-24,12:40,27.44,67.2,4.47,53.91,388.8,1016,0
2020-02-24,12:50,27.44,68.78,4.242,52.22,281.1,1016,0
2020-02-24,13:00,27.67,68.4,4.56,59.61,578.8,1016,0
2020-02-24,13:10,27.89,68.49,4.046,55.19,518.3,1016,0
2020-02-24,13:20,27.61,69.96,3.929,53.27,409.5,1016,0
2020-02-24,13:30,27.33,70.09,4.301,54.69,298.9,1015,0
2020-02-24,13:40,27.61,69.89,4.359,57.27,587.5,1015,0
2020-02-24,13:50,27.61,71.03,3.567,57.4,360.8,1015,0
2020-02-24,14:00,27.22,69.53,4.488,55.72,256,1015,0
2020-02-24,14:10,27.28,68.34,4.399,55.49,365.2,1015,0
2020-02-24,14:20,27.72,66.36,4.412,55.76,528.6,1015,0
2020-02-24,14:30,27.83,65.51,4.493,55.91,516.4,1015,0
2020-02-24,14:40,27.5,68.91,4.073,53.64,363.4,1014,0
2020-02-24,14:50,27.56,69.85,3.679,51.04,552.1,1014,0
2020-02-24,15:00,27.78,69.5,3.479,54.51,448,1014,0
2020-02-24,15:10,27.5,70.63,3.594,52.19,467.4,1014,0
2020-02-24,15:20,27.67,69.26,3.818,53.02,667.9,1014,0
2020-02-24,15:30,27.78,68.35,3.545,52.54,585.2,1014,0
2020-02-24,15:40,27.72,69.7,3.701,51.43,601.5,1014,0
2020-02-24,15:50,27.5,69.95,3.553,53.9,463.2,1014,0
2020-02-24,16:00,27.72,70.03,3.786,53.69,559.2,1014,0
2020-02-24,16:10,27.56,69.13,3.827,53.57,447.5,1014,0
2020-02-24,16:20,27.56,69.15,3.943,54.11,456,1014,0
2020-02-24,16:30,27.5,67.12,4.39,56.7,419.3,1014,0
2020-02-24,16:40,27.44,69.33,4.113,58.57,367.5,1014,0
2020-02-24,16:50,27.22,67.93,4.448,54.85,317.3,1014,0
2020-02-24,17:00,27.22,70.09,3.648,56.79,303.8,1014,0
2020-02-24,17:10,27.06,69.84,4.229,56.44,260.4,1015,0
2020-02-24,17:20,27.11,70.43,3.992,56.25,238,1015,0
2020-02-24,17:30,26.94,70.11,4.166,60.25,186.4,1015,0
2020-02-24,17:40,26.83,71.44,3.956,57.1,132.2,1015,0
2020-02-24,17:50,26.5,71.37,4.681,56.71,58.41,1015,0
2020-02-24,18:00,26.41,72.16,4.484,57.54,34.65,1015,0
2020-02-24,18:10,26.39,72.42,4.037,60.87,29.74,1015,0
2020-02-24,18:20,26.21,71.96,3.885,63.78,9.15,1015,0
2020-02-24,18:30,26.19,72.33,4.184,61.47,3.688,1016,0
2020-02-24,18:40,26.17,72.25,4.667,61.95,0.99,1015,0
2020-02-24,18:50,26.14,72.47,4.417,62.63,0.016,1016,0
2020-02-24,19:00,26.04,72.73,3.889,65.52,0,1016,0
2020-02-24,19:10,26.13,72.25,4.752,58.74,0,1016,0
2020-02-24,19:20,26,72.06,4.461,62.16,0,1016,0
2020-02-24,19:30,25.98,71.11,4.225,64.18,0,1016,0
2020-02-24,19:40,26.1,72.32,4.605,57.35,0,1016,0
2020-02-24,19:50,26.06,72.07,5.141,59.54,0,1016,0
2020-02-24,20:00,26.12,71.62,4.341,61.53,0,1016,0
2020-02-24,20:10,25.99,72.83,3.795,65.21,0,1016,0
2020-02-24,20:20,25.97,72.42,4.667,64.68,0,1016,0
2020-02-24,20:30,26.08,72.18,4.439,61.47,0,1016,0
2020-02-24,20:40,26.17,71.49,4.806,60.9,0,1017,0
2020-02-24,20:50,26.11,71.23,4.537,60.02,0,1017,0
2020-02-24,21:00,26.06,71.63,4.421,60.83,0,1017,0
2020-02-24,21:10,26.03,71.24,4.131,61.76,0,1017,0
2020-02-24,21:20,26.13,71.66,4.318,60.87,0,1017,0
2020-02-24,21:30,25.97,71.98,4.14,61.77,0,1017,0
2020-02-24,21:40,25.96,69.96,4.98,59.66,0,1017,0
2020-02-24,21:50,26.05,70.35,4.984,57.91,0,1017,0
2020-02-24,22:00,26.07,71.44,5.011,61.74,0,1017,0
2020-02-24,22:10,26.08,72.06,5.047,61.24,0,1017,0
2020-02-24,22:20,26.03,71.84,4.757,60.66,0,1017,0
2020-02-24,22:30,26.03,71.45,5.163,58.31,0,1017,0
2020-02-24,22:40,26.03,72.16,4.073,63.34,0,1017,0
2020-02-24,22:50,25.96,72.93,4.242,63.83,0,1017,0
2020-02-24,23:00,26.09,73.34,4.967,61.69,0,1017,0
2020-02-24,23:10,26.03,73.56,5.096,64.14,0,1017,0
2020-02-24,23:20,25.86,72.87,4.85,66.21,0,1017,0
2020-02-24,23:30,25.99,72.75,4.98,61.21,0,1017,0
2020-02-24,23:40,25.94,72.78,4.949,61.94,0,1017,0
2020-02-24,23:50,25.97,73.13,5.132,63,0,1017,0
2020-02-25,00:00,25.89,73.36,4.399,67.58,0,1017,0
2020-02-25,00:10,25.8,73.58,4.381,65.29,0,1017,0
2020-02-25,00:20,25.82,73.45,4.882,64.3,0,1017,0
2020-02-25,00:30,25.77,73.04,4.417,63.04,0,1017,0
2020-02-25,00:40,25.78,72.58,4.26,64.54,0,1017,0
2020-02-25,00:50,25.91,73.47,3.8,62.69,0,1017,0
2020-02-25,01:00,25.98,74.09,4.108,62.41,0,1016,0
2020-02-25,01:10,26,73.87,4.645,62.47,0,1016,0
2020-02-25,01:20,25.98,73.62,4.64,62.04,0,1016,0
2020-02-25,01:30,25.96,73.02,4.73,62.15,0,1016,0
2020-02-25,01:40,25.93,73.27,4.207,64.79,0,1016,0
2020-02-25,01:50,25.92,74.19,3.55,64.19,0,1016,0
2020-02-25,02:00,26.09,74.91,4.175,64.6,0,1016,0
2020-02-25,02:10,26.09,75.41,4.506,59.1,0,1016,0
2020-02-25,02:20,26.01,75.63,5.23,59.75,0.038,1016,0
2020-02-25,02:30,25.57,77.03,4.381,62.07,0.951,1016,0
2020-02-25,02:40,25.43,77.09,4.296,66.16,0.421,1016,0
2020-02-25,02:50,25.38,77.22,4.135,66.64,0.406,1016,0
2020-02-25,03:00,25.44,77.31,4.05,62.66,0.406,1016,0
2020-02-25,03:10,25.49,77.05,4.18,65.77,0.405,1016,0
2020-02-25,03:20,25.61,76.72,4.806,64.31,0.406,1015,0
2020-02-25,03:30,25.53,76.51,4.421,66.16,0.406,1015,0
2020-02-25,03:40,25.63,76.7,5.038,61.88,0.406,1015,0
2020-02-25,03:50,25.51,78.3,4.631,63.23,0.406,1015,0
2020-02-25,04:00,25.44,78.93,3.67,61.72,0.406,1015,0
2020-02-25,04:10,25.36,78.17,3.495,60.41,0.406,1015,0
2020-02-25,04:20,25.56,77.51,4.037,60.36,0.406,1015,0
2020-02-25,04:30,25.79,76.44,4.444,57.53,0.406,1015,0
2020-02-25,04:40,25.67,76.14,4.211,61.39,0.405,1015,0
2020-02-25,04:50,25.59,75.42,4.417,58.82,0.397,1015,0
2020-02-25,05:00,25.64,74.83,4.301,63.23,0.34,1015,0
2020-02-25,05:10,25.67,74.85,4.041,62.04,0.399,1016,0
2020-02-25,05:20,25.75,75.23,4.497,60.8,0.405,1016,0
2020-02-25,05:30,25.64,75.26,4.555,62.48,0.399,1016,0
2020-02-25,05:40,25.51,74.71,3.97,61.16,0.393,1016,0
2020-02-25,05:50,25.51,74.34,4.52,61.85,0.366,1016,0
2020-02-25,06:00,25.54,74.2,4.135,67.34,0.39,1016,0
2020-02-25,06:10,25.57,74.22,3.84,63.55,0.384,1016,0
2020-02-25,06:20,25.58,74.23,4.685,64.08,0.397,1016,0
2020-02-25,06:30,25.75,73.72,4.926,63.03,1.017,1016,0
2020-02-25,06:40,25.8,73.9,4.153,61.69,2.91,1016,0
2020-02-25,06:50,25.91,75.21,4.144,61,5.967,1016,0
2020-02-25,07:00,25.9,75.32,4.385,56.46,19.27,1016,0
2020-02-25,07:10,25.85,75.11,4.211,59.35,17.15,1016,0
2020-02-25,07:20,25.87,74.74,4.149,60.26,24.91,1016,0
2020-02-25,07:30,26.02,74.37,3.827,60.68,33.99,1016,0
2020-02-25,07:40,26.06,74.41,4.22,57.73,41,1016,0
2020-02-25,07:50,26.1,75.14,4.64,61.14,40.74,1016,0
2020-02-25,08:00,25.81,76.78,4.189,80.3,60.79,1016,0
2020-02-25,08:10,25.08,81.8,3.773,64.67,230,1016,1
2020-02-25,08:20,25.1,84.6,3.456,67.19,155.1,1016,0
2020-02-25,08:30,25.41,85.4,3.769,63.58,335.2,1016,0
2020-02-25,08:40,25.74,85.5,3.216,61.09,285.6,1016,0
2020-02-25,08:50,25.68,85.4,3.044,58.69,192,1016,0
2020-02-25,09:00,25.95,84.9,3.279,56.88,180.1,1016,0
2020-02-25,09:10,25.96,84,4.967,64.51,248.2,1016,0
2020-02-25,09:20,26.07,84.3,4.35,64.25,423.2,1016,0
2020-02-25,09:30,26.08,83.7,4.157,64.51,417.3,1017,0
2020-02-25,09:40,26.44,83,4.068,55.61,453,1017,0
2020-02-25,09:50,26.72,82.1,3.992,55.84,539.3,1017,0
2020-02-25,10:00,26.94,81.4,3.391,53.35,325.3,1016,0
2020-02-25,10:10,26.32,83.5,4.18,56.89,442.2,1016,0
2020-02-25,10:20,26.63,84.1,4.314,59.77,581.1,1016,0
2020-02-25,10:30,26.89,83,4.149,58.6,486.7,1016,0
2020-02-25,10:40,27,82.5,3.912,55.87,634.2,1016,0
2020-02-25,10:50,27.39,81.5,3.291,51.52,664.8,1016,0
2020-02-25,11:00,27.39,81,3.532,56.75,720.1,1016,0
2020-02-25,11:10,27.89,78.22,4.712,64.58,753.1,1016,0
2020-02-25,11:20,27.94,76.79,4.676,62.03,606.7,1016,0
2020-02-25,11:30,28.06,77.41,4.296,62.39,647.1,1015,0
2020-02-25,11:40,28.11,77.81,4.439,61.88,785.4,1015,0
2020-02-25,11:50,28.17,77.42,3.88,62.26,554,1015,0
2020-02-25,12:00,27.22,77.89,5.347,65.23,721.1,1015,0
2020-02-25,12:10,27.89,75.86,5.467,62.77,855,1015,0
2020-02-25,12:20,28.44,74.94,4.502,60.79,899,1015,0
2020-02-25,12:30,28.28,74.56,4.35,55.69,619.9,1015,0
2020-02-25,12:40,28.44,74.42,4.707,62.85,838,1015,0
2020-02-25,12:50,28.56,75.36,3.414,59.97,691.7,1014,0
2020-02-25,13:00,27.94,77,3.894,54.34,537.6,1014,0
2020-02-25,13:10,27.83,77.68,3.858,59.63,613.9,1014,0
2020-02-25,13:20,28.28,76.56,3.751,61.64,659.1,1014,0
2020-02-25,13:30,27.94,77.65,3.33,54.47,375.4,1014,0
2020-02-25,13:40,27.67,78.91,3.773,60.45,572.8,1014,0
2020-02-25,13:50,28.17,78.17,3.97,63.02,775.1,1014,0
2020-02-25,14:00,28.28,75.35,4.712,67.22,780.5,1014,0
2020-02-25,14:10,28.33,74.44,4.591,63.55,518.7,1014,0
2020-02-25,14:20,28.17,75.67,3.885,58.35,545.4,1013,0
2020-02-25,14:30,28.06,75.49,4.225,53.97,627.4,1013,0
2020-02-25,14:40,28.11,75.74,3.536,59.11,388.1,1013,0
2020-02-25,14:50,27.94,76.72,3.225,55.86,381.6,1013,0
2020-02-25,15:00,27.44,77.77,3.853,54.2,224.9,1013,0
2020-02-25,15:10,27.56,77.33,4.037,56.85,399.9,1013,0
2020-02-25,15:20,27.56,76.61,4.095,55.76,259.8,1013,0
2020-02-25,15:30,27.72,76.69,3.849,56.4,439.9,1013,0
2020-02-25,15:40,27.5,77.38,4.283,58.58,253.5,1013,0
2020-02-25,15:50,27.33,77.16,4.417,56.63,310.2,1013,0
2020-02-25,16:00,27.5,76.37,4.153,60.99,340.1,1013,0
2020-02-25,16:10,27.44,76.09,4.573,58.93,286.2,1013,0
2020-02-25,16:20,27.44,76.18,4.6,55.88,342.4,1013,0
2020-02-25,16:30,27.22,76.73,4.6,58.15,198.1,1013,0
2020-02-25,16:40,27.17,77.66,3.988,58.46,134.3,1013,0
2020-02-25,16:50,27.17,77.49,4.068,56.96,237.5,1013,0
2020-02-25,17:00,27.33,77.35,3.724,56.05,253.8,1013,0
2020-02-25,17:10,27.28,77.99,3.979,56.22,203.6,1013,0
2020-02-25,17:20,27.17,78.31,4.113,58.5,236.7,1013,0
2020-02-25,17:30,26.89,77.69,4.269,62.04,89.4,1014,0
2020-02-25,17:40,27,77.92,4.533,55.97,202,1014,0
2020-02-25,17:50,26.94,79.18,3.381,58.08,70.91,1014,0
2020-02-25,18:00,26.17,82.3,4.099,56.2,36.44,1014,0
2020-02-25,18:10,26.15,83.2,4.537,60.5,30.07,1014,0
2020-02-25,18:20,26.06,82.6,4.363,63.14,10,1014,0
2020-02-25,18:30,26.13,82.4,3.961,63.75,3.305,1014,0
2020-02-25,18:40,26.11,82.4,4.457,62.29,0.899,1014,0
2020-02-25,18:50,26.2,82.6,3.952,60.78,0.018,1014,0
2020-02-25,19:00,25.93,82.7,4.144,60.85,0,1014,0
2020-02-25,19:10,25.89,82.7,3.791,62.33,0,1015,0
2020-02-25,19:20,25.91,82.4,3.916,64.71,0,1015,0
2020-02-25,19:30,26.03,82.3,3.438,60.93,0,1015,0
2020-02-25,19:40,26.13,82.4,3.809,60.75,0,1015,0
2020-02-25,19:50,25.75,82.2,4.949,81.3,0.195,1015,0
2020-02-25,20:00,24.94,84.9,4.877,78.57,0.936,1015,0
2020-02-25,20:10,24.65,87.6,3.706,84.6,0.608,1015,1
2020-02-25,20:20,24.63,89,2.564,76.13,0.569,1015,0
2020-02-25,20:30,24.8,89.8,3.585,63.2,0.466,1015,0
2020-02-25,20:40,25.03,90.1,2.716,70.42,0.408,1015,0
2020-02-25,20:50,25.08,89.8,3.907,65.21,0.414,1015,0
2020-02-25,21:00,25.23,88.9,3.266,67.63,0.513,1015,0
2020-02-25,21:10,25.39,88.2,3.127,62.76,0.627,1015,0
2020-02-25,21:20,25.56,87.5,3.343,66.66,0.061,1015,0
2020-02-25,21:30,25.56,86.9,3.755,63.39,0,1015,0
2020-02-25,21:40,25.64,86.3,3.499,65.6,0,1016,0
2020-02-25,21:50,25.66,85.5,3.88,62.8,0,1016,0
2020-02-25,22:00,25.74,85,3.952,65.27,0,1016,0
2020-02-25,22:10,25.75,84.8,3.947,62.51,0,1016,0
2020-02-25,22:20,25.81,85,3.938,63.11,0,1016,0
2020-02-25,22:30,25.77,85,3.943,65.49,0,1016,0
2020-02-25,22:40,25.68,85,3.105,66.99,0,1016,0
2020-02-25,22:50,25.71,85,3.625,67.08,0,1016,0
2020-02-25,23:00,25.67,84.9,3.652,68.51,0,1016,0
2020-02-25,23:10,25.68,84.7,3.576,73.15,0,1016,0
2020-02-25,23:20,25.74,84.7,3.295,74.19,0,1016,0
2020-02-25,23:30,25.7,84.5,3.343,68.91,0,1016,0
2020-02-25,23:40,25.76,84.5,3.002,64.74,0,1016,0
2020-02-25,23:50,25.76,84.8,2.765,60.24,0,1016,0
2020-02-26,00:00,25.77,84.9,3.319,62.82,0,1016,0
2020-02-26,00:10,25.83,84.6,2.704,65.82,0,1015,0
2020-02-26,00:20,25.94,84.4,3.608,68.15,0,1015,0
2020-02-26,00:30,25.74,84.2,3.33,70.55,0,1015,0
2020-02-26,00:40,25.63,84.3,3.053,69.99,0,1015,0
2020-02-26,00:50,25.74,84.3,3.143,66.81,0,1015,0
2020-02-26,01:00,25.74,84.1,3.764,68.61,0,1015,0
2020-02-26,01:10,25.69,83.9,3.207,68.95,0,1015,0
2020-02-26,01:20,25.68,83.9,3.334,67.79,0,1015,0
2020-02-26,01:30,25.67,84.1,2.874,63.61,0,1015,0
2020-02-26,01:40,25.71,83.9,3.8,64.69,0,1015,0
2020-02-26,01:50,25.72,83.3,3.965,68.84,0,1015,0
2020-02-26,02:00,25.73,82.8,3.148,67.51,0,1015,0
2020-02-26,02:10,25.85,83,3.066,64.57,0,1015,0
2020-02-26,02:20,25.78,83.4,3.22,70.07,0,1015,0
2020-02-26,02:30,25.68,83.5,3.032,64.01,0,1015,0
2020-02-26,02:40,25.72,83.4,2.908,67.35,0,1015,0
2020-02-26,02:50,25.73,83.5,2.809,64.6,0,1015,0
2020-02-26,03:00,25.71,83.7,2.616,66.13,0,1015,0
2020-02-26,03:10,25.64,84,2.403,58.48,0,1014,0
2020-02-26,03:20,25.62,84.1,2.884,70.14,0,1014,0
2020-02-26,03:30,25.66,84.1,2.961,65.8,0,1014,0
2020-02-26,03:40,25.75,84,3.104,64.09,0,1014,0
2020-02-26,03:50,25.7,84,2.729,63.99,0,1014,0
2020-02-26,04:00,25.79,84.4,2.951,63.72,0,1014,0
2020-02-26,04:10,25.75,84.5,2.986,61.99,0,1014,0
2020-02-26,04:20,25.61,84.3,2.663,61.04,0,1014,0
2020-02-26,04:30,25.57,84,2.695,62.69,0,1014,0
2020-02-26,04:40,25.51,83.8,2.366,66.32,0,1014,0
2020-02-26,04:50,25.52,83.9,2.485,60.74,0,1014,0
2020-02-26,05:00,25.58,83.6,3.099,62.81,0,1014,0
2020-02-26,05:10,25.68,83.3,2.812,62.35,0,1014,0
2020-02-26,05:20,25.69,83.1,2.713,68.94,0,1014,0
2020-02-26,05:30,25.67,83.2,2.464,70.41,0,1014,0
2020-02-26,05:40,25.66,83.3,2.819,66.16,0,1014,0
2020-02-26,05:50,25.68,83.1,2.653,65.03,0,1014,0
2020-02-26,06:00,25.77,83.5,2.609,64.74,0,1014,0
2020-02-26,06:10,25.77,83.8,3.089,67.73,0,1015,0
2020-02-26,06:20,25.64,83.7,2.581,68.19,0.001,1015,0
2020-02-26,06:30,25.58,83.9,2.355,63.31,0.658,1015,0
2020-02-26,06:40,25.67,84.1,2.798,61.65,3.131,1015,0
2020-02-26,06:50,25.74,84.3,2.883,64.15,13.05,1015,0
2020-02-26,07:00,25.72,84.4,2.811,62.89,18.28,1015,0
2020-02-26,07:10,25.69,84.2,2.725,63.32,21.7,1015,0
2020-02-26,07:20,25.83,84.2,2.532,61.36,39.01,1015,0
2020-02-26,07:30,25.97,84.1,2.716,64.77,57.93,1015,0
2020-02-26,07:40,26.17,83.8,3.361,63.42,86.5,1015,0
2020-02-26,07:50,26.21,83.2,3.379,62.1,66.21,1015,0
2020-02-26,08:00,26.54,82.8,3.438,61.5,230.5,1015,0
2020-02-26,08:10,26.72,81.5,3.594,60.58,204.1,1015,0
2020-02-26,08:20,26.94,80.7,4.086,59.73,274.5,1015,0
2020-02-26,08:30,27.11,80.1,3.706,68.54,327.9,1015,0
2020-02-26,08:40,27.5,79.35,4.01,68.77,399.1,1015,0
2020-02-26,08:50,27.61,78.83,3.907,70.67,372.9,1015,0
2020-02-26,09:00,27.06,79.49,4.859,70.02,442.6,1015,0
2020-02-26,09:10,27.17,79.6,4.166,62.72,593.4,1015,0
2020-02-26,09:20,27.5,77.98,4.059,68.4,549.9,1015,0
2020-02-26,09:30,27.72,76.93,4.502,73.82,571.1,1015,0
2020-02-26,09:40,27.94,75.63,4.613,73.42,617.2,1016,0
2020-02-26,09:50,27.89,75.89,4.6,68.45,475.4,1016,0
2020-02-26,10:00,27.78,76.69,4.779,73.75,606.9,1016,0
2020-02-26,10:10,27.83,76.62,4.22,70.77,449.5,1016,0
2020-02-26,10:20,27.94,76.62,4.359,80.2,484.5,1016,0
2020-02-26,10:30,27.5,77.66,4.283,92.4,511.4,1016,0
2020-02-26,10:40,27.61,77.83,4.6,83,716.4,1015,0
2020-02-26,10:50,28.11,76.09,4.757,80.7,627.5,1015,0
2020-02-26,11:00,27.61,76.59,4.837,76.81,693.1,1015,0
2020-02-26,11:10,28.28,73.34,4.895,77.29,805,1015,0
2020-02-26,11:20,28.22,71.68,5.052,72.61,826,1015,0
2020-02-26,11:30,28.22,71.4,5.087,84.1,910,1015,0
2020-02-26,11:40,28.44,71.1,4.292,75.4,825,1015,0
2020-02-26,11:50,28.5,70.95,4.605,72.41,854,1015,0
2020-02-26,12:00,28.39,70.97,5.074,71.69,958,1014,0
2020-02-26,12:10,28.44,70.65,5.047,87.3,931,1014,0
2020-02-26,12:20,28.56,69.12,4.9,77.83,909,1014,0
2020-02-26,12:30,28.89,68.92,3.997,76.78,914,1014,0
2020-02-26,12:40,28.56,68.77,4.725,72.05,857,1014,0
2020-02-26,12:50,28.83,68.86,4.09,79.83,652.5,1014,0
2020-02-26,13:00,28.72,69.3,4.341,83.5,832,1013,0
2020-02-26,13:10,28.78,68.31,4.931,73.9,916,1013,0
2020-02-26,13:20,28.5,69.22,4.421,78.99,701.7,1013,0
2020-02-26,13:30,28.17,70.94,4.081,74.83,505.9,1013,0
2020-02-26,13:40,28.17,71.09,4.511,78.25,554.3,1013,0
2020-02-26,13:50,28.28,70.47,4.301,66.36,608.1,1013,0
2020-02-26,14:00,28.67,69.52,4.162,87.5,786.8,1013,0
2020-02-26,14:10,28.72,68.91,4.394,93,803,1012,0
2020-02-26,14:20,28.33,70.12,4.435,70.08,454.7,1012,0
2020-02-26,14:30,28.17,70.13,4.292,81.4,691.3,1012,0
2020-02-26,14:40,28.67,69.34,3.791,72.84,681.7,1012,0
2020-02-26,14:50,28.67,69.28,3.907,82.5,697.7,1012,0
2020-02-26,15:00,28.06,70.42,4.005,86.2,350.3,1012,0
2020-02-26,15:10,28.28,71.12,4.073,74.15,546.8,1012,0
2020-02-26,15:20,28.06,70.7,4.22,73.92,449.1,1012,0
2020-02-26,15:30,28.5,70.32,3.379,76.23,615.2,1012,0
2020-02-26,15:40,28.44,70.38,3.679,77.58,432.7,1012,0
2020-02-26,15:50,28.22,70.39,4.336,82.8,561.1,1012,0
2020-02-26,16:00,27.83,71.04,4.265,79.11,286.2,1012,0
2020-02-26,16:10,27.89,71.02,3.466,87.5,230.1,1012,0
2020-02-26,16:20,27.94,71.22,3.648,81.6,340.2,1012,0
2020-02-26,16:30,28,70.99,3.786,72.07,316,1012,0
2020-02-26,16:40,27.67,71.05,4.448,68.88,302.6,1012,0
2020-02-26,16:50,27.67,70.44,3.988,73.22,232.4,1012,0
2020-02-26,17:00,27.83,70.63,3.343,77.67,219.1,1012,0
2020-02-26,17:10,27.61,71.13,3.769,70.85,134.1,1012,0
2020-02-26,17:20,27.44,72.09,3.494,77.47,143.3,1012,0
2020-02-26,17:30,27.28,72.29,3.858,68.86,109.5,1012,0
2020-02-26,17:40,27.39,72.56,2.947,68.9,136,1012,0
2020-02-26,17:50,27.44,73.02,3.047,65.4,90.6,1012,0
2020-02-26,18:00,27.11,73.54,3.368,68.09,28.12,1012,0
2020-02-26,18:10,26.94,73.88,3.237,75,19.53,1013,0
2020-02-26,18:20,26.83,74.15,2.639,69.41,12.3,1013,0
2020-02-26,18:30,26.78,74.39,2.518,72.16,4.732,1013,0
2020-02-26,18:40,26.67,74.64,2.567,64.76,2.273,1013,0
2020-02-26,18:50,26.55,74.68,2.169,72.02,0.058,1013,0
2020-02-26,19:00,26.49,74.83,2.388,68.04,0,1013,0
2020-02-26,19:10,26.47,74.99,2.261,67.81,0,1013,0
2020-02-26,19:20,26.47,75.26,1.978,71.43,0,1013,0
2020-02-26,19:30,26.47,75.42,1.982,75.52,0,1013,0
2020-02-26,19:40,26.5,75.67,2.448,76.54,0,1013,0
2020-02-26,19:50,26.52,76.04,2.725,69.02,0,1013,0
2020-02-26,20:00,26.49,76.1,2.465,68.35,0,1013,0
2020-02-26,20:10,26.54,76.2,2.664,73.67,0,1014,0
2020-02-26,20:20,26.42,76.28,2.322,69.22,0,1014,0
2020-02-26,20:30,26.42,76.52,2.7,64.04,0,1014,0
2020-02-26,20:40,26.38,76.7,2.466,71.89,0,1014,0
2020-02-26,20:50,26.31,77.18,2.18,68.37,0,1014,0
2020-02-26,21:00,26.23,77.24,2.78,67.45,0,1014,0
2020-02-26,21:10,26.14,76.91,2.016,69.92,0,1014,0
2020-02-26,21:20,26.08,76.84,2.293,67.86,0,1014,0
2020-02-26,21:30,26.1,76.93,2.215,71.54,0,1014,0
2020-02-26,21:40,26.14,77.14,2.022,69.32,0,1014,0
2020-02-26,21:50,26.14,77.65,2.051,64.24,0,1014,0
2020-02-26,22:00,26.1,77.97,2.378,69.1,0,1014,0
2020-02-26,22:10,26.08,78.35,1.908,63.8,0,1014,0
2020-02-26,22:20,26.07,78.72,2.551,69.12,0,1014,0
2020-02-26,22:30,26.07,78.95,2.019,69.04,0,1014,0
2020-02-26,22:40,26.05,79.19,2.311,69.42,0,1015,0
2020-02-26,22:50,25.99,79.57,2.119,67.1,0,1015,0
2020-02-26,23:00,25.95,79.91,2.358,64.58,0,1015,0
2020-02-26,23:10,25.96,79.87,2.384,63.14,0,1015,0
2020-02-26,23:20,26.02,79.9,2.155,67.37,0,1015,0
2020-02-26,23:30,25.99,80.1,2.212,63.26,0,1015,0
2020-02-26,23:40,25.94,79.97,2.461,63.54,0,1015,0
2020-02-26,23:50,26.02,79.58,2.677,65.56,0,1015,0
2020-02-27,00:00,26.04,79.56,2.556,67.76,0,1015,0
2020-02-27,00:10,26,79.79,1.993,79.79,0,1015,0
2020-02-27,00:20,25.92,80.1,1.92,74.22,0,1015,0
2020-02-27,00:30,25.97,80.1,2.559,70.89,0,1014,0
2020-02-27,00:40,25.88,79.41,2.416,73.46,0,1014,0
2020-02-27,00:50,25.88,78.86,2.26,68.92,0,1014,0
2020-02-27,01:00,25.91,78.57,2.523,65.54,0,1014,0
2020-02-27,01:10,25.93,78.47,2.215,67.06,0,1014,0
2020-02-27,01:20,25.83,78.47,2.321,69.68,0,1014,0
2020-02-27,01:30,25.78,78.7,2.013,70.21,0,1014,0
2020-02-27,01:40,25.72,78.66,2.124,68.96,0,1014,0
2020-02-27,01:50,25.74,78.68,2.102,67.65,0,1013,0
2020-02-27,02:00,25.76,78.95,2.064,68.09,0,1013,0
2020-02-27,02:10,25.72,79.31,1.786,65,0,1013,0
2020-02-27,02:20,25.74,79.67,1.704,66.55,0,1013,0
2020-02-27,02:30,25.73,79.9,2.036,69.31,0,1013,0
2020-02-27,02:40,25.67,80,2.296,69.86,0,1013,0
2020-02-27,02:50,25.69,80.1,2.01,69.31,0,1013,0
2020-02-27,03:00,25.74,79.83,2.385,68.05,0,1013,0
2020-02-27,03:10,25.59,79.22,2.682,67.03,0,1013,0
2020-02-27,03:20,25.51,78.54,2.314,70.04,0,1013,0
2020-02-27,03:30,25.46,78.47,2.368,68.69,0,1013,0
2020-02-27,03:40,25.47,78.48,2.12,64.25,0,1013,0
2020-02-27,03:50,25.48,78.37,2.406,66.61,0,1012,0
2020-02-27,04:00,25.53,78.4,2.401,67.45,0,1012,0
2020-02-27,04:10,25.49,78.6,2.039,72,0,1012,0
2020-02-27,04:20,25.44,78.92,1.962,69.87,0,1012,0
2020-02-27,04:30,25.41,78.96,2.078,70.61,0,1012,0
2020-02-27,04:40,25.4,78.66,2.133,74.43,0,1012,0
2020-02-27,04:50,25.43,78.64,1.595,75.79,0,1012,0
2020-02-27,05:00,25.39,78.85,1.874,81.4,0,1012,0
2020-02-27,05:10,25.34,79.2,1.5,81.1,0,1012,0
2020-02-27,05:20,25.29,79.88,1.123,109.6,0,1012,0
2020-02-27,05:30,25.29,80.6,1.742,79.69,0,1012,0
2020-02-27,05:40,25.34,80.8,1.99,86.6,0,1012,0
2020-02-27,05:50,25.28,80.5,1.373,96.2,0,1012,0
2020-02-27,06:00,25.18,80.6,1.245,96.7,0,1013,0
2020-02-27,06:10,25.14,80.9,1.126,91,0,1013,0
2020-02-27,06:20,25.22,81.3,1.452,68.79,0.051,1013,0
2020-02-27,06:30,25.28,81.3,1.829,69.53,1.087,1013,0
2020-02-27,06:40,25.28,81.1,1.718,79.6,2.974,1013,0
2020-02-27,06:50,25.29,81.2,1.428,97,9.14,1013,0
2020-02-27,07:00,25.37,81.4,1.501,99.6,25.69,1013,0
2020-02-27,07:10,25.72,81,2.018,85.4,68.94,1013,0
2020-02-27,07:20,26.03,79.85,1.983,73.86,76.36,1014,0
2020-02-27,07:30,26.16,79.08,2.373,85.6,65.04,1014,0
2020-02-27,07:40,26.28,78.42,3.034,80.9,124.1,1014,0
2020-02-27,07:50,26.42,77.2,3.03,73.75,80.9,1014,0
2020-02-27,08:00,26.45,76.72,2.638,78.55,147.7,1014,0
2020-02-27,08:10,26.72,76.59,2.636,68.14,192.8,1014,0
2020-02-27,08:20,27.11,75.3,3.042,79.36,235.4,1014,0
2020-02-27,08:30,27.11,74.4,3.142,69.65,326,1014,0
2020-02-27,08:40,27.5,72.44,3.485,81.2,410.7,1014,0
2020-02-27,08:50,27.72,71.24,3.333,82.5,470.8,1014,0
2020-02-27,09:00,27.89,71.26,2.976,80.5,388.1,1014,0
2020-02-27,09:10,27.94,71.91,3.214,71.42,471.4,1014,0
2020-02-27,09:20,27.94,71.19,3.585,68.92,584.9,1014,0
2020-02-27,09:30,28.06,70.48,3.435,78.69,564.3,1014,0
2020-02-27,09:40,28.22,70.63,2.975,75.46,554.9,1014,0
2020-02-27,09:50,28.22,70.6,3.88,67.82,589.5,1014,0
2020-02-27,10:00,28.11,70.07,3.576,75.38,641.2,1014,0
2020-02-27,10:10,28.28,69.1,3.499,78.51,544,1014,0
2020-02-27,10:20,28.56,68.94,3.24,75.6,728.4,1014,0
2020-02-27,10:30,28.56,68.22,3.548,74.01,684.7,1014,0
2020-02-27,10:40,28.67,67.57,3.481,66.19,736.4,1014,0
2020-02-27,10:50,28.89,66.97,3.291,66.62,833,1014,0
2020-02-27,11:00,29,68.17,2.781,43.84,792.5,1014,0
2020-02-27,11:10,29.11,68.15,3.211,53.8,878,1014,0
2020-02-27,11:20,29,65.74,4.095,84.2,872,1014,0
2020-02-27,11:30,29,65.8,4.037,78.78,923,1014,0
2020-02-27,11:40,29.11,66.08,3.585,69.87,874,1013,0
2020-02-27,11:50,29.72,65.24,3.302,76.48,972,1013,0
2020-02-27,12:00,29.56,65.68,3.453,63.28,911,1013,0
2020-02-27,12:10,29.17,66.98,3.376,67.66,982,1013,0
2020-02-27,12:20,29.22,67.57,3.285,85.6,871,1013,0
2020-02-27,12:30,29.33,67.05,3.305,76.24,1002,1013,0
2020-02-27,12:40,29.39,66.63,3.992,79.58,820,1012,0
2020-02-27,12:50,29,66.6,4.421,86.7,980,1012,0
2020-02-27,13:00,29.44,65.09,4.05,71.22,1045,1012,0
2020-02-27,13:10,29,68.58,2.627,57.93,457.8,1012,0
2020-02-27,13:20,28.06,72.35,3.097,56.87,487.6,1012,0
2020-02-27,13:30,28.33,71,3.8,74.29,834,1012,0
2020-02-27,13:40,28.56,68.19,4.211,90.3,489.8,1012,0
2020-02-27,13:50,28.72,67.36,4.216,84,810,1012,0
2020-02-27,14:00,29.11,66.66,3.558,68.4,744.8,1012,0
2020-02-27,14:10,29.06,65.59,4.032,79.6,803,1012,0
2020-02-27,14:20,29.28,65.54,3.813,84.1,927,1011,0
2020-02-27,14:30,28.89,67.77,4.046,75.35,701.7,1011,0
2020-02-27,14:40,28.5,68.18,4.117,77.74,555.9,1011,0
2020-02-27,14:50,28.89,67.09,3.502,74.1,661.9,1011,0
2020-02-27,15:00,29.06,67.15,3.661,70.52,404.1,1011,0
2020-02-27,15:10,28.44,68.97,3.666,63.71,578.4,1011,0
2020-02-27,15:20,28.67,67.16,3.746,80.7,377.7,1011,0
2020-02-27,15:30,27.94,68.76,3.697,84.1,234.6,1011,0
2020-02-27,15:40,28.17,68.2,3.525,71.43,257.5,1011,0
2020-02-27,15:50,28.11,68.65,3.34,69.28,311.7,1011,0
2020-02-27,16:00,28.61,68.16,2.902,57.51,341,1011,0
2020-02-27,16:10,28.22,69.6,2.802,61.23,292.6,1011,0
2020-02-27,16:20,27.94,70.25,3.453,83.5,272.6,1011,0
2020-02-27,16:30,28.06,70.96,2.756,63.14,175.6,1011,0
2020-02-27,16:40,27.5,71.9,3.491,75.6,63.82,1011,0
2020-02-27,16:50,27.94,72.21,2.617,68.74,385.7,1011,0
2020-02-27,17:00,28.11,71.42,3.135,63.65,226.5,1011,0
2020-02-27,17:10,27.39,73.51,3.036,71.33,79.15,1011,0
2020-02-27,17:20,27.56,73.25,3.068,66.3,227.5,1011,0
2020-02-27,17:30,27.72,72.85,2.63,67.19,155,1011,0
2020-02-27,17:40,27.39,73.55,3.594,69.83,108.4,1011,0
2020-02-27,17:50,27.11,74.24,3.277,66.22,40.75,1011,0
2020-02-27,18:00,26.89,74.7,2.835,64.52,25.01,1011,0
2020-02-27,18:10,26.83,75.07,2.758,68.93,21.9,1011,0
2020-02-27,18:20,26.72,75.46,2.065,67.94,12.07,1011,0
2020-02-27,18:30,26.66,75.71,2.232,71.28,4.17,1011,0
2020-02-27,18:40,26.5,75.99,2.059,64.57,1.076,1011,0
2020-02-27,18:50,26.43,76.41,1.694,69.52,0.046,1011,0
2020-02-27,19:00,26.41,76.76,1.504,74,0,1012,0
2020-02-27,19:10,26.32,77.19,1.734,74.57,0,1012,0
2020-02-27,19:20,26.27,77.67,1.723,76.44,0,1012,0
2020-02-27,19:30,26.17,78.18,1.466,74.98,0,1012,0
2020-02-27,19:40,26.13,78.8,1.614,73.65,0,1012,0
2020-02-27,19:50,26.16,79.19,1.815,69.76,0,1012,0
2020-02-27,20:00,26.03,79.5,1.59,70.92,0,1012,0
2020-02-27,20:10,26.05,80,1.493,67.14,0,1012,0
2020-02-27,20:20,26.01,80.7,1.483,71.32,0,1012,0
2020-02-27,20:30,26.02,80.9,1.625,67.66,0,1012,0
2020-02-27,20:40,26.01,80.6,2.33,76.25,0,1012,0
2020-02-27,20:50,25.98,80.4,1.999,70.24,0,1012,0
2020-02-27,21:00,25.97,80.7,2.003,72.06,0,1012,0
2020-02-27,21:10,25.85,80.8,2.145,69.98,0,1012,0
2020-02-27,21:20,25.81,80.7,2.043,67.14,0,1012,0
2020-02-27,21:30,25.81,81,1.85,72.88,0,1013,0
2020-02-27,21:40,25.76,81.3,1.966,71.88,0,1013,0
2020-02-27,21:50,25.65,81.4,1.887,67.18,0,1013,0
2020-02-27,22:00,25.63,81.5,1.612,71.43,0,1013,0
2020-02-27,22:10,25.55,81.8,1.675,66.08,0,1013,0
2020-02-27,22:20,25.59,82,1.919,77.08,0,1013,0
2020-02-27,22:30,25.53,81.8,1.927,70.78,0,1013,0
2020-02-27,22:40,25.52,81.8,1.645,79.09,0,1013,0
2020-02-27,22:50,25.62,81.7,1.962,77.97,0,1013,0
2020-02-27,23:00,25.68,81.3,2.082,77.02,0,1013,0
2020-02-27,23:10,25.58,81,2.213,72.01,0,1013,0
2020-02-27,23:20,25.54,80.7,2.117,68.57,0,1013,0
2020-02-27,23:30,25.46,80.7,1.375,77.91,0,1013,0
2020-02-27,23:40,25.38,81,1.22,82.8,0,1013,0
2020-02-27,23:50,25.26,81.3,1.454,76.36,0,1013,0
2020-02-28,00:00,25.21,81.6,1.36,85.7,0,1013,0
2020-02-28,00:10,25.16,81.8,1.043,100,0,1013,0
2020-02-28,00:20,25.03,82.2,0.9576,97.1,0,1013,0
2020-02-28,00:30,25.04,82.6,1.044,102.4,0,1013,0
2020-02-28,00:40,25.12,82.7,1.367,85.4,0,1013,0
2020-02-28,00:50,25.23,82.3,1.45,114.5,0,1013,0
2020-02-28,01:00,25.22,81.8,1.595,75.13,0,1013,0
2020-02-28,01:10,25.37,81.2,1.81,71.72,0,1013,0
2020-02-28,01:20,25.38,80.4,1.911,70.38,0,1013,0
2020-02-28,01:30,25.27,79.8,1.874,70.54,0,1013,0
2020-02-28,01:40,25.23,79.41,1.676,68.18,0,1013,0
2020-02-28,01:50,25.17,79.43,1.805,76.92,0,1013,0
2020-02-28,02:00,25.13,79.43,1.308,88.8,0,1013,0
2020-02-28,02:10,24.96,79.91,1.518,88.5,0,1013,0
2020-02-28,02:20,24.88,80.3,1.283,94.9,0,1013,0
2020-02-28,02:30,24.61,81.2,1.13,83.5,0,1013,0
2020-02-28,02:40,24.53,82,1.357,72.75,0,1013,0
2020-02-28,02:50,24.49,82.5,1.454,86.4,0,1013,0
2020-02-28,03:00,24.43,82.6,1.159,66.64,0,1013,0
2020-02-28,03:10,24.38,82.8,1.242,72.93,0,1012,0
2020-02-28,03:20,24.54,82.8,1.33,85,0,1012,0
2020-02-28,03:30,24.61,82.7,1.074,92.3,0,1012,0
2020-02-28,03:40,24.59,82.8,0.8905,100.7,0,1012,0
2020-02-28,03:50,24.62,83,0.933,92.1,0,1012,0
2020-02-28,04:00,24.6,83.1,1.121,78.07,0,1012,0
2020-02-28,04:10,24.61,83.4,1.013,94.8,0,1012,0
2020-02-28,04:20,24.57,83.7,0.9665,109.4,0,1012,0
2020-02-28,04:30,24.4,84,0.9419,114,0,1012,0
2020-02-28,04:40,24.26,84.3,0.7027,129.4,0,1012,0
2020-02-28,04:50,24.31,84.5,0.7483,108.3,0,1012,0
2020-02-28,05:00,24.39,84.7,1.065,95.9,0,1012,0
2020-02-28,05:10,24.44,84.9,1.08,102.8,0,1012,0
2020-02-28,05:20,24.38,84.9,0.7796,103.7,0,1012,0
2020-02-28,05:30,24.32,84.9,0.8275,91.5,0,1012,0
2020-02-28,05:40,24.35,84.7,1.08,97.3,0,1012,0
2020-02-28,05:50,24.38,84.5,0.7068,100.6,0,1012,0
2020-02-28,06:00,24.39,84.4,0.9196,97.7,0,1012,0
2020-02-28,06:10,24.36,84.3,0.8373,116.6,0,1012,0
2020-02-28,06:20,24.27,84.4,0.9401,120,0.184,1012,0
2020-02-28,06:30,24.27,84.4,0.8194,121.9,2.152,1012,0
2020-02-28,06:40,24.18,84.5,0.8011,130,5.363,1013,0
2020-02-28,06:50,24.38,84.7,1.108,87.3,14.22,1013,0
2020-02-28,07:00,24.58,84.6,1.288,96.2,28.82,1013,0
2020-02-28,07:10,24.77,84,1.715,79.89,27.87,1013,0
2020-02-28,07:20,24.98,83.3,1.711,71.64,51.66,1013,0
2020-02-28,07:30,25.29,82.5,1.726,62.65,97.5,1013,0
2020-02-28,07:40,25.64,81.4,1.953,58.51,172,1014,0
2020-02-28,07:50,26.02,79.85,1.981,59.15,199.4,1014,0
2020-02-28,08:00,26.25,77.97,2.644,58.42,248.7,1014,0
2020-02-28,08:10,26.56,76.06,2.538,56.94,289.2,1014,0
2020-02-28,08:20,26.89,74.78,2.295,51.53,329.6,1014,0
2020-02-28,08:30,26.83,73.42,2.482,52.9,364.9,1014,0
2020-02-28,08:40,27.11,72.27,2.575,49.67,400.5,1014,0
2020-02-28,08:50,27.17,72.27,2.769,53.9,438.3,1014,0
2020-02-28,09:00,27.44,72.31,2.161,52.63,480.8,1014,0
2020-02-28,09:10,27.44,71.8,2.468,46.96,515.5,1014,0
2020-02-28,09:20,27.5,71.75,2.558,49.35,551,1014,0
2020-02-28,09:30,27.67,71.21,2.281,47.08,582.7,1014,0
2020-02-28,09:40,27.78,70.51,2.304,43.53,613.5,1014,0
2020-02-28,09:50,27.83,69.5,2.249,44.8,642.6,1014,0
2020-02-28,10:00,27.89,69.08,2.433,47.2,667.8,1014,0
2020-02-28,10:10,28.06,68.64,2.278,41.52,693.6,1014,0
2020-02-28,10:20,28.28,67.83,2.07,46.44,718.3,1014,0
2020-02-28,10:30,28.78,66.93,1.823,48.87,747.4,1014,0
2020-02-28,10:40,28.56,66.86,2.179,50.26,768.4,1014,0
2020-02-28,10:50,29.17,66.57,1.67,44.7,786.7,1014,0
2020-02-28,11:00,28.94,67.36,1.836,44.2,803,1014,0
2020-02-28,11:10,29.28,66.08,1.715,48.51,814,1014,0
2020-02-28,11:20,28.78,67.73,2.09,48.67,840,1013,0
2020-02-28,11:30,28.72,68.42,2.084,47.16,849,1013,0
2020-02-28,11:40,28.72,68.9,2.057,49.18,861,1013,0
2020-02-28,11:50,28.5,69.5,2.408,44.89,876,1013,0
2020-02-28,12:00,28.67,68.78,1.994,43.99,881,1013,0
2020-02-28,12:10,28.61,68.14,2.054,47.34,891,1013,0
2020-02-28,12:20,28.5,68.48,2.611,50.67,900,1013,0
2020-02-28,12:30,28.33,69.04,2.703,48.33,904,1013,0
2020-02-28,12:40,28.33,68.84,2.745,47.78,905,1012,0
2020-02-28,12:50,28.28,69.21,2.715,47.27,901,1012,0
2020-02-28,13:00,28.39,69.13,2.545,44.58,894,1012,0
2020-02-28,13:10,28.5,68.98,2.63,46.51,892,1012,0
2020-02-28,13:20,28.5,68.98,2.642,45.32,884,1012,0
2020-02-28,13:30,28.67,68.62,2.076,54.67,871,1012,0
2020-02-28,13:40,28.83,67.9,2.487,48.1,859,1012,0
2020-02-28,13:50,28.22,68.74,2.74,45.36,849,1012,0
2020-02-28,14:00,28.28,68.52,2.623,42.68,837,1012,0
2020-02-28,14:10,28.11,69.18,2.78,47.79,822,1011,0
2020-02-28,14:20,28.33,69.57,2.707,47.3,797.7,1011,0
2020-02-28,14:30,28.44,68.84,2.545,48,780.9,1011,0
2020-02-28,14:40,28.28,68.15,2.837,50.11,752.9,1011,0
2020-02-28,14:50,28.22,68.22,2.466,48.21,730.7,1011,0
2020-02-28,15:00,28.11,69.78,2.726,46.36,705.4,1011,0
2020-02-28,15:10,28.17,69.4,2.992,53.08,678.9,1011,0
2020-02-28,15:20,28.28,68.21,2.755,51.06,652,1011,0
2020-02-28,15:30,28.22,69.08,2.836,48.14,627,1011,0
2020-02-28,15:40,28,70.41,2.837,50.54,593.7,1011,0
2020-02-28,15:50,28.06,70.11,2.945,52.39,542.7,1011,0
2020-02-28,16:00,28.11,69.8,2.798,50.61,518.7,1011,0
2020-02-28,16:10,28.06,69.36,2.984,50.14,470.6,1011,0
2020-02-28,16:20,27.72,70.2,3.501,54.79,394.8,1011,0
2020-02-28,16:30,27.61,71.06,2.619,49.91,390.8,1011,0
2020-02-28,16:40,27.89,70.75,3.176,56.77,422.8,1011,0
2020-02-28,16:50,27.72,71.29,3.071,52.3,337.2,1011,0
2020-02-28,17:00,27.5,71.76,2.939,56.45,181.3,1011,0
2020-02-28,17:10,27.17,71.92,3.562,55.41,244.5,1011,0
2020-02-28,17:20,27.28,70.57,3.481,57.1,229.5,1011,0
2020-02-28,17:30,27.17,70.32,3.336,59.27,186.3,1011,0
2020-02-28,17:40,27,71.13,3.044,56.39,134.6,1011,0
2020-02-28,17:50,26.78,71.71,3.334,58.94,46.81,1011,0
2020-02-28,18:00,26.65,72.23,2.883,61.86,28.75,1011,0
2020-02-28,18:10,26.56,72.81,3.451,61.63,24.04,1011,0
2020-02-28,18:20,26.38,73.22,3.388,62.1,14.35,1012,0
2020-02-28,18:30,26.36,73.52,3.648,64.14,5.164,1012,0
2020-02-28,18:40,26.13,73.7,3.126,66.77,2.376,1012,0
2020-02-28,18:50,26.03,73.82,3.23,62.56,0.106,1012,0
2020-02-28,19:00,26.07,73.65,3.482,59.18,0,1012,0
2020-02-28,19:10,26.11,73.9,3.486,64.47,0,1012,0
2020-02-28,19:20,26.04,73.98,3.503,62.25,0,1012,0
2020-02-28,19:30,25.99,73.91,3.222,65.84,0,1012,0
2020-02-28,19:40,25.97,73.66,3.541,65.89,0,1012,0
2020-02-28,19:50,26.04,73.59,3.538,60.58,0,1012,0
2020-02-28,20:00,26.03,73.33,3.429,63.38,0,1012,0
2020-02-28,20:10,26.13,73.62,3.755,65.42,0,1012,0
2020-02-28,20:20,25.86,74.03,2.757,68.96,0,1012,0
2020-02-28,20:30,25.93,74.4,3.377,67.28,0,1013,0
2020-02-28,20:40,25.78,74.48,3.427,68.01,0,1013,0
2020-02-28,20:50,25.82,74.3,3.412,67.58,0,1013,0
2020-02-28,21:00,25.81,74.37,3.245,66.86,0,1013,0
2020-02-28,21:10,25.83,74.46,3.444,69.81,0,1013,0
2020-02-28,21:20,25.83,74.61,3.037,69.23,0,1013,0
2020-02-28,21:30,25.77,74.83,2.862,67.65,0,1013,0
2020-02-28,21:40,25.81,74.96,3.559,68.29,0,1013,0
2020-02-28,21:50,25.81,74.96,3.229,72.08,0,1013,0
2020-02-28,22:00,25.74,75.04,2.804,70.12,0,1013,0
2020-02-28,22:10,25.69,75,3.264,69.27,0,1013,0
2020-02-28,22:20,25.71,75.19,2.707,69.2,0,1013,0
2020-02-28,22:30,25.82,75.85,2.932,64.58,0,1014,0
2020-02-28,22:40,25.91,76.13,3.337,69.46,0,1014,0
2020-02-28,22:50,25.86,76.14,3.474,67.5,0,1014,0
2020-02-28,23:00,25.88,76.12,3.822,69.67,0,1014,0
2020-02-28,23:10,25.89,76.46,3.014,63.57,0,1014,0
2020-02-28,23:20,25.63,77.29,2.991,67.35,0,1014,0
2020-02-28,23:30,25.57,77.92,3.522,71.48,0,1014,0
2020-02-28,23:40,25.58,77.88,3.701,68.94,0,1014,0
2020-02-28,23:50,25.57,77.79,3.055,69.23,0,1014,0
2020-02-29,00:00,25.52,77.79,3.077,67.94,0,1014,0
2020-02-29,00:10,25.59,77.89,2.867,64.47,0,1014,0
2020-02-29,00:20,25.56,77.68,2.883,65.88,0,1014,0
2020-02-29,00:30,25.59,77.37,3.066,66.33,0,1014,0
2020-02-29,00:40,25.73,77.84,2.73,65.56,0,1014,0
2020-02-29,00:50,25.85,78.19,3.16,61.28,0,1013,0
2020-02-29,01:00,25.68,78.92,2.76,77.66,0.012,1013,0
2020-02-29,01:10,24.94,81.5,4.385,83.4,0.44,1013,2
2020-02-29,01:20,24.36,85,2.002,72.89,0.406,1013,0
2020-02-29,01:30,24.44,86.4,2.313,73.79,0.406,1013,0
2020-02-29,01:40,24.25,86.2,4.533,82.2,0.406,1013,0
2020-02-29,01:50,23.32,87.8,4.43,87.7,0.264,1013,2
2020-02-29,02:00,23.34,89,2.721,89.1,0.406,1013,0
2020-02-29,02:10,23.55,88.7,2.841,79.58,0.406,1013,0
2020-02-29,02:20,23.93,88.3,3.254,101.2,0.406,1013,0
2020-02-29,02:30,23.96,88.9,2.68,100.8,0.408,1013,0
2020-02-29,02:40,23.82,89.4,2.524,102.8,0.406,1013,0
2020-02-29,02:50,24,89.4,2.376,76.95,0.406,1013,0
2020-02-29,03:00,24.3,88.6,2.616,70.53,0.406,1013,0
2020-02-29,03:10,24.67,87.3,3.08,63.3,0.333,1013,0
2020-02-29,03:20,24.81,86,3.315,68.13,0,1013,0
2020-02-29,03:30,24.85,84.8,3.194,70.65,0,1013,0
2020-02-29,03:40,24.89,84.1,3.369,68.58,0,1013,0
2020-02-29,03:50,24.81,83.5,3.049,70.77,0,1013,0
2020-02-29,04:00,24.78,83.6,2.96,71.65,0,1013,0
2020-02-29,04:10,24.86,83.5,2.944,70.21,0,1013,0
2020-02-29,04:20,24.91,82.6,3.751,64.97,0,1013,0
2020-02-29,04:30,24.59,82,3.155,66.26,0,1013,0
2020-02-29,04:40,24.36,81.9,3.246,68.96,0,1013,0
2020-02-29,04:50,24.41,81.9,2.596,73.16,0,1013,0
2020-02-29,05:00,24.59,82.6,2.482,69.2,0.111,1013,0
2020-02-29,05:10,24.7,83.7,2.205,68.72,0.78,1013,0
2020-02-29,05:20,24.67,84,2.66,66.75,0.687,1013,0
2020-02-29,05:30,24.63,83.5,3.746,69.02,0.742,1013,0
2020-02-29,05:40,24.23,81.9,3.701,67.24,0.079,1013,0
2020-02-29,05:50,24.12,81.2,3.046,63.43,0,1013,0
2020-02-29,06:00,24.08,81.7,2.539,62.84,0.693,1013,0
2020-02-29,06:10,24.33,82.4,1.688,77.7,0,1013,0
2020-02-29,06:20,24.46,82.9,2.273,77.57,0.049,1013,0
2020-02-29,06:30,24.64,82.7,2.929,69,1.001,1013,0
2020-02-29,06:40,24.89,81.8,3.002,62.97,2.866,1013,0
2020-02-29,06:50,25.22,80.4,3.34,66.45,6.329,1013,0
2020-02-29,07:00,25.25,79.75,3.033,69.12,14.75,1013,0
2020-02-29,07:10,25.42,79.33,3.56,58.12,35.38,1014,0
2020-02-29,07:20,25.57,78.52,3.519,60.45,44.57,1014,0
2020-02-29,07:30,25.55,78.2,3.354,64.87,65.79,1014,0
2020-02-29,07:40,25.61,77.98,3.867,59.6,86.1,1014,0
2020-02-29,07:50,26.09,76.67,4.229,58.49,205.8,1014,0
2020-02-29,08:00,25.97,75.86,4.189,60.18,55.61,1014,0
2020-02-29,08:10,25.83,76.48,4.117,66.75,106.9,1014,0
2020-02-29,08:20,25.86,76.57,4.135,69.37,143.9,1015,0
2020-02-29,08:30,25.91,77.29,3.97,83.2,173,1015,0
2020-02-29,08:40,25.62,79.34,3.54,79.99,134.5,1015,0
2020-02-29,08:50,25.44,80.8,3.275,82.4,161,1015,0
2020-02-29,09:00,25.46,82.4,2.838,77.9,206.7,1015,0
2020-02-29,09:10,25.66,82.4,2.836,72.14,250.7,1015,0
2020-02-29,09:20,26.02,80.5,3.224,59.78,286.3,1015,0
2020-02-29,09:30,26.47,77.12,3.733,60.64,381.3,1015,0
2020-02-29,09:40,27,74.95,3.28,57.29,418.5,1015,0
2020-02-29,09:50,27.06,74.18,3.737,57.46,456,1015,0
2020-02-29,10:00,27.33,73.42,3.144,56.81,607.9,1015,0
2020-02-29,10:10,27.39,72.62,3.12,57.25,512.3,1015,0
2020-02-29,10:20,27.22,72.66,3.773,55.39,527.4,1015,0
2020-02-29,10:30,27.11,73.55,3.648,55.55,441.9,1015,0
2020-02-29,10:40,27.39,73.02,3.67,53.87,539.2,1015,0
2020-02-29,10:50,27.33,73.42,2.984,55.09,524.7,1015,0
2020-02-29,11:00,27.56,72.58,2.912,48.93,706.7,1015,0
2020-02-29,11:10,27.78,71.84,2.968,49.58,717.4,1015,0
2020-02-29,11:20,27.5,71.94,3.139,51.47,600.3,1014,0
2020-02-29,11:30,27.83,70.65,3.585,55.82,787.8,1014,0
2020-02-29,11:40,27.83,70.48,2.883,50.14,736.3,1014,0
2020-02-29,11:50,27.78,71.37,2.937,49.67,706.6,1014,0
2020-02-29,12:00,28,71.74,2.871,50.5,685.2,1014,0
2020-02-29,12:10,27.94,72.01,2.883,55.12,613,1014,0
2020-02-29,12:20,28.06,70.43,4.184,63.33,812,1014,0
2020-02-29,12:30,28.06,70.04,3.322,58.39,697.1,1014,0
2020-02-29,12:40,27.89,70.84,2.848,49.11,673.6,1013,0
2020-02-29,12:50,27.89,71.72,2.98,51.17,613.8,1013,0
2020-02-29,13:00,27.67,71.97,2.89,48.99,556.5,1013,0
2020-02-29,13:10,27.94,72.15,2.653,52,728.2,1013,0
2020-02-29,13:20,28.06,71.54,2.87,50.71,829,1013,0
2020-02-29,13:30,27.94,70.75,3.005,48.63,865,1013,0
2020-02-29,13:40,27.89,70.96,2.757,48.3,529.7,1013,0
2020-02-29,13:50,27.89,70.86,3.148,46.89,836,1013,0
2020-02-29,14:00,28.06,70.02,2.853,47.79,830,1012,0
2020-02-29,14:10,28.06,69.49,2.894,49.42,741.3,1012,0
2020-02-29,14:20,28.17,69.57,2.944,49.28,784.9,1012,0
2020-02-29,14:30,27.89,70.55,3.185,53.27,751.9,1012,0
2020-02-29,14:40,28.06,70.04,3.237,48.38,834,1012,0
2020-02-29,14:50,28,69.87,3.063,47.64,675.3,1012,0
2020-02-29,15:00,27.78,69.77,3.491,50.34,639,1012,0
2020-02-29,15:10,27.94,68.76,3.408,51.28,657.8,1012,0
2020-02-29,15:20,28.11,68.72,3.134,49.04,710.8,1012,0
2020-02-29,15:30,28.17,68.83,3.137,52.09,680.7,1012,0
2020-02-29,15:40,28.06,68.32,3.212,51.11,655.5,1012,0
2020-02-29,15:50,27.94,69.47,3.112,51.21,536.9,1012,0
2020-02-29,16:00,28,68.71,3.309,50.36,602,1012,0
2020-02-29,16:10,27.94,69.19,2.982,49.9,531,1012,0
2020-02-29,16:20,28,69.63,2.917,51.1,542,1012,0
2020-02-29,16:30,27.78,70.44,2.989,51.47,366.8,1012,0
2020-02-29,16:40,27.56,70.16,3.55,54.54,412.4,1012,0
2020-02-29,16:50,27.78,70.4,3.612,53.75,400.3,1012,0
2020-02-29,17:00,27.56,70.81,3.303,56.72,304.8,1012,0
2020-02-29,17:10,27.44,71.82,3.069,57.66,237.2,1012,0
2020-02-29,17:20,27.28,72.02,3.818,56.62,194.6,1012,0
2020-02-29,17:30,27,73.01,3.346,54.47,166.8,1012,0
2020-02-29,17:40,27.06,72.32,4.081,58.46,160.8,1012,0
2020-02-29,17:50,26.78,71.25,4.533,57.89,81.3,1012,0
2020-02-29,18:00,26.64,71.16,4.26,58.13,43,1012,0
2020-02-29,18:10,26.54,71.91,4.689,65.01,38.5,1013,0
2020-02-29,18:20,26.45,71.12,4.721,61.96,12.52,1013,0
2020-02-29,18:30,26.36,72.51,4.153,64.03,4.818,1013,0
2020-02-29,18:40,26.21,71.68,4.681,63.38,1.231,1013,0
2020-02-29,18:50,26.2,72.47,3.965,66.04,0.07,1013,0
2020-02-29,19:00,26.06,72.97,4.265,66.99,0,1013,0
2020-02-29,19:10,26.02,73.19,3.795,68.56,0,1013,0
2020-02-29,19:20,25.95,72.63,4.39,65.83,0,1013,0
2020-02-29,19:30,25.92,72.64,3.988,66.64,0,1013,0
2020-02-29,19:40,25.84,72.5,3.912,64.67,0,1013,0
2020-02-29,19:50,25.94,72.45,4.394,65.78,0,1013,0
2020-02-29,20:00,25.97,72.56,4.841,69.23,0,1014,0
2020-02-29,20:10,26.01,72.75,4.64,66.96,0,1014,0
2020-02-29,20:20,25.93,72.61,4.873,65.85,0,1014,0
2020-02-29,20:30,25.96,72.17,4.739,65.97,0,1014,0
2020-02-29,20:40,25.97,71.54,4.864,68.59,0,1014,0
2020-02-29,20:50,25.96,71.98,4.09,68.78,0,1014,0
2020-02-29,21:00,25.97,72.39,4.537,65.79,0,1014,0
2020-02-29,21:10,26.02,73.16,4.841,64.23,0,1014,0
2020-02-29,21:20,26.03,73.69,4.502,63.57,0,1015,0
2020-02-29,21:30,25.97,73.18,5.186,64.78,0,1015,0
2020-02-29,21:40,25.94,72.49,4.479,65.88,0,1015,0
2020-02-29,21:50,25.91,73.11,4.278,65.43,0,1015,0
2020-02-29,22:00,25.91,73.52,3.751,66.98,0,1015,0
2020-02-29,22:10,25.86,73.43,3.876,67.43,0,1015,0
2020-02-29,22:20,25.89,73.74,4.229,66,0,1015,0
2020-02-29,22:30,25.93,74.23,3.809,64.67,0,1015,0
2020-02-29,22:40,25.92,74.15,4.765,63.92,0,1015,0
2020-02-29,22:50,25.94,74.54,4.287,65.13,0,1015,0
2020-02-29,23:00,25.88,74.47,4.457,62.88,0,1015,0
2020-02-29,23:10,25.85,73.77,5.078,66.65,0,1015,0
2020-02-29,23:20,25.84,71.77,4.439,71.26,0,1015,0
2020-02-29,23:30,26.01,72.34,4.314,65.36,0,1015,0
2020-02-29,23:40,25.89,73.22,3.697,69,0,1015,0
2020-02-29,23:50,25.82,73.01,4.113,70,0,1015,0