DATE,TIME,TEMPERATURE,RH,WIND,WINDDIR,RS,PRESSURE,PRECIP
YYYY-MM-DD,HH:MM,C,%,m s-1,deg,W m-2,mbar,mm
2024-01-25,11:00,26.67,79,1.788,0,7999,M,0
2024-01-25,12:00,26.67,79,2.682,0,7999,959.7,2.3
2024-01-25,13:00,26.67,79,2.682,0,7999,600.4,0
2024-01-25,14:00,26.67,78,2.682,0,7999,600.7,0.3
2024-01-25,16:00,26.67,77.42,2.204,63.03,267.8,824.9,0
2024-01-25,17:00,26.6,78.07,2.116,61.3,191.1,1013,0
2024-01-25,18:00,26.14,81.1,2.489,66.08,59.85,1014,0
2024-01-25,19:00,26.03,81.5,2.546,75.81,1.073,1014,0
2024-01-25,20:00,26.07,83.7,2.702,74.25,0.001,1014,0
2024-01-25,21:00,25.79,79.83,3.016,79.07,0.001,1015,0
2024-01-25,22:00,25.81,80.5,3.333,79.14,0.002,1015,0
2024-01-25,23:00,25.41,82.4,2.73,77.96,0.001,1015,0
2024-01-26,00:00,25.57,77.74,2.046,88.6,0.002,1015,0
2024-01-26,01:00,26.11,81.4,2.833,88.5,0.002,1015,0
2024-01-26,02:00,24.91,84.4,2.467,94.4,0.001,1015,0.3
2024-01-26,03:00,25.83,78.37,2.669,77.91,0.003,1014,0
2024-01-26,04:00,25.21,83,2.807,79.77,0.002,1014,0
2024-01-26,05:00,25.08,76.31,1.956,89.8,0.001,1014,0
2024-01-26,06:00,25.39,77.54,2.628,85.5,0,1014,0
2024-01-26,07:00,25.34,79.96,2.474,87,2.55,1015,0
2024-01-26,08:00,25.32,75.66,2.252,86,58.38,1015,0
2024-01-26,09:00,26.44,74.88,2.544,76.82,256.7,1016,0.3
2024-01-26,10:00,26.89,76.7,2.718,82.1,277.4,1016,0
2024-01-26,11:00,27.33,72.54,2.98,76.45,293,1016,0
2024-01-26,12:00,27.17,67.65,2.572,71.41,395.5,1015,0
2024-01-26,13:00,28.39,65.89,2.574,78.93,631.6,1015,0
2024-01-26,14:00,28.11,68.72,3.172,78.92,465.8,1014,0
2024-01-26,15:00,27.72,73.97,2.545,72.88,398.6,1013,0
2024-01-26,16:00,27.22,71.1,2.927,71.95,351.4,1013,0
2024-01-26,17:00,26.94,73.58,2.698,75.01,188.1,1013,0
2024-01-26,18:00,26.44,86.1,2.32,73.43,71.16,1013,0
2024-01-26,19:00,25.29,87.7,2.3,44.04,0.61,1014,0.5
2024-01-26,20:00,23.15,92.4,2.431,87.7,0.001,1014,1.5
2024-01-26,21:00,22.28,91.7,1.924,103.6,0.001,1015,2.5
2024-01-26,22:00,24.53,84.9,1.982,56.8,0.001,1015,0
2024-01-26,23:00,24.55,85.6,2.488,33.67,0.001,1015,0.8
2024-01-27,00:00,23.55,91,3.19,81.3,0.001,1015,1.8
2024-01-27,01:00,23.35,88.7,3.448,81.1,0.002,1015,0
2024-01-27,02:00,23.74,84.9,2.877,85.3,0.002,1014,0
2024-01-27,03:00,24.3,85.1,2.5,82.4,0.002,1014,0
2024-01-27,04:00,23.62,88.6,3.262,81.8,0.001,1014,1
2024-01-27,05:00,23.94,86.6,3.145,78.76,0.002,1013,0
2024-01-27,06:00,24.59,84.6,3.204,78.87,0.001,1014,0
2024-01-27,07:00,24.52,76.63,3.358,82.5,2.005,1014,0
2024-01-27,08:00,25.17,79.7,2.742,72.83,61.53,1015,0
2024-01-27,09:00,25.38,79.31,3.198,75.22,198.6,1015,0
2024-01-27,10:00,25.99,75.66,2.73,65.96,444,1016,0
2024-01-27,11:00,26.19,79.57,2.509,50.83,350.9,1016,0
2024-01-27,12:00,25.75,72.53,3.476,52.84,369.9,1015,0
2024-01-27,13:00,26.44,72.31,2.913,61.54,452.7,1015,0
2024-01-27,14:00,26.29,69.27,3.322,68.36,250.2,1014,0
2024-01-27,15:00,26.67,70.12,2.908,69.4,298.4,1013,0
2024-01-27,16:00,26.78,68.62,3.08,67.95,336.5,1013,0
2024-01-27,17:00,26.53,75.4,3.026,71.02,156.4,1013,0
2024-01-27,18:00,25.61,74.23,2.93,71.59,22.65,1013,0.3
2024-01-27,19:00,26.09,69.86,3.199,67.85,1.251,1014,0
2024-01-27,20:00,26.17,71.68,3.239,72.06,0.001,1015,0
2024-01-27,21:00,26.18,66.73,2.849,72.38,0.001,1015,0
2024-01-27,22:00,25.73,71.55,2.636,64.02,0,1016,0
2024-01-27,23:00,25.93,67.13,2.794,68.9,0.001,1016,0
2024-01-28,00:00,26.14,69.01,2.831,73.11,0.001,1015,0
2024-01-28,01:00,26.11,66,2.905,71.07,0.001,1016,0
2024-01-28,02:00,26.03,67.62,3.004,73.54,0.001,1015,0
2024-01-28,03:00,26.01,65.1,2.52,65.18,0.001,1015,0
2024-01-28,04:00,25.92,69.08,2.787,70.26,0.001,1015,0
2024-01-28,05:00,25.83,68.56,2.983,72.62,0.001,1014,0
2024-01-28,06:00,25.77,69.73,2.905,75.64,0.001,1015,0
2024-01-28,07:00,25.79,68.62,2.875,70.89,1.956,1015,0
2024-01-28,08:00,25.89,68.43,3.182,76.72,56.11,1016,0
2024-01-28,09:00,26.05,67.05,3.078,76.07,98.6,1017,0
2024-01-28,10:00,26.5,66.22,3.229,75.37,321.5,1017,0
2024-01-28,11:00,27.22,64.13,3.594,72.76,721,1017,0
2024-01-28,12:00,27.22,64.78,3.352,72.01,615.9,1016,0
2024-01-28,13:00,27.5,64.26,3.278,68.35,815,1015,0
2024-01-28,14:00,27.5,62.22,3.199,68.43,820,1015,0
2024-01-28,15:00,27.5,61.07,3.276,70.13,753.4,1014,0
2024-01-28,16:00,27.28,63.72,3.234,69.77,541.6,1014,0
2024-01-28,17:00,26.83,64,3.009,69.91,281.4,1014,0
2024-01-28,18:00,26.47,62.56,2.803,72.09,108.9,1015,0
2024-01-28,19:00,26.16,65.04,2.5,65.95,2.4,1015,0
2024-01-28,20:00,26.13,64.46,2.39,59.83,0,1016,0
2024-01-28,21:00,26.15,62.96,2.786,69.84,0,1017,0
2024-01-28,22:00,26.09,67.84,2.646,71.7,0,1017,0
2024-01-28,23:00,26.07,68.29,2.588,68.4,0,1017,0
2024-01-29,00:00,25.97,66.15,2.333,58.68,0.001,1017,0
2024-01-29,01:00,25.92,65.89,2.057,53.21,0.001,1017,0
2024-01-29,02:00,25.8,64.65,2.034,40.13,0.001,1016,0
2024-01-29,03:00,25.69,65.3,1.876,45.98,0.001,1016,0
2024-01-29,04:00,25.62,67.13,2.02,17.98,0.001,1016,0
2024-01-29,05:00,25.54,64.65,2.152,20.94,0.001,1016,0
2024-01-29,06:00,25.49,68.04,2.02,27.86,0.001,1016,0
2024-01-29,07:00,25.44,66.21,2.252,15.45,1.847,1016,0
2024-01-29,08:00,25.83,62.38,2.014,30.76,113.1,1016,0
2024-01-29,09:00,26.37,62.31,2.191,53.97,277,1016,0
2024-01-29,10:00,26.83,63.02,3.029,66.4,530.4,1017,0
2024-01-29,11:00,27,66.67,3.119,66.53,666.3,1017,0
2024-01-29,12:00,27.06,65.76,3.003,63.09,689.3,1016,0
2024-01-29,13:00,27.56,65.11,2.394,56.53,834,1015,0
2024-01-29,14:00,27.61,66.47,2.472,55.77,789.1,1015,0
2024-01-29,15:00,27.11,61.97,2.438,57.69,575.7,1014,0
2024-01-29,16:00,27.17,65.11,2.436,63.07,546.4,1014,0
2024-01-29,17:00,26.64,64.22,2.659,61.42,288,1015,0
2024-01-29,18:00,26.28,65.56,2.828,69.84,106.9,1015,0
2024-01-29,19:00,25.93,68.1,2.148,63.21,2.63,1016,0
2024-01-29,20:00,25.86,76.31,1.933,39.7,0,1017,0
2024-01-29,21:00,25.76,72.47,2.218,31.13,0,1017,0
2024-01-29,22:00,25.72,73.28,2.706,76.6,0,1018,0
2024-01-29,23:00,25.72,72.47,2.815,73.18,0,1018,0
2024-01-30,00:00,25.65,71.69,2.843,74.65,0,1018,0
2024-01-30,01:00,25.52,70.78,3.148,76.01,0.001,1017,0
2024-01-30,02:00,25.31,71.36,3.004,81,0.001,1017,0
2024-01-30,03:00,24.97,76.1,3.083,84.1,0.001,1017,0
2024-01-30,04:00,24.54,79.18,4.09,76.94,0.001,1016,0
2024-01-30,05:00,24.83,70.9,3.378,74.84,0.001,1016,0
2024-01-30,06:00,25.46,65.5,3.423,78.82,0.001,1016,0
2024-01-30,07:00,26.02,60.48,2.96,80.2,2.11,1016,0
2024-01-30,08:00,26.45,58.96,3.396,79.42,99.6,1017,0
2024-01-30,09:00,27.06,61.4,3.462,78.06,335.4,1017,0
2024-01-30,10:00,26.94,67.06,4.189,74,511.8,1018,0
2024-01-30,11:00,26.78,66.28,3.849,71.31,512.4,1018,0
2024-01-30,12:00,26.78,70.91,3.599,72.97,473.7,1017,0
2024-01-30,13:00,26.53,67.52,3.424,71.23,508.8,1016,0
2024-01-30,14:00,26.83,68.04,3.938,73.7,379.7,1016,0
2024-01-30,15:00,27.06,69.15,3.327,72.65,457,1015,0
2024-01-30,16:00,26.67,67.66,3.979,73.6,349.5,1015,0
2024-01-30,17:00,26.89,69.78,4.184,73.39,240.7,1015,0
2024-01-30,18:00,26.55,70.52,4.05,73.17,65.29,1015,0
2024-01-30,19:00,26.39,71.07,4.077,74.67,1.468,1016,0
2024-01-30,20:00,26.33,70.32,4.05,76.72,0,1016,0
2024-01-30,21:00,26.27,68.49,4.502,79.87,0,1016,0
2024-01-30,22:00,26.16,68.23,4.202,79.34,0,1017,0
2024-01-30,23:00,26.01,66.35,4.131,77.9,0,1017,0
2024-01-31,00:00,26.11,66.9,4.22,78.12,0,1017,0
2024-01-31,01:00,26.1,63.41,4.117,77.43,0,1017,0
2024-01-31,02:00,26.01,62.76,4.032,78.41,0,1017,0
2024-01-31,03:00,25.79,67.78,3.554,76.98,0.001,1017,0
2024-01-31,04:00,25.7,68.69,3.965,80.1,0.001,1016,0
2024-01-31,05:00,25.61,58.84,3.428,82.5,0.001,1016,0
2024-01-31,06:00,25.52,71.3,3.32,85.8,0.001,1016,0
2024-01-31,07:00,23.62,81.3,3.983,83.8,1.44,1017,0
2024-01-31,08:00,22.58,82.9,3.308,80.9,55.98,1018,0.3
2024-01-31,09:00,24.24,69.15,2.736,78.2,179.7,1018,0
2024-01-31,10:00,26.34,64.32,3.925,77.25,454.5,1018,0
2024-01-31,11:00,26.78,54.88,4.631,74.8,708.6,1018,0
2024-01-31,12:00,27.28,64.52,4.229,73.24,671.6,1017,0
2024-01-31,13:00,27.17,63.02,3.992,76.6,453.6,1017,0
2024-01-31,14:00,27.17,59.9,4.157,71.94,609.2,1016,0
2024-01-31,15:00,26.72,66.36,3.849,70.29,649.6,1015,0
2024-01-31,16:00,26.83,64.91,4.014,73.36,404.1,1015,0
2024-01-31,17:00,26.72,68.36,4.041,77.14,273.9,1015,0
2024-01-31,18:00,26.47,67.19,3.742,78.11,110.8,1015,0
2024-01-31,19:00,26.23,64.85,3.679,83,3.093,1016,0
2024-01-31,20:00,26.16,63.31,4.18,81.9,0,1016,0
2024-01-31,21:00,26.11,61.46,4.055,82.4,0,1017,0
2024-01-31,22:00,26.09,58.46,4.149,80.7,0,1017,0
2024-01-31,23:00,26.04,59.18,3.795,83.7,0,1017,0
2024-02-01,00:00,25.96,62.7,3.912,83.2,0,1017,0
2024-02-01,01:00,25.6,64.39,3.231,86,0,1017,0
2024-02-01,02:00,25.58,75.4,3.537,85,0,1017,0
2024-02-01,03:00,23.68,75.53,2.838,93.7,0.001,1017,0
2024-02-01,04:00,23.43,87,3.19,94.2,0.001,1016,1.8
2024-02-01,05:00,23.34,79.37,2.974,109.4,0.001,1016,0.3
2024-02-01,06:00,24.23,74.98,3.114,93.5,0.001,1016,0
2024-02-01,07:00,24.64,76.78,3.257,85.1,2.26,1016,0
2024-02-01,08:00,25.3,78.33,3.746,84.4,54.16,1017,0
2024-02-01,09:00,25.5,68.04,4.591,89.9,193.4,1017,0
2024-02-01,10:00,26.21,60.88,3.621,91.6,383.4,1018,0
2024-02-01,11:00,28,57.82,4.6,88.2,733.8,1018,0
2024-02-01,12:00,28.28,55.5,4.582,90.6,779.4,1017,0
2024-02-01,13:00,28.56,59.44,4.542,95.2,902,1016,0
2024-02-01,14:00,28.33,66.15,4.444,94.8,726.7,1016,0
2024-02-01,15:00,28.06,63.8,4.26,90.2,643.2,1015,0
2024-02-01,16:00,26.89,66.15,3.867,89.1,449.3,1015,0
2024-02-01,17:00,27.44,66.87,3.773,92,354.9,1015,0
2024-02-01,18:00,26.37,84.4,3.361,94.6,103.3,1015,0
2024-02-01,19:00,25.19,79.7,2.393,109.7,3.101,1016,0
2024-02-01,20:00,25.83,71.96,2.359,90.8,0,1016,0
2024-02-01,21:00,26.37,69.54,3.074,84.8,0,1017,0
2024-02-01,22:00,26.41,68.69,2.968,85.7,0,1017,0
2024-02-01,23:00,25.92,80.2,3.127,87,0,1017,0
2024-02-02,00:00,25.43,80.8,3.21,84.5,0,1017,0
2024-02-02,01:00,25.21,88.3,3.178,86,0,1017,0.3
2024-02-02,02:00,24.07,91,2.929,94.6,0,1016,0.5
2024-02-02,03:00,24.16,88.4,2.579,85,0,1016,1.3
2024-02-02,04:00,24.72,83.8,3.173,82.7,0.001,1015,0
2024-02-02,05:00,25.28,81.2,3.648,86.1,0.001,1015,0
2024-02-02,06:00,25.23,81.2,3.381,86.3,0.001,1015,0
2024-02-02,07:00,25.91,78.94,3.59,84.2,1.687,1016,0
2024-02-02,08:00,26.17,77.29,3.956,78.79,33.79,1016,0
2024-02-02,09:00,26.54,72.04,4.126,79.69,160.2,1017,0
2024-02-02,10:00,27.22,68.3,4.274,76.73,421.7,1018,0
2024-02-02,11:00,27.44,67.59,4.725,73.65,548.9,1017,0
2024-02-02,12:00,27.78,65.57,4.984,73.88,741.2,1017,0
2024-02-02,13:00,27.83,60.88,4.596,75.27,733.3,1016,0
2024-02-02,14:00,28.06,62.77,4.211,73.88,791.4,1015,0
2024-02-02,15:00,28.17,62.77,3.845,75.08,755.3,1015,0
2024-02-02,16:00,27.94,62.9,3.88,74.99,572.5,1015,0
2024-02-02,17:00,27.72,61.53,3.907,76.8,356.8,1015,0
2024-02-02,18:00,27,67.46,3.947,76.41,95.5,1016,0
2024-02-02,19:00,26.4,67.85,3.525,79.94,3.507,1016,0
2024-02-02,20:00,25.99,68.5,3.314,82.5,0,1017,0
2024-02-02,21:00,25.93,68.17,2.851,83.9,0,1017,0
2024-02-02,22:00,25.88,69.88,2.898,84,0,1018,0
2024-02-02,23:00,25.78,70.06,2.71,85.1,0,1018,0
2024-02-03,00:00,25.67,70.26,2.715,84.8,0,1018,0
2024-02-03,01:00,25.59,71.5,2.803,84.6,0,1017,0
2024-02-03,02:00,25.36,70.32,2.355,86.8,0,1017,0
2024-02-03,03:00,25.4,71.04,2.289,86,0,1017,0
2024-02-03,04:00,25.49,71.7,2.42,86.4,0,1016,0
2024-02-03,05:00,25.89,71.6,2.962,84.6,0,1016,0
2024-02-03,06:00,25.76,72.99,2.906,83.3,0,1016,0
2024-02-03,07:00,25.66,74.69,3.191,85.4,3.013,1017,0
2024-02-03,08:00,25.93,68.11,3.249,82.9,71.13,1018,0
2024-02-03,09:00,27,68.11,3.526,81.2,268,1018,0
2024-02-03,10:00,27.67,61.14,3.661,81.1,523.6,1019,0
2024-02-03,11:00,28,60.22,4.01,85.7,626.1,1019,0
2024-02-03,12:00,28.17,60.56,4.278,85.1,703.6,1018,0
2024-02-03,13:00,28.56,60.36,4.493,84.6,861,1017,0
2024-02-03,14:00,28.39,62.05,4.81,85.7,851,1016,0
2024-02-03,15:00,28.39,64.72,4.305,82,711.6,1016,0
2024-02-03,16:00,27.67,65.57,3.755,74.78,383.6,1015,0
2024-02-03,17:00,27.61,68.69,3.612,72.96,352.2,1015,0
2024-02-03,18:00,27.11,69.35,3.531,75.85,135.4,1016,0
2024-02-03,19:00,26.56,69.34,3.511,78.61,4.808,1016,0
2024-02-03,20:00,26.43,73.19,3.316,80,0,1017,0
2024-02-03,21:00,26.27,71.07,3.338,80.5,0,1017,0
2024-02-03,22:00,26.22,72.54,3.291,81.9,0,1018,0
2024-02-03,23:00,26.49,72.15,3.67,78.74,0,1017,0
2024-02-04,00:00,26.31,72.53,3.175,80.7,0,1017,0
2024-02-04,01:00,26.23,73.45,3.331,81.8,0,1017,0
2024-02-04,02:00,26.22,71.3,3.697,84,0,1016,0
2024-02-04,03:00,26.08,70.19,3.764,84.4,0,1016,0
2024-02-04,04:00,25.98,67.98,3.688,83.8,0,1016,0
2024-02-04,05:00,26.02,65.89,3.737,83.8,0,1016,0
2024-02-04,06:00,25.89,72.41,3.556,83.7,0,1016,0
2024-02-04,07:00,25.88,70.45,3.742,84.8,2.419,1017,0
2024-02-04,08:00,26.35,71.65,4.09,85.9,65.16,1017,0
2024-02-04,09:00,26.83,66.55,3.818,85.2,194.6,1018,0
2024-02-04,10:00,27.78,62.18,4.524,82.3,471.1,1018,0
2024-02-04,11:00,28.39,59.14,4.967,83.6,666.9,1018,0
2024-02-04,12:00,28.67,65.83,5.047,81.2,743.6,1018,0
2024-02-04,13:00,29,61.99,4.734,84.6,906,1017,0
2024-02-04,14:00,28.89,64.46,4.913,81.1,836,1016,0
2024-02-04,15:00,28.44,67.13,4.792,81.9,672.1,1015,0
2024-02-04,16:00,28.39,66.34,4.6,86.9,502,1015,0
2024-02-04,17:00,28,67.59,3.97,84.2,319.5,1015,0
2024-02-04,18:00,27.44,73.38,4.122,81.7,134.7,1016,0
2024-02-04,19:00,26.83,72.22,4.403,80.8,8.41,1016,0
2024-02-04,20:00,26.59,71.04,4.39,81.7,0,1016,0
2024-02-04,21:00,26.55,72.02,4.149,80.4,0,1017,0
2024-02-04,22:00,26.57,71.63,4.144,80.7,0,1017,0
2024-02-04,23:00,26.49,71.17,4.064,82.6,0,1018,0
2024-02-05,00:00,26.41,69.74,4.032,82.2,0,1018,0
2024-02-05,01:00,26.49,68.95,4.068,81.9,0,1017,0
2024-02-05,02:00,26.37,73.58,3.97,82.4,0,1017,0
2024-02-05,03:00,26.41,67.55,3.813,80.7,0,1016,0
2024-02-05,04:00,26.36,68.63,3.625,82,0,1016,0
2024-02-05,05:00,26.24,70.1,3.435,81.8,0,1016,0
2024-02-05,06:00,26.25,68.17,3.542,79.64,0,1016,0
2024-02-05,07:00,26.14,67.78,3.67,81.6,3.093,1017,0
2024-02-05,08:00,26.59,64.93,3.489,81.6,113.6,1017,0
2024-02-05,09:00,27.56,63.42,4.421,84.2,336.6,1018,0
2024-02-05,10:00,28.11,61.07,4.399,85.2,553.8,1018,0
2024-02-05,11:00,28.56,59.7,4.739,86.9,760.3,1018,0
2024-02-05,12:00,28.61,65.71,4.587,86.3,823,1017,0
2024-02-05,13:00,28.33,67.98,4.019,80.3,736.8,1016,0
2024-02-05,14:00,28.33,65.31,4.256,85.4,645.9,1015,0
2024-02-05,15:00,28.39,63.94,4.229,79.78,670.3,1014,0
2024-02-05,16:00,27.72,67.92,3.769,76.18,331.2,1014,0
2024-02-05,17:00,27.22,70.19,3.97,76.47,172.6,1014,0
2024-02-05,18:00,26.94,70.65,3.652,78.35,86.2,1014,0
2024-02-05,19:00,26.46,70.52,3.149,80.3,2.548,1015,0
2024-02-05,20:00,26.29,69.44,2.915,84.5,0,1015,0
2024-02-05,21:00,26.17,70.06,2.899,85.4,0,1016,0
2024-02-05,22:00,25.98,70.58,2.7,86.4,0,1016,0
2024-02-05,23:00,25.82,72.34,2.669,89.1,0,1016,0
2024-02-06,00:00,25.85,70.59,2.557,85.2,0,1016,0
2024-02-06,01:00,25.69,71.17,2.513,86.9,0,1016,0
2024-02-06,02:00,25.58,70.26,2.172,87.5,0,1016,0
2024-02-06,03:00,25.26,70.64,1.882,90.9,0,1015,0
2024-02-06,04:00,25.05,70.24,1.65,104.4,0,1014,0
2024-02-06,05:00,25.18,66.15,2.256,89.6,0,1015,0
2024-02-06,06:00,25.21,68.3,1.806,90.4,0,1015,0
2024-02-06,07:00,25.32,63.28,2.17,86.5,3.158,1015,0
2024-02-06,08:00,25.96,63.15,2.487,85.9,119.9,1016,0
2024-02-06,09:00,27.39,58.14,2.997,83,352.3,1016,0
2024-02-06,10:00,27.61,65.5,2.946,77.18,309.9,1017,0
2024-02-06,11:00,28.33,60.54,3.59,91.3,723.8,1017,0
2024-02-06,12:00,28.83,58.14,3.581,89,801,1016,0
2024-02-06,13:00,28.22,64.53,2.904,78.55,630.3,1015,0
2024-02-06,14:00,28.89,60.48,3.369,86.8,912,1014,0
2024-02-06,15:00,28.44,68.21,3.282,89.7,683.9,1013,0
2024-02-06,16:00,28.06,67.06,2.557,87.6,394.5,1013,0
2024-02-06,17:00,27.44,74.3,2.034,72.74,225.9,1013,0
2024-02-06,18:00,27,73.58,1.913,78.94,109.4,1013,0
2024-02-06,19:00,26.21,76.71,1.616,90.3,3.717,1014,0
2024-02-06,20:00,25.47,77.82,0.9719,128.8,0,1014,0
2024-02-06,21:00,25.11,76.97,0.7984,119.4,0,1015,0
2024-02-06,22:00,25.37,74.88,1.369,99.9,0,1015,0
2024-02-06,23:00,25.38,76.57,1.56,101.6,0,1015,0
2024-02-07,00:00,24.84,76.25,1.126,122,0,1015,0
2024-02-07,01:00,25.66,72.28,1.649,83.9,0,1015,0
2024-02-07,02:00,26.22,72.8,1.73,33.17,0,1014,0
2024-02-07,03:00,26.13,71.95,1.41,47.96,0,1013,0
2024-02-07,04:00,25.97,68.43,1.94,78.52,0,1013,0
2024-02-07,05:00,25.33,70.91,2.256,91.2,0,1013,0
2024-02-07,06:00,25.23,67.97,2.009,93.5,0,1013,0
2024-02-07,07:00,24.98,66.28,1.955,98.2,3.839,1014,0
2024-02-07,08:00,25.59,63.81,2.249,88.8,110.2,1015,0
2024-02-07,09:00,26.83,65.11,2.327,75.36,301.9,1015,0
2024-02-07,10:00,27.17,67.26,2.178,64.09,352.7,1016,0
2024-02-07,11:00,27.39,65.5,2.259,61.55,430.7,1015,0
2024-02-07,12:00,27.28,61.52,2.6,68.17,426.1,1015,0
2024-02-07,13:00,27.56,64.33,2.444,67.59,454.8,1014,0
2024-02-07,14:00,27.22,61.92,2.758,69.87,385.3,1013,0
2024-02-07,15:00,27.56,59.51,2.667,68.04,547.4,1012,0
2024-02-07,16:00,27.61,57.1,2.432,64.48,448.9,1012,0
2024-02-07,17:00,27.33,61.59,2.559,71.79,277.4,1012,0
2024-02-07,18:00,26.78,62.7,2.773,77.96,126.6,1012,0
2024-02-07,19:00,25.98,66.87,2.538,85.8,4.257,1012,0
2024-02-07,20:00,25.29,70.39,1.895,90.2,0,1013,0
2024-02-07,21:00,25.53,69.16,2.274,86.4,0,1013,0
2024-02-07,22:00,25.67,69.8,2.556,84,0,1014,0
2024-02-07,23:00,25.23,70.58,2.161,90.4,0,1014,0
2024-02-08,00:00,24.93,73.64,1.839,92,0,1014,0
2024-02-08,01:00,24.88,72.4,1.802,92.8,0,1014,0
2024-02-08,02:00,24.92,73.91,1.631,98.1,0,1014,0
2024-02-08,03:00,24.79,72.99,1.59,97.7,0,1014,0
2024-02-08,04:00,24.88,70.71,1.836,95.7,0,1014,0
2024-02-08,05:00,24.62,73.84,1.43,107.8,0,1014,0
2024-02-08,06:00,24.54,71.49,1.516,106.1,0,1014,0
2024-02-08,07:00,25.21,70.97,1.778,86.6,3.175,1014,0
2024-02-08,08:00,25.32,70.95,1.513,90.2,70.12,1015,0
2024-02-08,09:00,26.26,67.39,1.691,91.5,184.8,1015,0
2024-02-08,10:00,27.44,59.77,2.596,87.4,466.4,1016,0
2024-02-08,11:00,28.22,60.68,3.733,96.4,784.8,1015,0
2024-02-08,12:00,28.44,57.62,3.961,103.6,877,1015,0
2024-02-08,13:00,28.67,55.47,3.737,94.5,915,1014,0
2024-02-08,14:00,29.17,52.15,3.563,105.5,900,1014,0
2024-02-08,15:00,28.89,62.57,3.617,97.6,766.5,1013,0
2024-02-08,16:00,28.17,62.44,3.576,101.9,470.9,1013,0
2024-02-08,17:00,28,63.09,3.557,108.2,377,1013,0
2024-02-08,18:00,27.56,63.55,2.878,91.7,145.6,1014,0
2024-02-08,19:00,26.59,64.56,2.139,88.3,3.788,1014,0
2024-02-08,20:00,26.19,68.37,1.705,96.3,0,1015,0
2024-02-08,21:00,26.15,68.58,1.827,94.8,0,1015,0
2024-02-08,22:00,25.94,71.24,1.528,99.3,0,1016,0
2024-02-08,23:00,26.01,70.84,1.401,108.5,0,1016,0
2024-02-09,00:00,26.18,71.14,1.95,92.9,0,1016,0
2024-02-09,01:00,26.21,74.1,1.844,97.7,0,1016,0
2024-02-09,02:00,26.19,70,2.356,106.3,0,1016,0
2024-02-09,03:00,25.91,67.65,2.017,108.7,0,1016,0
2024-02-09,04:00,25.81,70.78,2.071,94.6,0,1015,0
2024-02-09,05:00,25.54,72.73,1.569,98.9,0,1015,0
2024-02-09,06:00,25.68,74.75,2.126,86.7,0,1015,0
2024-02-09,07:00,25.63,74.16,1.688,96.2,5.616,1016,0
2024-02-09,08:00,26.48,68.69,1.756,87,154.9,1017,0
2024-02-09,09:00,27.89,66.09,2.65,81.6,384.6,1017,0
2024-02-09,10:00,28.39,65.24,3.149,85.8,537.4,1018,0
2024-02-09,11:00,28.61,63.42,3.84,99.7,686.7,1018,0
2024-02-09,12:00,29,62.51,3.894,91.4,831,1017,0
2024-02-09,13:00,29.11,67.39,4.117,93.4,925,1017,0
2024-02-09,14:00,28.94,64.66,4.077,92.4,862,1016,0
2024-02-09,15:00,28.94,63.74,3.742,90,772.4,1016,0
2024-02-09,16:00,28.83,67.52,3.394,95.6,589.9,1015,0
2024-02-09,17:00,28.44,66.55,3.241,94.2,380.5,1015,0
2024-02-09,18:00,27.83,70.45,3.098,102.2,153.3,1016,0
2024-02-09,19:00,26.89,75.08,2.438,104.6,4.502,1016,0
2024-02-09,20:00,26.57,75.34,2.353,89.8,0,1017,0
2024-02-09,21:00,26.43,77.54,2.273,89.5,0,1017,0
2024-02-09,22:00,26.29,77.36,2.411,87.4,0,1018,0
2024-02-09,23:00,26.29,76.97,2.553,85.8,0,1018,0
2024-02-10,00:00,26.06,77.81,2.37,88.2,0,1018,0
2024-02-10,01:00,26.04,77.11,2.452,85,0,1018,0
2024-02-10,02:00,25.6,78.47,1.881,93.7,0,1017,0
2024-02-10,03:00,25.57,76.12,1.944,89.6,0,1017,0
2024-02-10,04:00,25.33,76.17,1.993,90.9,0,1017,0
2024-02-10,05:00,25.26,75.21,2.065,90.6,0,1017,0
2024-02-10,06:00,25.43,75.47,2.731,87.5,0,1017,0
2024-02-10,07:00,25.39,74.36,2.587,86,3.085,1017,0
2024-02-10,08:00,25.59,73.91,2.59,87.2,56.33,1018,0
2024-02-10,09:00,26.72,68.87,3.974,79.02,271.4,1018,0
2024-02-10,10:00,27.5,68.24,4.475,78.1,509.1,1019,0
2024-02-10,11:00,28.06,67.91,4.524,79.04,749.9,1018,0
2024-02-10,12:00,28.44,68.46,4.108,75.03,928,1018,0
2024-02-10,13:00,28.33,64.34,3.568,77.07,735,1018,0
2024-02-10,14:00,28.78,62.18,3.751,80.9,839,1017,0
2024-02-10,15:00,28.28,67.65,3.867,75.98,634.5,1016,0
2024-02-10,16:00,27.72,66.09,3.795,74.14,430.6,1015,0
2024-02-10,17:00,27.89,67.52,3.688,81.4,364.5,1015,0
2024-02-10,18:00,27.22,71.76,3.55,83.9,128.8,1016,0
2024-02-10,19:00,26.46,74.3,2.788,82.9,7.382,1016,0
2024-02-10,20:00,26.11,74.1,2.64,83.3,0,1017,0
2024-02-10,21:00,26.06,75.14,2.762,82.8,0,1017,0
2024-02-10,22:00,26.04,74.75,2.677,85.3,0,1017,0
2024-02-10,23:00,26.06,74.1,2.77,86.1,0,1017,0
2024-02-11,00:00,26.01,73.84,2.864,86.3,0,1017,0
2024-02-11,01:00,26,74.16,3.169,84.7,0,1017,0
2024-02-11,02:00,25.89,74.88,2.48,85.1,0,1017,0
2024-02-11,03:00,25.79,75.6,1.967,84.5,0,1016,0
2024-02-11,04:00,25.72,74.3,2.009,85.4,0,1016,0
2024-02-11,05:00,25.66,74.43,2.032,90.5,0,1016,0
2024-02-11,06:00,25.54,74.1,1.8,90,0,1016,0
2024-02-11,07:00,25.53,75.53,1.547,82,2.987,1016,0
2024-02-11,08:00,26.03,75.99,1.795,79.16,79.02,1017,0
2024-02-11,09:00,27.06,76.06,3.111,85.5,213.7,1017,0
2024-02-11,10:00,27.56,67.61,3.499,91.4,462.4,1017,0
2024-02-11,11:00,28.44,66.94,4.211,97.5,702.4,1017,0
2024-02-11,12:00,28.61,64.92,3.952,88.6,761.3,1017,0
2024-02-11,13:00,28.83,66.68,4.077,86.1,747.9,1016,0
2024-02-11,14:00,29.17,63.24,4.26,88.8,883,1015,0
2024-02-11,15:00,29.28,65.97,3.612,83.7,747.4,1015,0
2024-02-11,16:00,28.72,64.85,3.53,83.4,494.6,1015,0
2024-02-11,17:00,28.39,68.38,3.211,84.3,301.7,1015,0
2024-02-11,18:00,27.78,72.3,2.887,78.88,112.2,1016,0
2024-02-11,19:00,27.11,74.78,2.894,81.2,6.657,1016,0
2024-02-11,20:00,26.83,74.38,2.769,85.8,0,1017,0
2024-02-11,21:00,26.65,75.8,2.23,84.6,0,1018,0
2024-02-11,22:00,26.61,72.63,2.317,86.3,0,1018,0
2024-02-11,23:00,26.29,74.66,1.676,100.1,0,1018,0
2024-02-12,00:00,26.08,75.99,1.269,105.6,0,1018,0
2024-02-12,01:00,25.87,76.71,1.412,96,0,1018,0
2024-02-12,02:00,26.06,77.56,1.995,86.6,0,1017,0
2024-02-12,03:00,25.86,76.84,2.175,87.1,0,1017,0
2024-02-12,04:00,25.79,71.43,2.071,93.9,0,1016,0
2024-02-12,05:00,25.53,70.65,1.572,102.6,0,1016,0
2024-02-12,06:00,25.07,78.46,1.165,126.4,0,1016,0
2024-02-12,07:00,24.96,77.23,1.021,127.4,4.41,1017,0
2024-02-12,08:00,26.49,66.33,2.77,92.8,121.2,1018,0
2024-02-12,09:00,27.67,63.35,3.016,85.3,357.3,1018,0
2024-02-12,10:00,28.06,65.57,3.212,85.1,432.6,1018,0
2024-02-12,11:00,28.72,55.4,3.657,89.6,725.4,1018,0
2024-02-12,12:00,29.33,61.33,3.555,93.5,912,1018,0
2024-02-12,13:00,29.28,59.06,3.782,92.7,921,1017,0
2024-02-12,14:00,29.44,59.05,3.715,93.5,905,1016,0
2024-02-12,15:00,29.39,60.36,3.585,85.1,752.4,1016,0
2024-02-12,16:00,28.22,69.93,2.811,78.26,354.2,1015,0
2024-02-12,17:00,27.78,72.54,2.324,69.71,235.7,1016,0
2024-02-12,18:00,27.5,70.39,2.76,73.84,131.8,1016,0
2024-02-12,19:00,26.72,68.7,2.741,84.1,4.179,1017,0
2024-02-12,20:00,26.49,73.71,2.653,83.6,0,1018,0
2024-02-12,21:00,26.24,72.56,2.35,84.6,0,1018,0
2024-02-12,22:00,26.21,72.45,2.605,86.7,0,1019,0
2024-02-12,23:00,26.14,73.64,2.807,85.2,0,1019,0
2024-02-13,00:00,26.03,71.85,2.579,84.8,0,1019,0
2024-02-13,01:00,25.9,75.93,2.469,87.1,0,1019,0
2024-02-13,02:00,25.68,78.27,2.48,86.2,0,1019,0
2024-02-13,03:00,24.84,83.5,3.11,87.8,0.001,1018,0.5
2024-02-13,04:00,24.96,76.73,3.177,88.9,0.001,1018,0
2024-02-13,05:00,25.22,73.25,3.144,87.4,0,1018,0
2024-02-13,06:00,25.24,72.15,3.048,86.8,0,1018,0
2024-02-13,07:00,25.46,70.78,3.18,84.8,3.231,1018,0
2024-02-13,08:00,26.14,70.71,3.38,80.8,124.6,1019,0
2024-02-13,09:00,27.11,65.37,3.876,75.38,367.8,1019,0
2024-02-13,10:00,27.78,59.44,4.095,76.15,587.8,1020,0
2024-02-13,11:00,28.39,61.66,4.681,82.6,749.6,1020,0
2024-02-13,12:00,28.22,61.46,4.694,75.68,703.8,1019,0
2024-02-13,13:00,28.11,56.97,4.524,73.49,724.8,1018,0
2024-02-13,14:00,28.33,61.6,4.153,70.04,881,1017,0.3
2024-02-13,15:00,28,61.07,3.724,67.72,683.3,1016,0
2024-02-13,16:00,27.83,64.76,3.952,69.43,610.6,1016,0
2024-02-13,17:00,27.56,64.4,3.795,72.82,416.6,1016,0
2024-02-13,18:00,27,66.87,3.898,76.39,147.7,1016,0
2024-02-13,19:00,26.41,74.49,3.746,77.23,4.444,1016,0
2024-02-13,20:00,25.79,82.7,4.09,75.81,0,1017,0
2024-02-13,21:00,24.58,90.6,4.479,74.45,0.001,1017,1
2024-02-13,22:00,24.35,85.9,4.484,81.1,0.001,1017,0.8
2024-02-13,23:00,24.05,90,4.305,77.56,0.001,1017,1
2024-02-14,00:00,23.54,92.7,4.618,81.2,0.001,1017,1.3
2024-02-14,01:00,23.82,87.5,4.202,82.1,0,1017,0.3
2024-02-14,02:00,23.77,89.7,3.929,81,0,1017,0.5
2024-02-14,03:00,23.27,93.2,4.292,84.9,0.001,1016,3.8
2024-02-14,04:00,23.41,89.8,4.417,80.1,0.001,1016,3.6
2024-02-14,05:00,23.63,86.9,4.6,78.73,0,1016,0.5
2024-02-14,06:00,23.51,91.4,4.09,82.2,0.001,1016,1.3
2024-02-14,07:00,23.14,91.2,4.256,78.32,4.635,1017,1
2024-02-14,08:00,23.19,85.6,3.59,80.1,68.69,1018,0.3
2024-02-14,09:00,24.41,76.77,4.162,77.53,211.2,1018,0.3
2024-02-14,10:00,26.11,71.84,4.533,75.09,350.5,1018,0
2024-02-14,11:00,27.11,67.91,4.377,75.9,621.3,1018,0
2024-02-14,12:00,27.11,70.32,4.265,73.6,493,1017,0
2024-02-14,13:00,26.72,76.51,4.059,70.3,618.5,1016,0
2024-02-14,14:00,26.66,73.06,3.746,68.91,493.9,1016,0
2024-02-14,15:00,26.16,89,4.104,71.18,240,1015,0.3
2024-02-14,16:00,25.86,75.34,4.493,76.42,513.7,1014,0.3
2024-02-14,17:00,26.51,75.86,4.524,77.67,308.6,1015,0
2024-02-14,18:00,26.07,76.31,4.301,76.22,96,1015,0
2024-02-14,19:00,25.88,75.92,4.014,77.96,6.606,1015,0
2024-02-14,20:00,25.85,74.56,4.086,79.91,0,1016,0
2024-02-14,21:00,25.51,79.33,3.822,80.4,0,1017,0
2024-02-14,22:00,25.02,76.12,4.126,82,0,1017,0
2024-02-14,23:00,25.4,77.49,3.773,82.8,0,1017,0
2024-02-15,00:00,25.58,72.81,3.661,79.79,0,1017,0
2024-02-15,01:00,25.36,75.01,3.755,80.7,0,1017,0
2024-02-15,02:00,25.59,72.86,4.028,81,0,1016,0
2024-02-15,03:00,25.52,73.84,3.661,83.4,0,1016,0
2024-02-15,04:00,25.43,74.64,3.795,80.9,0,1015,0
2024-02-15,05:00,25.41,77.09,4.077,80.2,0,1015,0
2024-02-15,06:00,25.31,77.82,3.827,78.42,0,1015,0
2024-02-15,07:00,24.78,77.81,3.827,81.6,2.851,1015,0.5
2024-02-15,08:00,25.48,75.14,3.885,80.5,48.89,1016,0
2024-02-15,09:00,26.46,68.56,4.18,77.19,290.3,1017,0
2024-02-15,10:00,27.06,69.09,4.502,75.53,501.9,1017,0
2024-02-15,11:00,27.44,70.39,4.515,75.46,664.3,1017,0
2024-02-15,12:00,27.5,66.35,4.667,76.54,784,1016,0
2024-02-15,13:00,27.39,68.36,4.564,78.42,523.7,1015,0
2024-02-15,14:00,27.11,67.65,4.269,76.35,405.2,1015,0
2024-02-15,15:00,27.44,66.48,4.417,72.7,617.3,1014,0
2024-02-15,16:00,27.17,65.83,4.412,76.46,457.5,1013,0
2024-02-15,17:00,27.06,67.74,4.104,77.37,319.7,1013,0
2024-02-15,18:00,26.72,69.8,3.786,76.52,147,1014,0
2024-02-15,19:00,26.13,71.82,3.564,78.94,6.767,1014,0
2024-02-15,20:00,25.95,72.86,3.196,82.8,0,1015,0
2024-02-15,21:00,25.98,72.28,3.073,81.5,0,1015,0
2024-02-15,22:00,26.07,73.65,3.138,83.8,0,1016,0
2024-02-15,23:00,26.03,74.03,3.105,82.5,0,1016,0
2024-02-16,00:00,26.04,73.25,3.081,86.4,0,1016,0
2024-02-16,01:00,25.93,76.12,2.778,82.3,0,1016,0
2024-02-16,02:00,25.88,75.32,3.157,83.6,0,1015,0
2024-02-16,03:00,25.76,76.84,2.469,76.47,0,1015,0
2024-02-16,04:00,25.64,76.71,2.55,75.21,0,1014,0
2024-02-16,05:00,25.57,77.36,2.797,73.75,0,1014,0
2024-02-16,06:00,25.61,76.7,3.211,73.21,0,1014,0
2024-02-16,07:00,25.53,77.1,3.764,82.6,3.568,1015,0
2024-02-16,08:00,25.97,71.88,4.6,85.2,68.25,1015,0
2024-02-16,09:00,27.17,67.52,4.636,84.9,333.8,1016,0
2024-02-16,10:00,28,68.76,4.591,82.4,566.2,1016,0
2024-02-16,11:00,28.44,66.03,3.929,79.62,670.8,1016,0
2024-02-16,12:00,28.78,68.44,3.853,79.65,758.8,1016,0
2024-02-16,13:00,28.89,65.08,3.907,75.64,815,1014,0
2024-02-16,14:00,28.89,66.16,4.555,85,953,1014,0
2024-02-16,15:00,28.78,70.97,3.885,75.59,659.1,1013,0
2024-02-16,16:00,28.39,70.45,3.97,79.18,459.5,1013,0
2024-02-16,17:00,27.94,85.9,3.88,79.32,326.1,1013,0
2024-02-16,18:00,25.06,86.9,2.563,83.7,52.28,1014,0
2024-02-16,19:00,25.65,85.1,2.307,82.5,3.615,1014,0
2024-02-16,20:00,25.89,83,1.742,80.5,0.001,1015,0
2024-02-16,21:00,25.92,83.7,1.49,80.9,0,1015,0
2024-02-16,22:00,26.13,82.8,2.12,79.33,0,1015,0
2024-02-16,23:00,25.23,92.7,1.873,94.7,0,1016,1
2024-02-17,00:00,25.13,89.8,0.722,101,0,1015,0
2024-02-17,01:00,25.66,91.2,1.387,86.6,0,1015,3
2024-02-17,02:00,24.97,91.1,1.78,96.3,0,1015,0
2024-02-17,03:00,24.92,92.4,1.004,99,0,1014,0.8
2024-02-17,04:00,24.91,92.1,0.7233,24.48,0,1014,0
2024-02-17,05:00,25.29,89.5,0.7957,78.58,0,1014,0
2024-02-17,06:00,25.21,90.5,0.4689,18.45,0,1014,0
2024-02-17,07:00,25.24,91.2,0.5329,25.71,3.351,1014,0
2024-02-17,08:00,25.86,87.3,0.511,73.52,88,1015,0.3
2024-02-17,09:00,27,83.7,1.804,87.1,230.2,1015,0
2024-02-17,10:00,27.78,80.9,1.877,79.14,416.9,1016,0
2024-02-17,11:00,28.11,80.4,2.144,69.03,699.1,1015,0
2024-02-17,12:00,27.61,78.99,2.304,68.38,520,1015,0
2024-02-17,13:00,27.94,79.19,2.644,68.41,598.9,1014,0
2024-02-17,14:00,27.5,78.26,2.043,76.01,640.9,1013,0
2024-02-17,15:00,28.72,71.95,2.748,85.9,770.7,1013,0
2024-02-17,16:00,28.67,76.06,2.754,95.6,539,1012,0
2024-02-17,17:00,27.56,80.2,2.704,101.8,307.6,1012,0
2024-02-17,18:00,27.33,79.8,2.495,98.2,113.9,1013,0
2024-02-17,19:00,26.83,83.9,1.878,87.8,7.042,1013,0
2024-02-17,20:00,26.67,84.3,1.674,80.7,0.001,1014,0
2024-02-17,21:00,26.61,84.5,1.579,91.3,0,1014,0
2024-02-17,22:00,26.72,88,1.585,83.7,0,1015,0
2024-02-17,23:00,26.36,86.1,1.702,76.54,0,1015,0
2024-02-18,00:00,26.39,86.2,1.372,68.44,0,1014,0
2024-02-18,01:00,26.29,90.1,2.283,86.2,0,1014,0.8
2024-02-18,02:00,25.94,87.8,1.872,95.3,0,1014,0
2024-02-18,03:00,25.88,86.7,0.8315,67.49,0,1013,0
2024-02-18,04:00,25.86,91.6,1.16,71.77,0,1013,2
2024-02-18,05:00,25.48,92.4,0.9486,73.49,0,1013,0
2024-02-18,06:00,25.47,92.2,0.8923,91.6,0,1014,0.8
2024-02-18,07:00,25.03,91.8,1.014,102.4,4.276,1015,0.5
2024-02-18,08:00,24.98,92.7,1.742,83.1,40.3,1015,0.5
2024-02-18,09:00,24.81,88.6,1.711,74.65,118.7,1016,0.3
2024-02-18,10:00,25.61,90.7,2.3,74.85,270.4,1016,0
2024-02-18,11:00,25.11,85.1,2.695,86.5,267.2,1016,1.3
2024-02-18,12:00,24.97,91.6,2.816,84.1,295.4,1016,1.5
2024-02-18,13:00,25.72,86,1.696,60.16,532.6,1015,0
2024-02-18,14:00,25.71,88.7,2.363,69.17,374.3,1014,0.5
2024-02-18,15:00,25.68,87.8,2.051,59.57,402.9,1014,0
2024-02-18,16:00,26.09,87.4,2.171,68.3,361,1013,0
2024-02-18,17:00,25.66,90.5,2.381,73.5,178.4,1014,0
2024-02-18,18:00,24.74,92.2,2.713,74.7,66.48,1014,0.3
2024-02-18,19:00,24.81,90.1,1.497,78.61,3.666,1014,0
2024-02-18,20:00,25.41,82.6,1.75,90.6,0.001,1015,0
2024-02-18,21:00,25.96,83.8,2.18,88.2,0.001,1016,0
2024-02-18,22:00,25.93,83,2.157,86,0.001,1016,0
2024-02-18,23:00,25.99,84.3,2.392,85,0.001,1016,0
2024-02-19,00:00,25.99,85.8,2.524,86.5,0,1016,0
2024-02-19,01:00,25.89,82.3,2.613,78.62,0,1016,0
2024-02-19,02:00,25.63,81.9,2.505,82.4,0,1015,0
2024-02-19,03:00,25.44,85,3.003,82.5,0,1015,0
2024-02-19,04:00,25.31,83.4,3.661,74.04,0,1014,0
2024-02-19,05:00,25.26,81.5,3.965,77.4,0,1014,0
2024-02-19,06:00,24.9,80.6,3.675,80.5,0,1015,0
2024-02-19,07:00,25.49,74.23,3.433,80.4,3.883,1015,0
2024-02-19,08:00,26.22,77.88,4.153,78.75,65.26,1016,0
2024-02-19,09:00,25.81,83.5,4.394,76.71,168.3,1016,0
2024-02-19,10:00,25.73,69.87,4.198,75.76,265.5,1017,0
2024-02-19,11:00,26.55,68.56,4.461,76.52,310.1,1017,0
2024-02-19,12:00,27,68.69,4.493,75.2,520.6,1016,0
2024-02-19,13:00,27.06,68.11,4.095,73.05,524.5,1015,0
2024-02-19,14:00,26.83,72.8,3.876,74.27,486.8,1014,0
2024-02-19,15:00,26.89,65.24,4.014,73.62,462.5,1014,0
2024-02-19,16:00,27,66.09,4.283,73.14,449.3,1013,0
2024-02-19,17:00,26.6,71.17,4.099,75.33,211,1014,0
2024-02-19,18:00,26.32,67,3.515,78.19,58.32,1014,0
2024-02-19,19:00,26.01,66.15,3.075,80.4,4.437,1014,0
2024-02-19,20:00,25.91,66.74,3.27,80.7,0.001,1015,0
2024-02-19,21:00,25.96,66.8,3.831,78.02,0.001,1015,0
2024-02-19,22:00,25.95,65.52,3.916,79.29,0.001,1015,0
2024-02-19,23:00,25.89,66.28,3.751,79.7,0.001,1015,0
2024-02-20,00:00,25.83,68.11,3.573,80.1,0.001,1015,0
2024-02-20,01:00,25.83,69.54,3.239,80.6,0,1015,0
2024-02-20,02:00,25.83,70.06,2.799,82.5,0,1015,0
2024-02-20,03:00,25.73,74.17,2.719,81.5,0,1014,0
2024-02-20,04:00,25.54,75.64,3.391,84.7,0,1014,0
2024-02-20,05:00,25.38,76.84,3.121,85.8,0,1014,0
2024-02-20,06:00,25.48,73.59,3.42,82.6,0,1014,0
2024-02-20,07:00,25.75,71.17,3.599,85,4.951,1015,0
2024-02-20,08:00,26.21,70.65,4.095,84.2,87.9,1016,0
2024-02-20,09:00,26.94,67.72,4.399,90.6,305,1016,0
2024-02-20,10:00,27.56,67.33,4.725,87.6,555.2,1017,0
2024-02-20,11:00,27.72,71.24,5.016,96.1,675.5,1017,0
2024-02-20,12:00,25.48,85.8,4.247,81.5,413.5,1016,9.4
2024-02-20,13:00,26.02,75.92,4.269,80.3,554.7,1016,0
2024-02-20,14:00,26.62,70.91,4.622,81.8,618,1015,0
2024-02-20,15:00,27.17,67.99,4.792,78.69,777.9,1014,0
2024-02-20,16:00,27.11,67.06,5.23,80.9,510.9,1014,0
2024-02-20,17:00,26.89,68.43,4.949,80.1,368.2,1014,0
2024-02-20,18:00,26.34,70.26,4.193,82.6,138.3,1015,0
2024-02-20,19:00,25.89,69.61,3.845,84.3,7.722,1015,0
2024-02-20,20:00,25.86,69.15,4.247,83.2,0.001,1016,0
2024-02-20,21:00,25.76,72.96,3.831,82.7,0.001,1016,0
2024-02-20,22:00,25.72,72.08,4.046,81.9,0.001,1017,0
2024-02-20,23:00,25.53,70.1,3.916,83.3,0.001,1017,0
2024-02-21,00:00,25.52,69.28,3.862,83.9,0.001,1017,0
2024-02-21,01:00,25.41,69.28,3.581,84.1,0.001,1016,0
2024-02-21,02:00,25.47,69.8,3.63,79.86,0.001,1016,0
2024-02-21,03:00,25.36,67.71,3.845,83.2,0,1015,0
2024-02-21,04:00,25.18,67.45,3.141,83.9,0,1015,0
2024-02-21,05:00,25.13,71.36,3.46,85.3,0,1015,0
2024-02-21,06:00,24.84,71.02,3.399,84.7,0,1015,0
2024-02-21,07:00,24.97,68.04,3.358,82.7,4.461,1016,0
2024-02-21,08:00,25.34,76.19,3.795,84.9,59.39,1016,0
2024-02-21,09:00,24.83,68.1,5.083,85,270.8,1017,0
2024-02-21,10:00,24.63,74.12,4.122,79.01,373,1018,0
2024-02-21,11:00,26.83,63.87,4.564,76.62,743.4,1017,0
2024-02-21,12:00,26.89,66.74,4.613,73.99,738,1017,0
2024-02-21,13:00,26.78,65.77,3.88,74.71,495.1,1016,0
2024-02-21,14:00,27.06,67.13,4.041,72.12,604.8,1015,0
2024-02-21,15:00,25.84,72.02,4.555,78.92,549.1,1014,0
2024-02-21,16:00,25.27,76.38,4.564,77.5,505.2,1014,0
2024-02-21,17:00,24.68,79.7,4.712,77.58,235.6,1014,0
2024-02-21,18:00,24.28,83.5,5.204,81.8,115.4,1014,0
2024-02-21,19:00,24.54,76.12,4.229,80,4.861,1014,0
2024-02-21,20:00,25.12,85.9,4.725,84.4,0.001,1015,0
2024-02-21,21:00,23.97,89.6,4.873,92.2,0.001,1015,1.5
2024-02-21,22:00,24.32,83.8,3.746,97.7,0.002,1016,0
2024-02-21,23:00,24.47,77.16,4.596,97.2,0.001,1016,0
2024-02-22,00:00,25.07,81,3.099,91.4,0.001,1016,0
2024-02-22,01:00,24.48,80.1,3.679,86.1,0.001,1016,0
2024-02-22,02:00,25.09,78.4,3.997,91.8,0.001,1015,0
2024-02-22,03:00,24.52,84.9,3.733,86.7,0.001,1015,0.3
2024-02-22,04:00,24.69,84.9,3.011,80.7,0,1015,0
2024-02-22,05:00,24.69,86.7,2.942,80.1,0,1015,0
2024-02-22,06:00,24.43,81.6,3.111,82.4,0,1015,0
2024-02-22,07:00,24.73,78.79,3.307,83.5,8.22,1016,0
2024-02-22,08:00,25.49,79.96,3.693,80.2,112.1,1017,0
2024-02-22,09:00,25.78,79.14,4.153,81.5,313.4,1017,0
2024-02-22,10:00,26.94,72.8,3.831,81,484.7,1018,0
2024-02-22,11:00,27.44,73.15,4.269,78.21,819,1017,0
2024-02-22,12:00,26.24,83.4,4.354,93,664.3,1017,0.5
2024-02-22,13:00,26.53,70.97,4.564,94.5,855,1016,0
2024-02-22,14:00,27.67,72.83,4.399,85.2,798.2,1015,0
2024-02-22,15:00,27.72,70.52,4.529,88.1,443.5,1015,0
2024-02-22,16:00,27.94,71.69,4.493,83.3,404.5,1014,0
2024-02-22,17:00,27.28,73.32,4.278,81,258.4,1015,0
2024-02-22,18:00,26.94,74.95,4.095,85.3,117.9,1015,0
2024-02-22,19:00,26.46,77.81,3.458,84.3,7.158,1015,0
2024-02-22,20:00,26.38,77.75,3.769,85.6,0.001,1016,0
2024-02-22,21:00,26.17,76.16,4.233,85,0.002,1017,0
2024-02-22,22:00,26.24,80.7,3.992,83.1,0.001,1017,0
2024-02-22,23:00,25.64,82,3.943,81.9,0.002,1017,0
2024-02-23,00:00,25.04,85.2,3.233,91.3,0.002,1017,0.5
2024-02-23,01:00,25.01,84.6,2.673,81.4,0.002,1016,0
2024-02-23,02:00,24.52,85.9,2.392,97.2,0.001,1016,0.8
2024-02-23,03:00,25.26,83.5,2.554,86.2,0.001,1015,0
2024-02-23,04:00,25.32,84.5,2.488,88.7,0.001,1015,0
2024-02-23,05:00,25.25,86.2,1.968,84.2,0,1015,0
2024-02-23,06:00,24.76,86.6,1.908,81,0,1015,0
2024-02-23,07:00,24.76,81.7,2.465,83,5.082,1016,0
2024-02-23,08:00,25.34,87,2.272,82.8,67.95,1016,0
2024-02-23,09:00,25.53,80.7,2.625,82.7,200.3,1017,0.3
2024-02-23,10:00,26.44,85.4,3.339,89.7,230.1,1017,0
2024-02-23,11:00,26.49,76.46,3.639,85.9,307.2,1017,0
2024-02-23,12:00,27.61,70.52,4.658,87.4,508.8,1016,0
2024-02-23,13:00,28.11,70.05,4.864,93.6,781,1015,0
2024-02-23,14:00,28.39,70.52,4.658,96,819,1014,0
2024-02-23,15:00,28.28,69.15,4.475,93.1,687.9,1014,0
2024-02-23,16:00,28.17,69.06,4.005,91.7,503.4,1014,0
2024-02-23,17:00,27.94,69.15,4.332,92.3,369.5,1014,0
2024-02-23,18:00,27.44,72.67,3.527,91.9,147,1014,0
2024-02-23,19:00,26.72,76.45,2.56,89.2,8.24,1014,0
2024-02-23,20:00,26.54,78.14,3.029,90.3,0.001,1015,0
2024-02-23,21:00,26.56,77.46,2.919,93.8,0.001,1015,0
2024-02-23,22:00,26.52,77.46,3.11,89,0.002,1015,0
2024-02-23,23:00,26.42,77.88,3.004,95.4,0.002,1016,0
2024-02-24,00:00,26.39,78.54,2.931,88.4,0.002,1015,0
2024-02-24,01:00,26.39,78.73,2.815,89.1,0.001,1015,0
2024-02-24,02:00,26.39,78.36,2.24,81.2,0.001,1015,0
2024-02-24,03:00,25.78,83,2.289,91,0.001,1014,0
2024-02-24,04:00,26.16,79.25,2.549,84,0.001,1014,0
2024-02-24,05:00,26.16,78.27,2.795,83.1,0.001,1014,0
2024-02-24,06:00,26.24,77.75,2.744,82.2,0,1014,0
2024-02-24,07:00,26.23,78.53,2.976,84.4,7.234,1015,0
2024-02-24,08:00,26.47,77.3,2.975,78.98,79.62,1015,0
2024-02-24,09:00,27.06,76.38,3.469,80.5,200.2,1015,0
2024-02-24,10:00,27.5,75.27,3.675,76.86,348,1015,0
2024-02-24,11:00,27.83,71.5,3.903,78.27,505.4,1015,0
2024-02-24,12:00,28.28,70.32,4.202,75.58,713.7,1014,0
2024-02-24,13:00,28.44,68.17,4.233,76.77,750.4,1013,0
2024-02-24,14:00,28.61,71.96,3.921,77.32,731.2,1013,0
2024-02-24,15:00,28.06,68.76,3.657,77.32,443.3,1013,0
2024-02-24,16:00,28.28,67.26,4.019,81,539.9,1012,0
2024-02-24,17:00,27.94,66.64,4.265,76.76,360,1012,0
2024-02-24,18:00,27.33,69.93,3.424,77.23,85.3,1013,0
2024-02-24,19:00,26.78,71.56,2.727,75.16,8.61,1013,0
2024-02-24,20:00,26.61,71.82,1.897,77.51,0.001,1014,0
2024-02-24,21:00,26.83,72.87,2.186,80.6,0.001,1014,0
2024-02-24,22:00,26.72,75.5,2.007,82.5,0.001,1015,0
2024-02-24,23:00,26.78,77.29,2.241,79.27,0.002,1015,0
2024-02-25,00:00,26.72,77.88,2.585,80.8,0.002,1015,0
2024-02-25,01:00,26.43,78.03,2.678,76.31,0.003,1014,0
2024-02-25,02:00,26.11,78.66,2.55,80.3,0.003,1013,0
2024-02-25,03:00,25.74,80.4,2.152,84.3,0.003,1013,0
2024-02-25,04:00,25.56,80.3,2.234,86.1,0.002,1012,0
2024-02-25,05:00,25.69,77.62,2.255,81.2,0.001,1012,0
2024-02-25,06:00,25.87,76.64,2.391,84.1,0.001,1013,0
2024-02-25,07:00,25.37,78.59,2.03,85.9,12.14,1013,0
2024-02-25,08:00,26.17,72.47,2.384,80.8,133,1013,0
2024-02-25,09:00,27.28,72.21,2.741,71.6,401.2,1014,0
2024-02-25,10:00,27.56,71.63,2.836,71.73,613.6,1014,0
2024-02-25,11:00,27.72,70.13,2.75,67.84,738.8,1014,0
2024-02-25,12:00,27.89,69.48,3,66.42,907,1013,0
2024-02-25,13:00,27.89,69.63,2.957,63.84,957,1012,0
2024-02-25,14:00,27.94,70,2.906,62.07,926,1012,0
2024-02-25,15:00,27.89,70.33,2.829,60.3,831,1011,0
2024-02-25,16:00,27.83,70.26,2.838,60.44,622.7,1010,0
2024-02-25,17:00,27.5,70.9,2.635,64.35,394.4,1011,0
2024-02-25,18:00,27.06,73.58,2.435,74.88,148.3,1011,0
2024-02-25,19:00,26.22,74.56,2.233,85,6.49,1011,0
2024-02-25,20:00,25.72,77.88,1.823,85.7,0.001,1012,0
2024-02-25,21:00,25.52,78.33,1.786,91.6,0,1012,0
2024-02-25,22:00,25.39,79.25,1.374,93.1,0.001,1013,0
2024-02-25,23:00,24.88,81.9,0.6151,114.1,0.001,1013,0
2024-02-26,00:00,24.67,82.6,0.9468,93.5,0.002,1013,0
2024-02-26,01:00,24.63,81.7,0.6849,124.5,0.002,1013,0
2024-02-26,02:00,24.34,83.4,0.7609,104,0.002,1012,0
2024-02-26,03:00,24.28,82.9,0.8686,117.5,0.002,1012,0
2024-02-26,04:00,24.24,82.4,1.022,106.4,0.002,1012,0
2024-02-26,05:00,24.08,83,0.8534,103.1,0.001,1012,0
2024-02-26,06:00,24.07,83.4,1.041,114.6,0.001,1012,0
2024-02-26,07:00,24.29,79.83,1.34,100.8,8.62,1012,0
2024-02-26,08:00,26.04,72.02,1.657,88.2,172.1,1013,0
2024-02-26,09:00,27.11,71.62,1.906,68.91,380.3,1014,0
2024-02-26,10:00,27.56,69.09,1.812,56.17,614,1014,0
2024-02-26,11:00,27.89,68.56,1.768,50.46,805,1014,0
2024-02-26,12:00,28.06,68.24,1.827,47.53,919,1013,0
2024-02-26,13:00,28.22,66.35,1.657,33.81,962,1013,0
2024-02-26,14:00,28.33,67.78,1.729,35.89,927,1012,0
2024-02-26,15:00,28.17,67.78,1.74,43.39,818,1011,0
2024-02-26,16:00,28.06,67.06,1.638,47.58,645,1011,0
2024-02-26,17:00,27.72,65.44,1.663,52.92,420.1,1011,0
2024-02-26,18:00,27.06,66.22,1.46,60.32,151.8,1011,0
2024-02-26,19:00,26.27,68.76,1.245,69.24,6.588,1012,0
2024-02-26,20:00,25.97,72.34,1.116,78.96,0,1012,0
2024-02-26,21:00,24.96,73.7,0.8923,121.5,0,1013,0
2024-02-26,22:00,24.48,75.34,0.8208,127.9,0,1013,0
2024-02-26,23:00,24.32,73.45,1.07,123.4,0.001,1014,0
2024-02-27,00:00,24.26,77.29,0.9965,125.5,0.001,1014,0
2024-02-27,01:00,24.18,75.87,1.059,115.7,0.001,1013,0
2024-02-27,02:00,24.02,75.74,1.054,125.5,0.001,1013,0
2024-02-27,03:00,24.69,72.99,1.082,100.5,0.001,1013,0
2024-02-27,04:00,23.93,75.46,0.9813,121.3,0.001,1012,0
2024-02-27,05:00,23.88,76.83,1.187,124.1,0.001,1012,0
2024-02-27,06:00,23.46,77.55,0.9754,135.2,0.001,1012,0
2024-02-27,07:00,23.16,77.75,0.7121,131.1,9.67,1013,0
2024-02-27,08:00,24.93,67,1.059,105.9,171.1,1013,0
2024-02-27,09:00,26.78,63.81,1.531,65.03,403.4,1014,0
2024-02-27,10:00,27.44,62.64,1.522,47.25,620.8,1014,0
2024-02-27,11:00,27.78,64.6,1.726,49.62,828,1014,0
2024-02-27,12:00,27.83,61.59,1.637,39.89,917,1014,0
2024-02-27,13:00,27.89,63.42,1.576,16.96,961,1013,0
2024-02-27,14:00,27.94,61.27,1.573,9.09,933,1012,0
2024-02-27,15:00,27.89,64.15,1.536,34.04,814,1012,0
2024-02-27,16:00,28.06,63.75,1.354,21.19,638.7,1011,0
2024-02-27,17:00,27.67,67.46,1.41,12.96,413.6,1011,0
2024-02-27,18:00,26.94,71.04,1.262,27.71,149.9,1011,0
2024-02-27,19:00,26,70.84,1.109,18.28,6.846,1012,0
2024-02-27,20:00,25.94,73.01,1.162,19.47,0,1012,0
2024-02-27,21:00,25.93,72.73,1.338,359,0,1013,0
2024-02-27,22:00,25.97,73.25,1.198,353.6,0,1013,0
2024-02-27,23:00,25.91,73.7,1.256,13.87,0,1014,0
2024-02-28,00:00,25.96,74.42,1.436,15.91,0.001,1014,0
2024-02-28,01:00,25.91,74.42,1.224,43.87,0.001,1014,0
2024-02-28,02:00,25.92,74.41,1.26,52.74,0.001,1013,0
2024-02-28,03:00,25.91,75.27,1.284,70.26,0.001,1013,0
2024-02-28,04:00,25.57,75.73,1.175,63.37,0.001,1013,0
2024-02-28,05:00,25.76,73,1.253,7.002,0.001,1013,0
2024-02-28,06:00,25.7,73.19,1.184,21.83,0.001,1014,0
2024-02-28,07:00,25.78,72.79,1.262,35.51,8.41,1014,0
2024-02-28,08:00,26.47,72.56,1.355,25.04,125.1,1015,0
2024-02-28,09:00,27.28,70.39,1.819,63.89,372.4,1015,0
2024-02-28,10:00,27.67,69.61,1.926,64.16,585.7,1015,0
2024-02-28,11:00,28.06,67.72,1.831,48.93,784.4,1015,0
2024-02-28,12:00,27.94,65.72,2.478,61.37,881,1015,0
2024-02-28,13:00,28.11,65.63,2.212,57.28,927,1014,0
2024-02-28,14:00,27.72,69.99,2.271,27.05,793,1014,0
2024-02-28,15:00,27.78,68.3,2.164,57.61,808,1013,0
2024-02-28,16:00,27.56,67.13,2.539,62.38,646.3,1013,0
2024-02-28,17:00,27.11,71.85,2.596,65.98,380.3,1013,0
2024-02-28,18:00,26.59,70.71,2.281,49.87,150.1,1013,0
2024-02-28,19:00,26.12,70.65,2.524,64.09,4.712,1014,0
2024-02-28,20:00,26.11,67.91,2.759,71.59,0,1015,0
2024-02-28,21:00,26.19,67.84,3.393,78.53,0,1015,0
2024-02-28,22:00,26.24,67.46,2.825,74.66,0,1016,0
2024-02-28,23:00,26.06,66.8,3.154,80.9,0,1016,0
2024-02-29,00:00,25.52,67.13,2.958,86.1,0,1016,0
2024-02-29,01:00,25.17,67.97,2.791,87.8,0,1016,0
2024-02-29,02:00,24.99,69.14,2.805,89.4,0.001,1016,0
2024-02-29,03:00,25.24,69.47,2.659,86.8,0.001,1015,0
2024-02-29,04:00,25.46,74.49,3.25,80.6,0.001,1015,0
2024-02-29,05:00,25.09,75.27,3.284,78.79,0.001,1015,0
2024-02-29,06:00,24.78,74.81,2.965,84.3,0.001,1015,0
2024-02-29,07:00,24.81,69.53,2.635,85,6.273,1016,0
2024-02-29,08:00,25.75,64.85,2.562,82,155.8,1017,0
2024-02-29,09:00,26.55,64.8,3.455,73.27,378.1,1017,0
2024-02-29,10:00,26.94,63.55,3.639,73.8,525.7,1017,0
2024-02-29,11:00,26.78,68.63,3.498,73.3,410,1017,0
2024-02-29,12:00,26.67,69.67,3.777,72.76,434.2,1016,0
2024-02-29,13:00,26.72,64.39,3.916,71.34,557.8,1016,0
2024-02-29,14:00,26.83,62.93,3.818,68.85,613.5,1015,0
2024-02-29,15:00,27.22,63.84,3.831,69.66,836,1015,0
2024-02-29,16:00,27.22,64.96,4.005,70.74,681.4,1014,0
2024-02-29,17:00,26.72,64,4.35,73.23,403.4,1014,0
2024-02-29,18:00,26.22,64.59,4.748,76.12,156.7,1015,0
2024-02-29,19:00,25.74,66.34,3.912,80.4,8.87,1015,0
2024-02-29,20:00,25.58,64.97,3.657,82.5,0,1015,0
2024-02-29,21:00,25.44,69.6,3.71,81.5,0,1016,0
2024-02-29,22:00,25.14,73.52,3.782,82.8,0,1016,0
2024-02-29,23:00,25.29,73.97,3.742,82.1,0,1016,0
2024-03-01,00:00,25.47,70.19,3.867,80.2,0,1016,0
2024-03-01,01:00,25.38,72.14,3.506,83.2,0,1015,0
2024-03-01,02:00,24.92,74.49,3.472,81.8,0,1015,0
2024-03-01,03:00,24.86,73.32,3.162,81.7,0.001,1014,0
2024-03-01,04:00,24.24,73.97,2.747,85.2,0.001,1014,0
2024-03-01,05:00,24.33,78.72,2.806,96.7,0.001,1014,0
2024-03-01,06:00,25.14,75.51,3.478,87.1,0.001,1013,0
2024-03-01,07:00,25.02,77.48,3.517,78.89,5.026,1014,0
2024-03-01,08:00,25.47,71.56,3.234,80.9,81.7,1015,0
2024-03-01,09:00,26.65,66.09,3.889,87.8,324.8,1015,0
2024-03-01,10:00,27.22,64.85,4.757,90.5,465,1015,0
2024-03-01,11:00,27.78,59.25,4.739,97.9,790.7,1015,0
2024-03-01,12:00,28.17,63.87,4.131,84.2,878,1015,0
2024-03-01,13:00,27.89,67.32,4.18,82.4,758.9,1014,0
2024-03-01,14:00,27.94,66.22,4.283,91.8,651.3,1013,0
2024-03-01,15:00,27.61,69.28,4.193,87.5,429.5,1013,0
2024-03-01,16:00,27.67,68.89,4.126,92.9,550,1012,0
2024-03-01,17:00,27.56,71.17,3.769,89.1,355.1,1012,0
2024-03-01,18:00,27,73.19,3.67,86.1,147.5,1012,0
2024-03-01,19:00,26.13,75.53,2.426,83.6,6.689,1013,0
2024-03-01,20:00,25.67,79.05,2.418,83.3,0,1013,0
2024-03-01,21:00,25.72,85.3,2.48,80.6,0,1014,0
2024-03-01,22:00,24.34,85,2.201,90.6,0,1014,0
2024-03-01,23:00,24.72,84.3,1.867,99.8,0,1014,0
2024-03-02,00:00,25.17,81.7,1.862,83.4,0.001,1014,0
2024-03-02,01:00,25.56,78.79,2.318,92,0.001,1014,0
2024-03-02,02:00,25.71,80,3.094,88.1,0,1013,0
2024-03-02,03:00,25.51,82.4,3.49,85.8,0,1013,0
2024-03-02,04:00,25.51,82,3.365,90.4,0,1012,0
2024-03-02,05:00,25.43,78.4,3.181,99.6,0.001,1012,0
2024-03-02,06:00,25.53,78.98,2.752,90.3,0.001,1012,0
2024-03-02,07:00,25.68,79.33,2.549,96.1,8.48,1013,0
2024-03-02,08:00,26.19,76.9,2.714,95.9,93.8,1013,0
2024-03-02,09:00,26.72,77.49,2.799,91.6,206.5,1014,0
2024-03-02,10:00,27.33,71.32,3.102,96.7,368.7,1014,0
2024-03-02,11:00,27.78,73.12,2.938,85.4,461.2,1014,0
2024-03-02,12:00,28.61,65.05,2.945,101.3,783.5,1014,0
2024-03-02,13:00,29.11,67.91,2.959,112.4,912,1013,0
2024-03-02,14:00,29.22,64.4,2.866,99.5,872,1012,0
2024-03-02,15:00,29.06,67.59,3.047,90.5,736.5,1012,0
2024-03-02,16:00,27.83,74.56,2.612,82.2,305.6,1011,0
2024-03-02,17:00,27,76.12,2.338,86.1,137.9,1012,0
2024-03-02,18:00,25.08,83.9,1.245,82.3,52.13,1012,0.3
2024-03-02,19:00,25.26,86.5,0.8163,76.64,10.31,1013,0
2024-03-02,20:00,25.04,87.3,0.523,65.11,0.001,1013,0
2024-03-02,21:00,24.93,88.1,0.523,28.29,0,1014,0
2024-03-02,22:00,24.9,88.4,0.5445,91.9,0,1014,0
2024-03-02,23:00,24.97,87.3,0.5753,98.7,0,1015,0
2024-03-03,00:00,24.95,87.8,0.8798,99.8,0,1014,0
2024-03-03,01:00,25.07,86.9,0.7761,98.8,0,1014,0
2024-03-03,02:00,25.22,87.6,0.8364,91.8,0.001,1014,0
2024-03-03,03:00,25.23,86.7,1.205,82.8,0,1013,0
2024-03-03,04:00,25.19,87,0.8199,96.2,0,1013,0
2024-03-03,05:00,25.23,79.05,1.074,85.3,0,1013,0
2024-03-03,06:00,25.24,81.1,0.9012,113.1,0.001,1014,0
2024-03-03,07:00,25.36,84.9,0.9585,87.9,10.11,1015,0
2024-03-03,08:00,25.97,81.1,1.575,112.7,106.1,1015,0
2024-03-03,09:00,27.22,77.07,1.892,98.2,239.3,1015,0
2024-03-03,10:00,27.89,75.8,2.716,94.1,397.7,1016,0
2024-03-03,11:00,28.78,70.26,2.887,99.8,682.5,1016,0
2024-03-03,12:00,28.94,66.61,3.328,109.5,834,1015,0
2024-03-03,13:00,29.56,64.42,3.081,108.6,963,1015,0
2024-03-03,14:00,29.5,65.64,2.787,107,858,1014,0
2024-03-03,15:00,29.39,68.05,3.12,97.6,842,1013,0
2024-03-03,16:00,28.89,66.28,2.997,84.3,568.2,1013,0
2024-03-03,17:00,28.33,70.52,2.123,83.3,221.7,1013,0
2024-03-03,18:00,27.83,73.64,2.241,106.3,120.9,1013,0
2024-03-03,19:00,27,78.86,2.094,110.9,8.92,1014,0
2024-03-03,20:00,26.39,80.9,1.19,104.6,0.001,1014,0
2024-03-03,21:00,26.37,82.3,0.8744,88.3,0,1015,0
2024-03-03,22:00,25.87,83.7,0.5668,97,0,1015,0
2024-03-03,23:00,25.52,82.8,0.5642,100,0,1015,0
2024-03-04,00:00,25.78,77.94,0.8203,127.4,0,1016,0
2024-03-04,01:00,26.04,76.92,1.437,113.4,0,1015,0
2024-03-04,02:00,25.64,80,0.8758,115.2,0,1015,0
2024-03-04,03:00,24.74,83.1,0.4725,122.3,0,1015,0
2024-03-04,04:00,24.02,84.5,0.3965,80.5,0,1015,0
2024-03-04,05:00,24.49,83.4,0.8136,89.3,0,1015,0
2024-03-04,06:00,24.76,83.4,1,103.1,0.001,1015,0
2024-03-04,07:00,25.02,90.4,1.42,105.2,8.7,1015,0.5
2024-03-04,08:00,25.29,85.2,1.552,88.4,101.5,1016,0
2024-03-04,09:00,26.49,81.1,3.137,78.91,253.9,1016,0
2024-03-04,10:00,26.43,92.3,3.348,81.4,268.3,1017,2.8
2024-03-04,11:00,25.58,85.6,2.132,67.21,636.4,1017,0
2024-03-04,12:00,27.17,69.94,2.25,62.21,778.3,1016,0
2024-03-04,13:00,28.67,70.39,3.565,76.82,786.8,1015,0
2024-03-04,14:00,27.56,71.23,3.585,92,685.8,1015,0
2024-03-04,15:00,28.83,83.1,3.093,95.8,716.4,1014,0
2024-03-04,16:00,27.83,82.1,3.035,102.7,495.1,1013,0.3
2024-03-04,17:00,28.06,70.85,3.539,100.9,401.1,1013,0
2024-03-04,18:00,27.94,74.42,2.962,93.9,169.9,1013,0
2024-03-04,19:00,26.83,78.57,2.313,105.3,7.478,1014,0
2024-03-04,20:00,26.29,80,1.709,107.6,0,1014,0
2024-03-04,21:00,26.49,79.38,1.971,95.7,0,1014,0
2024-03-04,22:00,26.54,80.6,2.139,89.9,0,1015,0
2024-03-04,23:00,26.49,76.77,2.416,95.4,0,1015,0
2024-03-05,00:00,26.46,79.38,2.123,103.3,0,1014,0
2024-03-05,01:00,26.23,80.2,2.294,97.3,0,1014,0
2024-03-05,02:00,25.99,78.72,2.237,95.5,0,1014,0
2024-03-05,03:00,25.98,80.5,2.492,85,0,1014,0
2024-03-05,04:00,25.42,81.5,1.802,97,0,1013,0
2024-03-05,05:00,25.81,81.1,2.219,87.2,0,1013,0
2024-03-05,06:00,25.76,81.1,2.312,89.2,0,1014,0
2024-03-05,07:00,25.67,81.6,2.156,88.2,9.38,1014,0
2024-03-05,08:00,26.4,79.18,2.295,83.4,106.5,1015,0
2024-03-05,09:00,27.61,72.67,2.852,79.94,319.9,1015,0
2024-03-05,10:00,27.5,77.16,3.576,84.6,534.9,1015,0
2024-03-05,11:00,27.5,85.3,3.804,88.8,743.8,1015,0
2024-03-05,12:00,27.78,69.8,2.651,92.7,598,1014,0
2024-03-05,13:00,28.67,72.08,3.299,99.3,562.2,1014,0
2024-03-05,14:00,28.94,71.76,3.523,93.1,721.3,1013,0
2024-03-05,15:00,29.06,71.63,3.943,94.7,687.4,1012,0
2024-03-05,16:00,28.78,74.88,3.414,95.9,472.4,1012,0
2024-03-05,17:00,28.56,78.34,3.225,90.6,327.4,1011,0
2024-03-05,18:00,28,80.8,3.09,89.2,183.2,1011,0
2024-03-05,19:00,27.06,81,2.206,90.6,5.702,1012,0
2024-03-05,20:00,26.94,81.6,2.01,107.7,0.001,1012,0
2024-03-05,21:00,27,81.9,1.786,105,0,1012,0
2024-03-05,22:00,26.94,82.2,2.065,105.5,0,1013,0
2024-03-05,23:00,26.94,79.7,2.287,106.4,0,1013,0
2024-03-06,00:00,26.89,80.7,2.321,110,0,1013,0
2024-03-06,01:00,26.78,82.1,1.228,98.4,0,1012,0
2024-03-06,02:00,26.83,83.7,1.453,90,0,1012,0
2024-03-06,03:00,26.17,86.3,1.816,96,0,1012,0
2024-03-06,04:00,25.87,81.1,1.81,101,0,1011,0
2024-03-06,05:00,25.91,82.1,2.055,97.2,0,1011,0
2024-03-06,06:00,25.66,84.8,1.636,82.1,0.001,1012,0
2024-03-06,07:00,25.68,77.7,1.073,107.1,18.32,1012,0
2024-03-06,08:00,27.06,73.71,1.615,115.3,156.8,1013,0
2024-03-06,09:00,28.06,70.45,2.301,111.2,397.1,1013,0
2024-03-06,10:00,28.67,67.85,3.058,106.9,616.1,1014,0
2024-03-06,11:00,28.83,67.72,3.157,108.7,645.4,1013,0
2024-03-06,12:00,29.33,68.24,3.567,113.3,930,1013,0
2024-03-06,13:00,29.39,74.95,3.061,107,831,1012,0
2024-03-06,14:00,29.06,67,3.317,102,671.9,1011,0
2024-03-06,15:00,29.61,59.97,3.043,111.8,866,1011,0
2024-03-06,16:00,29.61,68.63,3.063,106.3,679.6,1010,0
2024-03-06,17:00,28.94,69.22,2.941,93.8,447.2,1010,0
2024-03-06,18:00,28.28,71.76,2.748,107.8,164.8,1011,0
2024-03-06,19:00,27.22,77.62,1.425,102.6,8.51,1011,0
2024-03-06,20:00,26.49,77.06,0.8664,97.9,0,1012,0
2024-03-06,21:00,26.29,75.79,0.9428,91.6,0,1013,0
2024-03-06,22:00,26,79.37,0.7939,100.5,0,1013,0
2024-03-06,23:00,25.65,79.38,0.7854,107.4,0,1013,0
2024-03-07,00:00,25.37,83.2,0.5396,117.3,0,1013,0
2024-03-07,01:00,25.43,84.5,0.7828,88.4,0,1013,0
2024-03-07,02:00,25.31,81.9,0.7935,100.4,0,1013,0
2024-03-07,03:00,24.56,87.1,0.5803,95.1,0,1012,0
2024-03-07,04:00,24.63,83.9,0.616,90.7,0,1012,0
2024-03-07,05:00,24.79,85.8,0.7394,59.79,0,1012,0
2024-03-07,06:00,24.69,83.5,0.7166,34.68,0.001,1012,0
2024-03-07,07:00,25.04,81.3,0.5373,353.8,14.09,1013,0
2024-03-07,08:00,26.78,74.5,0.9424,68.32,181.9,1013,0
2024-03-07,09:00,28.22,68.26,1.762,68.76,439.5,1014,0
2024-03-07,10:00,28.83,73.73,2.155,74.59,636.9,1014,0
2024-03-07,11:00,28.78,74.61,1.858,62.26,657,1014,0
2024-03-07,12:00,28.44,74.75,1.556,41.84,499.9,1013,0
2024-03-07,13:00,29.11,71.56,1.634,34.29,762.7,1012,0
2024-03-07,14:00,28.61,74.75,1.882,67.82,555.7,1011,0
2024-03-07,15:00,27.72,75.6,1.962,64.31,370,1011,0
2024-03-07,16:00,27.78,70.58,2.056,68.04,399.8,1010,0
2024-03-07,17:00,28,75.34,1.92,64.17,326.5,1010,0
2024-03-07,18:00,27.83,69.02,2.01,78.77,168.7,1011,0
2024-03-07,19:00,27.11,75.99,1.63,87.4,7.447,1011,0
2024-03-07,20:00,26.56,80.1,2.198,85.5,0,1012,0
2024-03-07,21:00,26.52,80.9,2.07,89.4,0,1012,0
2024-03-07,22:00,26.33,82.2,1.732,91.6,0,1013,0
2024-03-07,23:00,25.89,83,1.04,90.7,0,1013,0
2024-03-08,00:00,25.83,84.1,0.7837,99.2,0,1012,0
2024-03-08,01:00,25.47,85.1,0.7622,119.5,0,1012,0
2024-03-08,02:00,25.56,84.7,0.7099,113.1,0,1012,0
2024-03-08,03:00,25.5,85,0.8498,115.1,0,1011,0
2024-03-08,04:00,25.48,87.8,0.8069,99.5,0,1011,0
2024-03-08,05:00,25.32,86.4,0.8346,106.8,0,1011,0
2024-03-08,06:00,24.61,86,2.58,112.9,0.001,1011,0.3
2024-03-08,07:00,24.35,83.6,2.294,95.7,9.27,1012,0
2024-03-08,08:00,24.92,77.76,1.733,81.7,131.4,1012,0
2024-03-08,09:00,27.17,70.72,1.212,77.68,354.2,1013,0
2024-03-08,10:00,28.5,69.15,3.157,97.8,642.3,1013,0
2024-03-08,11:00,28.94,64.59,3.286,102.5,830,1013,0
2024-03-08,12:00,29.44,65.04,3.341,92.6,943,1012,0
2024-03-08,13:00,29.28,67.07,3.648,96.8,926,1011,0
2024-03-08,14:00,29.22,64.33,3.719,92.8,817,1010,0
2024-03-08,15:00,29.22,64.01,3.621,95,778.3,1010,0
2024-03-08,16:00,29.06,74.1,3.291,98,542.6,1009,0
2024-03-08,17:00,28.06,72.6,2.375,85,239.1,1010,0
2024-03-08,18:00,27.72,77.68,2.798,98,92.7,1010,0
2024-03-08,19:00,27.17,80.2,2.456,85,7.025,1010,0
2024-03-08,20:00,26.89,81.8,2.086,89.3,0,1011,0
2024-03-08,21:00,26.72,78.96,1.723,104.3,0,1011,0
2024-03-08,22:00,26.54,79.11,1.228,105.1,0,1012,0
2024-03-08,23:00,26.15,79.44,1.084,109.1,0,1012,0
2024-03-09,00:00,25.89,79.44,0.9263,106.9,0,1012,0
2024-03-09,01:00,25.63,82.2,0.7604,102.2,0,1012,0
2024-03-09,02:00,25.62,80.7,0.5637,98.7,0,1012,0
2024-03-09,03:00,25.77,76.98,1.448,106,0,1012,0
2024-03-09,04:00,25.75,80.7,1.363,102.6,0,1012,0
2024-03-09,05:00,25.03,83.2,0.8936,93.3,0,1012,0
2024-03-09,06:00,24.64,84.8,0.8825,106.2,0.001,1012,0
2024-03-09,07:00,24.73,80.5,0.9352,100.8,14.97,1012,0
2024-03-09,08:00,26.43,74.75,1.391,84.1,176.8,1013,0
2024-03-09,09:00,27.67,71.24,2.099,72.18,337.5,1014,0
2024-03-09,10:00,28,72.99,2.226,70.2,403.7,1014,0
2024-03-09,11:00,27.22,72.9,3.13,87.8,426.3,1014,0
2024-03-09,12:00,28.06,67.39,2.402,73.12,641.1,1013,0
2024-03-09,13:00,28.61,75.08,1.524,50.42,578.3,1012,0
2024-03-09,14:00,28.28,66.97,2.089,66.47,479.8,1012,0
2024-03-09,15:00,28.44,77.82,2.815,68.24,609.4,1011,0
2024-03-09,16:00,27.83,73.06,2.666,70.31,317.9,1010,0
2024-03-09,17:00,28.28,73.05,2.682,71.66,441.9,1010,0
2024-03-09,18:00,27.83,75.08,3.011,75.37,182,1011,0
2024-03-09,19:00,27.11,78.01,2.905,83.3,12.86,1011,0
2024-03-09,20:00,26.78,76.25,2.375,83.7,0,1012,0
2024-03-09,21:00,26.89,75.86,3.014,87.4,0,1012,0
2024-03-09,22:00,26.83,77.49,2.98,81.1,0,1013,0
2024-03-09,23:00,26.59,75.01,2.785,82.7,0,1013,0
2024-03-10,00:00,26.49,77.09,2.417,82.9,0,1014,0
2024-03-10,01:00,26.23,77.54,2.034,83.1,0,1013,0
2024-03-10,02:00,26.21,80.9,1.708,86.4,0,1013,0
2024-03-10,03:00,26.11,87.3,1.708,90.8,0,1013,0
2024-03-10,04:00,25.14,82.1,2.152,83.1,0,1013,0.3
2024-03-10,05:00,25.51,87,1.843,80.1,0,1013,0
2024-03-10,06:00,25.45,85.2,2.48,78.78,0.001,1013,0
2024-03-10,07:00,25.22,84.5,2.191,88.5,7.732,1013,0
2024-03-10,08:00,25.64,84.5,3.023,79.95,100.9,1014,0
2024-03-10,09:00,27.28,69.98,3.267,77.03,465.1,1014,0
2024-03-10,10:00,29,66.09,3.238,85.8,708.6,1015,0
2024-03-10,11:00,29.39,61.66,3.407,75.71,867,1015,0
2024-03-10,12:00,28.39,71.54,3.143,68.74,672.1,1015,0
2024-03-10,13:00,27.83,76.45,2.378,66.61,575.8,1014,0
2024-03-10,14:00,27.5,76.73,2.729,69.83,364.6,1013,0
2024-03-10,15:00,28.61,71.83,3.179,75.15,373,1013,0
2024-03-10,16:00,28.67,76.64,2.945,77.59,328.5,1012,0
2024-03-10,17:00,28.33,72.34,3.16,80.7,232.4,1013,0
2024-03-10,18:00,28,75.27,3.158,81.8,113.6,1013,0
2024-03-10,19:00,27.39,79.12,2.262,83.2,9.95,1013,0
2024-03-10,20:00,27,79.25,2.257,81.8,0.001,1014,0
2024-03-10,21:00,26.78,79.57,2.183,86.2,0,1015,0
2024-03-10,22:00,26.62,80.2,2.047,86.4,0,1015,0
2024-03-10,23:00,26.46,80.6,2.113,88.7,0,1016,0
2024-03-11,00:00,26.21,81.8,1.816,90.5,0,1015,0
2024-03-11,01:00,26.39,81,2.118,90,0,1015,0
2024-03-11,02:00,26.13,82.3,2.427,78.1,0,1015,0
2024-03-11,03:00,26.29,81.3,2.627,84.2,0,1014,0
2024-03-11,04:00,26.06,78.27,2.44,87.2,0,1014,0
2024-03-11,05:00,26.03,76.96,2.372,85.6,0,1014,0
2024-03-11,06:00,25.84,77.31,2.474,85.7,0.001,1015,0
2024-03-11,07:00,25.91,77.36,2.67,85.8,16.83,1015,0
2024-03-11,08:00,26.83,72.28,2.676,84,195.8,1016,0
2024-03-11,09:00,27.83,71.76,3.21,76.33,413.3,1016,0
2024-03-11,10:00,28.06,67.32,3.056,71.96,608.1,1016,0
2024-03-11,11:00,28.44,70.15,3.265,66.09,853,1016,0
2024-03-11,12:00,28.56,69.28,3.459,65.06,991,1016,0
2024-03-11,13:00,28.78,67.2,3.399,66.86,1010,1015,0
2024-03-11,14:00,28.78,66.15,3.634,68.76,978,1014,0
2024-03-11,15:00,28.67,72.23,3.466,66.57,890,1013,0
2024-03-11,16:00,28.06,73.91,3.363,65.52,625.2,1012,0
2024-03-11,17:00,27.5,76.84,3.423,70.51,287.4,1012,0
2024-03-11,18:00,27.39,77.23,3.657,73.47,179.8,1013,0
2024-03-11,19:00,27,76.59,3.813,75.14,12.19,1013,0
2024-03-11,20:00,26.83,81.3,3.947,78.2,0.001,1013,0
2024-03-11,21:00,27,72.8,4.113,78.54,0,1014,0
2024-03-11,22:00,26.83,84.2,4.122,78.65,0,1014,0
2024-03-11,23:00,26.38,71.47,4.104,83.1,0,1014,0
2024-03-12,00:00,26.06,85.8,3.997,84.2,0,1014,0
2024-03-12,01:00,25.52,86.7,4.198,83.7,0,1014,0.8
2024-03-12,02:00,25.33,85.8,3.233,82.4,0,1013,0
2024-03-12,03:00,25.83,83.9,3.375,84.3,0,1012,0
2024-03-12,04:00,26.03,79.7,3.077,89.3,0,1012,0
2024-03-12,05:00,25.96,78.92,3.159,93.3,0,1012,0
2024-03-12,06:00,26.03,80.4,3.511,97.7,0.001,1012,0
2024-03-12,07:00,26.72,74.03,3.464,90.9,18.74,1013,0
2024-03-12,08:00,27.28,69.29,3.974,103.7,147.9,1013,0
2024-03-12,09:00,28.28,66.67,4.18,96.5,419.8,1014,0
2024-03-12,10:00,28.89,67.46,4.417,101.9,632.3,1014,0
2024-03-12,11:00,29.17,67.39,4.658,93.2,845,1014,0
2024-03-12,12:00,29.33,65.5,4.546,99.5,820,1014,0
2024-03-12,13:00,29.39,63.33,4.52,96.8,877,1013,0
2024-03-12,14:00,29.5,64.5,4.797,99.8,967,1012,0
2024-03-12,15:00,29.22,66.59,4.774,97.1,760.9,1012,0
2024-03-12,16:00,28.72,69.05,4.18,99.2,506.1,1011,0
2024-03-12,17:00,28.67,70.52,4.09,106,334.8,1011,0
2024-03-12,18:00,28.11,70.91,3.719,98.7,136.7,1011,0
2024-03-12,19:00,27.5,74.75,2.677,103.6,8.99,1012,0
2024-03-12,20:00,27.22,77.22,2.584,99,0.001,1012,0
2024-03-12,21:00,27.22,74.1,2.868,95.9,0,1012,0
2024-03-12,22:00,27.22,75.86,2.593,99.8,0,1013,0
2024-03-12,23:00,27,76.18,2.615,97.9,0,1013,0
2024-03-13,00:00,26.94,76.51,2.399,89.1,0,1013,0
2024-03-13,01:00,26.72,77.36,1.86,83.9,0,1013,0
2024-03-13,02:00,26.54,80.8,1.512,90.7,0,1013,0
2024-03-13,03:00,26.13,82.1,1.434,96.9,0,1013,0
2024-03-13,04:00,26.34,82.4,1.68,90.8,0,1013,0
2024-03-13,05:00,25.88,86.3,1.555,87.7,0,1013,0
2024-03-13,06:00,26.09,85,1.794,86.6,0.001,1013,0
2024-03-13,07:00,26.02,82.1,1.515,74.18,11.52,1014,0
2024-03-13,08:00,26.94,75.8,1.163,65.77,181.6,1015,0
2024-03-13,09:00,27.33,87.8,2.518,76.89,299.5,1015,0
2024-03-13,10:00,26.72,79.7,2.376,82.9,527.2,1015,0
2024-03-13,11:00,27.5,72.6,1.202,29.45,428.1,1015,0
2024-03-13,12:00,27.94,78.4,1.424,37.82,500.6,1015,0
2024-03-13,13:00,28.11,75.6,1.352,358.8,557.3,1014,0
2024-03-13,14:00,28.72,74.04,1.544,45.76,536,1013,0
2024-03-13,15:00,29.39,65.11,1.4,50.11,727.3,1013,0
2024-03-13,16:00,28.94,72.93,2.182,79.27,302,1012,0
2024-03-13,17:00,28.56,71.49,1.968,80.7,231.4,1012,0
2024-03-13,18:00,27.94,76.97,1.983,75.88,105,1013,0
2024-03-13,19:00,27.11,80.4,1.489,79.56,10.86,1013,0
2024-03-13,20:00,26.78,79.8,1.178,77.86,0.001,1014,0
2024-03-13,21:00,26.43,84.3,2.529,79.3,0,1014,0
2024-03-13,22:00,25.7,81.3,1.824,84.8,0,1014,0
2024-03-13,23:00,25.86,81.1,1.451,78.69,0,1014,0
2024-03-14,00:00,25.77,80.6,1.424,92.7,0,1014,0
2024-03-14,01:00,25.79,80.8,1.862,86.9,0,1014,0
2024-03-14,02:00,25.87,79.83,1.966,88.2,0,1014,0
2024-03-14,03:00,25.8,80.2,2.051,86.7,0,1013,0
2024-03-14,04:00,25.75,80.1,2.082,88.7,0,1012,0
2024-03-14,05:00,25.69,80.3,2.18,87.8,0,1012,0
2024-03-14,06:00,25.63,80.6,1.957,88.3,0.001,1013,0
2024-03-14,07:00,25.82,80.7,1.863,86.6,11,1013,0
2024-03-14,08:00,26.72,76.18,2.289,81.3,122.8,1014,0
2024-03-14,09:00,27.56,73.34,3.133,75.84,289.8,1014,0
2024-03-14,10:00,28.94,66.54,3.71,90.6,701.3,1015,0
2024-03-14,11:00,29.06,68.11,4.041,98.8,740.9,1014,0
2024-03-14,12:00,29.78,65.24,4.09,95.1,1014,1014,0
2024-03-14,13:00,29.61,64.72,3.666,85.1,726,1013,0
2024-03-14,14:00,29.61,62.57,3.997,89.4,855,1013,0
2024-03-14,15:00,29.17,67.26,3.325,86.2,602.6,1012,0
2024-03-14,16:00,29,70.13,3.424,93.6,404,1012,0
2024-03-14,17:00,28.44,69.61,3.318,82.8,234.7,1012,0
2024-03-14,18:00,28,72.47,3.17,89.5,126.1,1013,0
2024-03-14,19:00,27.28,75.08,2.271,83.8,11.34,1013,0
2024-03-14,20:00,26.78,76.97,1.778,81.7,0.001,1014,0
2024-03-14,21:00,26.78,77.36,1.787,81.8,0,1014,0
2024-03-14,22:00,26.65,78.01,2.024,82.9,0,1014,0
2024-03-14,23:00,26.48,80.2,2.075,82.1,0,1014,0
2024-03-15,00:00,26.42,81.5,2.065,84.1,0,1014,0
2024-03-15,01:00,26.27,77.75,2.274,83.1,0,1014,0
2024-03-15,02:00,26.32,77.68,2.54,89.9,0,1014,0
2024-03-15,03:00,25.93,80.5,1.661,86.9,0,1014,0
2024-03-15,04:00,26.24,76.44,2.398,82.5,0,1013,0
2024-03-15,05:00,26.13,77.36,2.351,83.9,0,1013,0
2024-03-15,06:00,25.97,76.15,1.979,83.7,0.001,1014,0
2024-03-15,07:00,26.28,75.66,2.368,83.4,11.64,1014,0
2024-03-15,08:00,26.36,87.3,2.687,84.8,74.94,1015,0.3
2024-03-15,09:00,25.38,83.4,3.331,91.3,209,1016,0
2024-03-15,10:00,26.6,70,2.753,75.2,394.7,1016,0
2024-03-15,11:00,27.94,72.02,1.994,56.55,675.7,1015,0
2024-03-15,12:00,27.89,74.29,1.544,27.52,605.5,1015,0
2024-03-15,13:00,27.89,74.36,2.606,61.7,633,1014,0
2024-03-15,14:00,28.11,76.06,2.573,60.76,775.2,1013,0
2024-03-15,15:00,28.11,67.13,3.451,80.8,535.4,1012,0
2024-03-15,16:00,27.22,79.05,3.106,71.85,353.8,1012,0
2024-03-15,17:00,26.83,79.9,2.88,75.18,262.6,1012,0
2024-03-15,18:00,26.58,81.1,2.352,73.38,181.7,1013,0
2024-03-15,19:00,25.97,85.7,2.159,73.5,9.85,1013,0
2024-03-15,20:00,25.31,83.1,2.503,76.61,0.001,1014,0
2024-03-15,21:00,25.27,83.3,1.717,63.41,0,1014,0
2024-03-15,22:00,25.63,88.6,1.969,74.38,0,1015,0
2024-03-15,23:00,24.82,89.5,2.16,79.31,0,1015,0.8
2024-03-16,00:00,25.22,82.6,1.654,89.5,0,1014,0
2024-03-16,01:00,25.82,80.9,2.322,85.1,0,1014,0
2024-03-16,02:00,25.93,78.66,2.524,86.6,0,1013,0
2024-03-16,03:00,25.82,81.7,1.941,86.6,0,1013,0
2024-03-16,04:00,25.77,77.62,2.102,82.4,0,1013,0
2024-03-16,05:00,25.71,80,2.1,83.1,0,1013,0
2024-03-16,06:00,25.72,80.2,2.207,84.7,0.002,1013,0
2024-03-16,07:00,25.74,79.42,2.254,85.9,10.56,1014,0
2024-03-16,08:00,26,81.3,2.031,92.5,100.7,1014,0
2024-03-16,09:00,27.67,81.2,2.718,83.7,392.8,1015,0.3
2024-03-16,10:00,26.94,77.01,3.431,88.8,478.9,1015,0
2024-03-16,11:00,28.44,67.14,3.822,86.9,860,1015,0
2024-03-16,12:00,29,59.05,3.813,81.8,745.3,1014,0
2024-03-16,13:00,29,60.62,4.242,96,793.5,1013,0
2024-03-16,14:00,29.56,62.44,3.373,81.2,767.9,1012,0
2024-03-16,15:00,29.61,64.98,3.236,70.47,784.1,1011,0
2024-03-16,16:00,29,71.76,3.287,89.8,457.3,1011,0
2024-03-16,17:00,28.17,71.17,3.151,82.4,173.6,1011,0
2024-03-16,18:00,27.89,72.93,3.541,85.8,142.9,1011,0
2024-03-16,19:00,27.06,77.75,2.513,83.6,7.082,1012,0
2024-03-16,20:00,26.78,77.68,2.258,81.8,0.001,1012,0
2024-03-16,21:00,26.78,77.23,2.668,83.6,0,1013,0
2024-03-16,22:00,26.52,77.49,2.516,86.4,0,1013,0
2024-03-16,23:00,26.43,78.42,2.484,84.4,0,1013,0
2024-03-17,00:00,26.31,77.42,2.57,83.3,0,1013,0
2024-03-17,01:00,26.37,77.48,2.381,84.4,0,1013,0
2024-03-17,02:00,26.28,78.27,2.655,84.9,0,1013,0
2024-03-17,03:00,25.81,80.9,2.658,85.9,0,1012,0
2024-03-17,04:00,25.92,77.16,2.659,86.6,0,1012,0
2024-03-17,05:00,25.74,76.2,2.532,87.5,0,1012,0
2024-03-17,06:00,25.73,76.51,2.564,82.3,0.003,1012,0
2024-03-17,07:00,25.92,75.73,2.585,82.7,17.68,1012,0
2024-03-17,08:00,26.63,70.91,2.762,83.2,130.5,1013,0
2024-03-17,09:00,27.78,69.28,3.237,80.4,407.1,1013,0
2024-03-17,10:00,28.22,65.89,3.274,74.17,558.7,1013,0
2024-03-17,11:00,28.83,64.72,3.507,77.62,713.2,1013,0
2024-03-17,12:00,28.67,67.06,3.032,73.3,731.4,1012,0
2024-03-17,13:00,28.67,65.77,2.807,71.43,650.5,1012,0
2024-03-17,14:00,29.28,61.27,3.675,73.56,742.1,1011,0
2024-03-17,15:00,29,64.46,3.634,75.71,612.2,1010,0
2024-03-17,16:00,28.11,74.1,3.355,79.47,280.7,1010,0
2024-03-17,17:00,27.39,77.1,3.34,76.52,285.6,1010,0
2024-03-17,18:00,27.17,72.86,3.162,81.7,147.8,1010,0
2024-03-17,19:00,26.94,75.67,3.107,81.8,12.53,1011,0
2024-03-17,20:00,26.72,75.08,2.919,81.6,0.001,1011,0
2024-03-17,21:00,26.72,73.32,3.249,80.6,0,1012,0
2024-03-17,22:00,26.64,74.16,2.934,83.6,0,1012,0
2024-03-17,23:00,26.36,74.1,2.815,82.5,0,1012,0
2024-03-18,00:00,26.21,75.99,2.725,83.6,0,1012,0
2024-03-18,01:00,26.18,75.2,2.702,84.8,0,1012,0
2024-03-18,02:00,26.12,75.53,2.584,85,0,1011,0
2024-03-18,03:00,25.93,75.92,2.498,87.1,0,1011,0
2024-03-18,04:00,25.71,76.82,1.868,83.2,0,1011,0
2024-03-18,05:00,25.78,76.7,1.835,81.8,0,1011,0
2024-03-18,06:00,25.74,77.42,1.894,85.2,0.002,1011,0
2024-03-18,07:00,25.73,75.72,1.829,82.3,17.99,1011,0
2024-03-18,08:00,26.78,68.95,2.437,80.5,183.4,1012,0
2024-03-18,09:00,27.78,66.68,3.022,84,432.4,1013,0
2024-03-18,10:00,28.61,65.37,3.04,76.84,639.1,1013,0
2024-03-18,11:00,29.11,60.22,3.095,84.2,819,1013,0
2024-03-18,12:00,29.17,67.45,3.017,74.66,858,1013,0
2024-03-18,13:00,28.56,69.48,2.403,64.44,679.1,1012,0
2024-03-18,14:00,28.67,65.04,2.203,60.61,758.9,1011,0
2024-03-18,15:00,28.83,66.41,2.585,61.58,881,1011,0
2024-03-18,16:00,28.56,63.41,2.431,62.84,604.9,1010,0
2024-03-18,17:00,28.39,61.66,2.775,64.55,452.7,1010,0
2024-03-18,18:00,27.78,66.49,2.635,73.77,189.3,1011,0
2024-03-18,19:00,27.06,67.91,2.393,79.72,11.05,1012,0
2024-03-18,20:00,26.47,68,1.924,87.3,0.001,1012,0
2024-03-18,21:00,26.05,69.61,1.616,91.6,0,1013,0
2024-03-18,22:00,25.88,70.84,1.466,95.5,0,1013,0
2024-03-18,23:00,25.74,71.42,1.202,103.6,0,1014,0
2024-03-19,00:00,25.76,72.6,1.451,98.6,0,1014,0
2024-03-19,01:00,25.67,74.36,1.638,96.1,0,1013,0
2024-03-19,02:00,25.28,76.18,1.401,102.3,0,1013,0
2024-03-19,03:00,25.15,76.51,1.404,101.2,0,1012,0
2024-03-19,04:00,25.13,73.86,1.44,99.8,0,1012,0
2024-03-19,05:00,25.04,74.23,1.145,113.4,0,1012,0
2024-03-19,06:00,24.71,74.51,0.9066,120.8,0.005,1012,0
2024-03-19,07:00,24.83,71.55,0.988,114.2,27.26,1013,0
2024-03-19,08:00,26.67,63.15,1.383,82.1,216.3,1014,0
2024-03-19,09:00,27.83,62.31,1.604,41.81,432.7,1014,0
2024-03-19,10:00,28.39,61.61,1.432,25.3,659.3,1014,0
2024-03-19,11:00,28.72,62.1,1.543,21.47,846,1014,0
2024-03-19,12:00,28.83,60.42,1.743,15.85,956,1014,0
2024-03-19,13:00,29,56.51,1.786,12.62,994,1013,0
2024-03-19,14:00,28.94,59.31,1.899,11.39,949,1012,0
2024-03-19,15:00,28.61,59.96,1.763,16.51,841,1011,0
2024-03-19,16:00,28.39,61.98,1.777,12.63,661.7,1011,0
2024-03-19,17:00,28,60.66,1.807,10.6,433.6,1011,0
2024-03-19,18:00,27.33,64.32,1.456,25.24,182.9,1011,0
2024-03-19,19:00,26.37,67,1.348,29.37,15,1011,0
2024-03-19,20:00,26.16,67.65,1.445,53.03,0.001,1011,0
2024-03-19,21:00,26.03,70.56,1.75,86.4,0.001,1012,0
2024-03-19,22:00,25.32,72.99,1.368,101.3,0.001,1013,0
2024-03-19,23:00,25.09,72.91,1.248,99.7,0.001,1013,0
2024-03-20,00:00,24.88,73.32,1.111,113,0,1013,0
2024-03-20,01:00,24.52,76.38,0.7962,102.9,0,1013,0
2024-03-20,02:00,23.92,76.38,0.5923,130.9,0,1013,0
2024-03-20,03:00,24.18,78.98,0.574,120.6,0,1013,0
2024-03-20,04:00,23.58,74.55,0.612,115.2,0,1012,0
2024-03-20,05:00,23.17,79.43,0.6375,114.9,0,1012,0
2024-03-20,06:00,22.37,82.6,0.5896,106.6,0.006,1013,0
2024-03-20,07:00,22.41,78.65,0.5101,114.6,25.54,1013,0
2024-03-20,08:00,25.95,65.3,0.8239,117.4,216.7,1013,0
2024-03-20,09:00,27.5,62.44,1.304,45.78,450.4,1014,0
2024-03-20,10:00,28.17,59.05,1.345,23.75,667.7,1014,0
2024-03-20,11:00,28.67,59.45,1.395,10.98,811,1014,0
2024-03-20,12:00,28.78,59.71,1.466,8.49,904,1013,0
2024-03-20,13:00,29,62.76,1.606,1.561,1002,1012,0
2024-03-20,14:00,28.94,63.94,1.467,12.78,860,1011,0
2024-03-20,15:00,29.11,62.05,1.462,9.32,824,1011,0
2024-03-20,16:00,29.06,63.55,1.436,8.92,725.4,1011,0
2024-03-20,17:00,28.44,65.57,1.267,0.753,406.8,1011,0
2024-03-20,18:00,27.72,68.56,1.034,12.09,178,1011,0
2024-03-20,19:00,26.78,69.67,0.9482,31.7,16.28,1012,0
2024-03-20,20:00,26.55,70.12,0.8078,43.57,0.001,1012,0
2024-03-20,21:00,25.73,74.32,0.7635,105.7,0.001,1012,0
2024-03-20,22:00,25.26,75.46,0.7573,118.1,0.001,1013,0
2024-03-20,23:00,25.02,76.7,0.6469,110.4,0.001,1013,0
2024-03-21,00:00,24.94,76.64,0.6312,123.4,0.001,1013,0
2024-03-21,01:00,24.43,78.33,0.6473,121.7,0.001,1013,0
2024-03-21,02:00,24.17,79.11,0.6768,126.1,0,1012,0
2024-03-21,03:00,23.36,82.2,0.5785,114.4,0,1011,0
2024-03-21,04:00,22.84,82.2,0.553,113.1,0,1011,0
2024-03-21,05:00,22.94,84.3,0.5789,110.4,0,1011,0
2024-03-21,06:00,23.18,79.11,0.739,120.1,0.009,1011,0
2024-03-21,07:00,25.43,73.18,1.054,88.9,33.88,1012,0
2024-03-21,08:00,26.64,68.82,1.239,21.7,194.3,1012,0
2024-03-21,09:00,27.44,65.5,1.38,7.89,451.9,1012,0
2024-03-21,10:00,28,63.22,1.589,9.46,664.1,1013,0
2024-03-21,11:00,28.5,59.44,1.604,5.048,821,1013,0
2024-03-21,12:00,28.67,58.73,1.57,12.11,937,1012,0
2024-03-21,13:00,28.78,59.7,1.587,18.49,947,1011,0
2024-03-21,14:00,28.39,59.71,1.562,20.46,756.1,1011,0
2024-03-21,15:00,28.78,60.94,1.494,20.46,817,1010,0
2024-03-21,16:00,28.39,60.22,1.489,31.92,612.8,1010,0
2024-03-21,17:00,27.83,63.16,1.582,53.58,389.8,1010,0
2024-03-21,18:00,26.94,66.87,1.569,61.24,105.8,1010,0
2024-03-21,19:00,26.38,69.14,1.006,52.18,7.253,1011,0
2024-03-21,20:00,26.14,70.63,1.11,94.7,0.001,1012,0
2024-03-21,21:00,25.55,70.77,1.06,109.1,0.001,1013,0
2024-03-21,22:00,26.16,68.59,1.058,81.3,0.001,1013,0
2024-03-21,23:00,25.48,68.82,0.9763,115.7,0.001,1013,0
2024-03-22,00:00,26.23,66.21,1.239,58.34,0.001,1013,0
2024-03-22,01:00,26.06,68.49,1.299,83.5,0.001,1012,0
2024-03-22,02:00,26.02,69.54,1.435,81.5,0.001,1012,0
2024-03-22,03:00,26.04,69.73,1.605,76.67,0,1011,0
2024-03-22,04:00,26.05,71.56,1.587,53.23,0,1011,0
2024-03-22,05:00,26.06,70.7,1.637,61.88,0,1011,0
2024-03-22,06:00,26.02,70.71,1.623,67.26,0.008,1012,0
2024-03-22,07:00,25.91,77.55,1.537,78.37,16.22,1013,0
2024-03-22,08:00,26.24,76.05,2.438,75.28,65.07,1013,0
2024-03-22,09:00,27.06,71.43,2.963,72.01,381.7,1014,0
2024-03-22,10:00,27.94,69.34,2.635,62.33,664,1015,0
2024-03-22,11:00,28.11,67.98,2.293,49.5,617.8,1015,0
2024-03-22,12:00,27.56,71.04,2.508,65.2,392.3,1014,0
2024-03-22,13:00,28.44,68.3,3.076,62.29,1027,1014,0
2024-03-22,14:00,28.67,74.49,2.998,61.41,956,1013,0
2024-03-22,15:00,28.06,75.08,2.558,52.49,682.7,1013,0
2024-03-22,16:00,27.61,74.95,2.449,51.65,498.3,1012,0
2024-03-22,17:00,26.83,83.8,2.549,24.64,293.4,1013,0
2024-03-22,18:00,26.2,80.3,2.994,49.15,68.44,1013,0
2024-03-22,19:00,26.04,79.6,3.536,72.2,3.881,1014,0
2024-03-22,20:00,26.18,79.96,3.773,74.14,0.001,1014,0
2024-03-22,21:00,26.18,75.6,3.386,73.07,0.001,1015,0
2024-03-22,22:00,25.55,87.4,3.471,75.81,0.001,1015,0.5
2024-03-22,23:00,25.33,82,4.086,81.5,0.001,1015,0
2024-03-23,00:00,25.69,79.77,3.661,81.2,0.001,1015,0
2024-03-23,01:00,25.96,77.49,3.974,80.3,0.001,1015,0
2024-03-23,02:00,26.12,78.53,3.625,75.24,0.001,1014,0
2024-03-23,03:00,26.16,78.34,3.938,76.03,0.001,1014,0
2024-03-23,04:00,26.01,79.05,4.046,76.85,0,1014,0
2024-03-23,05:00,26.13,79.57,3.634,71.39,0,1014,0
2024-03-23,06:00,26.02,87.9,3.871,75.33,0.003,1014,1
2024-03-23,07:00,24.92,80.2,3.849,80.8,10.63,1015,0
2024-03-23,08:00,25.78,78.33,3.912,81.6,111.8,1015,0
2024-03-23,09:00,26.83,74.43,4.484,75.42,330.5,1016,0
2024-03-23,10:00,27.39,72.41,4.18,75.32,410.3,1016,0
2024-03-23,11:00,27.72,71.23,4.542,74.21,470.3,1016,0
2024-03-23,12:00,27.94,68.56,4.555,73.17,654.8,1016,0
2024-03-23,13:00,28.11,71.75,4.189,72.36,621.4,1015,0
2024-03-23,14:00,27.72,72.47,4.22,70.97,464.2,1015,0
2024-03-23,15:00,28.06,72.73,4.068,67.29,688.6,1015,0
2024-03-23,16:00,27.61,74.88,4.394,71.11,370.8,1015,0
2024-03-23,17:00,27.33,72.08,4.488,74.95,175.2,1015,0
2024-03-23,18:00,27.17,73.11,4.85,77.61,74.89,1015,0
2024-03-23,19:00,26.27,74.29,4.721,78.13,6.928,1016,0
2024-03-23,20:00,26.72,73.77,4.9,79.34,0.001,1016,0
2024-03-23,21:00,25.59,90.6,5.065,81.7,0.001,1017,1.5
2024-03-23,22:00,25.22,78.2,4.605,81.3,0.001,1017,0
2024-03-23,23:00,25.96,76.44,4.546,79,0.001,1017,0
2024-03-24,00:00,26.16,74.19,4.35,79.32,0.001,1017,0
2024-03-24,01:00,26.38,74.49,4.734,78.86,0.001,1017,0
2024-03-24,02:00,26.38,75.66,4.381,76.8,0.001,1016,0
2024-03-24,03:00,26.33,75.66,4.394,76.74,0.001,1016,0
2024-03-24,04:00,26.12,77.23,4.01,78.24,0.001,1016,0
2024-03-24,05:00,25.86,81.8,4.444,77.75,0,1016,0
2024-03-24,06:00,25.03,84.5,4.35,79.61,0.004,1016,0.3
2024-03-24,07:00,25.47,82.3,4.135,78.75,11.43,1017,0
2024-03-24,08:00,25.31,83.9,4.265,82.2,108.5,1017,0
2024-03-24,09:00,25.83,83.7,4.39,82.2,199.6,1018,0
2024-03-24,10:00,26.89,76.9,4.627,78.21,600.4,1018,0
2024-03-24,11:00,27.83,75.73,4.238,80.8,521.7,1017,0
2024-03-24,12:00,28.17,71.1,4.739,81,605.3,1017,0
2024-03-24,13:00,28.17,72.41,4.989,75.95,613,1016,0
2024-03-24,14:00,27.78,73.9,4.564,74.97,462.9,1015,0
2024-03-24,15:00,27.5,72.28,5.15,80.8,535.4,1015,0
2024-03-24,16:00,27.83,73.72,4.444,80.9,266.8,1015,0
2024-03-24,17:00,27.44,74.6,3.983,79.82,157.2,1015,0
2024-03-24,18:00,27.17,78.34,4.166,76.78,94.9,1015,0
2024-03-24,19:00,26.83,80.3,3.956,81.4,10.8,1015,0
2024-03-24,20:00,26.78,77.31,3.997,79.22,0.001,1016,0
2024-03-24,21:00,26.94,78.53,3.795,79.05,0.001,1016,0
2024-03-24,22:00,26.63,84.8,3.764,79.37,0.001,1017,0
2024-03-24,23:00,26.29,79.31,3.777,82.6,0.002,1017,0
2024-03-25,00:00,26.83,77.29,3.97,85.2,0.002,1017,0
2024-03-25,01:00,26.36,84.8,4.211,85.9,0.001,1017,0
2024-03-25,02:00,25.74,80.7,3.573,85,0.001,1016,0.3
2024-03-25,03:00,25.49,83.2,3.889,87.7,0.001,1016,0.3
2024-03-25,04:00,26.11,84.3,3.693,79.53,0.001,1016,0
2024-03-25,05:00,26.26,84.5,3.675,81.8,0,1016,0
2024-03-25,06:00,26.51,78.4,3.382,80.9,0.006,1016,0
2024-03-25,07:00,26.57,79.05,3.988,79.46,16.86,1016,0
2024-03-25,08:00,26.61,81.3,4.318,81.3,77.95,1017,0
2024-03-25,09:00,27.06,84.9,4.287,82.4,233.7,1017,0
2024-03-25,10:00,27.61,75.99,3.688,75.39,458.9,1017,0
2024-03-25,11:00,28.61,72.86,4.403,85.7,561,1017,0
2024-03-25,12:00,28.61,71.56,4.631,83.2,554.9,1016,0
2024-03-25,13:00,28.72,71.05,4.801,90.4,647.6,1016,0
2024-03-25,14:00,28.83,71.03,4.453,81.9,590.7,1015,0
2024-03-25,15:00,28.5,73.9,4.283,80.4,374.1,1014,0
2024-03-25,16:00,28.5,74.16,4.198,83.6,362,1014,0
2024-03-25,17:00,27.61,76.84,4.099,82.2,197.7,1014,0
2024-03-25,18:00,27.61,78.79,3.542,79.83,61.64,1015,0
2024-03-25,19:00,26.23,86.2,3.822,80.8,5.145,1015,0
2024-03-25,20:00,26.11,86.9,3.831,80.9,0.001,1016,0
2024-03-25,21:00,26.42,84.6,3.549,79.41,0.001,1016,0
2024-03-25,22:00,26.78,84.7,3.472,81.7,0.002,1017,0
2024-03-25,23:00,26.78,83.8,3.858,81.7,0.002,1017,0
2024-03-26,00:00,26.89,84,3.961,87.9,0.003,1017,0
2024-03-26,01:00,26.94,83.1,4.135,82.2,0.003,1016,0
2024-03-26,02:00,26.89,83.3,4.113,83.2,0.002,1015,0
2024-03-26,03:00,26.72,84.8,3.938,80.4,0.002,1015,0
2024-03-26,04:00,26.64,87.4,3.407,80.8,0.001,1015,0.3
2024-03-26,05:00,26.13,87.7,3.071,81.2,0.001,1015,0
2024-03-26,06:00,26.34,87.1,2.302,78.97,0.013,1015,0
2024-03-26,07:00,26.67,84.3,2.641,79.35,24.54,1016,0
2024-03-26,08:00,27.22,81.7,2.992,80.9,112.7,1017,0
2024-03-26,09:00,28.22,77.49,3.697,76.31,410.1,1017,0
2024-03-26,10:00,28.89,72.6,3.657,78.46,541.7,1018,0
2024-03-26,11:00,29.67,72.47,3.581,76.77,730.4,1018,0
2024-03-26,12:00,30.06,71.37,3.657,78.08,833,1017,0
2024-03-26,13:00,29.89,70.71,4.081,80.6,716.7,1017,0
2024-03-26,14:00,29.61,72.34,3.876,77.88,567.8,1016,0
2024-03-26,15:00,29.44,74.45,3.862,80.3,459.9,1015,0
2024-03-26,16:00,28.72,76.31,3.876,84.6,224.3,1014,0
2024-03-26,17:00,28.72,77.16,3.576,86.4,236.1,1015,0
2024-03-26,18:00,28.28,79.7,3.496,80.4,102.9,1015,0
2024-03-26,19:00,26.94,87.1,3.786,83.3,12.42,1015,0
2024-03-26,20:00,26.63,83.2,2.424,78.32,0.001,1015,0
2024-03-26,21:00,27.06,85.9,1.998,68.77,0.001,1016,0
2024-03-26,22:00,27.28,85,2.136,76.51,0.001,1016,0
2024-03-26,23:00,27.22,84.6,1.813,76.47,0.001,1016,0
2024-03-27,00:00,27.28,85.2,1.785,87.2,0.001,1016,0
2024-03-27,01:00,27.06,86.3,1.857,86.8,0.002,1016,0
2024-03-27,02:00,26.67,90,1.248,81.6,0.002,1015,0
2024-03-27,03:00,26.14,89.9,1.337,79.5,0.002,1015,0
2024-03-27,04:00,26.19,90.4,1.742,72.84,0.001,1014,0
2024-03-27,05:00,26.06,89.6,1.192,70.59,0.001,1014,0
2024-03-27,06:00,25.92,89.5,1.086,82.3,0.011,1014,0
2024-03-27,07:00,26.18,84.2,1.401,81.3,41.25,1015,0
2024-03-27,08:00,27.44,85,1.087,63.76,150.3,1015,0
2024-03-27,09:00,27.61,85.2,1.069,53.45,193.3,1016,0
2024-03-27,10:00,27.17,89.1,1.245,53.51,203,1016,1.5
2024-03-27,11:00,27.78,83.5,1.588,75.8,506.5,1016,0
2024-03-27,12:00,29.44,67.52,2.499,84.5,710.1,1015,0
2024-03-27,13:00,30,73.16,2.126,63.01,904,1014,0
2024-03-27,14:00,29.11,79.44,1.894,61.21,538.6,1014,0
2024-03-27,15:00,28.94,76.32,1.166,31.54,377.7,1013,0
2024-03-27,16:00,28.89,80.1,1.207,36.06,352.5,1013,0
2024-03-27,17:00,28.67,79.32,1.553,56.45,423.5,1013,0
2024-03-27,18:00,28.5,82.2,0.9017,20.64,157.5,1013,0
2024-03-27,19:00,27.39,83.9,0.7403,8.81,6.838,1013,0
2024-03-27,20:00,26.89,90.4,2.129,330.6,0.001,1014,0
2024-03-27,21:00,26.4,91.2,2.001,328.1,0,1014,0
2024-03-27,22:00,26.24,90.6,0.9933,323.8,0,1015,0
2024-03-27,23:00,26.17,91.2,0.7041,322.7,0.001,1015,0
2024-03-28,00:00,26.29,88.5,0.6755,62.73,0.001,1015,0
2024-03-28,01:00,26.37,89.5,1.138,90.9,0.001,1014,0
2024-03-28,02:00,25.99,89.5,1.161,85.5,0.001,1014,0
2024-03-28,03:00,26.12,90,0.9996,34.03,0.001,1013,0
2024-03-28,04:00,26,89.2,1.106,67.25,0.001,1012,0
2024-03-28,05:00,25.89,88.3,1.377,66.79,0.001,1012,0
2024-03-28,06:00,26.01,89.2,1.044,8.45,0.013,1013,0
2024-03-28,07:00,26.16,87.4,1.239,40.64,24.23,1013,0
2024-03-28,08:00,26.78,82.9,1.456,69.44,152.2,1014,0
2024-03-28,09:00,27.78,80.6,1.899,67.64,452.9,1014,0
2024-03-28,10:00,28.39,80.6,1.934,59.78,623.3,1014,0
2024-03-28,11:00,27.94,82.5,1.497,62.11,334.7,1014,0
2024-03-28,12:00,28.22,82.3,1.272,43.12,380.6,1014,0
2024-03-28,13:00,28.17,85.6,1.458,38.52,460.8,1013,0
2024-03-28,14:00,27.83,85,1.712,26.47,496.3,1013,0
2024-03-28,15:00,27.83,85.8,1.779,16.56,443.4,1012,0
2024-03-28,16:00,28,80.9,2.165,63.09,463.2,1012,0
2024-03-28,17:00,28.28,79.83,1.929,61.85,374.6,1012,0
2024-03-28,18:00,27.83,83,2.313,67.7,176.3,1012,0
2024-03-28,19:00,27.33,85.6,2.433,75.14,11.57,1013,0
2024-03-28,20:00,27.22,84.6,2.353,79.42,0.001,1013,0
2024-03-28,21:00,27.22,85.4,2.131,78.81,0,1014,0
2024-03-28,22:00,27,85.6,2.081,83.3,0,1014,0
2024-03-28,23:00,26.72,89,1.619,90.8,0,1015,0
2024-03-29,00:00,26.58,88.4,1.672,86.2,0.001,1015,0
2024-03-29,01:00,26.78,86.6,1.719,87.8,0.001,1015,0
2024-03-29,02:00,26.83,85.8,1.659,83.7,0.001,1014,0
2024-03-29,03:00,26.83,85.9,1.592,81.6,0.001,1014,0
2024-03-29,04:00,26.67,86.5,1.259,86.6,0.001,1014,0
2024-03-29,05:00,26.67,84.9,1.443,91.8,0.001,1014,0
2024-03-29,06:00,26.64,85,0.9915,100.2,0.023,1014,0
2024-03-29,07:00,26.83,81.1,1.236,99.4,42.37,1015,0
2024-03-29,08:00,27.78,79.7,1.946,105.6,144.8,1015,0
2024-03-29,09:00,28.72,72.21,2.695,107.8,403.7,1016,0
2024-03-29,10:00,29.33,71.23,3.038,111.9,615.7,1016,0
2024-03-29,11:00,30,69.34,2.75,107.9,722.6,1016,0
2024-03-29,12:00,30.22,74.82,3.303,109.9,787,1015,0
2024-03-29,13:00,30.06,63.16,3.684,109.6,876,1015,0
2024-03-29,14:00,30.17,65.85,3.559,109,766.4,1014,0
2024-03-29,15:00,30.17,68.69,3.853,114.1,838,1014,0
2024-03-29,16:00,29.44,70,3.715,112,451.2,1013,0
2024-03-29,17:00,29.56,70.4,2.845,112.9,378.2,1013,0
2024-03-29,18:00,28.94,74.23,2.448,104.5,174.3,1014,0
2024-03-29,19:00,28.06,78.22,1.496,84.5,12.75,1014,0
2024-03-29,20:00,27.72,78.07,1.754,91.3,0.001,1015,0
2024-03-29,21:00,27.5,79.37,1.776,88.9,0,1015,0
2024-03-29,22:00,27.28,82.8,2.127,89.2,0,1016,0
2024-03-29,23:00,27.33,79.48,2.432,84.5,0,1017,0
2024-03-30,00:00,27.17,86.1,2.228,90.1,0,1017,0
2024-03-30,01:00,26.31,84.5,1.428,104.4,0,1017,0
2024-03-30,02:00,26.61,80.7,1.641,96.8,0.001,1017,0
2024-03-30,03:00,26.62,82.1,1.439,88.6,0,1017,0
2024-03-30,04:00,26.66,82,1.6,84.4,0.001,1016,0
2024-03-30,05:00,26.66,83.5,1.481,94,0,1017,0
2024-03-30,06:00,26.19,84.8,1.081,89.8,0.031,1016,0
2024-03-30,07:00,26.57,79.05,1.545,96.6,30.77,1017,0
2024-03-30,08:00,27.67,75.66,2.495,86.5,183.5,1017,0
2024-03-30,09:00,28.56,72.66,2.9,89.9,392.6,1018,0
2024-03-30,10:00,29.39,69.12,3.421,93.9,669.4,1018,0
2024-03-30,11:00,29.83,69.67,3.934,94.3,797.1,1018,0
2024-03-30,12:00,30.17,66.21,3.849,88.8,860,1017,0
2024-03-30,13:00,29.44,77.59,3.956,97.3,788.5,1017,0
2024-03-30,14:00,29.44,69.41,4.426,92.3,946,1016,0
2024-03-30,15:00,29.89,69.02,4.484,97.4,813,1015,0
2024-03-30,16:00,29.5,67.93,4.466,88.2,598.1,1015,0
2024-03-30,17:00,29.11,71.5,4.041,91.9,358,1015,0
2024-03-30,18:00,28.61,74.03,3.487,86.3,143.1,1015,0
2024-03-30,19:00,27.89,77.36,2.967,87.6,13.52,1015,0
2024-03-30,20:00,27.61,77.96,2.738,79.97,0.001,1016,0
2024-03-30,21:00,27.5,78.33,2.788,84.6,0,1016,0
2024-03-30,22:00,27.5,79.7,2.558,84.1,0,1017,0
2024-03-30,23:00,27.33,79.17,2.748,81.5,0,1017,0
2024-03-31,00:00,27.22,80.4,2.537,83.5,0,1017,0
2024-03-31,01:00,27.17,84.8,2.506,81.8,0,1016,0
2024-03-31,02:00,26.43,82.4,2.092,84,0,1016,0
2024-03-31,03:00,26.31,83.4,2.178,86.1,0,1016,0
2024-03-31,04:00,26.64,81.8,2.59,83.5,0.001,1015,0
2024-03-31,05:00,26.83,78.33,2.793,85.9,0.001,1015,0
2024-03-31,06:00,26.83,78.46,2.654,87.1,0.043,1015,0
2024-03-31,07:00,26.94,76.31,2.702,82.9,33.98,1016,0
2024-03-31,08:00,27.89,74.92,2.908,82.7,201.2,1017,0
2024-03-31,09:00,28.72,72.15,3.625,87.4,426,1017,0
2024-03-31,10:00,29.11,67.39,4.287,85.5,634.4,1017,0
2024-03-31,11:00,29.67,68.82,4.314,90.4,829,1017,0
2024-03-31,12:00,29.89,60.75,3.956,94.4,879,1016,0
2024-03-31,13:00,30.22,60.1,4.511,90.7,987,1016,0
2024-03-31,14:00,30.17,63.13,4.073,88.9,815,1015,0
2024-03-31,15:00,30,58.47,4.341,84.8,707.3,1014,0
2024-03-31,16:00,29.67,63.87,4.238,84.8,602.1,1013,0
2024-03-31,17:00,29,69.93,3.657,83.9,375.8,1013,0
2024-03-31,18:00,28.28,74.16,3.455,85.7,181.7,1013,0
2024-03-31,19:00,26.89,78.45,3.391,87.8,11.44,1013,0
2024-03-31,20:00,26.94,78.14,3.461,85.5,0.001,1014,0
2024-03-31,21:00,27.28,76.51,3.643,87,0,1014,0
2024-03-31,22:00,27.28,74.83,3.625,89.2,0,1015,0
2024-03-31,23:00,27.11,75.07,3.434,83.3,0,1015,0
2024-04-01,00:00,27.06,77.48,2.888,82.1,0,1015,0
2024-04-01,01:00,26.89,76.17,2.495,80.1,0,1015,0
2024-04-01,02:00,26.78,75.79,2.457,79.81,0,1014,0
2024-04-01,03:00,26.94,76.25,2.323,78.49,0,1014,0
2024-04-01,04:00,26.89,76.7,2.469,79.88,0,1013,0
2024-04-01,05:00,26.83,80.1,2.713,79.8,0,1013,0
2024-04-01,06:00,26.89,79.11,3.304,83.3,0.019,1013,0
2024-04-01,07:00,27,79.24,3.504,85.3,11.65,1014,0
2024-04-01,08:00,27.44,76.38,3.398,83.7,107.9,1014,0
2024-04-01,09:00,27.5,75.6,3.777,88.6,345.7,1015,0
2024-04-01,10:00,27.39,78.72,4.627,88.3,582.8,1015,0.5
2024-04-01,11:00,28.33,73.9,4.958,94.4,781.8,1015,0
2024-04-01,12:00,28.83,74.36,4.752,97.1,869,1015,0
2024-04-01,13:00,28.67,72.8,4.408,86.6,709.9,1014,0
2024-04-01,14:00,28.78,69.48,4.444,93.6,574.9,1013,0
2024-04-01,15:00,29.28,71.43,4.086,86.8,626.4,1013,0
2024-04-01,16:00,29.17,73.84,4.068,88.7,532.2,1013,0
2024-04-01,17:00,28.22,79.51,3.098,78.44,295.1,1012,0
2024-04-01,18:00,27.83,78.01,3.013,84.1,124.1,1013,0
2024-04-01,19:00,27.67,82.4,2.523,79.75,5.168,1013,0
2024-04-01,20:00,27.22,82.4,2.642,83,0.001,1014,0
2024-04-01,21:00,27.39,84.8,2.887,86.2,0,1015,0
2024-04-01,22:00,26.83,80.8,2.757,86.4,0,1015,0
2024-04-01,23:00,27.33,80.7,2.874,85.2,0,1016,0
2024-04-02,00:00,27,80.4,3.075,85.1,0,1015,0
2024-04-02,01:00,26.94,80.7,2.637,83.4,0,1015,0
2024-04-02,02:00,26.89,80.1,2.752,85.6,0,1014,0
2024-04-02,03:00,26.72,81.5,2.865,84.8,0,1014,0
2024-04-02,04:00,26.59,80.8,3.026,85.6,0,1013,0
2024-04-02,05:00,26.65,79.51,2.723,84.8,0,1013,0
2024-04-02,06:00,26.64,80,2.811,86.4,0.048,1014,0
2024-04-02,07:00,26.67,78.2,2.931,84.3,26.82,1014,0
2024-04-02,08:00,27.67,72.44,3.455,80.4,227.9,1015,0
2024-04-02,09:00,28.22,68.25,4.377,81.3,366.4,1015,0
2024-04-02,10:00,29.39,67.72,4.099,85.6,695.2,1015,0
2024-04-02,11:00,29.5,68.45,4.171,79.93,646.6,1015,0
2024-04-02,12:00,29.78,65.83,4.309,83.5,717.6,1014,0
2024-04-02,13:00,29.94,65.89,4.005,81.6,669,1014,0
2024-04-02,14:00,29.83,65.5,4.461,81.2,592.6,1013,0
2024-04-02,15:00,29.56,70.97,4.073,83.5,573.8,1012,0
2024-04-02,16:00,29.44,72.02,4.43,92.9,495.9,1012,0
2024-04-02,17:00,28.78,72.86,4.225,85.9,307.4,1012,0
2024-04-02,18:00,28.33,77.09,3.434,85.2,94,1012,0
2024-04-02,19:00,27.89,79.31,3.137,82.8,11.99,1013,0
2024-04-02,20:00,27.5,84.1,2.828,83.4,0.001,1014,0
2024-04-02,21:00,27.11,83,2.934,85.8,0,1014,0
2024-04-02,22:00,27.11,84.2,2.99,84.2,0,1015,0
2024-04-02,23:00,27.28,82.1,3.191,84.3,0,1015,0
2024-04-03,00:00,27.33,81.1,3.539,85.6,0,1015,0
2024-04-03,01:00,27.17,81.1,2.933,86.1,0,1015,0
2024-04-03,02:00,27.06,79.36,2.336,81.2,0,1015,0
2024-04-03,03:00,26.83,80.6,1.969,82,0,1014,0
2024-04-03,04:00,26.22,88.1,3.764,97.4,0,1014,0.3
2024-04-03,05:00,25.17,86.6,2.497,102.8,0,1014,0
2024-04-03,06:00,26.05,85.9,1.402,86.2,0.068,1014,0
2024-04-03,07:00,26.67,83.5,2.26,86.3,21.91,1015,0
2024-04-03,08:00,27.33,79.05,2.63,87.1,179.7,1015,0.3
2024-04-03,09:00,28.56,73.58,3.376,85.2,360.7,1016,0
2024-04-03,10:00,28.83,71.04,3.693,81.5,379.9,1016,0
2024-04-03,11:00,29.39,67.07,4.131,83.7,660.1,1015,0
2024-04-03,12:00,29.56,71.49,4.037,77.55,483,1015,0
2024-04-03,13:00,29.33,77.81,3.442,81.3,394.2,1014,0
2024-04-03,14:00,28.44,82.4,2.993,87,286.8,1013,0
2024-04-03,15:00,28.67,76.99,2.786,83.2,277.2,1012,0
2024-04-03,16:00,29.28,71.4,4.14,90.2,345.2,1012,0
2024-04-03,17:00,29.22,74.49,4.305,90.9,333.8,1012,0
2024-04-03,18:00,28.5,79.31,3.876,89.9,82.8,1012,0
2024-04-03,19:00,27.44,92.3,3.661,92.2,13.6,1013,1.5
2024-04-03,20:00,26.41,88,3.894,104,0.001,1013,0
2024-04-03,21:00,27.06,86.8,3.724,103.5,0.001,1013,0.3
2024-04-03,22:00,26.94,85.8,4.095,109.5,0,1014,0
2024-04-03,23:00,27.39,82.4,3.974,108.2,0,1014,0
2024-04-04,00:00,27.28,81.8,4.028,108.4,0,1014,0
2024-04-04,01:00,26.59,89.3,3.979,99.6,0,1014,0
2024-04-04,02:00,26.26,86.8,4.368,105.3,0,1013,0
2024-04-04,03:00,26.66,83.7,2.737,97.4,0,1013,0
2024-04-04,04:00,27.11,81.7,3.161,89.5,0,1013,0
2024-04-04,05:00,27.06,79.57,2.779,85.2,0,1013,0
2024-04-04,06:00,27.11,79.57,2.926,86.4,0.141,1013,0
2024-04-04,07:00,27.28,80.2,3.213,87.6,27.79,1014,0
2024-04-04,08:00,26.94,73.97,3.473,97.3,159.4,1014,0
2024-04-04,09:00,28.78,69.93,3.885,91.8,494.8,1015,0
2024-04-04,10:00,28.83,71.23,4.247,86.4,632.5,1015,0
2024-04-04,11:00,29.22,68.49,4.09,85.1,617.1,1015,0
2024-04-04,12:00,29.33,78.55,4.059,85.6,627.3,1014,0
2024-04-04,13:00,29.17,71.04,4.095,94.7,720.9,1013,0
2024-04-04,14:00,29.39,66.09,4.81,95.8,776.5,1013,0
2024-04-04,15:00,29.72,63.35,4.716,94.8,781.3,1012,0
2024-04-04,16:00,29.39,66.93,4.582,93.3,575.1,1012,0
2024-04-04,17:00,29.11,69.69,3.862,95.6,337.2,1011,0
2024-04-04,18:00,28.39,72.91,3.648,86.9,122.3,1012,0
2024-04-04,19:00,27.67,73.12,3.737,84.9,14.08,1013,0
2024-04-04,20:00,27.22,72.08,3.095,83.3,0.001,1013,0
2024-04-04,21:00,27.11,73.05,2.994,83.7,0,1014,0
2024-04-04,22:00,27.06,71.03,3.269,84.5,0,1014,0
2024-04-04,23:00,26.94,71.75,3.361,84.4,0,1015,0
2024-04-05,00:00,26.94,71.36,2.995,86,0,1015,0
2024-04-05,01:00,26.78,73.77,3.013,87,0,1014,0
2024-04-05,02:00,26.58,73.64,2.812,85.2,0,1014,0
2024-04-05,03:00,26.49,73.44,2.455,83.7,0,1013,0
2024-04-05,04:00,26.65,71.36,2.917,86.1,0,1013,0
2024-04-05,05:00,26.4,69.99,2.805,85.2,0,1013,0
2024-04-05,06:00,26.42,70.51,2.659,87,0.124,1013,0
2024-04-05,07:00,26.61,71.82,2.442,84.4,35.74,1014,0
2024-04-05,08:00,27.28,71.62,2.676,78.59,132.4,1014,0
2024-04-05,09:00,28.44,66.87,3.046,85,431.8,1015,0
2024-04-05,10:00,29.28,62.38,3.368,97.3,717.9,1015,0
2024-04-05,11:00,30,61.98,3.457,86.6,908,1014,0
2024-04-05,12:00,29.72,69.28,3.34,76.8,734.2,1014,0
2024-04-05,13:00,29.61,68.04,3.349,82.1,722.8,1013,0
2024-04-05,14:00,28.83,72.99,2.972,76.33,450.6,1012,0
2024-04-05,15:00,28.17,78.4,3.201,79.6,244.3,1012,0
2024-04-05,16:00,28.39,72.66,3.156,78.46,303,1011,0
2024-04-05,17:00,27.5,88.9,3.493,77.65,139.7,1012,0
2024-04-05,18:00,26.54,80.8,2.735,77.03,129.4,1012,0
2024-04-05,19:00,26.83,88.4,3.114,78.32,15.59,1012,0
2024-04-05,20:00,26.19,88.7,2.909,87.1,0.001,1013,0.5
2024-04-05,21:00,25.69,90.7,2.864,107,0.001,1013,1.3
2024-04-05,22:00,25.31,89,3.057,94.2,0.001,1014,1.3
2024-04-05,23:00,25.13,91,4.064,97.1,0.001,1014,0.5
2024-04-06,00:00,25.93,84.1,2.835,86.5,0,1013,0
2024-04-06,01:00,26.52,79.96,3.146,86.1,0,1013,0
2024-04-06,02:00,26.56,80.7,2.962,89.7,0,1013,0
2024-04-06,03:00,26.46,77.02,3.365,83,0,1013,0
2024-04-06,04:00,26.31,76.83,3.003,82.5,0,1012,0
2024-04-06,05:00,26.18,75.59,2.827,84.6,0,1013,0
2024-04-06,06:00,26.13,79.44,2.212,88,0.152,1013,0
2024-04-06,07:00,26.54,78.79,2.649,83.7,21.68,1014,0
2024-04-06,08:00,25.88,89.9,3.119,80.3,128.6,1014,0.8
2024-04-06,09:00,26.47,88.3,2.91,76.9,322.8,1015,0.3
2024-04-06,10:00,26.94,87.8,3.208,79.05,446.2,1015,1.3
2024-04-06,11:00,28.33,71.69,3.514,75.27,818,1014,0
2024-04-06,12:00,29.44,67.2,3.8,78.94,860,1014,0
2024-04-06,13:00,29,85,3.563,92.9,749.5,1013,0.8
2024-04-06,14:00,29.17,70.32,3.573,88.2,838,1012,0
2024-04-06,15:00,29.67,71.23,3.755,89.1,707.1,1012,0
2024-04-06,16:00,29.28,70.97,3.161,80,426.2,1011,0
2024-04-06,17:00,28.83,75.93,3.293,79.82,255.6,1011,0
2024-04-06,18:00,28.17,75.93,3.494,77.92,142,1011,0
2024-04-06,19:00,27.56,79.13,2.692,83.2,12.21,1011,0
2024-04-06,20:00,27.17,79.83,2.657,82.8,0.001,1012,0
2024-04-06,21:00,27.06,83,2.363,85.2,0,1012,0
2024-04-06,22:00,26.83,83.3,2.033,84.1,0,1013,0
2024-04-06,23:00,26.83,85.6,2.146,82.8,0,1013,0
2024-04-07,00:00,26.89,85.6,2.026,82.1,0,1013,0
2024-04-07,01:00,26.52,84.7,2.255,85.5,0,1012,0
2024-04-07,02:00,26.58,85.4,1.928,88.2,0,1012,0
2024-04-07,03:00,26.43,85.8,2.226,88.5,0,1012,0
2024-04-07,04:00,26.52,84.8,2.231,91.5,0,1011,0
2024-04-07,05:00,26.39,87.6,2.843,85.2,0,1011,0
2024-04-07,06:00,26.18,81.9,2.96,85.6,0.099,1012,0
2024-04-07,07:00,26.67,75.27,3.516,85,22.36,1012,0
2024-04-07,08:00,27.72,72.01,3.599,82.3,235.7,1013,0
2024-04-07,09:00,28.61,67.71,3.542,78.53,468.5,1013,0
2024-04-07,10:00,29.22,66.7,4.095,80.5,673.7,1013,0
2024-04-07,11:00,29.67,64.72,4.542,88,873,1013,0
2024-04-07,12:00,29.78,61.78,5.154,89.6,945,1012,0
2024-04-07,13:00,29.89,64.25,4.922,96.9,1008,1012,0
2024-04-07,14:00,29.89,66.8,4.403,79.46,907,1011,0
2024-04-07,15:00,29.67,67.07,4.202,79.24,663.7,1010,0
2024-04-07,16:00,29.11,72.27,3.621,76.66,333.3,1010,0
2024-04-07,17:00,28.78,73.25,3.853,78.89,259.6,1010,0
2024-04-07,18:00,28.22,74.55,4.251,76.42,106,1010,0
2024-04-07,19:00,27.83,77.03,3.599,79.84,11.91,1011,0
2024-04-07,20:00,27.56,78.01,3.67,81.1,0.001,1011,0
2024-04-07,21:00,27.39,78.35,3.543,81.8,0,1012,0
2024-04-07,22:00,27.39,79.11,3.585,83.6,0,1012,0
2024-04-07,23:00,27.39,78.2,3.831,82.9,0,1012,0
2024-04-08,00:00,27.28,77.29,3.173,87.8,0,1012,0
2024-04-08,01:00,27.17,75.33,3.009,85.7,0,1012,0
2024-04-08,02:00,27.11,75.92,2.892,86.5,0,1012,0
2024-04-08,03:00,26.48,77.35,2.425,99.2,0,1011,0
2024-04-08,04:00,26.89,76.44,2.6,104,0,1011,0
2024-04-08,05:00,26.89,79.37,2.521,92.9,0,1011,0
2024-04-08,06:00,26.89,78.75,2.96,94.4,0.092,1011,0
2024-04-08,07:00,26.94,75.46,2.294,85.9,44.57,1012,0
2024-04-08,08:00,27.67,69.47,2.502,87.6,168.1,1013,0
2024-04-08,09:00,28.78,71.09,2.953,90.2,501,1013,0
2024-04-08,10:00,29.11,66.28,3.76,91.2,638.3,1013,0
2024-04-08,11:00,29.78,64.65,3.952,93,852,1013,0
2024-04-08,12:00,30.28,64.92,3.961,94,990,1013,0
2024-04-08,13:00,30.11,65.83,4.301,93.2,987,1012,0
2024-04-08,14:00,29.78,66.74,4.345,91.1,791.3,1011,0
2024-04-08,15:00,30.06,67.6,4.09,94.5,814,1011,0
2024-04-08,16:00,29.78,67.63,3.997,95.6,586.4,1010,0
2024-04-08,17:00,29.06,85.6,3.818,84,368.2,1010,0.5
2024-04-08,18:00,27.17,83.9,3.24,90.6,140.7,1011,0
2024-04-08,19:00,27.17,80.4,3.019,97.5,13.98,1011,0
2024-04-08,20:00,27.22,81.8,3.701,89.3,0.001,1012,0
2024-04-08,21:00,27.28,84.2,3.401,91.3,0,1012,0
2024-04-08,22:00,26.78,87.2,3.105,90.9,0,1013,0.3
2024-04-08,23:00,26.31,84.3,2.959,100.9,0,1013,0
2024-04-09,00:00,26.94,82.2,3.192,106.3,0,1013,0
2024-04-09,01:00,26.89,82.9,2.519,107.5,0,1013,0
2024-04-09,02:00,26.66,84.3,2.968,107.4,0,1012,0
2024-04-09,03:00,26.89,80.8,2.82,108.4,0,1012,0
2024-04-09,04:00,27.11,81.5,2.336,106.7,0,1012,0
2024-04-09,05:00,27.17,80.8,2.376,104.3,0,1011,0
2024-04-09,06:00,27.11,80.4,2.355,101.3,0.118,1012,0
2024-04-09,07:00,27.33,78.72,2.626,93.7,53.94,1012,0
2024-04-09,08:00,28.11,73.21,3.456,88.3,248.1,1013,0
2024-04-09,09:00,28.78,72.99,3.483,88.2,400.3,1013,0
2024-04-09,10:00,29.33,72.48,3.67,98.3,607.7,1013,0
2024-04-09,11:00,30,71.56,3.67,94.8,826,1013,0
2024-04-09,12:00,30.11,71.23,3.804,91.3,859,1013,0
2024-04-09,13:00,30.06,71.62,4.023,91.9,818,1012,0
2024-04-09,14:00,30,69.6,3.782,98,795.4,1011,0
2024-04-09,15:00,29.89,69.34,3.858,98.5,634.2,1011,0
2024-04-09,16:00,29.67,74.29,3.369,100.9,503.8,1011,0
2024-04-09,17:00,29.28,75.34,3.541,93.3,350,1011,0
2024-04-09,18:00,28.72,77.94,3.035,85.4,161.3,1011,0
2024-04-09,19:00,27.94,82.3,3.055,82.2,13.15,1011,0
2024-04-09,20:00,27.56,85,2.342,81.6,0.001,1012,0
2024-04-09,21:00,27.33,84.5,2.618,85.3,0,1013,0.3
2024-04-09,22:00,27.22,83,2.67,82.5,0,1013,0
2024-04-09,23:00,27.28,83.5,2.819,94.4,0,1013,0
2024-04-10,00:00,27.39,81.6,2.794,89.3,0,1014,0
2024-04-10,01:00,26.44,88.7,2.494,97,0,1013,1.3
2024-04-10,02:00,26.72,85.3,2.359,98.2,0,1013,0
2024-04-10,03:00,26.94,84.5,2.518,89.8,0,1012,0
2024-04-10,04:00,26.64,87.5,2.888,86.6,0,1012,1
2024-04-10,05:00,26.05,88.1,2.773,87.9,0,1011,0
2024-04-10,06:00,26.38,85.8,2.333,92.2,0.188,1012,0
2024-04-10,07:00,26.53,83.4,2.465,95.2,25.41,1012,0
2024-04-10,08:00,27.11,84.7,2.409,83.7,81.7,1013,0
2024-04-10,09:00,28.33,78.27,3.288,93.9,386.4,1014,0
2024-04-10,10:00,28.61,76.7,3.724,92.3,602.6,1014,0.3
2024-04-10,11:00,28.39,84.5,3.706,103.9,662.3,1014,0
2024-04-10,12:00,29.44,67.71,4.028,100,1004,1013,0
2024-04-10,13:00,30.11,70.2,4.511,94.2,953,1013,0
2024-04-10,14:00,30.11,73.19,4.238,95.1,825,1012,0
2024-04-10,15:00,29.89,72.34,3.929,91.9,697.5,1011,0
2024-04-10,16:00,29.44,72.18,3.947,95.3,528,1011,0
2024-04-10,17:00,28.06,88.6,3.525,100.9,285.4,1011,1.5
2024-04-10,18:00,27.11,77.73,3.089,95.7,120,1012,0
2024-04-10,19:00,27.5,73.99,3.185,85.2,9.36,1012,0
2024-04-10,20:00,27.44,76.44,2.721,87.4,0.001,1013,0
2024-04-10,21:00,27.44,76.44,2.939,86,0,1014,0
2024-04-10,22:00,27.39,70.84,2.887,85.4,0,1015,0
2024-04-10,23:00,27.28,75.92,2.88,79.99,0,1015,0
2024-04-11,00:00,27.11,76.25,2.858,82.6,0,1015,0
2024-04-11,01:00,27,75.27,2.847,81.4,0,1014,0
2024-04-11,02:00,26.89,72.31,2.849,81.1,0,1014,0
2024-04-11,03:00,26.83,70.58,2.968,80.8,0,1013,0
2024-04-11,04:00,26.63,73.31,2.804,83.6,0,1013,0
2024-04-11,05:00,26.43,71.88,2.81,82.3,0,1013,0
2024-04-11,06:00,26.28,75.53,2.345,85,0.201,1013,0
2024-04-11,07:00,26.6,73.97,2.017,83.7,52.56,1013,0
2024-04-11,08:00,27.67,73.38,2.474,76.83,223.2,1014,0
2024-04-11,09:00,28.44,75.14,2.719,76.57,439.4,1014,0
2024-04-11,10:00,28.83,72.6,2.719,73.22,599.2,1014,0
2024-04-11,11:00,29.56,65.11,3.264,81.1,756.7,1014,0
2024-04-11,12:00,29.94,66.61,3.871,89.2,882,1013,0
2024-04-11,13:00,30.39,66.41,3.531,92,970,1013,0
2024-04-11,14:00,30.28,66.74,3.427,88.4,874,1012,0
2024-04-11,15:00,30.11,72.15,2.955,97.2,579.8,1011,0
2024-04-11,16:00,29.89,71.63,3.109,89.7,529.9,1011,0
2024-04-11,17:00,29.22,73.18,2.956,89.9,263.7,1011,0
2024-04-11,18:00,28.67,74.16,2.838,84.3,130.4,1011,0
2024-04-11,19:00,28,77.29,2.436,86.2,13.28,1012,0
2024-04-11,20:00,27.67,77.35,2.313,83,0.001,1012,0
2024-04-11,21:00,27.56,78,2.252,83.7,0,1013,0
2024-04-11,22:00,27.5,79.37,2.19,83.3,0,1014,0
2024-04-11,23:00,27.56,80.4,2.276,82.7,0,1014,0
2024-04-12,00:00,27.39,80.8,2.294,83.5,0,1014,0
2024-04-12,01:00,27.39,80,2.461,83.5,0,1013,0
2024-04-12,02:00,27.22,80.4,2.128,84.2,0,1013,0
2024-04-12,03:00,27.17,80.9,1.94,86,0,1012,0
2024-04-12,04:00,27.11,83.2,1.812,81.8,0,1012,0
2024-04-12,05:00,26.89,82.6,1.794,82.1,0,1012,0
2024-04-12,06:00,26.83,83.1,1.812,83,0.083,1012,0
2024-04-12,07:00,26.94,82,2.105,78.41,34.16,1012,0
2024-04-12,08:00,28.06,74.16,2.471,81.6,210.3,1013,0
2024-04-12,09:00,28.94,70.04,3.022,91.8,406.1,1013,0
2024-04-12,10:00,29.67,75.47,3.152,92.7,579.2,1013,0
2024-04-12,11:00,29.83,68.69,3.246,94.1,796.5,1013,0
2024-04-12,12:00,30.44,67.39,3.414,86.7,927,1013,0
2024-04-12,13:00,30.5,68.63,3.206,95.2,859,1012,0
2024-04-12,14:00,30.5,67.13,2.984,95,828,1011,0
2024-04-12,15:00,30.28,70.13,3.03,99.4,700.9,1011,0
2024-04-12,16:00,29.67,72.34,3.299,97.2,528.3,1010,0
2024-04-12,17:00,29.39,73.18,3.165,98.6,402.1,1010,0
2024-04-12,18:00,28.72,75.07,3.394,98.3,192.5,1011,0
2024-04-12,19:00,28,79.11,2.523,95.7,16.38,1011,0
2024-04-12,20:00,27.61,80.2,2.625,93.7,0.002,1012,0
2024-04-12,21:00,27.5,82.2,2.684,100,0,1012,0
2024-04-12,22:00,27.5,80.1,2.994,95.6,0,1012,0
2024-04-12,23:00,27.61,77.81,2.717,100.2,0,1013,0
2024-04-13,00:00,27.5,81.8,3.021,92.7,0,1013,0
2024-04-13,01:00,26.89,86.5,2.364,101.2,0,1013,0
2024-04-13,02:00,26.22,84.5,2.342,89,0,1012,0
2024-04-13,03:00,26.61,84.9,2.293,85.1,0,1012,0
2024-04-13,04:00,25.95,90.3,2.585,99.8,0,1012,1.3
2024-04-13,05:00,25.83,88.8,1.835,101,0,1012,0
2024-04-13,06:00,26.41,89.7,2.381,88.6,0.218,1012,1.5
2024-04-13,07:00,25.98,88,2.018,98.8,34.1,1013,0
2024-04-13,08:00,26.41,86,1.934,92.2,148.7,1013,0.5
2024-04-13,09:00,27.83,77.69,3.071,88.7,360.1,1014,0
2024-04-13,10:00,28.28,88.6,3.113,92.5,421.6,1014,2.5
2024-04-13,11:00,27.28,74.42,3.193,92,811,1013,1.3
2024-04-13,12:00,27.22,84.4,3.177,101.4,550.4,1013,3.6
2024-04-13,13:00,28.61,72.99,3.139,86.3,635.9,1013,0
2024-04-13,14:00,29.28,72.14,3.356,92.1,687.5,1012,0
2024-04-13,15:00,28.44,76.57,3.325,94.7,387.8,1011,0
2024-04-13,16:00,28.78,71.89,3.139,95.2,342.4,1011,0
2024-04-13,17:00,28.94,72.7,3.21,90.9,329.5,1011,0
2024-04-13,18:00,28.44,75.34,3.129,89.7,107.4,1012,0
2024-04-13,19:00,27.83,78.05,2.376,87.3,10.01,1012,0
2024-04-13,20:00,27.61,77.89,2.403,94.1,0.001,1012,0
2024-04-13,21:00,27.5,78.45,2.225,93.1,0,1013,0
2024-04-13,22:00,27.33,78.47,2.026,96.8,0,1014,0
2024-04-13,23:00,27.33,80.4,1.834,108.9,0,1014,0
2024-04-14,00:00,27.17,80.7,1.645,105.1,0,1014,0
2024-04-14,01:00,27.17,80.8,1.68,108.2,0,1013,0
2024-04-14,02:00,27.06,77.42,1.887,104.4,0,1013,0
2024-04-14,03:00,26.94,77.03,1.596,111.4,0,1013,0
2024-04-14,04:00,26.83,79.89,1.428,107.8,0,1013,0
2024-04-14,05:00,26.89,79.83,1.452,102.8,0,1013,0
2024-04-14,06:00,26.61,80.2,1.266,104.1,0.3,1013,0
2024-04-14,07:00,26.49,78.28,0.874,108.3,42.92,1014,0
2024-04-14,08:00,27.83,73.35,1.622,93.8,182.4,1015,0
2024-04-14,09:00,28.94,69.4,2.797,92.2,480,1015,0
2024-04-14,10:00,29.33,69.65,2.68,101.2,549.6,1015,0
2024-04-14,11:00,29.72,69.09,2.953,97.3,790.4,1015,0
2024-04-14,12:00,30.22,63.61,2.885,100.6,1001,1015,0
2024-04-14,13:00,30.44,65.31,3.118,106.2,1016,1014,0
2024-04-14,14:00,30.33,66.54,3.005,92.8,916,1013,0
2024-04-14,15:00,30.39,61.34,2.744,94.1,809,1013,0
2024-04-14,16:00,30.11,62.77,2.831,96.7,514.6,1012,0
2024-04-14,17:00,29.83,66.87,2.606,92.1,421.7,1012,0
2024-04-14,18:00,28.89,73.51,2.382,93.8,167.2,1012,0
2024-04-14,19:00,28.06,76.3,1.983,84.6,13.77,1013,0
2024-04-14,20:00,27.56,78.46,1.73,81.9,0.001,1014,0
2024-04-14,21:00,27.44,74.68,1.843,92.7,0,1014,0
2024-04-14,22:00,27.28,74.42,1.672,97.7,0,1015,0
2024-04-14,23:00,27.06,76.83,1.361,92.4,0,1015,0
2024-04-15,00:00,26.89,75.01,1.413,91,0,1015,0
2024-04-15,01:00,26.4,77.88,0.6183,74.97,0,1014,0
2024-04-15,02:00,25.96,79.24,0.5074,88,0,1014,0
2024-04-15,03:00,25.28,84.5,0.3161,95.9,0,1013,0
2024-04-15,04:00,24.82,87.5,0.4278,113.3,0,1013,0
2024-04-15,05:00,24.83,85.5,0.5619,111.2,0,1013,0
2024-04-15,06:00,25.32,84.8,0.8056,107.7,0.393,1014,0
2024-04-15,07:00,25.91,78.98,0.7197,101.2,55.54,1014,0
2024-04-15,08:00,27.94,70.9,1.174,72.35,269.6,1014,0
2024-04-15,09:00,29.11,66.47,2.168,84.6,512.4,1014,0
2024-04-15,10:00,29.67,64.59,2.722,97.3,719.7,1014,0
2024-04-15,11:00,30.06,63.29,2.509,106,858,1014,0
2024-04-15,12:00,30.44,59.63,2.629,96.5,1071,1013,0
2024-04-15,13:00,30.61,65.09,2.746,96.6,1078,1013,0
2024-04-15,14:00,30.44,62.18,2.633,92.1,851,1012,0
2024-04-15,15:00,30.33,64.39,2.569,84.5,850,1011,0
2024-04-15,16:00,30.22,65.55,2.452,86,678.2,1011,0
2024-04-15,17:00,29.61,69.6,2.077,87.4,401.8,1011,0
2024-04-15,18:00,29.06,74.42,1.753,71.39,261.1,1011,0
2024-04-15,19:00,27.89,76.44,2.071,83.4,14.34,1012,0
2024-04-15,20:00,27.28,77.74,1.595,81.4,0.001,1013,0
2024-04-15,21:00,26.89,79.31,1.313,86.3,0,1014,0
2024-04-15,22:00,26.78,80.3,1.085,90.9,0,1014,0
2024-04-15,23:00,26.72,81.7,1.023,94,0,1014,0
2024-04-16,00:00,26.54,81.7,0.6303,99.3,0,1014,0
2024-04-16,01:00,26.83,80.2,0.996,90.5,0,1013,0
2024-04-16,02:00,26.78,82.5,1.109,96.9,0,1013,0
2024-04-16,03:00,26.83,80.9,1.164,92.7,0,1012,0
2024-04-16,04:00,27.06,81.7,1.148,73.25,0,1012,0
2024-04-16,05:00,27.11,80.9,1.333,73.84,0,1012,0
2024-04-16,06:00,27.06,83,1.29,75.12,0.428,1012,0
2024-04-16,07:00,26.89,80.4,1.26,92,67.21,1012,0
2024-04-16,08:00,27.61,80.1,1.437,72.62,131,1013,0
2024-04-16,09:00,27.83,78.4,1.382,68.67,182.4,1013,0
2024-04-16,10:00,27.94,78.92,1.035,48.91,172,1013,0
2024-04-16,11:00,28.06,80.6,1.118,62.37,224.1,1013,0
2024-04-16,12:00,28.06,78.89,1.187,53.5,287.8,1012,0
2024-04-16,13:00,28.5,78.53,1.567,65.77,426.3,1012,0
2024-04-16,14:00,28.83,76.25,1.493,54.39,559.5,1011,0
2024-04-16,15:00,29.33,74.1,2.135,61.65,807,1010,0
2024-04-16,16:00,29.33,73.59,2.295,64.44,722.2,1010,0
2024-04-16,17:00,28.94,75.53,2.162,64.88,448.2,1010,0
2024-04-16,18:00,28.44,77.36,1.948,64.18,201.7,1010,0
2024-04-16,19:00,27.72,77.81,1.977,74.66,12.09,1011,0
2024-04-16,20:00,27.44,78.92,1.775,86.2,0.001,1011,0
2024-04-16,21:00,27.11,79.44,1.582,86.7,0,1012,0
2024-04-16,22:00,26.83,79.96,1.458,88.5,0,1012,0
2024-04-16,23:00,26.67,81.4,1.444,87.8,0,1012,0
2024-04-17,00:00,26.43,83,1.285,89.9,0,1012,0
2024-04-17,01:00,26.37,83.4,1.107,85.6,0,1012,0
2024-04-17,02:00,26.11,83.4,0.8601,93.5,0,1011,0
2024-04-17,03:00,25.9,84.3,0.992,91.2,0,1010,0
2024-04-17,04:00,25.6,83.6,0.8458,84.6,0,1010,0
2024-04-17,05:00,25.72,83.9,0.8606,103.2,0,1010,0
2024-04-17,06:00,25.45,83.9,0.8588,86.2,0.758,1010,0
2024-04-17,07:00,25.81,79.7,0.7497,102.7,53.12,1011,0
2024-04-17,08:00,27.61,71.95,1.544,89.9,231.5,1011,0
2024-04-17,09:00,28.94,66.64,1.965,85.8,469.9,1012,0
2024-04-17,10:00,29.94,67.65,1.865,84.7,709.7,1012,0
2024-04-17,11:00,30.44,60.55,2.165,99.8,877,1011,0
2024-04-17,12:00,30.78,65.37,2.207,82.6,986,1011,0
2024-04-17,13:00,29.89,70.13,1.667,34.72,753.8,1011,0
2024-04-17,14:00,30.06,69.69,1.643,47.3,898,1010,0
2024-04-17,15:00,29.56,68.43,1.762,56.06,699.8,1009,0
2024-04-17,16:00,29.72,69.73,1.711,56.92,654.5,1009,0
2024-04-17,17:00,29.06,70.32,1.901,60.98,418.5,1009,0
2024-04-17,18:00,28.39,72.86,1.965,62.15,179.8,1010,0
2024-04-17,19:00,27.78,72.8,1.79,75.84,12.05,1010,0
2024-04-17,20:00,27.22,76.76,1.337,84.9,0.001,1011,0
2024-04-17,21:00,26.78,79.5,0.9191,94.3,0,1012,0
2024-04-17,22:00,26.44,80.7,0.6285,111.4,0,1012,0
2024-04-17,23:00,26.34,78.84,0.7162,128.1,0,1012,0
2024-04-18,00:00,26.29,79.89,0.6478,127.6,0,1011,0
2024-04-18,01:00,26.19,79.96,0.6366,115,0,1011,0
2024-04-18,02:00,26.22,81.3,0.6057,110.9,0,1010,0
2024-04-18,03:00,25.92,81.1,0.5275,99.2,0,1010,0
2024-04-18,04:00,25.98,81.2,0.5342,65.09,0,1010,0
2024-04-18,05:00,25.74,82.6,0.3912,93.8,0,1010,0
2024-04-18,06:00,25,87,0.595,118.2,0.409,1010,0
2024-04-18,07:00,25.36,77.74,0.5373,106.9,61.47,1011,0
2024-04-18,08:00,28.17,68.63,1.381,77.52,267.1,1011,0
2024-04-18,09:00,29.17,59.89,2.113,99.2,498,1011,0
2024-04-18,10:00,29.89,60.22,2.382,95.3,706.5,1011,0
2024-04-18,11:00,30.5,56.42,2.316,90.3,863,1010,0
2024-04-18,12:00,31.22,53.78,2.256,83.1,960,1010,0
2024-04-18,13:00,31.33,61.53,2.285,77.86,989,1009,0
2024-04-18,14:00,30.94,57.03,2.551,86.4,965,1009,0
2024-04-18,15:00,30.78,58.27,2.431,95.3,832,1008,0
2024-04-18,16:00,30.39,58.72,2.412,86.8,659.8,1008,0
2024-04-18,17:00,29.94,63.42,2.366,105.8,426.9,1008,0
2024-04-18,18:00,29.28,69.67,1.964,111.7,183.1,1009,0
2024-04-18,19:00,28.11,73.9,1.62,93,9.89,1010,0
2024-04-18,20:00,27.61,76.05,1.049,111.2,0.002,1010,0
2024-04-18,21:00,27.22,78.85,0.7023,59.17,0.001,1011,0
2024-04-18,22:00,26.89,80.8,0.4944,27.5,0.001,1011,0
2024-04-18,23:00,26.72,81.5,0.5753,83.4,0.001,1012,0
2024-04-19,00:00,26.51,83.9,0.3527,36.89,0,1012,0
2024-04-19,01:00,26.66,82.7,0.4984,45.17,0,1011,0
2024-04-19,02:00,26.2,86.9,0.4788,85.2,0,1011,0
2024-04-19,03:00,26.08,84.8,0.5204,59.79,0,1010,0
2024-04-19,04:00,25.75,87.7,0.4533,73.77,0,1010,0
2024-04-19,05:00,25.47,88.3,0.3684,44.01,0,1010,0
2024-04-19,06:00,25.29,90.1,0.3237,87.1,0.385,1011,0
2024-04-19,07:00,25.86,83.4,0.414,72.97,68.95,1011,0
2024-04-19,08:00,28.33,75.4,0.9982,90.1,214,1012,0
2024-04-19,09:00,29.56,68.82,1.737,98.1,500.8,1012,0
2024-04-19,10:00,30.83,64.65,1.612,120,769,1012,0
2024-04-19,11:00,30.89,63.87,1.654,156.8,736.8,1012,0
2024-04-19,12:00,31.39,62.64,2.005,143.2,971,1012,0
2024-04-19,13:00,31,72.03,1.697,145,564.6,1011,0
2024-04-19,14:00,30.33,68.43,1.379,248.5,279.4,1010,0
2024-04-19,15:00,30.5,68.95,1.397,42.92,345.3,1009,0
2024-04-19,16:00,30.39,71.23,2.159,109.8,314,1009,0
2024-04-19,17:00,29.67,71.1,1.975,102.9,136.3,1009,0
2024-04-19,18:00,29.33,75.27,2.132,77.66,93.1,1009,0
2024-04-19,19:00,28.56,80,2.065,72,13.86,1010,0
2024-04-19,20:00,28.17,80.7,1.706,73.8,0.002,1011,0
2024-04-19,21:00,28.06,82.1,1.583,83.6,0.001,1012,0
2024-04-19,22:00,27.89,81.1,0.9915,96.5,0.001,1012,0
2024-04-19,23:00,27.72,83.1,0.7488,327.3,0.001,1013,0
2024-04-20,00:00,27.61,84.1,0.8601,52.7,0.001,1013,0
2024-04-20,01:00,27.33,86.2,0.7376,101.1,0.001,1013,0
2024-04-20,02:00,27,85.4,0.7694,93.1,0,1012,0
2024-04-20,03:00,26.83,87.7,0.6272,105.9,0,1012,0
2024-04-20,04:00,26.58,86.5,0.5803,109.9,0,1011,0
2024-04-20,05:00,26.66,87.3,0.5628,96.5,0,1011,0
2024-04-20,06:00,26.89,87.1,0.9491,81.3,0.74,1012,0
2024-04-20,07:00,27.17,84,0.9562,88.1,42.28,1012,0
2024-04-20,08:00,28.5,73.97,1.846,87.2,227,1013,0
2024-04-20,09:00,29.61,70.4,2.482,99.2,414.4,1013,0
2024-04-20,10:00,30.5,67.06,2.857,105.6,697.9,1013,0
2024-04-20,11:00,31.17,62.9,3.011,96.5,907,1013,0
2024-04-20,12:00,31.44,64.07,3.089,103.6,964,1013,0
2024-04-20,13:00,31.39,64,3.178,100.1,968,1012,0
2024-04-20,14:00,31.5,61.53,3.268,93.8,948,1011,0
2024-04-20,15:00,31.72,60.22,3.047,93.2,838,1011,0
2024-04-20,16:00,31.33,66.74,2.811,104.3,646.3,1011,0
2024-04-20,17:00,30.5,65.57,2.617,94.1,402.4,1011,0
2024-04-20,18:00,29.83,71.89,2.16,90.9,153.5,1011,0
2024-04-20,19:00,28.83,76.9,1.925,80.3,12.47,1012,0
2024-04-20,20:00,28.22,79.11,1.587,76.99,0.002,1012,0
2024-04-20,21:00,28.11,79.18,1.629,79.13,0.001,1013,0
2024-04-20,22:00,27.94,78.85,1.45,75.99,0.001,1013,0
2024-04-20,23:00,27.78,79.5,1.299,80.9,0.001,1014,0
2024-04-21,00:00,27.56,84.8,1.341,79.7,0.001,1014,0
2024-04-21,01:00,27.28,84,1.192,79.89,0.001,1013,0
2024-04-21,02:00,27.17,82.6,1.086,79.52,0.001,1013,0
2024-04-21,03:00,27.28,80.2,1.458,80.6,0,1012,0
2024-04-21,04:00,27.11,83.3,1.383,82.5,0,1012,0
2024-04-21,05:00,27,81,1.362,83.2,0,1012,0
2024-04-21,06:00,27.11,80.3,1.543,84.4,0.536,1013,0
2024-04-21,07:00,27.39,78,1.796,82.1,41.71,1013,0
2024-04-21,08:00,28.72,69.6,2.346,84.3,262.6,1014,0
2024-04-21,09:00,29.89,66.41,2.898,91.7,539.9,1014,0
2024-04-21,10:00,30.28,61.98,2.934,95,710,1014,0
2024-04-21,11:00,30.89,62.37,3.113,93.7,887,1014,0
2024-04-21,12:00,31.06,60.53,3.279,91.8,971,1014,0
2024-04-21,13:00,31.33,63.81,3.235,92.1,1007,1013,0
2024-04-21,14:00,31.11,62.83,3.112,100.5,855,1012,0
2024-04-21,15:00,30.83,61.85,3.069,91.6,758.1,1012,0
2024-04-21,16:00,30.61,67.45,2.87,99.4,578.2,1012,0
2024-04-21,17:00,29.72,71.52,2.719,99.6,257.4,1011,0
2024-04-21,18:00,29.28,72.91,2.638,93.1,140.8,1012,0
2024-04-21,19:00,28.67,75.34,1.922,102.9,13.29,1012,0
2024-04-21,20:00,28.28,76.7,1.824,114.8,0.002,1012,0
2024-04-21,21:00,28,76.51,1.516,94.9,0.001,1013,0
2024-04-21,22:00,27.72,76.51,1.061,92.5,0.001,1013,0
2024-04-21,23:00,27.28,78.33,0.6929,102,0.001,1013,0
2024-04-22,00:00,27.11,79.26,0.9111,102.2,0.001,1013,0
2024-04-22,01:00,27.28,79.76,1.41,83,0.001,1012,0
2024-04-22,02:00,27.06,81.1,1.213,83.9,0.001,1012,0
2024-04-22,03:00,26.89,82.2,0.9723,81,0.001,1011,0
2024-04-22,04:00,26.83,81.9,0.9799,84,0,1011,0
2024-04-22,05:00,26.89,82.3,1.187,84.7,0,1011,0
2024-04-22,06:00,26.89,82.3,1.37,86.6,0.514,1012,0
2024-04-22,07:00,27.06,80.5,1.392,92.5,37.11,1012,0
2024-04-22,08:00,28.56,72.53,2.431,84.1,249.7,1013,0
2024-04-22,09:00,29.39,66.28,2.838,89.4,400.6,1013,0
2024-04-22,10:00,30.5,67,3.119,97.1,781.5,1013,0
2024-04-22,11:00,30.78,64.45,3.281,94,852,1013,0
2024-04-22,12:00,31.11,62.05,3.309,91.1,943,1013,0
2024-04-22,13:00,31,65.76,3.603,94.8,882,1012,0
2024-04-22,14:00,30.83,67.98,3.358,96.3,740.3,1011,0
2024-04-22,15:00,30.83,65.24,3.581,94.6,809,1011,0
2024-04-22,16:00,30.33,67.52,3.411,91.6,549.1,1010,0
2024-04-22,17:00,29.44,68.63,3.064,89.7,243.1,1010,0
2024-04-22,18:00,29.22,71.88,2.637,87.5,158.1,1010,0
2024-04-22,19:00,28.44,75.66,2.346,79.95,15.6,1011,0
2024-04-22,20:00,28.06,75.93,1.987,78.55,0.002,1011,0
2024-04-22,21:00,28,77.48,2.074,86.5,0.001,1012,0
2024-04-22,22:00,28,76.96,2.419,86.6,0.001,1012,0
2024-04-22,23:00,27.83,77.87,1.996,86.1,0.002,1012,0
2024-04-23,00:00,27.89,76.88,2.019,90.9,0.002,1012,0
2024-04-23,01:00,27.72,78.72,1.853,84.3,0.001,1012,0
2024-04-23,02:00,27.61,78.53,1.567,93.2,0.001,1012,0
2024-04-23,03:00,27.61,78.14,2.098,100.1,0.001,1012,0
2024-04-23,04:00,27.44,79.44,1.639,102.5,0.001,1011,0
2024-04-23,05:00,27.33,79.24,1.79,85.9,0,1012,0
2024-04-23,06:00,27.28,78.79,2.03,95.9,0.712,1012,0
2024-04-23,07:00,27.72,76.18,2.275,87,57.93,1012,0
2024-04-23,08:00,28.78,71.95,2.807,99.8,243.6,1013,0
2024-04-23,09:00,29.67,67.06,2.864,94.3,495,1013,0
2024-04-23,10:00,30.22,63.28,3.018,101.8,730.2,1013,0
2024-04-23,11:00,30.56,63.54,3.351,107.9,884,1013,0
2024-04-23,12:00,31.28,60.94,3.276,93,973,1013,0
2024-04-23,13:00,31.5,58.83,3.294,99.2,1012,1012,0
2024-04-23,14:00,31.44,62.7,3.528,101.1,973,1012,0
2024-04-23,15:00,31.17,61.98,3.404,90.5,840,1011,0
2024-04-23,16:00,30.72,65.43,3.166,89.8,654.3,1011,0
2024-04-23,17:00,30.06,66.62,3.086,97.6,405.8,1010,0
2024-04-23,18:00,29.33,71.82,3.152,83.1,159,1011,0
2024-04-23,19:00,28.56,73.34,2.865,90,15.72,1011,0
2024-04-23,20:00,28.22,75.14,2.391,104.2,0.002,1012,0
2024-04-23,21:00,28.06,76.31,2.302,96.6,0.001,1013,0
2024-04-23,22:00,28,74.13,2.237,92.2,0.001,1013,0
2024-04-23,23:00,27.89,74.55,2.11,84.8,0.002,1014,0
2024-04-24,00:00,27.5,75.01,2.021,84.9,0.002,1014,0
2024-04-24,01:00,27.39,78.98,1.913,78.48,0.002,1013,0
2024-04-24,02:00,27.44,80,2.252,76.51,0.002,1013,0
2024-04-24,03:00,27.39,81.3,1.973,87.8,0.002,1012,0
2024-04-24,04:00,27.17,82.7,1.328,107.5,0.001,1012,0
2024-04-24,05:00,27.17,82.8,1.36,83.7,0.001,1012,0
2024-04-24,06:00,26.78,89.9,1.063,121.2,0.915,1013,0
2024-04-24,07:00,26.89,81.3,1.604,93.6,53.74,1013,0
2024-04-24,08:00,28.06,77.22,2.407,81.6,154.7,1013,0
2024-04-24,09:00,29.28,69.13,2.348,78.32,401.7,1014,0
2024-04-24,10:00,30,65.05,3.027,94.8,600,1014,0
2024-04-24,11:00,30.61,62.89,3.236,92,830,1014,0
2024-04-24,12:00,31.22,60.55,3.22,98.7,999,1014,0
2024-04-24,13:00,31.11,61.46,3.612,100.5,1001,1013,0
2024-04-24,14:00,31.11,63.81,3.221,104.8,900,1013,0
2024-04-24,15:00,30.78,62.57,3.546,105.5,853,1012,0
2024-04-24,16:00,30.5,66.93,3.213,106.3,597.2,1011,0
2024-04-24,17:00,29.83,67.84,2.926,98.2,345.1,1011,0
2024-04-24,18:00,29.39,71.11,2.661,92.2,133.5,1011,0
2024-04-24,19:00,28.33,73.84,2.302,84.9,16.6,1012,0
2024-04-24,20:00,27.83,75.59,1.738,82.7,0.001,1013,0
2024-04-24,21:00,27.72,76.77,1.219,102.8,0.001,1013,0
2024-04-24,22:00,27.67,77.1,1.401,98.7,0.001,1014,0
2024-04-24,23:00,27.67,76.2,1.541,106,0.001,1014,0
2024-04-25,00:00,27.28,76.5,1.531,90.5,0.002,1014,0
2024-04-25,01:00,27.28,77.22,1.745,83.2,0.002,1013,0
2024-04-25,02:00,27.22,75.14,1.688,83.8,0.002,1013,0
2024-04-25,03:00,27.22,76.47,1.621,86.9,0.001,1013,0
2024-04-25,04:00,27.22,76.9,1.503,112.1,0.001,1012,0
2024-04-25,05:00,27.17,76.57,1.885,86.7,0.001,1012,0
2024-04-25,06:00,27.17,74.55,1.996,85.4,0.985,1013,0
2024-04-25,07:00,27.67,70.91,1.883,90.3,84.7,1013,0
2024-04-25,08:00,28.83,69.6,2.434,90.9,260.8,1014,0
2024-04-25,09:00,29.5,64.59,3.182,99.9,498.4,1014,0
2024-04-25,10:00,30.11,63.6,3.143,92.5,675.2,1014,0
2024-04-25,11:00,30.33,64.65,3.427,89.4,821,1014,0
2024-04-25,12:00,30.78,60.35,3.284,96.1,943,1013,0
2024-04-25,13:00,30.94,62.5,3.405,97.9,963,1013,0
2024-04-25,14:00,31.06,58.27,3.41,98.4,938,1012,0
2024-04-25,15:00,30.78,65.18,3.193,92.9,819,1012,0
2024-04-25,16:00,30.22,67.52,3.112,95.4,554.3,1011,0
2024-04-25,17:00,29.78,67.51,2.856,100.3,351.5,1011,0
2024-04-25,18:00,29.28,71.29,2.686,90.3,115.6,1011,0
2024-04-25,19:00,28.5,73.71,2.656,84.4,15.72,1012,0
2024-04-25,20:00,28.11,75.87,2.062,80.4,0.001,1012,0
2024-04-25,21:00,28.11,74.1,2.335,80.9,0,1013,0
2024-04-25,22:00,28.11,73.9,2.467,83.7,0,1014,0
2024-04-25,23:00,27.78,78.07,2.256,89.8,0.001,1014,0
2024-04-26,00:00,27.72,75.79,2.214,94.7,0.001,1014,0
2024-04-26,01:00,27.78,76.38,2.193,99.4,0.001,1013,0
2024-04-26,02:00,27.72,77.16,2.114,84,0.001,1013,0
2024-04-26,03:00,27.61,76.38,2.313,83,0.001,1012,0
2024-04-26,04:00,27.44,78.27,2.143,81,0.001,1012,0
2024-04-26,05:00,27.44,78.01,2.082,85.4,0.001,1012,0
2024-04-26,06:00,27.56,77.94,2.311,86.6,0.96,1012,0
2024-04-26,07:00,27.72,72.97,2.317,88.1,54.11,1013,0
2024-04-26,08:00,28.78,68.43,3.247,92.1,258.1,1013,0
2024-04-26,09:00,29.61,63.22,3.706,96,526.7,1013,0
2024-04-26,10:00,30.22,62.37,3.648,96.6,755.5,1014,0
2024-04-26,11:00,30.56,61.53,3.688,84.1,900,1014,0
2024-04-26,12:00,30.61,62.44,3.867,85.6,880,1014,0
2024-04-26,13:00,30.83,63.74,3.938,91.8,973,1013,0
2024-04-26,14:00,30.22,72.34,3.499,91.9,534.5,1012,0
2024-04-26,15:00,30,69.28,3.549,86.3,524.5,1012,0
2024-04-26,16:00,29.94,68.04,3.543,94.2,501.8,1012,0
2024-04-26,17:00,29.72,69.28,3.543,91.1,382.6,1011,0
2024-04-26,18:00,28.89,73.71,3.728,83.9,121.1,1011,0
2024-04-26,19:00,28.17,77.42,3.22,73.63,18.38,1012,0
2024-04-26,20:00,27.94,77.23,3.173,81.4,0.002,1012,0
2024-04-26,21:00,28,76.83,3.395,83.5,0,1013,0
2024-04-26,22:00,28.06,75.73,2.952,84,0,1013,0
2024-04-26,23:00,28.11,76.44,2.483,89.3,0,1014,0
2024-04-27,00:00,28,77.55,2.146,93.4,0.001,1013,0
2024-04-27,01:00,27.89,78.07,2.471,88.5,0.001,1013,0
2024-04-27,02:00,27.83,78.14,2.387,85.8,0.001,1013,0
2024-04-27,03:00,27.72,77.94,2.362,85.1,0.001,1012,0
2024-04-27,04:00,27.56,77.42,2.081,87.3,0.001,1012,0
2024-04-27,05:00,27.5,78.4,2.144,85.9,0.001,1012,0
2024-04-27,06:00,27.5,76.64,2.168,83,0.914,1012,0
2024-04-27,07:00,27.78,74.62,2.58,87.6,44.76,1013,0
2024-04-27,08:00,28.83,70.07,3.294,92.8,238.2,1014,0
2024-04-27,09:00,29.78,66.09,3.394,89.4,516.4,1014,0
2024-04-27,10:00,30.17,63.66,4.068,92.1,728.1,1014,0
2024-04-27,11:00,30.56,64.13,3.916,94.1,898,1014,0
2024-04-27,12:00,30.61,65.44,3.903,92.4,872,1014,0
2024-04-27,13:00,30.78,64.98,3.903,90.3,946,1013,0
2024-04-27,14:00,30.72,65.89,3.889,84.9,828,1012,0
2024-04-27,15:00,30.78,66.09,3.782,89.2,780.3,1012,0
2024-04-27,16:00,30.44,66.74,3.335,94.5,511.5,1012,0
2024-04-27,17:00,30.11,71.23,3.036,91.3,329.5,1011,0
2024-04-27,18:00,29.56,72.14,2.886,92.5,121.3,1012,0
2024-04-27,19:00,28.89,75.4,2.434,92,18.01,1012,0
2024-04-27,20:00,28.5,77.16,2.444,89.9,0.002,1013,0
2024-04-27,21:00,28.5,76.77,2.562,97,0,1013,0
2024-04-27,22:00,28.39,76.77,2.349,95.2,0,1014,0
2024-04-27,23:00,28.39,78.4,2.249,98.6,0,1014,0
2024-04-28,00:00,28.28,78.2,2.418,99.9,0,1014,0
2024-04-28,01:00,28.17,79.24,2.123,105.3,0,1014,0
2024-04-28,02:00,27.67,81.1,2.288,103.7,0.001,1013,0
2024-04-28,03:00,27.67,79.24,2.239,109.6,0.001,1013,0
2024-04-28,04:00,27.39,84.8,1.902,100.9,0.001,1013,0
2024-04-28,05:00,27.28,80.8,1.88,90.3,0,1013,0
2024-04-28,06:00,27.28,79.31,2.15,86.2,0.931,1013,0
2024-04-28,07:00,27.44,77.35,2.192,87.8,51.55,1013,0
2024-04-28,08:00,28.61,70.45,2.746,88.3,271.9,1014,0
2024-04-28,09:00,29.72,67.46,3.354,91.6,545.3,1014,0
2024-04-28,10:00,30.17,64.46,3.612,93,757.1,1014,0
2024-04-28,11:00,30.83,63.87,3.093,96.9,875,1014,0
2024-04-28,12:00,31.11,62.05,3.162,92.3,975,1014,0
2024-04-28,13:00,31.22,60.18,3.115,94.1,908,1013,0
2024-04-28,14:00,30.83,57.55,3.176,89.6,711,1012,0
2024-04-28,15:00,30.5,60.62,3.029,94.6,453.4,1011,0
2024-04-28,16:00,30.33,66.87,2.969,88.8,440.4,1011,0
2024-04-28,17:00,29.61,71.17,3.026,88.3,238.4,1011,0
2024-04-28,18:00,29,75.34,2.968,92.2,76.36,1011,0
2024-04-28,19:00,28.44,75.66,2.186,86.2,12.28,1011,0
2024-04-28,20:00,28.17,75.27,2.149,81.7,0.002,1012,0
2024-04-28,21:00,28,77.48,1.907,85.3,0,1013,0
2024-04-28,22:00,27.83,78.13,1.996,82.5,0,1014,0
2024-04-28,23:00,27.72,77.87,1.814,84.9,0,1014,0
2024-04-29,00:00,27.67,78.14,1.749,83.7,0,1014,0
2024-04-29,01:00,27.61,78.2,1.547,81.8,0,1013,0
2024-04-29,02:00,27.5,79.24,1.457,78.44,0,1013,0
2024-04-29,03:00,27.56,77.16,1.744,76.48,0.001,1012,0
2024-04-29,04:00,27.5,79.11,1.635,87.1,0,1012,0
2024-04-29,05:00,27,81.1,1.31,88,0.001,1012,0
2024-04-29,06:00,27,81.5,1.401,87.8,1.553,1012,0
2024-04-29,07:00,27.11,78.46,1.668,85.3,43.9,1012,0
2024-04-29,08:00,28.06,76.51,2.358,77.41,177.3,1012,0
2024-04-29,09:00,28.56,75.66,2.497,73.3,268.4,1013,0
2024-04-29,10:00,29.33,73.84,2.547,75.14,471.2,1013,0
2024-04-29,11:00,29.83,63.68,2.88,76.67,575.7,1013,0
2024-04-29,12:00,30.39,61.66,3.079,93.9,719.4,1012,0
2024-04-29,13:00,30.89,60.16,3.482,93.4,1005,1011,0
2024-04-29,14:00,30.83,63.09,3.599,97.6,933,1011,0
2024-04-29,15:00,30.44,68.23,3.207,93.4,558.4,1010,0
2024-04-29,16:00,29.67,67.26,3.492,101,384.6,1010,0
2024-04-29,17:00,29.83,59.9,3.145,92.6,370.9,1009,0
2024-04-29,18:00,29.33,71.04,3.034,87.6,127.2,1010,0
2024-04-29,19:00,28.44,73.44,2.33,86.2,13.44,1010,0
2024-04-29,20:00,28.06,78.59,1.968,83,0.002,1011,0
2024-04-29,21:00,27.39,77.09,2.098,85.3,0,1011,0
2024-04-29,22:00,27.67,77.81,1.896,84.7,0,1012,0
2024-04-29,23:00,27.72,76.58,1.716,82.9,0,1012,0
2024-04-30,00:00,27.5,81.9,1.709,92.3,0,1012,0
2024-04-30,01:00,26.14,84.3,0.7376,75.33,0,1012,0.3
2024-04-30,02:00,24.98,90.1,0.8199,60.73,0,1011,0.8
2024-04-30,03:00,24.87,91.9,0.473,85.5,0,1011,0
2024-04-30,04:00,25.39,89.9,0.5485,83.1,0,1010,0
2024-04-30,05:00,25.83,89.1,0.5467,107.9,0,1010,0
2024-04-30,06:00,25.98,86.8,1.089,80.4,1.199,1011,0
2024-04-30,07:00,26.43,82.6,1.08,84.1,49.09,1011,0
2024-04-30,08:00,28.17,70.25,1.565,90.6,263.8,1011,0
2024-04-30,09:00,29.33,69.14,2.25,90.7,471.9,1012,0
2024-04-30,10:00,29.83,65.69,2.439,87,597.1,1011,0
2024-04-30,11:00,30.33,63.28,2.734,88,701.9,1011,0
2024-04-30,12:00,30.39,64,2.876,91.8,710.2,1011,0
2024-04-30,13:00,31.06,64.13,3.184,87,1021,1010,0
2024-04-30,14:00,31.11,61.98,3.244,101.9,921,1009,0
2024-04-30,15:00,31.06,61.26,3.341,95.3,838,1009,0
2024-04-30,16:00,30.67,63.35,3.257,92.8,677.9,1009,0
2024-04-30,17:00,30,70.44,2.672,88.5,356.4,1009,0
2024-04-30,18:00,29.17,71.04,2.497,90.1,122.4,1009,0
2024-04-30,19:00,28.44,74.88,2.094,78.65,15.61,1010,0
2024-04-30,20:00,28,73.51,2.532,84.6,0.049,1010,0
2024-04-30,21:00,27.72,74.81,2.11,85.8,0.048,1010,0
2024-04-30,22:00,27.56,71.82,2.172,87.4,0.048,1011,0
2024-04-30,23:00,27.44,71.42,2.334,86.4,0.048,1011,0
2024-05-01,00:00,27.33,72.8,2.179,84.5,0.048,1011,0
2024-05-01,01:00,27.22,71.55,1.934,88.3,0.048,1011,0
2024-05-01,02:00,27.17,74.55,1.473,90,0.048,1011,0
2024-05-01,03:00,27.11,80.5,1.224,94.8,0.048,1010,0
2024-05-01,04:00,26.89,76.11,1.152,94.6,0.049,1010,0
2024-05-01,05:00,27.17,78.01,1.374,81.4,0.048,1010,0
2024-05-01,06:00,27.28,78,1.315,88.1,1.251,1011,0
2024-05-01,07:00,27.56,77.36,1.718,81.1,42,1011,0
2024-05-01,08:00,28.5,71.75,2.408,75.49,209.2,1012,0
2024-05-01,09:00,29.11,72.54,2.39,72.34,306.3,1012,0
2024-05-01,10:00,29.72,67.52,2.877,78.92,457.2,1012,0
2024-05-01,11:00,30.56,66.48,3.2,82.6,658.1,1011,0
2024-05-01,12:00,30.72,64.02,3.332,84.1,724.5,1011,0
2024-05-01,13:00,30.67,78.92,3.545,80.2,646.6,1010,0
2024-05-01,14:00,28.89,69.18,3.562,91.1,772,1010,0
2024-05-01,15:00,29.39,86.5,3.459,100.9,460.9,1009,0.5
2024-05-01,16:00,27.39,89.8,2.576,95.1,331.9,1009,1
2024-05-01,17:00,27.06,91.1,2.445,99.6,142.3,1009,1.3
2024-05-01,18:00,25.63,90.8,2.899,103.4,50.7,1009,1.5
2024-05-01,19:00,25.83,91.2,2.046,102.8,7.531,1010,0.7
2024-05-01,20:00,25.91,91.4,1.718,89.6,0.06,1010,0
2024-05-01,21:00,25.86,91.9,1.598,91.1,0.051,1011,1.6
2024-05-01,22:00,25.82,91.6,2.21,93,0.05,1011,2
2024-05-01,23:00,26.01,88.9,1.188,87.3,0.05,1012,0
2024-05-02,00:00,26.12,89.9,0.8789,57.9,0.05,1012,1.3
2024-05-02,01:00,25.98,89.7,1.436,90.8,0.05,1011,0.5
2024-05-02,02:00,26.16,89.9,0.6782,86.4,0.049,1011,0
2024-05-02,03:00,26.47,89.9,1.348,98.2,0.049,1011,0
2024-05-02,04:00,26.49,87.8,0.8963,97.1,0.05,1011,0
2024-05-02,05:00,26.52,86.6,1.211,109,0.05,1011,0
2024-05-02,06:00,26.09,89.3,1.691,87.5,0.922,1012,0.2
2024-05-02,07:00,25.78,91.9,1.91,95.3,77.7,1012,4.3
2024-05-02,08:00,27.78,78.79,1.81,82.8,291.3,1013,0
2024-05-02,09:00,29.22,75.14,2.652,85.9,512.3,1013,0
2024-05-02,10:00,29.83,71.88,3.211,88,725.2,1012,0
2024-05-02,11:00,30.28,65.63,3.14,92.1,816,1012,0
2024-05-02,12:00,30.56,67.13,3.047,86.8,812,1012,0
2024-05-02,13:00,30.61,64.72,3.438,94.6,980,1011,0
2024-05-02,14:00,30.61,65.17,3.244,94.6,854,1010,0
2024-05-02,15:00,30.67,65.11,2.976,92.8,723.3,1010,0
2024-05-02,16:00,30.28,67.45,3.11,89.1,612.2,1009,0
2024-05-02,17:00,29.72,72.4,2.733,84,328.8,1009,0
2024-05-02,18:00,29.22,70.84,2.251,87.3,150.3,1010,0
2024-05-02,19:00,28.39,74.1,2.085,80.8,15.49,1010,0
2024-05-02,20:00,27.89,76.08,1.552,81.1,0.05,1011,0
2024-05-02,21:00,26.94,82.1,1.634,102.8,0.048,1012,0
2024-05-02,22:00,26.44,80.7,0.9871,115.8,0.049,1012,0
2024-05-02,23:00,26.34,80.2,0.8972,110.8,0.048,1012,0
2024-05-03,00:00,26.29,81.3,0.962,115.6,0.048,1012,0
2024-05-03,01:00,26.05,83.1,0.4551,126.2,0.048,1011,0
2024-05-03,02:00,25.71,83,0.4162,145.7,0.048,1010,0
2024-05-03,03:00,25.89,86.1,0.4913,152.4,0.048,1010,0
2024-05-03,04:00,25.45,85.8,0.4524,105.2,0.048,1010,0
2024-05-03,05:00,25.49,86.8,0.4926,103.3,0.048,1010,0
2024-05-03,06:00,24.83,89.9,0.295,86.3,1.367,1011,0
2024-05-03,07:00,26.16,76.39,0.376,88.9,92,1011,0
2024-05-03,08:00,28.61,72.07,1.224,97.9,240.9,1011,0
2024-05-03,09:00,29.44,71.82,1.986,96.1,441.4,1012,0
2024-05-03,10:00,30.22,68.04,2.11,103.9,696.4,1012,0
2024-05-03,11:00,29.56,68.5,1.978,90.9,585.5,1012,0
2024-05-03,12:00,30.5,62.37,2.182,78.58,989,1011,0
2024-05-03,13:00,31.22,60.88,2.281,97.4,1030,1011,0
2024-05-03,14:00,31.06,62.11,2.203,98.9,864,1010,0
2024-05-03,15:00,31.06,62.83,2.575,104.9,828,1009,0
2024-05-03,16:00,30.44,65.04,2.54,99.8,551.1,1009,0
2024-05-03,17:00,30.11,68.88,2.354,91.8,429.6,1009,0
2024-05-03,18:00,29.22,71.17,2.19,86.1,145.2,1009,0
2024-05-03,19:00,28.33,78.59,2.001,80,15.26,1009,0
2024-05-03,20:00,28,77.55,1.485,85.5,0.051,1010,0
2024-05-03,21:00,28,77.75,1.41,93.4,0.048,1010,0
2024-05-03,22:00,27.67,82.5,1.667,105.2,0.048,1011,0.3
2024-05-03,23:00,26.48,85.8,0.7448,94,0.051,1011,0.2
2024-05-04,00:00,26.94,82.5,0.9544,98.8,0.051,1010,0
2024-05-04,01:00,26.94,82.6,0.7492,103,0.05,1010,0
2024-05-04,02:00,26.78,82.5,0.7783,105.8,0.049,1009,0
2024-05-04,03:00,26.58,83,0.6746,116.2,0.048,1009,0
2024-05-04,04:00,25.87,85.9,0.4824,108.2,0.048,1009,0
2024-05-04,05:00,26,85.8,0.4028,110.3,0.048,1009,0
2024-05-04,06:00,25.94,85.6,0.4005,112,1.379,1010,0
2024-05-04,07:00,26.48,81.9,0.4748,105.8,57.23,1010,0
2024-05-04,08:00,28.78,72.27,1.925,99.3,297.6,1010,0
2024-05-04,09:00,29.72,63.74,2.387,94.2,531.1,1011,0
2024-05-04,10:00,30.44,61.98,2.428,91,710.3,1011,0
2024-05-04,11:00,30.78,61.07,2.68,95.4,859,1011,0
2024-05-04,12:00,31.17,68.3,2.61,97.6,863,1010,0
2024-05-04,13:00,30.72,61.99,2.714,85.3,959,1010,0
2024-05-04,14:00,30.94,64.59,2.638,91.7,886,1009,0
2024-05-04,15:00,30.83,62.57,2.421,105.7,704.1,1008,0
2024-05-04,16:00,31.06,61.27,2.528,98.8,620.5,1008,0
2024-05-04,17:00,31.17,65.11,2.288,97.3,366,1008,0
2024-05-04,18:00,30.39,70.06,2.012,84.6,183.1,1009,0
2024-05-04,19:00,28.83,74.49,1.703,81.2,14.86,1009,0
2024-05-04,20:00,28.17,75.47,1.449,82,0.05,1010,0
2024-05-04,21:00,27.89,76.77,1.252,84.1,0.048,1011,0
2024-05-04,22:00,27.72,77.29,1.339,84.3,0.048,1011,0
2024-05-04,23:00,27.56,79,1.145,93.3,0.048,1011,0
2024-05-05,00:00,27.33,80.5,0.9294,99.3,0.049,1011,0
2024-05-05,01:00,27.33,79.83,1.441,84.6,0.048,1011,0
2024-05-05,02:00,27.11,84.5,1.237,85.9,0.048,1010,0
2024-05-05,03:00,26.83,83.4,1.097,101.7,0.048,1009,0
2024-05-05,04:00,26.89,83.9,0.8731,104.3,0.048,1009,0
2024-05-05,05:00,26.51,85.2,0.4837,124.5,0.048,1009,0
2024-05-05,06:00,26.32,87.1,0.4037,130.6,1.425,1009,0
2024-05-05,07:00,26.89,78.92,0.6428,120.3,79.42,1009,0
2024-05-05,08:00,28.78,71.43,1.587,88.2,254.6,1010,0
2024-05-05,09:00,29.78,64.39,2.172,96.9,485.8,1010,0
2024-05-05,10:00,30.44,64.33,2.309,92.8,638.8,1011,0
2024-05-05,11:00,30.94,66.1,2.39,82.3,761.5,1010,0
2024-05-05,12:00,31.22,61.2,2.631,103.3,921,1010,0
2024-05-05,13:00,31,60.88,2.368,100.6,626,1010,0
2024-05-05,14:00,29.89,76.06,1.768,70.02,357.5,1009,0
2024-05-05,15:00,28.94,74.23,1.595,64.16,366.2,1009,0.6
2024-05-05,16:00,30.39,68.55,1.339,49.14,653.4,1009,0
2024-05-05,17:00,30.17,68.5,1.448,52.96,478.4,1009,0
2024-05-05,18:00,29.5,74.75,1.537,67.96,227.3,1009,0
2024-05-05,19:00,28.39,77.62,1.91,74.14,17.85,1009,0
2024-05-05,20:00,28.06,80,1.614,77.75,0.05,1010,0
2024-05-05,21:00,28.06,78.07,1.695,75.9,0.048,1010,0
2024-05-05,22:00,27.78,80.8,1.484,84.4,0.048,1011,0
2024-05-05,23:00,27.61,79.32,1.479,84.3,0.048,1011,0
2024-05-06,00:00,27.39,79.24,1.359,83.4,0.048,1011,0
2024-05-06,01:00,27.28,81.1,0.9862,88.1,0.048,1010,0
2024-05-06,02:00,26.89,82.1,0.7112,115.9,0.048,1010,0
2024-05-06,03:00,26.49,82.7,0.549,99,0.048,1010,0
2024-05-06,04:00,26.41,83.4,0.5472,99.8,0.048,1009,0
2024-05-06,05:00,26.46,81,0.6558,104,0.048,1010,0
2024-05-06,06:00,26.45,80.9,0.7747,102.1,1.512,1010,0
2024-05-06,07:00,26.72,79.75,0.8731,91.6,37.73,1010,0
2024-05-06,08:00,27.78,74.36,1.355,92.9,152.3,1010,0
2024-05-06,09:00,28.72,72.27,1.844,75.98,289.8,1011,0
2024-05-06,10:00,29.06,72.21,1.634,61.9,363.9,1011,0
2024-05-06,11:00,29.06,71.56,1.564,68.51,400.2,1011,0
2024-05-06,12:00,29.33,69.21,1.495,54.81,486.2,1010,0
2024-05-06,13:00,30.22,68.04,1.92,55.66,933,1009,0
2024-05-06,14:00,30.44,65.96,1.793,57.8,947,1009,0
2024-05-06,15:00,30.44,67.06,1.743,58.6,839,1009,0
2024-05-06,16:00,30.28,67.79,1.754,58.31,690.1,1009,0
2024-05-06,17:00,29.94,68.78,1.621,56.01,495.5,1009,0
2024-05-06,18:00,29.33,73.87,1.442,63.6,209.5,1009,0
2024-05-06,19:00,28.17,76.84,1.617,68.12,17.39,1010,0
2024-05-06,20:00,27.83,77.74,1.442,81.9,0.05,1010,0
2024-05-06,21:00,27.44,78.2,1.167,77.62,0.048,1011,0
2024-05-06,22:00,27.33,78.03,0.9361,85.9,0.048,1011,0
2024-05-06,23:00,27.33,78.59,1.099,83.3,0.048,1012,0
2024-05-07,00:00,27.17,78.53,0.9178,85,0.048,1011,0
2024-05-07,01:00,26.94,80.7,0.7989,102.3,0.048,1011,0
2024-05-07,02:00,26.67,82,0.6741,102.8,0.048,1010,0
2024-05-07,03:00,26.54,81.5,0.625,101.3,0.048,1010,0
2024-05-07,04:00,26.54,81,0.8547,102.7,0.048,1009,0
2024-05-07,05:00,26.57,80.2,0.8914,96.1,0.048,1010,0
2024-05-07,06:00,26.48,80.7,0.9272,96.1,1.875,1010,0
2024-05-07,07:00,27.28,74.94,1.002,91.2,91.2,1010,0
2024-05-07,08:00,29.06,68.62,1.45,65.01,310.3,1011,0
2024-05-07,09:00,28.83,73.71,1.667,66.77,220.1,1011,0
2024-05-07,10:00,29.11,69.01,2.001,74.71,342.5,1011,0
2024-05-07,11:00,30.28,61.27,2.417,85.1,625.3,1011,0
2024-05-07,12:00,31.11,58.14,2.786,88.4,914,1011,0
2024-05-07,13:00,31.33,60.01,2.887,90.9,933,1011,0
2024-05-07,14:00,31,63.79,2.86,102.1,787.9,1010,0
2024-05-07,15:00,30.67,67.13,2.849,89.6,589.2,1009,0
2024-05-07,16:00,30,67.39,2.588,82.4,435.1,1009,0
2024-05-07,17:00,30.11,65.57,2.6,89.7,401.3,1009,0
2024-05-07,18:00,29.44,72.08,2.616,86.5,215.1,1009,0
2024-05-07,19:00,28.67,74.49,2.27,85.4,25.62,1010,0
2024-05-07,20:00,28.06,75.73,1.948,78.61,0.051,1010,0
2024-05-07,21:00,27.94,77.54,1.663,80,0.048,1011,0
2024-05-07,22:00,27.72,77.23,1.34,73.35,0.048,1011,0
2024-05-07,23:00,27.78,78.66,1.082,100.3,0.048,1012,0
2024-05-08,00:00,27.33,78.85,1.232,98,0.048,1011,0
2024-05-08,01:00,26.63,81.6,0.3465,340.4,0.048,1011,0
2024-05-08,02:00,26.57,78.18,0.4761,23.24,0.048,1010,0
2024-05-08,03:00,26.5,82.3,0.4681,32.32,0.048,1010,0
2024-05-08,04:00,25.84,86.1,0.2968,113.6,0.048,1010,0
2024-05-08,05:00,25.73,86.9,0.3,125.5,0.048,1010,0
2024-05-08,06:00,25.93,85.5,0.4707,135.3,2.242,1010,0
2024-05-08,07:00,26.78,78.01,0.6433,98.2,81.3,1011,0
2024-05-08,08:00,28.44,77.68,1.693,88.6,167.7,1011,0
2024-05-08,09:00,29.06,68.69,2.015,108.9,385.9,1012,0
2024-05-08,10:00,29.83,64.46,2.71,97.8,579.9,1012,0
2024-05-08,11:00,30.39,58.78,2.438,96.1,664.7,1012,0
2024-05-08,12:00,31.33,61.59,2.093,90.4,809,1011,0
2024-05-08,13:00,31.11,62.85,2.625,89.3,874,1011,0
2024-05-08,14:00,31.11,61.33,2.525,107.1,829,1010,0
2024-05-08,15:00,30.78,64.79,2.713,103.1,662.8,1010,0
2024-05-08,16:00,30.39,68.23,2.633,93.9,528.4,1010,0
2024-05-08,17:00,30.22,70.6,2.354,91.3,385.2,1010,0
2024-05-08,18:00,29.39,74.03,2.182,84.6,125.2,1010,0
2024-05-08,19:00,28.61,77.81,1.904,80.5,12.88,1011,0
2024-05-08,20:00,28.33,78.46,1.53,67.75,0.052,1011,0
2024-05-08,21:00,28.44,78.46,1.829,76.09,0.048,1012,0
2024-05-08,22:00,28.22,85.3,1.584,85.6,0.048,1013,0
2024-05-08,23:00,27.56,86.2,1.447,112.6,0.048,1013,1
2024-05-09,00:00,26.23,89.9,0.6343,54.08,0.048,1013,0.2
2024-05-09,01:00,26.78,89.7,0.6853,32.61,0.051,1012,0.3
2024-05-09,02:00,26.94,86.9,0.6715,21.31,0.051,1012,0
2024-05-09,03:00,27.28,84.8,0.9732,41.22,0.05,1011,0
2024-05-09,04:00,27.28,84.5,0.9003,40.58,0.049,1011,0
2024-05-09,05:00,27.5,85.3,1.718,81.1,0.049,1011,0
2024-05-09,06:00,27.5,83.7,2.063,88.5,1.873,1011,0
2024-05-09,07:00,27.94,80.4,2.217,89.2,98.7,1012,0
2024-05-09,08:00,28.83,76.18,2.54,95,276.4,1012,0
2024-05-09,09:00,29.61,71.17,3.274,99.5,475.1,1013,0
2024-05-09,10:00,30.56,71.5,2.936,99.4,710.2,1013,0
2024-05-09,11:00,30.83,72.8,2.71,93.8,654.2,1013,0
2024-05-09,12:00,30.78,70.71,2.808,95.5,596.8,1013,0
2024-05-09,13:00,30.78,70.06,2.915,93.5,566.4,1012,0
2024-05-09,14:00,30.94,66.22,2.918,96.3,699.1,1012,0
2024-05-09,15:00,31.11,70.45,2.636,95.4,666.8,1011,0
2024-05-09,16:00,30.5,73.19,2.268,100.1,368.2,1011,0
2024-05-09,17:00,30.06,74.62,2.215,92.1,227.7,1011,0
2024-05-09,18:00,29.89,76.15,2.28,92.4,187.1,1011,0
2024-05-09,19:00,29.11,79.9,1.783,80.9,19.11,1012,0
2024-05-09,20:00,28.72,81.9,1.587,80,0.051,1013,0
2024-05-09,21:00,28.56,81.7,1.594,74.28,0.047,1013,0
2024-05-09,22:00,28.44,82.4,1.638,78.64,0.047,1014,0
2024-05-09,23:00,28.44,82,1.675,77.29,0.047,1014,0
2024-05-10,00:00,28.33,83.4,1.578,74.78,0.047,1014,0
2024-05-10,01:00,28.28,84.1,1.704,77.5,0.047,1014,0
2024-05-10,02:00,28.17,83.1,1.884,79.16,0.047,1013,0
2024-05-10,03:00,28.06,83.8,1.354,80.4,0.047,1012,0
2024-05-10,04:00,28.06,83.9,1.712,81.8,0.047,1012,0
2024-05-10,05:00,28,83.4,1.801,84.6,0.047,1012,0
2024-05-10,06:00,28.06,83.6,1.732,83.6,1.692,1013,0
2024-05-10,07:00,28.44,81.3,2.014,83.4,67.99,1013,0
2024-05-10,08:00,29.39,75.15,2.477,89.2,254.2,1013,0
2024-05-10,09:00,30.22,72.34,2.945,85.5,474.7,1014,0
2024-05-10,10:00,30.94,68.24,2.92,86.1,672.3,1014,0
2024-05-10,11:00,31.22,66.35,2.848,93.2,727.1,1014,0
2024-05-10,12:00,31.61,62.18,3.255,88.6,994,1014,0
2024-05-10,13:00,31.94,63.09,3.076,90.6,976,1013,0
2024-05-10,14:00,31.94,62.97,2.84,91.4,922,1013,0
2024-05-10,15:00,31.5,66.87,2.878,97.1,661.9,1012,0
2024-05-10,16:00,30.83,72.6,2.565,92.8,296.5,1012,0
2024-05-10,17:00,30.5,73.97,2.416,77.09,241.2,1012,0
2024-05-10,18:00,29.72,71.23,2.821,82.1,138.2,1012,0
2024-05-10,19:00,28.94,75.53,2.616,79.43,14.37,1013,0
2024-05-10,20:00,28.61,76.83,2.516,78.65,0.051,1014,0
2024-05-10,21:00,28.5,79.57,2.406,79.75,0.047,1014,0
2024-05-10,22:00,28.39,78.48,2.472,80.8,0.047,1015,0
2024-05-10,23:00,28.33,80.2,2.103,80.2,0.047,1015,0
2024-05-11,00:00,28.22,79.79,1.824,87,0.047,1015,0
2024-05-11,01:00,28.06,78.27,2.199,81.4,0.047,1014,0
2024-05-11,02:00,27.94,78.66,1.707,82.8,0.047,1014,0
2024-05-11,03:00,27.72,78.92,1.583,84.3,0.047,1013,0
2024-05-11,04:00,27.56,80.4,1.397,82.6,0.047,1013,0
2024-05-11,05:00,27.56,80.9,1.356,83.3,0.047,1013,0
2024-05-11,06:00,27.5,81.5,1.692,87.7,1.778,1013,0
2024-05-11,07:00,27.72,84.5,1.756,80.9,39.08,1013,0
2024-05-11,08:00,28.67,74.95,2.497,79.72,261.4,1014,0
2024-05-11,09:00,29.72,83.1,2.731,88.2,437.7,1014,0
2024-05-11,10:00,29.89,69.8,2.829,87.2,658.1,1014,0
2024-05-11,11:00,30.72,66.54,3.446,82.1,862,1014,0
2024-05-11,12:00,31.06,67.46,3.449,91.8,911,1013,0
2024-05-11,13:00,31.33,67,3.276,90.3,937,1013,0
2024-05-11,14:00,31.44,65.44,3.185,92,885,1012,0
2024-05-11,15:00,31.17,62.83,3.453,91.3,751,1012,0
2024-05-11,16:00,31.22,62.38,3.213,95.1,477.2,1011,0
2024-05-11,17:00,31.11,69.15,2.96,88.6,308.3,1011,0
2024-05-11,18:00,30.17,73.84,2.527,72.95,165,1011,0
2024-05-11,19:00,28.67,82.2,2.265,76.27,19.57,1012,0.2
2024-05-11,20:00,27.39,87.5,1.595,86.5,0.052,1012,0.3
2024-05-11,21:00,27.44,84.2,1.568,88.9,0.049,1013,0
2024-05-11,22:00,27.44,84.7,1.563,84.9,0.049,1013,0.2
2024-05-11,23:00,27.33,79.78,1.743,86.5,0.049,1014,0
2024-05-12,00:00,27.67,80.2,1.89,85.3,0.047,1014,0
2024-05-12,01:00,27.61,79.05,2.089,84.8,0.047,1013,0
2024-05-12,02:00,27.61,77.68,1.802,83.7,0.047,1012,0
2024-05-12,03:00,27.56,79.57,1.844,85.2,0.047,1012,0
2024-05-12,04:00,27.5,81.3,1.567,84.7,0.047,1012,0
2024-05-12,05:00,27.56,79.96,1.645,83.5,0.047,1012,0
2024-05-12,06:00,27.56,81.5,1.57,85.3,2.417,1012,0
2024-05-12,07:00,27.89,77.16,1.764,82.8,61.05,1012,0
2024-05-12,08:00,29.11,71.88,2.343,84.7,276.4,1013,0
2024-05-12,09:00,29.78,71.04,2.914,79.15,446.1,1013,0
2024-05-12,10:00,30.17,66.77,2.824,86.1,546.5,1013,0
2024-05-12,11:00,30.83,62.89,3.408,96.1,903,1013,0
2024-05-12,12:00,30.33,68.11,3.141,88.8,830,1012,0.3
2024-05-12,13:00,29.78,78.2,3.076,87.8,884,1011,2.3
2024-05-12,14:00,30.39,64.27,3.356,88.8,897,1011,0
2024-05-12,15:00,30.78,67.72,2.924,90.5,799.1,1010,0
2024-05-12,16:00,30.78,69.28,2.799,91.8,627.8,1010,0
2024-05-12,17:00,29.89,72.01,2.785,83.6,295.7,1010,0
2024-05-12,18:00,29.22,73.9,2.236,84,97.1,1010,0
2024-05-12,19:00,28.67,75.59,1.945,83.7,14.44,1011,0
2024-05-12,20:00,28.28,79.5,1.593,88.2,0.052,1011,0
2024-05-12,21:00,28.06,76.77,1.672,82.3,0.047,1012,0
2024-05-12,22:00,27.5,83.6,1.469,97.3,0.047,1012,0
2024-05-12,23:00,27.06,81.6,0.9062,116.8,0.047,1012,0
2024-05-13,00:00,27.39,80.4,0.8842,119.8,0.047,1012,0
2024-05-13,01:00,27.28,81.2,0.7197,133,0.047,1011,0
2024-05-13,02:00,27.06,82,0.9513,123,0.047,1011,0
2024-05-13,03:00,27.17,78.85,1.837,109.9,0.047,1010,0
2024-05-13,04:00,27.06,83.3,1.194,113.1,0.047,1010,0
2024-05-13,05:00,26.83,83.7,0.7452,99.1,0.047,1011,0
2024-05-13,06:00,26.83,81.5,0.9839,103.7,2.066,1011,0
2024-05-13,07:00,27.39,75.96,1.186,110.5,53.1,1011,0
2024-05-13,08:00,28.94,69.74,1.768,117.3,276.2,1011,0
2024-05-13,09:00,29.78,66.29,2.3,122.3,482.8,1011,0
2024-05-13,10:00,30.11,66.61,2.697,108.4,607.7,1012,0
2024-05-13,11:00,30.5,64.07,2.838,97.8,723.3,1011,0
2024-05-13,12:00,30.56,64.65,2.997,93.8,666,1011,0
2024-05-13,13:00,30.78,64.46,3.053,96,792.8,1010,0
2024-05-13,14:00,31.11,61.33,2.704,103.2,829,1009,0
2024-05-13,15:00,31.22,63.23,2.755,105.2,800,1009,0
2024-05-13,16:00,30.11,72.54,2.722,105.3,534.1,1009,0
2024-05-13,17:00,29.67,69.48,2.335,92.7,396.7,1009,0
2024-05-13,18:00,29.78,71.37,2.692,93,189.3,1009,0
2024-05-13,19:00,29,74.62,2.206,98.1,16.65,1010,0
2024-05-13,20:00,28.61,76.05,2.113,105.2,0.052,1010,0
2024-05-13,21:00,28.39,75.79,1.697,102.3,0.047,1011,0
2024-05-13,22:00,28.5,77.36,1.876,105.7,0.047,1012,0
2024-05-13,23:00,28.33,78.32,1.72,103.2,0.047,1012,0
2024-05-14,00:00,28.17,79.77,1.09,103.3,0.047,1012,0
2024-05-14,01:00,28,79.83,1.252,111.8,0.047,1012,0
2024-05-14,02:00,27.72,81.7,1.056,115.5,0.047,1011,0
2024-05-14,03:00,27.5,82.3,0.7868,124.8,0.047,1011,0
2024-05-14,04:00,27.5,83.6,0.6943,111.5,0.047,1011,0
2024-05-14,05:00,26.83,86.1,0.7162,107.5,0.047,1011,0
2024-05-14,06:00,26.49,88.4,0.3013,22.43,1.978,1011,0
2024-05-14,07:00,26.78,84.2,0.6513,92,53.6,1012,0
2024-05-14,08:00,29,74.03,2.062,91.6,260.6,1012,0
2024-05-14,09:00,29.56,71.23,2.229,90.4,316,1013,0
2024-05-14,10:00,30.61,68.24,2.449,95.3,625.8,1013,0
2024-05-14,11:00,31,64.59,2.751,89.3,770.7,1013,0
2024-05-14,12:00,31.28,63.81,2.966,91.5,893,1013,0
2024-05-14,13:00,31.61,62.69,3.183,96.3,992,1012,0
2024-05-14,14:00,31.67,64.07,3.149,91,940,1011,0
2024-05-14,15:00,31.39,62.96,3.252,95.2,819,1011,0
2024-05-14,16:00,31.06,65.43,2.991,98.8,627.4,1011,0
2024-05-14,17:00,30.56,70.65,2.694,89.8,418.2,1010,0
2024-05-14,18:00,29.83,72.08,2.345,89.1,160.7,1011,0
2024-05-14,19:00,29.22,74.69,1.76,93,18.75,1012,0
2024-05-14,20:00,28.67,76.71,1.347,88.6,0.054,1012,0
2024-05-14,21:00,28.56,78.53,1.144,69.39,0.047,1013,0
2024-05-14,22:00,28.61,78.59,1.497,97.9,0.047,1014,0
2024-05-14,23:00,28.06,86.4,1.5,109.1,0.047,1014,0.2
2024-05-15,00:00,27.67,83.5,1.916,111.5,0.049,1014,0
2024-05-15,01:00,27.83,83.4,1.487,112.8,0.048,1014,0
2024-05-15,02:00,27.83,82.4,1.512,110.3,0.047,1013,0
2024-05-15,03:00,27.89,82,1.344,102,0.047,1013,0
2024-05-15,04:00,27.83,81.1,1.301,109.5,0.047,1013,0
2024-05-15,05:00,27.94,81.2,1.655,95.4,0.047,1013,0
2024-05-15,06:00,27.94,80,1.663,94.8,1.903,1013,0
2024-05-15,07:00,28.33,77.42,1.977,87.2,68.09,1013,0
2024-05-15,08:00,29.56,73.58,2.788,88.1,314.5,1014,0
2024-05-15,09:00,30.28,70.13,3.055,88.3,544,1014,0
2024-05-15,10:00,30.78,71.23,3.287,99.2,689.3,1014,0
2024-05-15,11:00,31,68.5,3.444,97.2,749.4,1014,0
2024-05-15,12:00,30.94,67.92,3.217,94.2,745.8,1013,0
2024-05-15,13:00,31.39,66.15,3.929,102.4,979,1013,0
2024-05-15,14:00,31.33,68.89,3.853,99.3,901,1012,0
2024-05-15,15:00,31.17,68.24,3.576,103.7,741.1,1011,0
2024-05-15,16:00,30.61,82.1,3.451,90.2,465.9,1011,0.3
2024-05-15,17:00,29.61,73.25,2.949,89,338.8,1011,0
2024-05-15,18:00,29.39,82.2,2.875,97,174.1,1011,0
2024-05-15,19:00,28.67,76.64,2.354,102.1,10.62,1011,0
2024-05-15,20:00,28,86.3,2.731,108.2,0.054,1012,0
2024-05-15,21:00,27.56,87.7,2.224,99.4,0.05,1012,1
2024-05-15,22:00,27.44,87.2,2.634,107,0.051,1013,0.3
2024-05-15,23:00,27.28,86.1,2.806,111,0.048,1013,0.2
2024-05-16,00:00,27.94,81,2.351,102.5,0.047,1013,0
2024-05-16,01:00,27.83,81,2.217,98.8,0.047,1013,0
2024-05-16,02:00,28.06,82.6,2.062,92.3,0.047,1012,0
2024-05-16,03:00,27.83,85.7,1.821,96,0.047,1012,0
2024-05-16,04:00,27.83,82.1,1.967,98.8,0.047,1012,0
2024-05-16,05:00,28.06,78.26,2.367,93.4,0.047,1012,0
2024-05-16,06:00,28,78.27,2.234,99.8,2.126,1012,0
2024-05-16,07:00,28.44,74.73,2.237,88.3,80.4,1013,0
2024-05-16,08:00,29.28,75.74,2.614,90.6,270.9,1013,0
2024-05-16,09:00,29.89,69.29,2.886,90.5,515,1013,0
2024-05-16,10:00,30.33,69.22,3.652,97.2,638.2,1013,0
2024-05-16,11:00,30.89,68.37,3.412,98.7,846,1013,0
2024-05-16,12:00,31.11,68.3,3.603,100.9,951,1012,0
2024-05-16,13:00,31.22,65.96,3.697,92.3,943,1012,0
2024-05-16,14:00,31.33,69.35,3.621,93.9,894,1011,0
2024-05-16,15:00,30.94,67.02,3.831,93.2,738.8,1010,0
2024-05-16,16:00,30.78,69.28,3.608,100.7,614.3,1010,0
2024-05-16,17:00,30.28,73.25,3.375,100.5,337.2,1010,0
2024-05-16,18:00,29.78,73.51,3.043,98.5,131.3,1010,0
2024-05-16,19:00,29.22,74.88,2.93,90,19.91,1011,0
2024-05-16,20:00,28.94,76.9,2.646,95.9,0.053,1012,0
2024-05-16,21:00,28.39,78.46,2.317,90.4,0.047,1013,0
2024-05-16,22:00,28.61,75.27,2.896,86.3,0.047,1013,0
2024-05-16,23:00,28.61,75.53,2.604,85.8,0.046,1013,0
2024-05-17,00:00,28.5,76.34,2.394,93.1,0.046,1013,0
2024-05-17,01:00,28.39,77.68,2.426,93.7,0.046,1013,0
2024-05-17,02:00,28.33,80.1,2.509,92,0.046,1012,0
2024-05-17,03:00,28.06,78.66,2.28,86.6,0.046,1012,0
2024-05-17,04:00,27.94,77.75,2.334,82.8,0.046,1012,0
2024-05-17,05:00,27.83,78.04,2.009,86.3,0.046,1012,0
2024-05-17,06:00,27.78,77.23,1.724,85.8,2.318,1012,0
2024-05-17,07:00,28.22,73.83,1.849,86.4,76.07,1012,0
2024-05-17,08:00,29.17,75.53,2.728,85.3,244.7,1012,0
2024-05-17,09:00,29.94,66.22,2.972,91.3,489.5,1013,0
2024-05-17,10:00,30.61,65.37,3.17,94.8,714.5,1013,0
2024-05-17,11:00,31.17,63.44,3.328,93.1,900,1012,0
2024-05-17,12:00,31.33,62.31,3.608,97.2,1000,1012,0
2024-05-17,13:00,31.33,58.34,3.237,90,845,1011,0
2024-05-17,14:00,31.56,63.88,3.169,85.3,844,1010,0
2024-05-17,15:00,31,63.91,2.846,89.2,484.2,1010,0
2024-05-17,16:00,30.83,68.96,2.666,81.5,445.8,1010,0
2024-05-17,17:00,30.11,70.97,2.42,77.58,268.2,1010,0
2024-05-17,18:00,29.94,72.34,2.47,78.69,220.4,1010,0
2024-05-17,19:00,29,75.53,2.667,78.88,21.46,1010,0
2024-05-17,20:00,28.44,78.07,2.504,79.52,0.055,1011,0
2024-05-17,21:00,28.22,77.74,2.141,84.3,0.047,1012,0
2024-05-17,22:00,28.17,79.24,1.988,83.5,0.047,1012,0
2024-05-17,23:00,28.17,77.81,2.248,84,0.046,1012,0
2024-05-18,00:00,28.17,78.33,2.35,81.6,0.046,1012,0
2024-05-18,01:00,26.67,85.2,1.585,94.8,0.047,1011,0
2024-05-18,02:00,27.22,79.05,1.735,84.7,0.046,1011,0
2024-05-18,03:00,27.39,78.72,1.861,82.7,0.046,1010,0
2024-05-18,04:00,27.33,78.38,1.796,83.6,0.046,1010,0
2024-05-18,05:00,27.44,77.94,2.002,83,0.046,1010,0
2024-05-18,06:00,27.61,76.76,2.216,92.4,2.322,1010,0
2024-05-18,07:00,28,75.53,1.986,88.6,57.31,1010,0
2024-05-18,08:00,29,68.01,2.277,93.4,249.7,1011,0
2024-05-18,09:00,30.17,66.6,2.795,95.2,503.4,1011,0
2024-05-18,10:00,30.89,65.96,2.712,94.1,708.1,1011,0
2024-05-18,11:00,31.06,65.96,3.04,89.2,797,1011,0
2024-05-18,12:00,31.33,65.31,3.11,98.3,888,1010,0
2024-05-18,13:00,31.28,68.11,3.055,93.4,796.7,1010,0
2024-05-18,14:00,31.22,67.13,3.11,100.4,744.1,1009,0
2024-05-18,15:00,31.22,65.24,3.389,94.1,718.8,1009,0
2024-05-18,16:00,31.17,67.38,3.322,94.3,639.3,1008,0
2024-05-18,17:00,31.11,67.65,2.965,93.1,348.3,1008,0
2024-05-18,18:00,30.06,71.95,2.773,86.1,127.1,1008,0
2024-05-18,19:00,28.89,80.9,2.39,88.5,19.58,1009,0
2024-05-18,20:00,28.28,78.07,1.954,91.4,0.051,1009,0
2024-05-18,21:00,28.56,77.48,2.367,86.5,0.046,1010,0
2024-05-18,22:00,28.06,79.76,2.541,88.8,0.046,1010,0
2024-05-18,23:00,27.72,83.2,2.443,90.6,0.046,1011,0.3
2024-05-19,00:00,26.83,81.1,2.055,94,0.048,1010,0.2
2024-05-19,01:00,27.72,78.2,2.691,86.4,0.048,1010,0
2024-05-19,02:00,27.89,78.92,2.444,87.9,0.045,1009,0
2024-05-19,03:00,27.94,74.69,2.608,86.7,0.045,1009,0
2024-05-19,04:00,27.83,77.58,2.554,86.7,0.045,1009,0
2024-05-19,05:00,27.94,75.99,2.748,83.6,0.045,1009,0
2024-05-19,06:00,27.94,75.79,2.59,86.8,2.404,1009,0
2024-05-19,07:00,28.17,74.68,2.803,85.3,43.84,1009,0
2024-05-19,08:00,29.22,68.76,3.211,86.3,296.2,1010,0
2024-05-19,09:00,30,65.59,3.521,90.8,506.3,1010,0
2024-05-19,10:00,30.56,64.91,3.786,92,707.2,1010,0
2024-05-19,11:00,30.94,62.96,3.706,88.9,856,1010,0
2024-05-19,12:00,31.22,61.73,3.652,89.7,932,1009,0
2024-05-19,13:00,31.39,62.24,3.585,89.5,960,1009,0
2024-05-19,14:00,31.44,63.28,3.697,85.7,916,1009,0
2024-05-19,15:00,31.28,64,3.304,85.3,761.1,1008,0
2024-05-19,16:00,30.83,66.93,2.94,89,522.5,1008,0
2024-05-19,17:00,30.67,67.07,2.795,92.8,398.2,1008,0
2024-05-19,18:00,29.83,70.58,2.626,80.3,143.7,1009,0
2024-05-19,19:00,29.17,73.65,2.1,84.7,17,1009,0
2024-05-19,20:00,28.83,75.48,2.047,83.9,0.055,1010,0
2024-05-19,21:00,28.67,76.09,2.194,86.1,0.045,1010,0
2024-05-19,22:00,28.61,76.45,2.303,85.4,0.045,1011,0
2024-05-19,23:00,28.61,76.71,2.181,91.8,0.045,1011,0
2024-05-20,00:00,28.5,77.92,2.196,101.9,0.045,1011,0
2024-05-20,01:00,28.33,78.46,2.15,110.5,0.045,1010,0
2024-05-20,02:00,28.17,77.29,2.063,108.3,0.045,1010,0
2024-05-20,03:00,28.17,79.11,2.199,113.2,0.045,1010,0
2024-05-20,04:00,28.06,78.98,1.911,106.2,0.045,1009,0
2024-05-20,05:00,28.06,80.6,1.746,103.3,0.045,1010,0
2024-05-20,06:00,28,79.96,1.714,103.8,3.131,1010,0
2024-05-20,07:00,28.44,75.66,2.2,104.1,75.24,1010,0
2024-05-20,08:00,29.44,72.56,2.731,100.7,260.4,1011,0
2024-05-20,09:00,30.11,68.5,2.995,96.9,453.9,1011,0
2024-05-20,10:00,30.78,67.72,3.066,97.2,643.2,1012,0
2024-05-20,11:00,31,70.71,3.416,97.2,683.9,1011,0
2024-05-20,12:00,31,67.39,3.724,97.3,820,1011,0
2024-05-20,13:00,30.89,68.04,3.693,100.9,810,1010,0
2024-05-20,14:00,31.28,69.09,3.625,101.4,833,1010,0
2024-05-20,15:00,31.11,67.88,3.777,95,709.1,1010,0
2024-05-20,16:00,30.44,77.49,3.518,102.6,454.8,1009,0
2024-05-20,17:00,28.83,76,2.836,100.9,344,1009,0.8
2024-05-20,18:00,29.39,77.75,3.214,91.9,183.3,1009,0
2024-05-20,19:00,28.83,80.1,2.891,89,19.11,1010,0
2024-05-20,20:00,28.61,79.33,2.831,88.6,0.055,1011,0
2024-05-20,21:00,28.72,78.93,2.611,91.5,0.045,1011,0
2024-05-20,22:00,28.61,79.7,2.562,92.3,0.045,1012,0
2024-05-20,23:00,27.61,87.8,2.073,106.1,0.046,1012,1.3
2024-05-21,00:00,27.72,86.6,1.5,107.7,0.046,1012,0
2024-05-21,01:00,27.61,85,1.608,95.8,0.045,1011,0
2024-05-21,02:00,27.61,87.1,1.192,87.9,0.046,1011,0.5
2024-05-21,03:00,27.33,88.4,1.302,89.7,0.047,1011,0
2024-05-21,04:00,27.28,86.7,1.01,99.4,0.049,1010,0
2024-05-21,05:00,27.78,84.5,1.685,102.6,0.048,1010,0
2024-05-21,06:00,27.89,85.4,1.759,103.1,1.79,1011,0
2024-05-21,07:00,28.17,80.5,2.024,108.4,80.2,1012,0
2024-05-21,08:00,29.17,75.15,2.824,108.6,244.3,1012,0
2024-05-21,09:00,30,73.97,2.963,104.5,439.2,1013,0
2024-05-21,10:00,30.5,69.87,2.971,93.5,555.3,1013,0
2024-05-21,11:00,30.83,69.79,3.276,93.6,663.3,1013,0
2024-05-21,12:00,31.11,71.76,3.226,98,738.8,1012,0
2024-05-21,13:00,31.17,70.39,3.308,95.4,755.6,1012,0
2024-05-21,14:00,31.11,69.54,3.282,101.8,661,1011,0
2024-05-21,15:00,31.06,72.74,3.452,100.2,640.3,1010,0
2024-05-21,16:00,30.72,72.67,3.446,100.1,471,1010,0
2024-05-21,17:00,30.67,73.32,3.317,104.1,384.2,1010,0
2024-05-21,18:00,30.17,76.7,2.883,100.2,165.7,1011,0
2024-05-21,19:00,29.28,78.21,2.64,90.7,12.1,1011,0
2024-05-21,20:00,29,79.24,2.524,92.1,0.052,1011,0
2024-05-21,21:00,29,80,2.595,94.4,0.045,1012,0
2024-05-21,22:00,28.83,78.14,2.635,88.7,0.046,1013,0
2024-05-21,23:00,28.78,78.72,2.561,96.5,0.046,1013,0
2024-05-22,00:00,28.72,77.94,2.469,109.4,0.046,1013,0
2024-05-22,01:00,28.56,78.59,2.281,107.3,0.045,1012,0
2024-05-22,02:00,28.56,79.11,2.401,108,0.045,1012,0
2024-05-22,03:00,28.5,80,2.568,104.7,0.045,1011,0
2024-05-22,04:00,28.39,78.4,2.997,101.6,0.045,1011,0
2024-05-22,05:00,28.39,79,2.762,96.1,0.045,1011,0
2024-05-22,06:00,28.33,78.62,3.213,97.1,2.634,1012,0
2024-05-22,07:00,28.5,73.77,3.029,94.8,77.79,1012,0
2024-05-22,08:00,29.17,71.1,3.59,94.8,226.7,1012,0
2024-05-22,09:00,29.78,67.32,3.719,97,450,1013,0
2024-05-22,10:00,30.61,67.59,4.475,93.7,721.3,1013,0
2024-05-22,11:00,31.11,67,4.104,93.6,879,1012,0
2024-05-22,12:00,31.22,66.25,4.099,101.2,955,1012,0
2024-05-22,13:00,31.5,66.02,3.697,100,891,1011,0
2024-05-22,14:00,31.22,67,3.679,85.8,827,1011,0
2024-05-22,15:00,30.94,66.54,3.566,87.8,647.5,1010,0
2024-05-22,16:00,30.78,65.63,3.389,89.1,516.9,1010,0
2024-05-22,17:00,30.44,70.1,3.243,88.9,331.9,1010,0
2024-05-22,18:00,29.78,72.79,2.942,97.4,113.1,1011,0
2024-05-22,19:00,29.22,74.49,2.524,93.5,23.88,1012,0
2024-05-22,20:00,28.89,75.14,2.311,89.4,0.049,1012,0
2024-05-22,21:00,28.61,76.18,2.186,86.5,0.045,1013,0
2024-05-22,22:00,28.44,77.23,2.082,89.2,0.045,1013,0
2024-05-22,23:00,28.33,77.74,2.13,88.9,0.045,1013,0
2024-05-23,00:00,28.17,78.66,1.98,88.1,0.046,1013,0
2024-05-23,01:00,28.06,79.24,2.074,85.2,0.045,1012,0
2024-05-23,02:00,28,78.83,2.495,86.2,0.045,1011,0
2024-05-23,03:00,27.94,78.84,2.455,87.2,0.045,1011,0
2024-05-23,04:00,27.83,79.29,2.329,82.3,0.044,1010,0
2024-05-23,05:00,27.67,80.4,2.094,76.14,0.044,1010,0
2024-05-23,06:00,27.78,79,2.311,79.62,2.873,1011,0
2024-05-23,07:00,28.17,77.63,2.469,84.4,55.45,1011,0
2024-05-23,08:00,29,72.61,2.633,89.4,220.9,1012,0
2024-05-23,09:00,29.89,67.9,3.061,90.2,457.5,1012,0
2024-05-23,10:00,30.28,65.7,3.15,94.1,527.6,1013,0
2024-05-23,11:00,30.83,64.52,3.542,92.1,823,1012,0
2024-05-23,12:00,31.17,63.03,3.728,103.5,918,1012,0
2024-05-23,13:00,30.94,63.29,4.046,105,924,1012,0
2024-05-23,14:00,31.28,64.46,3.822,97.3,914,1011,0
2024-05-23,15:00,31.17,66.42,3.499,97.2,798.6,1011,0
2024-05-23,16:00,30.61,68.04,3.76,93.3,578.6,1010,0
2024-05-23,17:00,30.11,70.19,2.655,89.9,231.9,1010,0
2024-05-23,18:00,29.5,73.97,2.274,71.41,109,1011,0
2024-05-23,19:00,29.06,75.79,2.682,83.5,20.14,1011,0
2024-05-23,20:00,28.78,78.33,2.195,76.68,0.051,1012,0
2024-05-23,21:00,28.67,79.96,1.982,76.61,0.044,1012,0
2024-05-23,22:00,28.61,77.94,2.241,85.5,0.045,1013,0
2024-05-23,23:00,28.61,79.9,2.322,84.6,0.045,1013,0
2024-05-24,00:00,28.33,83.6,2.557,83.9,0.046,1013,0
2024-05-24,01:00,28.11,83.9,2.463,82.4,0.045,1012,0
2024-05-24,02:00,28.06,81.9,2.243,81.5,0.045,1012,0
2024-05-24,03:00,28.06,78.79,2.091,78.97,0.045,1011,0
2024-05-24,04:00,28.22,80.1,2.084,80,0.045,1011,0
2024-05-24,05:00,28,83.4,2.052,78.26,0.044,1011,0
2024-05-24,06:00,27.78,80.5,1.858,83.3,2.791,1011,0
2024-05-24,07:00,28.33,76.83,2.416,89,49.66,1012,0
2024-05-24,08:00,29.11,78.73,2.583,95.4,191.2,1012,0
2024-05-24,09:00,28.94,87,2.771,92.8,296.7,1013,0.2
2024-05-24,10:00,28.89,77.68,2.925,94.7,563.4,1013,0
2024-05-24,11:00,30.61,66.41,3.093,90.3,870,1013,0
2024-05-24,12:00,31,71.76,3.144,95.6,718.1,1012,0
2024-05-24,13:00,30.72,69.53,3.183,100.2,784.3,1012,0
2024-05-24,14:00,31.06,68.89,3.457,91.5,738.8,1011,0
2024-05-24,15:00,30.56,68.5,3.278,100.2,636.7,1011,0
2024-05-24,16:00,31,68.82,2.903,100.8,611.3,1011,0
2024-05-24,17:00,30.28,68.89,2.831,98.5,302,1011,0
2024-05-24,18:00,30.06,72.02,2.625,88.9,204,1011,0
2024-05-24,19:00,29.17,75.14,2.167,85.9,15.26,1011,0
2024-05-24,20:00,28.78,76.96,1.874,80.7,0.063,1012,0
2024-05-24,21:00,28.67,78.86,1.526,100.2,0.044,1013,0
2024-05-24,22:00,28.5,78.42,1.36,106.3,0.045,1013,0
2024-05-24,23:00,28.5,79.44,1.329,114.5,0.045,1013,0
2024-05-25,00:00,28.39,77.94,1.45,116.4,0.045,1013,0
2024-05-25,01:00,28.17,79.05,1.476,104.9,0.045,1013,0
2024-05-25,02:00,28,78.14,1.244,99.7,0.045,1013,0
2024-05-25,03:00,27.94,79.83,1.527,83.3,0.046,1012,0
2024-05-25,04:00,27.78,81,1.459,90.2,0.045,1012,0
2024-05-25,05:00,27.67,78.01,1.965,81.4,0.045,1012,0
2024-05-25,06:00,27.61,78.58,2.124,78.28,2.869,1012,0
2024-05-25,07:00,28.17,72.21,2.134,80.4,86.8,1013,0
2024-05-25,08:00,29.44,69.8,2.496,87.5,312.3,1013,0
2024-05-25,09:00,30.22,63.87,2.736,87.1,531.4,1013,0
2024-05-25,10:00,30.61,64.46,3.064,94.8,722.8,1013,0
2024-05-25,11:00,30.94,62.7,3.491,83.5,868,1013,0
2024-05-25,12:00,31.39,59.57,3.216,85.7,953,1012,0
2024-05-25,13:00,31.61,57.75,2.996,96.1,974,1012,0
2024-05-25,14:00,31.61,61.4,2.974,96,932,1011,0
2024-05-25,15:00,31.39,61.79,2.677,105.1,793.4,1011,0
2024-05-25,16:00,31.44,57.42,2.025,75.24,612.7,1011,0
2024-05-25,17:00,31.22,60.62,2.102,62.75,437.7,1011,0
2024-05-25,18:00,30.89,65.2,2.333,78.28,220.7,1011,0
2024-05-25,19:00,29.11,69.02,1.979,83.9,18,1011,0
2024-05-25,20:00,28.39,71.23,1.571,82.9,0.056,1012,0
2024-05-25,21:00,28.17,72.4,1.445,86.8,0.045,1013,0
2024-05-25,22:00,28,73.38,1.382,79.41,0.045,1013,0
2024-05-25,23:00,27.78,74.81,1.353,82.4,0.045,1014,0
2024-05-26,00:00,27.61,76.7,0.8056,101.7,0.045,1014,0
2024-05-26,01:00,27.11,78.95,0.5879,113.3,0.045,1014,0
2024-05-26,02:00,26.3,83.3,0.2602,72.68,0.045,1013,0
2024-05-26,03:00,26.29,86.1,0.574,89.6,0.045,1013,1
2024-05-26,04:00,25.52,90.6,0.9129,101.7,0.046,1012,1.3
2024-05-26,05:00,25.85,91.2,0.4247,99,0.045,1012,0
2024-05-26,06:00,25.92,91.3,0.6366,105.5,3.967,1013,0.3
2024-05-26,07:00,26.67,85.8,0.6272,114.7,105.9,1013,0
2024-05-26,08:00,28.89,76,1.249,71.38,279.2,1013,0
2024-05-26,09:00,29.28,69.15,1.616,74.92,436.8,1013,0
2024-05-26,10:00,30.56,64.26,2.189,87.3,761.9,1013,0
2024-05-26,11:00,30.56,73.9,2.113,77.65,661,1013,0
2024-05-26,12:00,30.83,67.97,1.584,11.89,891,1012,0
2024-05-26,13:00,31.5,58.27,2.086,77.78,1014,1012,0
2024-05-26,14:00,31.44,65.37,2.413,84.1,773.8,1011,0
2024-05-26,15:00,31.06,60.8,2.34,111.1,702.9,1011,0
2024-05-26,16:00,31.22,59.31,2.262,91.7,608.8,1011,0
2024-05-26,17:00,30.72,59.49,2.114,95.9,401.2,1011,0
2024-05-26,18:00,30,63.28,1.945,112.4,191.8,1011,0
2024-05-26,19:00,28.83,67.97,1.314,109.3,21.38,1012,0
2024-05-26,20:00,27.83,71.49,0.6545,108.2,0.063,1012,0
2024-05-26,21:00,27.11,75.01,0.6022,97.1,0.044,1013,0
2024-05-26,22:00,26.67,76.06,0.5919,89.7,0.044,1013,0
2024-05-26,23:00,26.52,77.22,0.3773,57.79,0.044,1013,0
2024-05-27,00:00,26.94,75.79,0.8234,114.8,0.045,1013,0
2024-05-27,01:00,26.78,79.96,0.4238,130.1,0.045,1013,0
2024-05-27,02:00,26.67,81.7,0.7716,120.1,0.045,1012,0
2024-05-27,03:00,27,80.5,1.102,108.2,0.045,1011,0
2024-05-27,04:00,27.5,78.93,1.66,81,0.045,1011,0
2024-05-27,05:00,27.61,79.38,1.603,79.76,0.045,1012,0
2024-05-27,06:00,27.56,77.49,1.663,86.3,3.59,1012,0
2024-05-27,07:00,28.22,72.53,2.174,88.8,92.3,1012,0
2024-05-27,08:00,29.22,70.39,2.562,86.8,230.1,1013,0
2024-05-27,09:00,29.94,70.91,2.642,93.9,413.8,1013,0
2024-05-27,10:00,30.67,64.33,2.74,91.6,648.1,1013,0
2024-05-27,11:00,31.33,62.37,2.897,100.1,833,1013,0
2024-05-27,12:00,31.72,61.21,3.067,96.8,983,1012,0
2024-05-27,13:00,31.67,61.66,3.178,98.8,973,1012,0
2024-05-27,14:00,31.78,60.62,2.995,101.2,956,1011,0
2024-05-27,15:00,31.61,60.37,2.973,105.1,805,1011,0
2024-05-27,16:00,31.11,54.29,2.783,92.9,615.8,1011,0
2024-05-27,17:00,30.83,65.89,2.642,91.3,439.4,1011,0
2024-05-27,18:00,30,68.56,2.49,92.8,204,1011,0
2024-05-27,19:00,29.11,72.54,2.155,84.8,16.85,1011,0
2024-05-27,20:00,28.61,73.77,1.559,80.1,0.05,1012,0
2024-05-27,21:00,28.56,75.33,1.512,79.1,0.044,1013,0
2024-05-27,22:00,28.5,76.84,1.041,90.1,0.044,1013,0
2024-05-27,23:00,28.33,77.81,1.493,84.3,0.044,1014,0
2024-05-28,00:00,28.11,77.68,1.422,97.7,0.044,1013,0
2024-05-28,01:00,28.06,78.27,1.544,113.6,0.044,1012,0
2024-05-28,02:00,27.72,78.13,1.262,107.7,0.045,1012,0
2024-05-28,03:00,27.5,78.66,0.9419,99.3,0.045,1011,0
2024-05-28,04:00,27.33,79.76,0.9298,99.3,0.045,1011,0
2024-05-28,05:00,27.22,79.89,0.8154,110,0.045,1011,0
2024-05-28,06:00,27.22,80.2,0.7904,109.5,2.901,1012,0
2024-05-28,07:00,27.94,75.01,0.4676,24.5,80.3,1012,0
2024-05-28,08:00,29.28,69.86,1.799,101.3,280.8,1013,0
2024-05-28,09:00,30.06,66.02,2.499,93.8,508.3,1013,0
2024-05-28,10:00,30.67,64.07,2.975,104.7,714.3,1013,0
2024-05-28,11:00,31,62.05,2.847,97,755.3,1013,0
2024-05-28,12:00,31.17,61.98,3.063,98.2,919,1013,0
2024-05-28,13:00,31.67,58.13,2.912,97.6,980,1012,0
2024-05-28,14:00,31.56,62.44,3.144,85.8,879,1011,0
2024-05-28,15:00,31.5,60.49,3.045,99.3,807,1011,0
2024-05-28,16:00,31.28,62.05,3.001,104.7,625.5,1011,0
2024-05-28,17:00,30.56,63.22,2.717,99,356.4,1011,0
2024-05-28,18:00,30.11,68.17,2.249,112,163,1011,0
2024-05-28,19:00,29.17,72.73,1.811,100.4,17.43,1012,0
2024-05-28,20:00,28.78,73.19,1.71,101.7,0.057,1013,0
2024-05-28,21:00,28.56,71.36,1.742,117.7,0.044,1013,0
2024-05-28,22:00,28.44,72.93,1.345,113.4,0.044,1014,0
2024-05-28,23:00,28.28,73.51,1.268,108.6,0.044,1014,0
2024-05-29,00:00,27.78,75.66,0.7197,97.4,0.044,1014,0
2024-05-29,01:00,27.72,78.62,0.9365,102.2,0.044,1013,0
2024-05-29,02:00,27.72,79.89,1.027,110.3,0.044,1013,0
2024-05-29,03:00,27.44,77.87,0.9531,101,0.044,1013,0
2024-05-29,04:00,27.06,83.7,0.3572,89.7,0.044,1013,0
2024-05-29,05:00,26.13,86,0.3769,111.1,0.045,1013,0
2024-05-29,06:00,25.77,85.7,0.4502,87.4,2.64,1013,0
2024-05-29,07:00,27.33,72.08,0.6679,73.4,107.8,1014,0
2024-05-29,08:00,29.33,69.02,1.729,88.8,294.6,1014,0
2024-05-29,09:00,30.17,64.2,2.483,89.1,540.3,1014,0
2024-05-29,10:00,30.56,60.42,2.827,91.8,698.7,1014,0
2024-05-29,11:00,31.06,55.14,2.894,91.6,875,1013,0
2024-05-29,12:00,31.33,56.77,3.017,99,931,1013,0
2024-05-29,13:00,31.28,58.99,3.006,95.3,957,1012,0
2024-05-29,14:00,31.44,54.11,3.114,106.4,904,1012,0
2024-05-29,15:00,31.56,60.16,2.807,96.9,734.8,1012,0
2024-05-29,16:00,30.89,64.39,3.157,96.9,540.6,1011,0
2024-05-29,17:00,30.17,63.74,3.099,92.9,334.8,1011,0
2024-05-29,18:00,29.72,67.06,3.006,86.9,190.2,1012,0
2024-05-29,19:00,28.94,69.28,2.396,87.8,17.3,1012,0
2024-05-29,20:00,28.5,70.61,1.978,82.5,0.053,1013,0
2024-05-29,21:00,28.28,72.14,1.569,85.4,0.044,1013,0
2024-05-29,22:00,28.28,75.79,1.456,81.5,0.044,1014,0
2024-05-29,23:00,27.56,80.4,2.133,89.3,0.044,1014,0
2024-05-30,00:00,26.49,86.2,1.314,104.6,0.044,1014,1.2
2024-05-30,01:00,26.12,86.5,0.675,97.2,0.044,1014,0
2024-05-30,02:00,26.29,88.1,0.5673,101.4,0.045,1013,0
2024-05-30,03:00,26.44,85.4,0.7778,113.6,0.045,1013,0
2024-05-30,04:00,26.72,83.3,0.7407,131.3,0.045,1013,0
2024-05-30,05:00,27,81.7,1.188,120.5,0.045,1013,0
2024-05-30,06:00,26.62,82.6,0.772,123.6,2.874,1013,0
2024-05-30,07:00,27.94,74.58,0.962,80.2,95.4,1013,0
2024-05-30,08:00,29.33,69.74,2.354,86.9,316.1,1013,0
2024-05-30,09:00,30.06,64.33,2.404,95.4,480.7,1014,0
2024-05-30,10:00,30.72,63.42,2.629,93.7,669.4,1014,0
2024-05-30,11:00,31,70.26,2.786,83.3,827,1014,0
2024-05-30,12:00,31,69.22,2.395,73.53,737,1014,0
2024-05-30,13:00,30.33,73.77,2.431,68.46,567.5,1013,0
2024-05-30,14:00,30.22,62.11,3.081,74.92,547.4,1012,0
2024-05-30,15:00,30.67,72.6,3.232,101.8,473.4,1012,0
2024-05-30,16:00,29.94,73.58,3.013,81.1,528.5,1012,0
2024-05-30,17:00,29.28,82.4,2.828,95.8,251.4,1012,0
2024-05-30,18:00,27.89,83.6,1.365,65.79,114.1,1012,0
2024-05-30,19:00,28.17,84.6,1.554,76.27,11.01,1012,0
2024-05-30,20:00,27.94,82.1,1.973,84.8,0.061,1013,0
2024-05-30,21:00,28.06,80.6,1.775,79.92,0.044,1014,0
2024-05-30,22:00,28.22,81.2,1.628,76.53,0.044,1014,0
2024-05-30,23:00,28.22,76.7,1.681,79.65,0.044,1014,0
2024-05-31,00:00,28.17,78.42,1.845,80,0.044,1014,0
2024-05-31,01:00,28.06,78.98,1.909,77.13,0.044,1014,0
2024-05-31,02:00,27.94,81.1,1.722,78.85,0.044,1013,0
2024-05-31,03:00,27.67,82.9,1.186,79.1,0.044,1013,0
2024-05-31,04:00,27.44,82.1,1.439,87.2,0.044,1013,0
2024-05-31,05:00,27.44,82,1.508,86,0.044,1013,0
2024-05-31,06:00,27.5,82,1.639,81.8,5.17,1013,0
2024-05-31,07:00,28.11,76.57,1.997,80.5,111.4,1013,0
2024-05-31,08:00,29.28,72.34,2.421,70.17,311.1,1014,0
2024-05-31,09:00,29.33,75.99,2.204,73.08,256.1,1014,0
2024-05-31,10:00,29.78,73.64,2.375,66.81,411.9,1014,0
2024-05-31,11:00,29.61,74.49,2.058,70.16,356.2,1014,0
2024-05-31,12:00,29.72,73.58,2.175,64.82,385.1,1013,0
2024-05-31,13:00,30.28,70.71,1.809,49.82,609.6,1013,0
2024-05-31,14:00,30.89,69.48,1.785,61.48,784.9,1012,0
2024-05-31,15:00,30.28,72.94,2.006,65.83,473.9,1011,0
2024-05-31,16:00,30.11,74.3,2.396,70.28,317,1011,0
2024-05-31,17:00,30.22,73.91,2.065,65.18,450.4,1011,0
2024-05-31,18:00,30.06,76.45,1.765,67.69,302,1011,0
2024-05-31,19:00,28.56,82.6,1.851,70.13,50.53,1012,0
2024-05-31,20:00,28.33,83.7,2.211,83.7,0.089,1012,0
2024-05-31,21:00,28.11,84.9,2.168,86.4,0.044,1012,0
2024-05-31,22:00,27.94,86.8,2.078,86.2,0.044,1013,0
2024-05-31,23:00,27.5,88.2,2.034,103.7,0.045,1013,0
2024-06-01,00:00,27.28,86.3,1.322,107.2,0.047,1013,0
2024-06-01,01:00,27.5,87.1,0.705,85,0.046,1012,0
2024-06-01,02:00,27.61,86.5,0.8404,106.4,0.046,1012,0
2024-06-01,03:00,27.56,86.7,1.113,88.4,0.046,1011,0
2024-06-01,04:00,27.5,89,1.083,102.2,0.045,1011,0.5
2024-06-01,05:00,27.28,88.9,1.114,98.9,0.045,1011,0
2024-06-01,06:00,27,90.8,1.228,100.3,2.037,1012,0.8
2024-06-01,07:00,27.17,89.6,1.788,95.3,51.7,1012,0
2024-06-01,08:00,28.22,80.6,2.101,79.22,240.4,1012,0.2
2024-06-01,09:00,28.72,78.92,2.708,86.4,472.2,1012,1.6
2024-06-01,10:00,29.83,81.3,2.857,90.4,571.2,1012,0
2024-06-01,11:00,29.89,72.53,3.241,102,643.8,1012,0
2024-06-01,12:00,30.72,70.19,3.287,93.3,721.4,1012,0
2024-06-01,13:00,30.61,75.21,3.378,97.6,771,1011,0
2024-06-01,14:00,29.56,73.37,3.164,98.6,724.9,1011,0
2024-06-01,15:00,30.22,72.03,3.599,92.5,730.7,1010,0
2024-06-01,16:00,30.67,70.13,3.132,96.1,615.3,1010,0
2024-06-01,17:00,29.83,75.86,2.883,97.4,279,1010,0
2024-06-01,18:00,29.67,78.47,2.16,99.6,156.1,1010,0
2024-06-01,19:00,28.72,84.8,1.64,73.63,27.52,1010,0
2024-06-01,20:00,28.06,86,1.494,78.34,0.081,1011,0
2024-06-01,21:00,27.89,86.4,0.9504,64.15,0.044,1011,0
2024-06-01,22:00,28,86.3,0.9316,82.4,0.044,1012,0
2024-06-01,23:00,27.89,86.9,0.8069,95.8,0.044,1012,0
2024-06-02,00:00,26.61,92.7,1.793,81.7,0.046,1012,5.1
2024-06-02,01:00,26.24,93.2,1.625,157.2,0.046,1011,2.5
2024-06-02,02:00,25.91,91.9,1.601,175.1,0.045,1010,0.2
2024-06-02,03:00,25.87,92.2,0.5141,31.24,0.044,1010,0
2024-06-02,04:00,25.78,93.1,0.3643,96.3,0.044,1009,0
2024-06-02,05:00,25.51,93.6,0.4238,104.3,0.044,1010,0
2024-06-02,06:00,25.77,92.9,0.4359,137.9,3.053,1010,0
2024-06-02,07:00,26.94,86.8,0.6571,196.3,149,1011,0
2024-06-02,08:00,28.83,77.68,1.137,128.5,259.7,1011,0
2024-06-02,09:00,29.22,72.94,1.879,151.2,290.8,1011,0
2024-06-02,10:00,30.17,68.76,2.351,159.6,521.6,1011,0
2024-06-02,11:00,30.61,61.61,1.87,139.5,448.8,1011,0
2024-06-02,12:00,31.44,58.56,1.888,176.8,855,1011,0
2024-06-02,13:00,32,59.18,1.74,181.1,889,1010,0
2024-06-02,14:00,31.33,68.63,1.467,260.6,602.1,1009,0
2024-06-02,15:00,30.67,66.02,1.465,72.68,206.8,1009,0
2024-06-02,16:00,30.56,70.19,1.075,342.9,185.1,1009,0
2024-06-02,17:00,29.67,74.22,1.645,97.9,70.79,1009,0
2024-06-02,18:00,28.72,73.97,1.477,122.6,55.86,1009,0
2024-06-02,19:00,28.56,73.52,0.8525,69.22,17.8,1010,0
2024-06-02,20:00,28.28,79.12,0.7179,54.79,0.101,1010,0
2024-06-02,21:00,27.72,81.3,0.5356,62.61,0.043,1011,0
2024-06-02,22:00,27.39,84.3,0.5163,99.2,0.043,1012,0
2024-06-02,23:00,27.22,83.3,0.3549,93.7,0.043,1012,0
2024-06-03,00:00,27.22,81.6,0.384,133.7,0.043,1012,0
2024-06-03,01:00,27.11,82.4,0.456,119,0.043,1011,0
2024-06-03,02:00,26.64,83.2,0.435,115.6,0.043,1011,0
2024-06-03,03:00,26.52,84.5,0.3018,108.9,0.043,1010,0
2024-06-03,04:00,26.34,86.3,0.3241,55.51,0.043,1010,0
2024-06-03,05:00,26.03,88,0.4305,110,0.043,1010,0
2024-06-03,06:00,25.94,88.5,0.4242,116.6,2.439,1010,0
2024-06-03,07:00,27.28,73.97,0.4037,90.2,108.9,1011,0
2024-06-03,08:00,29.72,69.65,1.052,132.5,300.3,1011,0
2024-06-03,09:00,29.67,61.13,1.187,136.9,312.6,1011,0
2024-06-03,10:00,31.22,60.16,1.644,158.7,668.9,1011,0
2024-06-03,11:00,31.22,62.83,2.053,122.2,669.3,1011,0
2024-06-03,12:00,31.56,59.64,2.207,122.8,888,1011,0
2024-06-03,13:00,31.83,65.11,2.027,128.6,828,1010,0
2024-06-03,14:00,31.11,65.44,1.141,263.9,424,1010,0
2024-06-03,15:00,30.83,63.61,1.951,115,182.7,1009,0
2024-06-03,16:00,30.83,64.34,2.055,115.6,193.6,1009,0
2024-06-03,17:00,30.72,74.1,1.601,100.7,227.5,1009,0
2024-06-03,18:00,30.39,74.17,1.369,322.8,219,1009,0
2024-06-03,19:00,29.5,77.23,1.551,138,26.17,1010,0
2024-06-03,20:00,28.78,79.9,0.9079,99.3,0.028,1010,0
2024-06-03,21:00,28.44,80.4,0.8342,112.8,0,1011,0
2024-06-03,22:00,28.5,81,0.9178,106.2,0,1011,0
2024-06-03,23:00,28.39,81.6,0.5946,94.9,0,1012,0
2024-06-04,00:00,28.5,80.3,1.42,123.5,0,1012,0
2024-06-04,01:00,28.67,80.9,1.411,125.8,0,1011,0
2024-06-04,02:00,28.61,81.6,1.43,120.3,0,1011,0
2024-06-04,03:00,28.61,79.7,1.951,122.6,0,1011,0
2024-06-04,04:00,28.44,80.5,1.481,123.2,0,1011,0
2024-06-04,05:00,28.33,81.1,1.574,129.8,0,1011,0
2024-06-04,06:00,28.33,81.1,1.504,124.2,3.408,1011,0
2024-06-04,07:00,28.61,78.53,1.278,121.6,61.68,1012,0
2024-06-04,08:00,29.83,71.44,1.806,132.7,279.2,1012,0
2024-06-04,09:00,30.72,71.18,2.081,141,474.6,1013,0
2024-06-04,10:00,31.11,68.37,2.01,143,528.4,1013,0
2024-06-04,11:00,31.72,64.07,3.241,108,899,1013,0
2024-06-04,12:00,31.94,64.73,3.248,112.1,929,1013,0
2024-06-04,13:00,32.06,63.88,3.422,111.8,921,1012,0
2024-06-04,14:00,31.83,66.48,3.385,110,824,1011,0
2024-06-04,15:00,31.56,68.24,3.621,108.3,697.5,1011,0
2024-06-04,16:00,30.78,71.37,3.195,104.1,410.3,1011,0
2024-06-04,17:00,30.56,74.17,3.33,107.6,296.9,1011,0
2024-06-04,18:00,30,78.73,3.377,115.5,143.8,1011,0
2024-06-04,19:00,29.56,77.49,2.573,105.6,23,1012,0
2024-06-04,20:00,29.44,78.79,2.669,108.4,0.041,1013,0
2024-06-04,21:00,28.28,79.71,2.131,115,0.001,1013,0.6
2024-06-04,22:00,28.39,82,2.081,116.8,0,1014,0
2024-06-04,23:00,28.67,81.7,1.838,119.6,0,1014,0
2024-06-05,00:00,28.61,83.5,2.005,121.7,0,1014,0
2024-06-05,01:00,28.5,84.1,1.449,119.8,0,1013,0
2024-06-05,02:00,28.11,86.4,0.6241,69.09,0,1013,0
2024-06-05,03:00,28,82,0.9553,107.1,0,1013,0
2024-06-05,04:00,27.11,90.1,0.5373,3.052,0,1013,0
2024-06-05,05:00,26.19,91.3,1.897,148.2,0.001,1013,24.6
2024-06-05,06:00,26.27,89.8,1.327,100.2,6.973,1013,0.2
2024-06-05,07:00,27.28,79.44,0.8516,120,135.5,1014,0
2024-06-05,08:00,29.28,79.25,2.007,108.5,311.9,1014,0
2024-06-05,09:00,27.78,92.5,2.581,132.1,162.6,1015,16.3
2024-06-05,10:00,25.26,92.5,3.199,174.7,141.2,1015,17.8
2024-06-05,11:00,25.12,92,1.085,242.9,187.9,1015,1.8
2024-06-05,12:00,25.63,89.7,0.7622,44.35,322.4,1015,0
2024-06-05,13:00,27.72,81,1.346,339.7,897,1014,0
2024-06-05,14:00,29.22,78.01,2.489,91.5,539.7,1013,0
2024-06-05,15:00,30.22,77.75,3.339,109.2,742.2,1013,0
2024-06-05,16:00,28.72,74.88,1.95,123.4,338.9,1013,0
2024-06-05,17:00,30.17,72.6,3.393,113.2,401,1012,0
2024-06-05,18:00,30,75.92,2.977,99.5,210.3,1013,0
2024-06-05,19:00,29.39,78.59,2.352,106.2,26.97,1013,0
2024-06-05,20:00,29,78.01,1.604,112.7,0.023,1014,0
2024-06-05,21:00,28.94,78.94,1.876,108,0,1014,0
2024-06-05,22:00,28.83,78.66,1.437,111.2,0,1015,0
2024-06-05,23:00,28.78,80,1.636,102.4,0,1015,0
2024-06-06,00:00,28.72,78.79,1.872,114,0,1015,0
2024-06-06,01:00,28.61,78.68,1.653,109.9,0,1015,0
2024-06-06,02:00,28.56,76.18,1.895,106,0,1014,0
2024-06-06,03:00,28.5,79.57,1.418,107.3,0,1014,0
2024-06-06,04:00,28.33,79.57,2.327,107.3,0,1014,0
2024-06-06,05:00,28.22,79.64,1.936,108.6,0,1014,0
2024-06-06,06:00,28.11,81.3,1.579,102.4,2.455,1014,0
2024-06-06,07:00,28.61,77.68,1.988,93.3,95.9,1014,0
2024-06-06,08:00,29.67,72.47,3.074,92.4,298,1015,0
2024-06-06,09:00,30.17,70.71,3.359,94.3,519.2,1015,0
2024-06-06,10:00,30.5,70.46,3.436,96,678.3,1015,0
2024-06-06,11:00,30.72,70,4.171,99.1,822,1014,0
2024-06-06,12:00,30.83,69.28,4.064,90.9,858,1014,0
2024-06-06,13:00,30.94,65.11,4.126,88.9,916,1013,0
2024-06-06,14:00,31,67.68,4.01,101.1,884,1013,0
2024-06-06,15:00,30.89,69.09,4.149,101.7,756,1012,0
2024-06-06,16:00,30.83,65.44,3.88,108.7,618.1,1012,0
2024-06-06,17:00,30.44,71.11,3.938,101.5,384,1012,0
2024-06-06,18:00,29.94,73.71,3.31,94.2,173.2,1012,0
2024-06-06,19:00,29.33,75.73,2.89,103.5,16.34,1013,0
2024-06-06,20:00,29,75.79,2.721,97.1,0.022,1013,0
2024-06-06,21:00,28.78,77.55,2.622,86.1,0,1013,0
2024-06-06,22:00,28.72,78.01,2.711,85.7,0,1013,0
2024-06-06,23:00,28.33,77.42,2.531,94.7,0,1014,0
2024-06-07,00:00,28.39,78.66,1.885,99.4,0,1014,0
2024-06-07,01:00,28.39,78.33,2.115,82.3,0,1013,0
2024-06-07,02:00,28.28,78.46,1.873,83.3,0,1013,0
2024-06-07,03:00,28.17,80,1.774,85.8,0,1012,0
2024-06-07,04:00,28.17,77.74,2.125,85.2,0,1012,0
2024-06-07,05:00,28.22,79.51,2.13,85.2,0,1012,0
2024-06-07,06:00,28.17,79.31,2.206,86.3,4.949,1012,0
2024-06-07,07:00,28.56,77.81,2.367,90.1,93.6,1013,0
2024-06-07,08:00,28.28,76.31,3.047,107.3,167.3,1013,0
2024-06-07,09:00,30.06,70.45,3.051,91.1,601.5,1013,0
2024-06-07,10:00,30.56,70.52,4.023,95,731.8,1013,0
2024-06-07,11:00,30.5,72.73,4.403,92.4,736.7,1013,0
2024-06-07,12:00,30.94,68.83,4.435,98.4,914,1013,0
2024-06-07,13:00,30.94,68.43,4.439,103.4,897,1012,0
2024-06-07,14:00,30.5,69.48,4.189,93.2,727.6,1011,0.2
2024-06-07,15:00,30.78,70,3.791,113.2,704.7,1011,0
2024-06-07,16:00,30.56,69.48,3.454,109,590.4,1010,0
2024-06-07,17:00,30.06,72.41,3.474,104.2,302.7,1010,0
2024-06-07,18:00,29.78,73.6,3.252,94.2,217.3,1010,0
2024-06-07,19:00,29.17,77.94,2.945,99.5,24.21,1011,0
2024-06-07,20:00,28.89,77.16,2.484,105.7,0.051,1011,0
2024-06-07,21:00,28.78,77.37,2.102,116.7,0,1012,0
2024-06-07,22:00,28.44,85.4,1.849,109.1,0,1013,0
2024-06-07,23:00,27.83,81.9,1.343,117.3,0,1013,0
2024-06-08,00:00,27.94,78.73,1.572,114.7,0,1013,0
2024-06-08,01:00,27.83,79.96,1.267,116.9,0,1012,0
2024-06-08,02:00,27.89,79.83,1.37,100.1,0,1012,0
2024-06-08,03:00,28,79.49,1.79,102.9,0,1011,0
2024-06-08,04:00,27.94,78.72,1.412,112,0,1011,0
2024-06-08,05:00,27.89,79.31,1.486,105.7,0,1011,0
2024-06-08,06:00,27.83,78.66,1.249,106.1,2.543,1011,0
2024-06-08,07:00,28.28,74.15,0.9486,100.5,80.2,1012,0
2024-06-08,08:00,29.06,73.38,2.386,102.6,232.5,1012,0
2024-06-08,09:00,29.78,69.47,3.027,108.5,487.4,1012,0
2024-06-08,10:00,30.17,68.7,3.35,101,607.8,1013,0
2024-06-08,11:00,30.56,65.11,3.294,104.6,748.7,1013,0
2024-06-08,12:00,30.67,69.54,3.336,98,613.5,1012,0
2024-06-08,13:00,30.78,71.3,3.569,94.7,783.2,1012,0
2024-06-08,14:00,30.78,68.43,3.407,102.4,745.9,1012,0
2024-06-08,15:00,30.89,67.64,3.401,102.1,670.4,1011,0
2024-06-08,16:00,30.78,69.02,2.927,104.3,571.5,1011,0
2024-06-08,17:00,30.39,70.39,2.807,97.1,372.5,1011,0
2024-06-08,18:00,29.83,72.08,2.853,103.2,168,1011,0
2024-06-08,19:00,29.39,74.42,2.34,110.2,31,1011,0
2024-06-08,20:00,28.94,77.62,1.688,111.8,0.106,1012,0
2024-06-08,21:00,28.33,80.5,1.629,101.5,0,1013,0
2024-06-08,22:00,28.17,79.44,1.54,106,0,1013,0
2024-06-08,23:00,28.11,82.4,1.21,105.3,0,1013,0
2024-06-09,00:00,28,80.6,1.45,110.9,0,1013,0
2024-06-09,01:00,28.11,81,1.668,104.1,0,1012,0
2024-06-09,02:00,28.06,82,1.176,100.8,0,1012,0
2024-06-09,03:00,27.83,82.5,1.057,79.12,0,1011,0
2024-06-09,04:00,27.83,80.7,1.291,111,0,1012,0
2024-06-09,05:00,27.72,82.8,1.196,103.8,0,1012,0
2024-06-09,06:00,27.39,85.1,1.068,100.2,3.047,1012,0
2024-06-09,07:00,27.89,78.14,1.334,100.2,64.42,1013,0
2024-06-09,08:00,29.56,72.6,2.179,89.9,302,1013,0
2024-06-09,09:00,29.89,69.15,2.406,91.6,401.9,1013,0
2024-06-09,10:00,30.83,71.11,2.935,94.3,680,1014,0
2024-06-09,11:00,30.89,65.44,2.978,88.4,806,1014,0
2024-06-09,12:00,31.39,66.47,3.336,100.1,966,1013,0
2024-06-09,13:00,31.39,63.88,3.546,103.8,960,1013,0
2024-06-09,14:00,31.5,67,3.386,102.1,889,1012,0
2024-06-09,15:00,31.22,70.65,3.522,97.2,742.6,1012,0
2024-06-09,16:00,31,69.15,3.179,95.3,608.7,1012,0
2024-06-09,17:00,30.39,71.93,3.028,99.8,267,1012,0
2024-06-09,18:00,30.22,73.71,2.506,83.9,209.2,1012,0
2024-06-09,19:00,29.5,76.57,2.133,87.1,22.54,1013,0
2024-06-09,20:00,29.06,77.29,1.894,85.5,0.061,1013,0
2024-06-09,21:00,28.89,79.51,1.752,82.2,0,1014,0
2024-06-09,22:00,28.78,81.7,1.177,105.9,0,1015,0
2024-06-09,23:00,28.44,83.5,0.9585,107.6,0,1015,0
2024-06-10,00:00,28.06,82.8,0.9763,110,0,1015,0
2024-06-10,01:00,27.89,82.2,1.14,106.2,0,1014,0
2024-06-10,02:00,27.89,83.6,0.9701,92.3,0,1014,0
2024-06-10,03:00,27.56,86.4,0.9321,111.3,0,1014,0
2024-06-10,04:00,27.22,86.1,0.7224,109.7,0,1014,0
2024-06-10,05:00,27.17,84.9,0.8051,106.7,0,1014,0
2024-06-10,06:00,27.17,85.3,0.8963,101.6,2.775,1014,0
2024-06-10,07:00,27.94,81.9,1.609,90.3,76.08,1014,0
2024-06-10,08:00,29.28,72.28,2.382,81.1,285.6,1014,0
2024-06-10,09:00,30.28,67.06,2.748,83.2,438.2,1014,0
2024-06-10,10:00,30.67,67.2,3.085,73.69,470.5,1014,0
2024-06-10,11:00,30.89,69.6,3.232,81.1,597,1014,0
2024-06-10,12:00,30.94,67.72,3.163,76.3,555.2,1013,0
2024-06-10,13:00,31.17,70.06,3.544,89.8,643.1,1013,0
2024-06-10,14:00,31.28,73.64,3.113,68.33,632.4,1012,0
2024-06-10,15:00,30.67,72.8,2.223,69.54,491.8,1011,0
2024-06-10,16:00,30.83,71.43,3.047,71.49,452.9,1011,0
2024-06-10,17:00,30.5,74.82,3.506,94.3,335.4,1011,0
2024-06-10,18:00,29.83,75.99,3.634,92,153.1,1011,0
2024-06-10,19:00,29.33,78.73,3.089,95.3,21.22,1012,0
2024-06-10,20:00,29.17,80.3,2.364,104.6,0.076,1013,0
2024-06-10,21:00,28.33,85.6,2.344,102.1,0.001,1013,0.5
2024-06-10,22:00,28.33,85.7,2.262,99.3,0.001,1014,0
2024-06-10,23:00,28.44,83.3,2.309,96.2,0,1014,0
2024-06-11,00:00,28.22,84.1,2.35,106.1,0,1014,0
2024-06-11,01:00,28.5,83,2.216,103.9,0,1013,0
2024-06-11,02:00,28.56,83.3,2.464,103.6,0,1013,0
2024-06-11,03:00,27.89,84.1,2.513,115.7,0,1013,0
2024-06-11,04:00,27.72,84.5,1.781,99.1,0,1013,0
2024-06-11,05:00,27.28,89.9,2.741,112.9,0,1013,5.4
2024-06-11,06:00,26.63,88.8,1.861,107.1,2.775,1013,5
2024-06-11,07:00,26.49,87.4,3.19,117.1,44.02,1014,2.1
2024-06-11,08:00,26.78,80.4,2.235,103.7,309.4,1014,0
2024-06-11,09:00,29.17,76.9,2.558,95.9,579.1,1014,0
2024-06-11,10:00,29.83,74.92,2.581,102.3,626.9,1014,0
2024-06-11,11:00,30.11,74.69,2.975,109.2,612.6,1014,0
2024-06-11,12:00,30.56,74.1,3.064,106.8,677.7,1013,0
2024-06-11,13:00,30.56,72.67,3.594,97.9,793.9,1013,0
2024-06-11,14:00,29.89,73.65,3.867,108.9,713.6,1012,0
2024-06-11,15:00,29.89,85.4,3.332,110.9,473.5,1012,0.7
2024-06-11,16:00,28.33,82.4,2.355,110.9,405.8,1011,1.3
2024-06-11,17:00,29.11,78.79,2.74,114.8,238,1011,0
2024-06-11,18:00,29.5,81.4,3.064,119.1,241.2,1011,0
2024-06-11,19:00,28.5,88.4,2.848,130.2,48.25,1012,0.3
2024-06-11,20:00,26.94,89.4,2.219,137.9,0.029,1013,0.5
2024-06-11,21:00,27.22,86.4,1.344,119.8,0.001,1013,0
2024-06-11,22:00,28.06,85.1,2.185,113,0.001,1014,0
2024-06-11,23:00,28.22,83,2.482,113.7,0.001,1014,0
2024-06-12,00:00,28.5,83.9,2.842,116,0,1014,0
2024-06-12,01:00,28.39,84.8,2.315,109.2,0,1013,0
2024-06-12,02:00,28.11,83,1.346,65.77,0,1013,0
2024-06-12,03:00,28.33,84.8,1.031,90.4,0,1013,0
2024-06-12,04:00,28.06,84.1,1.307,100.8,0,1012,0
2024-06-12,05:00,28,84.9,0.9969,102.5,0,1012,0
2024-06-12,06:00,27.89,84.4,1.165,94.6,2.443,1012,0
2024-06-12,07:00,28,87.8,1.038,96.2,85.4,1013,0.7
2024-06-12,08:00,28.67,86.3,1.2,88.3,278.2,1014,2.1
2024-06-12,09:00,28.78,83.5,1.723,94.8,373.2,1014,0.7
2024-06-12,10:00,29,92.1,1.877,110.9,181.4,1014,15.3
2024-06-12,11:00,26.59,90.3,0.7854,324.6,414.5,1014,2.2
2024-06-12,12:00,27.83,87.5,1.254,209.9,448.5,1014,2.8
2024-06-12,13:00,27.06,90.7,1.507,185.7,185.5,1014,2.6
2024-06-12,14:00,27.44,88.9,0.992,222.1,312.9,1013,1.5
2024-06-12,15:00,27.5,83.7,1.152,213.9,210,1013,0
2024-06-12,16:00,29.17,76.84,1.726,166,516.5,1012,0
2024-06-12,17:00,29.39,78.75,2.85,110.1,322.3,1012,0
2024-06-12,18:00,29.5,78.92,2.908,96.8,234.8,1012,0
2024-06-12,19:00,29,78.85,3.769,108.3,27.9,1012,0
2024-06-12,20:00,28.61,81.1,2.161,113.2,0.063,1013,0
2024-06-12,21:00,28.39,84.1,1.445,108.7,0,1013,0
2024-06-12,22:00,28.33,81.5,1.487,97.9,0,1014,0
2024-06-12,23:00,28.39,84,1.562,89.6,0,1014,0
2024-06-13,00:00,28.44,82.5,1.456,95.1,0,1013,0
2024-06-13,01:00,28.39,83.4,1.443,86.2,0,1013,0
2024-06-13,02:00,28.28,83.7,1.078,94.6,0,1012,0
2024-06-13,03:00,28.17,83.7,1.128,99.7,0,1012,0
2024-06-13,04:00,28.11,84.1,1.013,103.5,0,1012,0
2024-06-13,05:00,27.39,86.6,1.226,117.6,0,1012,0.3
2024-06-13,06:00,27.67,83.9,2.184,109.7,2.69,1012,0
2024-06-13,07:00,28.28,79.83,2.361,106.6,95.3,1012,0
2024-06-13,08:00,29.44,77.1,2.184,103.2,279.7,1012,0
2024-06-13,09:00,30,73.51,2.75,95.2,509.8,1013,0
2024-06-13,10:00,30.44,72.21,3.081,99.7,694.5,1013,0
2024-06-13,11:00,30.89,72.6,3.16,100.6,822,1013,0
2024-06-13,12:00,30.94,70.45,3.54,102.7,914,1012,0
2024-06-13,13:00,31.06,68.58,3.421,101.1,867,1012,0
2024-06-13,14:00,31.28,70,3.43,94.4,899,1011,0
2024-06-13,15:00,31,69.09,3.465,94,815,1011,0
2024-06-13,16:00,30.72,70.71,3.331,97.9,526.8,1010,0
2024-06-13,17:00,30.39,73.9,3.364,101.4,301.9,1010,0
2024-06-13,18:00,29.94,79.72,3.267,91,173.7,1011,0
2024-06-13,19:00,29.11,80.1,2.773,94.1,18.78,1011,0
2024-06-13,20:00,28.44,82,2.18,99.2,0.067,1012,0
2024-06-13,21:00,28.39,85.2,2.567,84,0,1012,0.2
2024-06-13,22:00,27.39,86.9,1.586,97.1,0.001,1013,0.3
2024-06-13,23:00,27.78,85.6,2.374,100.5,0,1013,0
2024-06-14,00:00,28.06,82.2,1.984,99.7,0,1013,0
2024-06-14,01:00,28.28,80.9,2.264,99.3,0,1013,0
2024-06-14,02:00,28.33,80.5,2.207,98.8,0,1012,0
2024-06-14,03:00,28.22,81.1,1.992,91.1,0,1012,0
2024-06-14,04:00,28.11,81.4,1.977,86.9,0,1011,0
2024-06-14,05:00,28.11,80.1,1.66,113.2,0,1011,0
2024-06-14,06:00,28.11,81.9,1.824,97.3,2.988,1011,0
2024-06-14,07:00,28.67,77.03,1.763,95.1,99.4,1012,0
2024-06-14,08:00,29.39,76.83,2.524,97.1,218.4,1012,0
2024-06-14,09:00,30.11,73.58,3.17,91.9,495,1013,0
2024-06-14,10:00,30.44,70.84,3.512,91.6,686.9,1013,0
2024-06-14,11:00,30.72,73.89,3.706,95.9,809,1012,0
2024-06-14,12:00,30.67,69.93,3.853,99.8,904,1012,0
2024-06-14,13:00,31,71.69,3.693,106,846,1011,0
2024-06-14,14:00,30.89,73.06,3.59,97.7,778.2,1011,0
2024-06-14,15:00,31.11,70.91,3.643,90.9,798.1,1010,0
2024-06-14,16:00,30.89,72.99,3.97,97,624.5,1010,0
2024-06-14,17:00,29.72,65.91,4.368,109.2,415,1011,0
2024-06-14,18:00,29.94,77.36,3.652,110.5,239.7,1011,0
2024-06-14,19:00,28.67,79.37,2.921,110.3,43.28,1012,0
2024-06-14,20:00,28.44,81.9,2.269,115.2,0.064,1012,0
2024-06-14,21:00,28.17,83.7,1.365,82.8,0,1012,0
2024-06-14,22:00,28.06,79.37,2.154,85,0,1013,0
2024-06-14,23:00,28.17,78.46,2.504,104.7,0,1013,0
2024-06-15,00:00,28.33,78.46,2.672,98.7,0,1013,0
2024-06-15,01:00,28.17,79.44,2.339,109.8,0,1012,0
2024-06-15,02:00,27.94,79.05,1.864,93.3,0,1012,0
2024-06-15,03:00,27.67,81.6,1.607,86.7,0,1011,0
2024-06-15,04:00,27.89,81.2,1.858,91.4,0,1011,0
2024-06-15,05:00,28.17,82.3,1.932,80.9,0,1012,0
2024-06-15,06:00,28.28,82.6,2.3,81.1,1.605,1012,0
2024-06-15,07:00,28.56,76.45,2.586,84,81.3,1012,0
2024-06-15,08:00,29.28,77.45,2.496,87.7,181.9,1013,0
2024-06-15,09:00,29.56,76.18,2.959,87.1,285.5,1013,0
2024-06-15,10:00,30.22,71.43,3.494,93.4,564.8,1013,0
2024-06-15,11:00,30.33,75.27,3.742,94.2,544.3,1013,0
2024-06-15,12:00,30.17,74.81,3.561,102.1,286.4,1013,0
2024-06-15,13:00,30.61,71.3,3.652,97.4,761.9,1012,0
2024-06-15,14:00,30.94,71.04,4.068,98.4,741.2,1012,0
2024-06-15,15:00,31,73.38,3.733,103.3,685.9,1011,0
2024-06-15,16:00,30.94,70.97,3.858,112.1,618.2,1011,0
2024-06-15,17:00,30.5,72.54,3.621,98.8,316.1,1011,0
2024-06-15,18:00,30.06,74.68,3.048,96.7,133,1011,0
2024-06-15,19:00,29.61,73.65,2.845,96.5,29.83,1012,0
2024-06-15,20:00,29.33,77.94,2.629,93.5,0.043,1012,0
2024-06-15,21:00,29.17,78.46,2.672,102.8,0,1012,0
2024-06-15,22:00,29.11,78.2,2.738,97.2,0,1012,0
2024-06-15,23:00,29,77.16,2.503,94.5,0,1012,0
2024-06-16,00:00,29,76.32,2.981,101.6,0,1012,0
2024-06-16,01:00,28.89,75.86,2.904,105.3,0,1012,0
2024-06-16,02:00,28.89,75.53,2.763,105.4,0,1011,0
2024-06-16,03:00,28.61,79.51,2.248,102,0,1011,0
2024-06-16,04:00,28.56,78.27,2.345,102.5,0,1011,0
2024-06-16,05:00,28.61,79.38,2.298,102.7,0,1012,0
2024-06-16,06:00,28.61,78.46,2.575,92.3,1.919,1012,0
2024-06-16,07:00,28.83,75.5,2.637,95,90.1,1013,0
2024-06-16,08:00,29.28,69.3,3.269,88.7,222.4,1013,0
2024-06-16,09:00,30.22,72.29,3.921,95,508.7,1013,0
2024-06-16,10:00,30.5,68.79,4.372,98.5,665,1013,0
2024-06-16,11:00,30.78,71.13,4.52,91.4,857,1013,0
2024-06-16,12:00,30.94,69.87,4.511,99.8,937,1013,0
2024-06-16,13:00,31.17,67.13,4.569,99.8,990,1012,0
2024-06-16,14:00,30.94,69.15,4.417,95.4,853,1012,0
2024-06-16,15:00,30.94,69.74,4.381,96.7,758.6,1012,0
2024-06-16,16:00,30.83,68.96,3.818,96,627.2,1012,0
2024-06-16,17:00,30.5,70.91,3.652,98.5,361,1012,0
2024-06-16,18:00,30,73.25,3.535,83.6,167.1,1012,0
2024-06-16,19:00,29.5,76.84,2.962,90.1,27.75,1012,0
2024-06-16,20:00,28.94,77.76,2.3,84.8,0.035,1013,0
2024-06-16,21:00,28.83,76.9,2.258,85.9,0,1013,0
2024-06-16,22:00,28.72,75.92,2.378,96.2,0,1013,0
2024-06-16,23:00,28.67,75.47,2.087,86.9,0,1013,0
2024-06-17,00:00,28.61,78.28,1.828,88.1,0,1013,0
2024-06-17,01:00,28.5,77.34,2.279,96.8,0,1013,0
2024-06-17,02:00,28.33,79.18,1.788,88.2,0,1012,0
2024-06-17,03:00,28.28,78.86,1.886,88.9,0,1012,0
2024-06-17,04:00,26.94,88.2,1.731,92.1,0,1012,0.7
2024-06-17,05:00,26.34,86.2,1.004,108.2,0,1012,0
2024-06-17,06:00,27.5,77.88,2.191,104.2,2.396,1012,0
2024-06-17,07:00,28.06,73.84,3.069,108,75.77,1012,0
2024-06-17,08:00,29.06,72.21,3.52,106.2,250.4,1012,0
2024-06-17,09:00,29.78,71.89,3.795,97.8,473.1,1013,0
2024-06-17,10:00,30.33,68.74,4.081,98,712.9,1013,0
2024-06-17,11:00,30.56,70.39,4.479,95.9,852,1013,0
2024-06-17,12:00,30.83,70.73,4.6,91.8,918,1013,0
2024-06-17,13:00,30.94,66.92,4.502,90.2,930,1012,0
2024-06-17,14:00,31,69.48,4.336,95,879,1012,0
2024-06-17,15:00,31.11,68.89,3.943,91.1,775.5,1011,0
2024-06-17,16:00,30.78,78.29,4.283,89.6,527.3,1011,0
2024-06-17,17:00,30.22,75.15,4.605,91.7,393.5,1011,0
2024-06-17,18:00,30,83.2,4.484,93.8,232.4,1011,0
2024-06-17,19:00,27.67,86.4,2.759,105.2,23.32,1012,2.1
2024-06-17,20:00,28.11,81.8,2.818,108,0.076,1012,0
2024-06-17,21:00,28.39,82.8,2.914,106.2,0.001,1013,0
2024-06-17,22:00,28.17,81.4,2.408,115.2,0.001,1013,0
2024-06-17,23:00,28.33,81.7,2.64,110.2,0.001,1013,0
2024-06-18,00:00,28.22,79.11,3.013,111.6,0,1013,0
2024-06-18,01:00,28.56,80,2.824,106.9,0,1013,0
2024-06-18,02:00,27.56,87.4,1.859,107.7,0,1012,2.8
2024-06-18,03:00,26.37,89.7,1.298,105.1,0,1012,1
2024-06-18,04:00,26.94,87.3,0.9804,99.6,0,1012,0
2024-06-18,05:00,27.56,83,1.581,114.2,0.001,1012,0
2024-06-18,06:00,27.89,82.2,1.844,106.1,3.28,1012,0
2024-06-18,07:00,28.44,77.1,2.049,101.7,92.8,1012,0
2024-06-18,08:00,29.56,73.91,3.103,92,319.8,1013,0
2024-06-18,09:00,29.39,77.62,3.328,94,311.7,1013,0
2024-06-18,10:00,30.22,71.63,3.684,93.9,692.6,1013,0
2024-06-18,11:00,30.61,71.03,3.952,98.1,835,1012,0
2024-06-18,12:00,30.83,69.56,4.113,95.8,932,1012,0
2024-06-18,13:00,30.83,70.65,4.792,96.8,946,1011,0
2024-06-18,14:00,31,66.09,4.81,94,917,1011,0
2024-06-18,15:00,30.78,71.56,4.685,93.7,761.7,1010,0
2024-06-18,16:00,30.61,68.5,4.345,97.5,607.2,1010,0
2024-06-18,17:00,30.33,70.78,4.591,97.1,433.5,1010,0
2024-06-18,18:00,30.06,73.07,3.889,96.1,219.7,1010,0
2024-06-18,19:00,28.72,86.4,3.151,99.7,43.72,1011,0.2
2024-06-18,20:00,28.22,81.5,2.246,113.3,0.084,1012,0
2024-06-18,21:00,28.33,85,2.288,110.1,0.001,1012,0
2024-06-18,22:00,27.89,82.5,1.76,105.9,0.001,1013,0
2024-06-18,23:00,28.33,76.71,1.943,108.4,0.001,1013,0
2024-06-19,00:00,28.06,86,1.639,96.7,0.001,1013,0
2024-06-19,01:00,27.56,84.4,1.435,95.9,0.001,1013,0.3
2024-06-19,02:00,27.11,89.6,0.6764,102.1,0,1012,1
2024-06-19,03:00,26.52,91.7,0.3947,41.94,0,1012,0
2024-06-19,04:00,26.23,92.6,0.4144,80.1,0,1011,0
2024-06-19,05:00,26.36,91.3,0.5923,99.3,0,1011,0
2024-06-19,06:00,26.78,84.1,1.357,111.8,2.261,1012,0.2
2024-06-19,07:00,27.72,78.99,1.032,114.7,113.4,1012,0
2024-06-19,08:00,29.11,75.02,2.383,97.2,307.5,1012,0
2024-06-19,09:00,29.39,80.3,2.696,92,419.4,1013,0
2024-06-19,10:00,29.67,71.17,3.409,92.9,607.3,1013,0
2024-06-19,11:00,30.17,68.83,3.566,88.9,805,1012,0
2024-06-19,12:00,30.5,71.82,3.782,93.6,947,1012,0
2024-06-19,13:00,30.61,70.59,4.055,95,999,1011,0
2024-06-19,14:00,30.72,69.11,3.983,89.5,932,1011,0
2024-06-19,15:00,30.72,69.67,3.947,102.2,789.9,1010,0
2024-06-19,16:00,30.44,71.63,4.032,93.3,619.4,1010,0
2024-06-19,17:00,30.28,71.24,3.454,99.8,386,1009,0
2024-06-19,18:00,30.06,74.53,3.122,96.6,220.4,1010,0
2024-06-19,19:00,29.17,75.73,2.82,90.2,22.63,1010,0
2024-06-19,20:00,28.83,77.1,2.275,93,0.102,1010,0
2024-06-19,21:00,28.72,77.1,1.92,89.7,0.001,1011,0
2024-06-19,22:00,28.67,76.01,1.511,91.1,0.001,1011,0
2024-06-19,23:00,28.56,81.7,1.248,109.7,0.001,1011,0
2024-06-20,00:00,26.08,92.3,1.529,66.27,0.001,1012,8.4
2024-06-20,01:00,25.79,92.4,0.7385,50.01,0.001,1011,0.8
2024-06-20,02:00,25.98,92.5,0.5217,77.8,0.001,1010,0
2024-06-20,03:00,26.17,91.4,0.6156,74.07,0,1010,0.5
2024-06-20,04:00,26.04,88.2,0.9924,94,0,1010,0
2024-06-20,05:00,25.94,91.1,0.882,72.98,0,1010,1.8
2024-06-20,06:00,25.69,92.7,0.5257,60.29,2.391,1010,0
2024-06-20,07:00,26.62,89.8,0.5463,75.55,71.64,1011,0
2024-06-20,08:00,27.94,78.14,1.459,78.55,313.3,1011,0
2024-06-20,09:00,29.72,74.69,2.034,94.4,469.9,1011,0
2024-06-20,10:00,30.22,70.68,2.73,94.6,702.2,1011,0
2024-06-20,11:00,30.56,68.59,2.753,97.4,751.5,1011,0
2024-06-20,12:00,30.56,69.09,2.849,104.2,899,1011,0
2024-06-20,13:00,31.11,66.1,3.075,101.2,956,1011,0
2024-06-20,14:00,31.22,62.84,3.207,103,929,1010,0
2024-06-20,15:00,31.06,65.64,3.189,90.3,798.7,1010,0
2024-06-20,16:00,30.83,65.77,3.076,95.9,627.7,1010,0
2024-06-20,17:00,30.56,69.68,3.02,91,419,1010,0
2024-06-20,18:00,29.33,75.41,2.146,107.6,159.6,1010,0
2024-06-20,19:00,28.28,87.6,1.722,111.5,67.82,1011,1.8
2024-06-20,20:00,27.61,85.2,0.9482,93.9,0.117,1011,0
2024-06-20,21:00,26.94,89.1,0.6393,27.8,0.001,1012,0.2
2024-06-20,22:00,27.56,84.9,1.018,78.98,0.002,1012,0
2024-06-20,23:00,27.5,84.7,0.6339,73.4,0.001,1012,0
2024-06-21,00:00,27.5,85.2,0.903,106,0.001,1012,0
2024-06-21,01:00,27.44,86.3,0.8087,115.1,0.001,1011,0.3
2024-06-21,02:00,27.28,86.4,0.4399,90.8,0.001,1011,0
2024-06-21,03:00,27.06,79.84,0.7792,111.6,0.001,1011,0
2024-06-21,04:00,26.94,86.2,0.5642,146.1,0,1010,0
2024-06-21,05:00,26.33,87.5,0.5154,122.5,0,1011,0
2024-06-21,06:00,26.58,84.8,0.9213,114.7,2.507,1011,0
2024-06-21,07:00,27.33,78.99,0.8024,120.8,80,1011,0
2024-06-21,08:00,29.44,71.89,1.912,102.1,299.1,1012,0
2024-06-21,09:00,29.94,72.74,2.668,94.5,474.3,1012,0
2024-06-21,10:00,30.11,69.99,2.839,104.6,611.4,1012,0
2024-06-21,11:00,30.61,70.32,3.141,102.4,822,1012,0
2024-06-21,12:00,30.67,71.88,3.143,93.6,821,1012,0
2024-06-21,13:00,30.89,70.45,3.581,100.6,935,1011,0
2024-06-21,14:00,31,69.12,3.278,97.3,814,1011,0
2024-06-21,15:00,30.94,68.13,3.706,97.6,772.1,1011,0
2024-06-21,16:00,30.89,65.92,2.898,107.6,532,1010,0
2024-06-21,17:00,30.67,75.54,3.034,113.2,394,1010,0
2024-06-21,18:00,29.72,74.24,2.097,106.8,205.7,1011,0
2024-06-21,19:00,29.67,74.69,1.692,110.8,39.7,1011,0
2024-06-21,20:00,29.11,76.9,1.201,115.5,0.184,1012,0
2024-06-21,21:00,28.89,78.41,0.8699,98.5,0,1013,0
2024-06-21,22:00,28.61,83.6,0.8999,90,0.001,1013,0
2024-06-21,23:00,27.89,85.1,0.8181,85.8,0.001,1013,0
2024-06-22,00:00,27.83,83.7,0.9906,113.4,0.001,1013,0
2024-06-22,01:00,27.78,83.9,0.8588,120.1,0.001,1013,0
2024-06-22,02:00,27.72,83.9,0.9544,121.6,0.001,1013,0
2024-06-22,03:00,27.61,84.9,0.8404,121.9,0.001,1012,0
2024-06-22,04:00,27.44,85.1,0.6791,131.1,0,1012,0
2024-06-22,05:00,27.67,83.5,0.8749,116.2,0,1012,0
2024-06-22,06:00,27.5,83.2,0.9276,113.3,5.3,1013,0
2024-06-22,07:00,28.5,80.1,1.984,84.3,96,1013,0
2024-06-22,08:00,29.11,77.75,2.372,84.5,168,1014,0
2024-06-22,09:00,29.83,73.91,2.769,90.2,372.4,1014,0
2024-06-22,10:00,30.28,72.8,3.506,91.9,554.1,1014,0
2024-06-22,11:00,30.56,69.81,3.836,97,680.8,1013,0
2024-06-22,12:00,30.83,71.83,4.104,103.3,848,1013,0
2024-06-22,13:00,30.94,69.68,3.934,102.2,892,1012,0
2024-06-22,14:00,31,70.63,4.059,85.8,917,1012,0
2024-06-22,15:00,31,69.61,3.755,91.7,798.6,1011,0
2024-06-22,16:00,30.94,70.07,3.818,93.2,635.8,1011,0
2024-06-22,17:00,30.72,70.13,3.295,88.6,444.3,1011,0
2024-06-22,18:00,30.28,72.3,3.064,91.7,212.2,1011,0
2024-06-22,19:00,29.78,76.97,2.675,87.9,49.57,1011,0
2024-06-22,20:00,29.22,78.86,2.243,92,0.137,1012,0
2024-06-22,21:00,29.11,78.41,2.22,92.7,0,1012,0
2024-06-22,22:00,28.83,81.5,2.54,83.9,0.001,1013,0
2024-06-22,23:00,28.89,80.1,2.334,92.4,0.001,1013,0
2024-06-23,00:00,28.44,84.5,2.225,98.6,0.001,1013,0
2024-06-23,01:00,27.89,82,1.609,99.8,0.002,1013,0
2024-06-23,02:00,28.28,81.8,1.94,107,0.002,1012,0
2024-06-23,03:00,28.28,84.8,1.557,100.7,0.002,1012,0.2
2024-06-23,04:00,27.89,85.4,1.654,84,0.001,1012,0.8
2024-06-23,05:00,28.17,82.8,1.805,92.3,0.001,1012,0
2024-06-23,06:00,27.61,86.3,1.792,98.8,2.015,1013,0
2024-06-23,07:00,28,81.3,1.759,93.7,61.61,1013,0
2024-06-23,08:00,29.44,75.8,2.416,87.6,305.6,1013,0
2024-06-23,09:00,29.5,86.9,3.366,93.2,449.6,1013,1.2
2024-06-23,10:00,29,79.2,3.058,101,640.5,1013,1.8
2024-06-23,11:00,29.67,88.6,3.14,100.9,413.1,1013,1.5
2024-06-23,12:00,29.5,77.69,3.281,103.1,947,1013,0.3
2024-06-23,13:00,29.89,78.02,3.733,97,784.5,1012,0
2024-06-23,14:00,29.06,83.6,2.764,112.3,646.8,1012,1.8
2024-06-23,15:00,30.5,78.99,3.652,98,680.4,1011,0
2024-06-23,16:00,30.39,74.17,4.274,90.1,557,1011,0
2024-06-23,17:00,30.39,74.36,3.697,89.7,332.9,1010,0
2024-06-23,18:00,29.94,74.95,3.617,87.8,125.1,1010,0
2024-06-23,19:00,29.56,76.97,3.542,89.3,38.89,1011,0
2024-06-23,20:00,29.17,77.3,3.064,87.8,0.164,1011,0
2024-06-23,21:00,29.06,78.99,2.926,83.4,0,1012,0
2024-06-23,22:00,29.11,79,2.901,83,0,1012,0
2024-06-23,23:00,29,81.1,2.339,80.6,0,1012,0
2024-06-24,00:00,27.67,91.4,3.326,88.4,0.001,1012,12.7
2024-06-24,01:00,27.72,88.3,2.326,83.8,0.001,1012,0
2024-06-24,02:00,27.44,90.2,2.578,87.7,0.001,1012,4.8
2024-06-24,03:00,26.83,88.8,2.613,90.1,0.001,1011,0
2024-06-24,04:00,26.44,90.4,2.237,98.6,0.001,1011,0.3
2024-06-24,05:00,27.06,89.3,2.849,81,0.001,1011,0
2024-06-24,06:00,26.55,91.6,3.227,82.4,1.871,1012,6.8
2024-06-24,07:00,25.97,92,2.748,96.1,38.77,1012,5.9
2024-06-24,08:00,26.13,90.4,3.156,114.4,94.9,1013,5.3
2024-06-24,09:00,25.76,90.7,2.384,77.34,141.1,1014,6.3
2024-06-24,10:00,27.39,81.7,1.329,54.43,531.3,1013,0
2024-06-24,11:00,30.33,75.83,3.406,102.3,789.9,1013,0
2024-06-24,12:00,30.5,75.48,3.634,103,860,1013,0
2024-06-24,13:00,30.83,75.19,3.76,98.3,892,1012,0
2024-06-24,14:00,30.78,75.68,4.162,94.2,765,1012,0
2024-06-24,15:00,29.78,76.19,3.341,88.7,535.3,1012,0
2024-06-24,16:00,30.56,74.58,4.032,88.2,595.2,1011,0
2024-06-24,17:00,29,87.8,3.143,97.5,267.6,1011,1.8
2024-06-24,18:00,29.06,82.2,3.135,101.6,201.8,1011,0
2024-06-24,19:00,28.67,88.4,2.808,91,29.63,1012,3.3
2024-06-24,20:00,27.11,87.7,1.622,96.5,0.113,1012,0
2024-06-24,21:00,28.22,84.1,2.449,90.6,0.001,1013,0
2024-06-24,22:00,26.63,90.2,2.635,96.8,0.001,1013,3.8
2024-06-24,23:00,26.42,90.1,1.858,101.2,0.001,1013,3.1
2024-06-25,00:00,26.49,91.4,1.404,106.3,0.001,1013,0
2024-06-25,01:00,27.72,85.4,1.974,105.1,0.001,1013,0
2024-06-25,02:00,27.78,85,1.698,108.9,0.001,1012,0
2024-06-25,03:00,27.89,83.4,2.414,108.1,0.001,1012,0
2024-06-25,04:00,28.06,83.4,2.518,104.3,0.001,1012,0
2024-06-25,05:00,28.17,79.19,2.479,96.2,0.001,1012,0
2024-06-25,06:00,28.17,80.3,2.386,100.8,1.487,1012,0
2024-06-25,07:00,28.5,77.62,2.344,88.4,75.02,1012,0
2024-06-25,08:00,29.56,72.48,2.824,86.8,288.1,1013,0
2024-06-25,09:00,30.17,71.5,3.706,90.5,511.6,1013,0
2024-06-25,10:00,30.33,70,4.149,88.8,650.9,1013,0
2024-06-25,11:00,30.61,72.8,4.175,93.1,777,1013,0
2024-06-25,12:00,30.83,73.06,3.548,92.4,828,1013,0
2024-06-25,13:00,30.83,74.7,4.242,93,836,1013,0
2024-06-25,14:00,30.5,68.05,3.862,86.8,802,1012,0
2024-06-25,15:00,30.44,73.98,4.417,89.2,652.5,1012,0
2024-06-25,16:00,30.44,72.02,4.166,88.2,632.2,1011,0
2024-06-25,17:00,30.22,75.47,3.894,90.9,340.5,1011,0
2024-06-25,18:00,29.78,73.06,3.526,89.9,137.9,1012,0
2024-06-25,19:00,28.61,84.7,3.657,94.5,47.61,1012,0.2
2024-06-25,20:00,27.28,84.7,2.207,107.7,0.092,1013,0
2024-06-25,21:00,28.67,76.71,2.9,95.9,0,1013,0
2024-06-25,22:00,28.89,78.47,3.039,88.2,0,1013,0
2024-06-25,23:00,28.89,81.1,3.379,86.6,0,1014,0.3
2024-06-26,00:00,27.28,84,2.814,96.1,0.001,1014,0.2
2024-06-26,01:00,28.17,81.5,2.862,90.2,0.001,1013,0
2024-06-26,02:00,28.61,79.91,3.195,94.2,0.001,1013,0
2024-06-26,03:00,28.56,80.3,3.059,95.5,0.001,1012,0
2024-06-26,04:00,28.67,81.1,2.856,91.7,0.001,1012,0
2024-06-26,05:00,28.61,80.1,2.811,96.3,0.001,1012,0
2024-06-26,06:00,28.56,81,2.669,101.6,3.978,1012,0
2024-06-26,07:00,28.72,78.37,2.699,96.1,89.5,1013,0
2024-06-26,08:00,29.56,74.89,2.979,103.8,269.9,1013,0
2024-06-26,09:00,30.11,68.5,4.095,98.9,514.1,1014,0
2024-06-26,10:00,30.44,70.07,3.912,106.9,566.4,1014,0
2024-06-26,11:00,30.5,69.09,4.283,101,693.5,1014,0
2024-06-26,12:00,30.83,72.61,4.055,95.3,901,1013,0
2024-06-26,13:00,30.89,74.7,3.786,96.1,752.1,1013,0
2024-06-26,14:00,30.83,68.96,3.625,94.1,779.1,1013,0
2024-06-26,15:00,30.39,86.3,3.458,88.1,580.6,1013,0.3
2024-06-26,16:00,30.11,76.19,3.317,86.1,608.2,1013,0
2024-06-26,17:00,29.94,78.67,3.056,86.7,258.7,1013,0
2024-06-26,18:00,29.89,76.97,3.213,86.5,155.8,1013,0
2024-06-26,19:00,29.28,79.71,2.743,83.3,25.4,1013,0
2024-06-26,20:00,28.94,80.8,2.59,85.9,0.053,1014,0
2024-06-26,21:00,29.06,80.4,2.553,85.7,0,1014,0
2024-06-26,22:00,28.89,80.1,2.216,82.9,0,1015,0
2024-06-26,23:00,28.89,81.5,2.464,81.9,0,1015,0
2024-06-27,00:00,28.61,83.2,2.514,82.8,0,1014,0
2024-06-27,01:00,28.67,81.6,2.432,84.6,0,1014,0
2024-06-27,02:00,28.72,81.2,2.494,84.1,0,1013,0
2024-06-27,03:00,28.56,79.19,2.361,82.3,0,1013,0
2024-06-27,04:00,28.33,80.2,2.237,79.07,0,1013,0
2024-06-27,05:00,28.44,78.52,2.326,81.9,0.001,1013,0
2024-06-27,06:00,28.5,80.2,2.062,80.3,2.127,1013,0
2024-06-27,07:00,28.61,78.21,2.135,80.8,49.9,1014,0
2024-06-27,08:00,29.56,73.91,2.394,82,233.1,1015,0
2024-06-27,09:00,30.56,72.15,2.908,84,485.9,1015,0
2024-06-27,10:00,30.61,71.17,3.907,90,655.3,1015,0
2024-06-27,11:00,31,70.66,3.551,98.3,830,1014,0
2024-06-27,12:00,31.06,69.68,3.639,92.7,750,1014,0
2024-06-27,13:00,30.44,67.92,3.258,82.2,730.9,1013,0
2024-06-27,14:00,31.17,65.31,3.149,78.58,726.9,1012,0
2024-06-27,15:00,31.11,70.07,3.585,80.2,677.8,1012,0
2024-06-27,16:00,30.83,68.9,3.157,79.75,430.4,1012,0
2024-06-27,17:00,30.67,66.87,3.325,79.39,444.9,1011,0
2024-06-27,18:00,30.39,68.44,3.289,75.14,265.2,1012,0
2024-06-27,19:00,29.61,71.37,3.181,81.2,36.99,1012,0
2024-06-27,20:00,29.06,74.43,2.74,83.5,0.149,1013,0
2024-06-27,21:00,28.94,75.15,2.427,84.7,0,1013,0
2024-06-27,22:00,28.94,77.08,2.307,83.2,0,1013,0
2024-06-27,23:00,28.83,79.72,2.278,80,0,1013,0
2024-06-28,00:00,27.61,87.5,1.843,82.3,0.001,1013,3.3
2024-06-28,01:00,27.67,85.1,1.592,86.5,0.001,1012,0
2024-06-28,02:00,27.44,88.2,1.546,90.4,0.001,1012,0.5
2024-06-28,03:00,27.5,83.9,1.695,93.5,0.001,1011,0
2024-06-28,04:00,27.89,80.4,2.21,91.1,0.001,1011,0
2024-06-28,05:00,27.94,78.6,2.224,100.1,0,1011,0
2024-06-28,06:00,28,79.12,1.813,103.3,1.487,1011,0
2024-06-28,07:00,28.11,79.71,1.967,95.1,90.5,1012,0
2024-06-28,08:00,28.94,75.15,2.751,93.1,242.6,1012,0
2024-06-28,09:00,29.94,73.85,3.581,97.6,471.7,1012,0
2024-06-28,10:00,30.17,69.29,4.403,97.2,681.5,1012,0
2024-06-28,11:00,30.33,69.87,4.269,94.9,827,1012,0
2024-06-28,12:00,30.39,70.79,4.144,89.8,883,1012,0
2024-06-28,13:00,30.78,68.76,4.305,92.6,904,1012,0
2024-06-28,14:00,30.94,67.27,4.211,98.6,888,1011,0
2024-06-28,15:00,30.67,73.98,3.947,92.8,605,1011,0
2024-06-28,16:00,30.17,71.89,3.283,88.7,287.8,1011,0
2024-06-28,17:00,30.11,71.55,3.238,87.7,309.1,1011,0
2024-06-28,18:00,30,71.83,3.675,92.4,168.5,1011,0
2024-06-28,19:00,28.11,87.8,2.18,107.2,38.97,1011,0.3
2024-06-28,20:00,27.67,82.8,1.505,111,0.09,1012,0
2024-06-28,21:00,28.28,78.54,1.764,110.3,0,1012,0
2024-06-28,22:00,28.67,78.93,2.316,113.5,0,1013,0
2024-06-28,23:00,28.17,84.3,1.516,99.6,0,1013,0
2024-06-29,00:00,28.44,78.14,1.885,90.1,0,1013,0
2024-06-29,01:00,28.61,77.96,2.392,86.8,0,1012,0
2024-06-29,02:00,28.56,77.43,2.187,89.2,0,1012,0
2024-06-29,03:00,28.11,80.8,1.821,100.6,0.001,1011,0
2024-06-29,04:00,28.06,78.08,2.005,96.9,0,1011,0
2024-06-29,05:00,28.33,80.6,2.283,88.7,0,1011,0
2024-06-29,06:00,28.06,80.1,2.012,95.7,2.523,1011,0
2024-06-29,07:00,28.5,75.93,2.249,98,106.4,1012,0
2024-06-29,08:00,29.44,76.54,2.736,93.5,266.5,1012,0
2024-06-29,09:00,28.11,84.9,3.496,106.4,134.7,1013,0.2
2024-06-29,10:00,28.39,77.36,2.514,107.8,256,1013,0
2024-06-29,11:00,29,78.54,2.598,110.1,214.7,1013,0
2024-06-29,12:00,29.39,78.67,2.529,106.8,373.6,1012,0
2024-06-29,13:00,29.78,75.47,2.97,108.6,409.6,1012,0
2024-06-29,14:00,29.94,75.48,3.505,107.2,586.1,1011,0
2024-06-29,15:00,30.44,72.42,3.594,105.6,699.2,1011,0
2024-06-29,16:00,30.44,69.35,3.576,93.3,604.4,1011,0
2024-06-29,17:00,30.22,74.56,3.508,92,336.3,1011,0
2024-06-29,18:00,29.61,77.11,2.75,94.3,99,1011,0
2024-06-29,19:00,29.17,77.05,1.984,108.3,17.79,1011,0
2024-06-29,20:00,28.72,78.86,1.905,110.1,0.085,1012,0
2024-06-29,21:00,28.33,79.77,1.564,100.2,0,1012,0
2024-06-29,22:00,28.56,79.52,1.894,111.6,0,1013,0
2024-06-29,23:00,28.28,79.38,1.907,102.2,0,1013,0
2024-06-30,00:00,28.33,69.74,1.637,104.1,0,1013,0
2024-06-30,01:00,28.33,69.81,1.617,112.7,0,1012,0
2024-06-30,02:00,28.28,75.47,1.182,122.8,0,1012,0
2024-06-30,03:00,27.94,79.19,0.7542,291.4,0,1011,0
2024-06-30,04:00,28.06,75.67,1.337,93.2,0,1011,0
2024-06-30,05:00,27.83,76.32,1.012,92.2,0,1011,0
2024-06-30,06:00,27.72,79.64,0.9182,82.6,1.891,1011,0
2024-06-30,07:00,27.72,77.04,0.3639,51.25,64.33,1012,0
2024-06-30,08:00,28.94,71.82,1.523,92.3,256.7,1013,0
2024-06-30,09:00,30,70.13,2.593,90.6,512.5,1013,0
2024-06-30,10:00,30.39,69.56,2.833,85.5,725.2,1013,0
2024-06-30,11:00,30.83,67.33,2.551,92.9,825,1013,0
2024-06-30,12:00,30.83,72.09,2.437,73.08,719.9,1012,0
2024-06-30,13:00,30.67,72.15,2.262,71.72,626.1,1012,0
2024-06-30,14:00,30.22,76.01,2.25,71.25,423.1,1011,0
2024-06-30,15:00,30.11,72.55,2.402,70.54,484.1,1011,0
2024-06-30,16:00,30.11,71.44,3.303,83.7,415.1,1010,0
2024-06-30,17:00,30,78.99,2.722,78.64,283.7,1010,0
2024-06-30,18:00,29.39,83,2.288,68.65,200.1,1010,0
2024-06-30,19:00,29.06,75.6,2.413,78.18,47.27,1010,0
2024-06-30,20:00,28.83,78.27,2.012,83.1,0.134,1010,0
2024-06-30,21:00,28.39,80.7,2.425,85.2,0,1011,0
2024-06-30,22:00,28.33,78.21,2.092,84.7,0,1011,0
2024-06-30,23:00,28.56,76.98,2.254,90.8,0,1011,0
2024-07-01,00:00,28.56,78.73,1.881,104.6,0,1011,0
2024-07-01,01:00,28.39,78.01,1.712,95.4,0,1011,0
2024-07-01,02:00,28.33,80.4,1.615,98.9,0,1010,0
2024-07-01,03:00,28.22,83.2,1.511,108.6,0,1010,0
2024-07-01,04:00,28.22,80.1,1.895,107.9,0,1010,0
2024-07-01,05:00,28.28,78.89,2.034,110.3,0,1010,0
2024-07-01,06:00,28.17,78.93,1.906,112.7,1.772,1010,0
2024-07-01,07:00,28.61,77.5,1.886,100.8,82.7,1011,0
2024-07-01,08:00,29.78,73.2,2.743,88.2,329.9,1011,0
2024-07-01,09:00,30.28,72.94,3.241,96.3,524.6,1012,0
2024-07-01,10:00,30.56,71.96,3.532,103.7,704.5,1012,0
2024-07-01,11:00,30,81.7,3.441,105.3,706.7,1012,0
2024-07-01,12:00,30.22,72.15,3.566,91.4,978,1011,0
2024-07-01,13:00,30.94,69.55,3.916,97.4,1004,1011,0
2024-07-01,14:00,31,67.26,3.8,100.5,900,1010,0
2024-07-01,15:00,31.06,69.22,3.469,93.5,782.2,1010,0
2024-07-01,16:00,30.5,67.85,3.804,108.1,584.8,1010,0
2024-07-01,17:00,30.61,69.87,3.353,104,447.3,1009,0
2024-07-01,18:00,30.22,75.41,3.092,96.3,276.2,1010,0
2024-07-01,19:00,28.67,82.9,2.59,99.7,46.54,1010,0
2024-07-01,20:00,27.28,85.5,1.821,98.5,0.123,1011,0
2024-07-01,21:00,27.72,83.4,1.504,102.7,0,1011,0
2024-07-01,22:00,28,83.1,1.381,110.1,0,1012,0
2024-07-01,23:00,28.44,81.1,1.92,107.9,0,1012,0
2024-07-02,00:00,28.44,83.3,1.536,98.6,0,1012,0
2024-07-02,01:00,28.39,81.7,1.722,101,0,1011,0
2024-07-02,02:00,28.39,85.8,1.851,108.4,0,1011,0.5
2024-07-02,03:00,27.5,85,1.489,105.8,0,1011,0
2024-07-02,04:00,27.78,83.7,1.422,111.8,0,1011,0
2024-07-02,05:00,27.72,85.7,0.658,95.3,0,1011,0
2024-07-02,06:00,27,88.5,0.6652,83,1.616,1011,0.8
2024-07-02,07:00,27.72,81.3,1.154,96.6,77.01,1012,0
2024-07-02,08:00,28.72,79.78,1.744,110.3,212.7,1012,0
2024-07-02,09:00,29.94,75.08,2.681,98.6,486.3,1013,0
2024-07-02,10:00,30.39,71.3,3.612,105.4,671.9,1013,0
2024-07-02,11:00,30.78,69.41,3.634,89.7,843,1013,0
2024-07-02,12:00,31,69.42,3.515,91.2,897,1013,0
2024-07-02,13:00,30.06,70.46,3.394,83.3,808,1012,0
2024-07-02,14:00,30.67,73,3.53,91.1,755.5,1012,0
2024-07-02,15:00,30.89,68.83,3.693,90.4,802,1011,0
2024-07-02,16:00,30.56,71.44,3.174,101.3,567.3,1011,0
2024-07-02,17:00,30.56,72.55,3.367,96.5,451.5,1011,0
2024-07-02,18:00,30,75.25,2.888,97.1,158.5,1011,0
2024-07-02,19:00,29.44,75.67,2.357,90.5,38.2,1012,0
2024-07-02,20:00,28.78,77.23,2.371,103.2,0.165,1012,0
2024-07-02,21:00,28.44,79.84,2.25,110.5,0,1013,0
2024-07-02,22:00,28.67,79.58,2.007,115.4,0,1014,0
2024-07-02,23:00,28.67,76.77,1.536,117.3,0,1014,0
2024-07-03,00:00,28.67,78.23,1.615,111.1,0,1014,0
2024-07-03,01:00,28.5,77.23,2.142,115.5,0,1014,0
2024-07-03,02:00,28.39,79.51,1.954,113.1,0,1013,0
2024-07-03,03:00,28,81.1,1.184,114.4,0,1012,0
2024-07-03,04:00,27.44,81.9,0.8999,111.4,0,1012,0
2024-07-03,05:00,27.39,82.6,1.019,119.8,0,1013,0
2024-07-03,06:00,27.89,78.32,1.722,113.7,1.997,1013,0
2024-07-03,07:00,28.5,76.13,1.969,101.6,91.4,1013,0
2024-07-03,08:00,29.33,75.8,2.309,86.7,195.6,1014,0
2024-07-03,09:00,29.89,72.03,2.843,88.9,350,1014,0
2024-07-03,10:00,30.39,72.89,3.33,91,545.5,1014,0
2024-07-03,11:00,30.61,70.59,3.903,94.5,673.3,1014,0
2024-07-03,12:00,30.72,73.07,3.535,98.1,659.5,1014,0
2024-07-03,13:00,30.78,74.24,3.374,105.3,666,1013,0
2024-07-03,14:00,30.61,73.98,3.047,81.4,584.1,1012,0
2024-07-03,15:00,30.83,71.76,3.355,94.5,692,1012,0
2024-07-03,16:00,30.83,72.16,3.343,89.8,571.5,1012,0
2024-07-03,17:00,30.67,72.22,3.342,96,448,1012,0
2024-07-03,18:00,30.11,76.06,2.75,94,131.3,1012,0
2024-07-03,19:00,29.67,77.69,2.326,101.2,42.7,1012,0
2024-07-03,20:00,29.17,78.93,1.93,81.8,0.143,1013,0
2024-07-03,21:00,29,78.81,2.022,79.8,0,1014,0
2024-07-03,22:00,28.94,79.71,1.74,103.3,0,1014,0
2024-07-03,23:00,28.89,77.75,1.65,105.8,0,1014,0
2024-07-04,00:00,28.72,80.9,1.055,93.6,0,1014,0
2024-07-04,01:00,28.56,81.2,1.186,90.3,0,1013,0
2024-07-04,02:00,28.28,82.6,0.9982,98.5,0,1013,0
2024-07-04,03:00,27.78,85,0.8735,111.7,0,1012,0
2024-07-04,04:00,27.61,83.6,0.9298,107.8,0,1012,0
2024-07-04,05:00,27.89,83.9,1.376,92.6,0,1012,0
2024-07-04,06:00,27.89,83.1,1.309,84,1.285,1012,0
2024-07-04,07:00,28.39,78.89,1.564,81.8,82.6,1012,0
2024-07-04,08:00,28.94,79.27,2.234,77.92,262.1,1012,0
2024-07-04,09:00,29.72,77.13,2.712,73.18,368.5,1012,0
2024-07-04,10:00,30.28,68.36,2.971,81.9,519.6,1012,0
2024-07-04,11:00,30.67,68.36,3.862,89.1,808,1012,0
2024-07-04,12:00,31.17,66.75,3.492,91.1,900,1012,0
2024-07-04,13:00,31.06,65.05,3.558,83.8,892,1011,0
2024-07-04,14:00,31.28,63.87,3.448,87.2,686.2,1010,0
2024-07-04,15:00,31.11,67.92,2.549,81.9,506.9,1010,0
2024-07-04,16:00,31.17,67.14,2.931,84.4,506.9,1010,0
2024-07-04,17:00,30.89,67.85,2.769,86.6,381,1009,0
2024-07-04,18:00,30.33,72.28,2.618,79.61,175.7,1010,0
2024-07-04,19:00,29.56,75.67,2.531,83,22.06,1010,0
2024-07-04,20:00,29.06,77.17,1.943,83.9,0.075,1011,0
2024-07-04,21:00,28.89,79.52,1.621,84.6,0,1011,0
2024-07-04,22:00,28.72,78.41,1.834,83.2,0,1012,0
2024-07-04,23:00,28.78,79.9,2.061,82.8,0,1012,0
2024-07-05,00:00,28.61,79.51,1.936,83.6,0,1012,0
2024-07-05,01:00,28.28,79.69,2.025,86.3,0,1011,0
2024-07-05,02:00,28.06,82.9,1.095,94.5,0,1010,0
2024-07-05,03:00,28.06,80.7,1.469,92.5,0,1010,0
2024-07-05,04:00,28,80.8,1.284,104.5,0,1010,0
2024-07-05,05:00,27.89,81.1,1.342,94,0,1010,0
2024-07-05,06:00,27.61,81.6,0.895,111.2,1.302,1010,0
2024-07-05,07:00,27.72,76.91,0.6571,117.6,68.25,1011,0
2024-07-05,08:00,29.22,76.58,2.066,79.68,228.9,1011,0
2024-07-05,09:00,29.72,73.87,3.275,86.6,454.5,1011,0
2024-07-05,10:00,30.39,71.11,3.534,88.4,607.3,1011,0
2024-07-05,11:00,30.33,72.93,3.764,96.4,726.8,1011,0
2024-07-05,12:00,31,67.98,3.929,101.8,938,1010,0
2024-07-05,13:00,31.11,69.03,4.041,100.4,908,1010,0
2024-07-05,14:00,31.28,71.11,3.827,97,874,1009,0
2024-07-05,15:00,31.28,68.9,3.553,97,791.6,1009,0
2024-07-05,16:00,31.22,71.86,3.352,100.9,677.3,1009,0
2024-07-05,17:00,31,72.93,3.201,98.3,475.5,1008,0
2024-07-05,18:00,30.44,74.57,3.075,99.2,221.9,1009,0
2024-07-05,19:00,29.94,76.32,2.401,106.9,45.08,1009,0
2024-07-05,20:00,28.89,86.7,1.997,95.1,0.348,1010,0
2024-07-05,21:00,28.44,82.6,1.268,104,0,1011,0
2024-07-05,22:00,28.72,79.58,1.909,112.8,0,1011,0
2024-07-05,23:00,28.83,80.4,1.96,111.3,0,1011,0
2024-07-06,00:00,28.72,80.5,1.612,112.9,0,1011,0
2024-07-06,01:00,28.61,80.5,1.653,112.6,0,1011,0
2024-07-06,02:00,28.5,87.9,1.632,96.1,0,1010,4.6
2024-07-06,03:00,27.11,91.4,0.6889,100.2,0,1010,0
2024-07-06,04:00,27.33,88.8,1.235,110.3,0,1010,0.2
2024-07-06,05:00,27.78,84.8,1.648,112.7,0,1009,0
2024-07-06,06:00,28.17,84.5,1.328,112.5,1.584,1010,0
2024-07-06,07:00,28.5,79.12,1.685,112.5,65.12,1010,0
2024-07-06,08:00,29.17,79.12,2.36,98.7,237.5,1011,0
2024-07-06,09:00,30.11,76.58,3.239,96,451.4,1011,0
2024-07-06,10:00,29.89,75.28,2.908,109.1,577.9,1011,0
2024-07-06,11:00,30.94,75.67,3.428,101.8,789.7,1011,0
2024-07-06,12:00,31.06,69.04,3.603,106.3,859,1011,0
2024-07-06,13:00,31.33,68.96,3.634,103.7,895,1011,0
2024-07-06,14:00,31.28,71.05,3.715,98.9,869,1010,0
2024-07-06,15:00,31.22,62.69,3.688,91.3,806,1010,0
2024-07-06,16:00,31.11,68.57,3.643,92.3,647.4,1010,0
2024-07-06,17:00,30.67,68.7,3.59,87,447.1,1010,0
2024-07-06,18:00,30.28,68.7,3.334,86,232,1010,0
2024-07-06,19:00,29.61,73.35,2.411,74.55,38.03,1011,0
2024-07-06,20:00,29.06,80.1,1.574,92.4,0.152,1011,0
2024-07-06,21:00,29,80.7,2.003,87.4,0,1011,0
2024-07-06,22:00,29.11,79.9,2.33,82.9,0,1012,0
2024-07-06,23:00,29.17,81.1,2.456,86.6,0,1012,0
2024-07-07,00:00,28.89,82.1,2.373,83.9,0,1012,0
2024-07-07,01:00,28.89,82,2.316,89.3,0,1011,0
2024-07-07,02:00,28.72,82.4,2.144,94.9,0,1011,0
2024-07-07,03:00,28.61,80,1.666,108.8,0,1011,0
2024-07-07,04:00,28.67,78.92,2.111,104.7,0,1010,0
2024-07-07,05:00,28.67,82.2,2.284,111,0,1010,0
2024-07-07,06:00,28.61,79.95,1.977,108.9,1.448,1010,0
2024-07-07,07:00,28.89,77.56,1.877,106.2,62.65,1011,0
2024-07-07,08:00,29.83,74.83,2.645,98.4,257.6,1011,0
2024-07-07,09:00,30.44,71.01,3.357,98.6,505.7,1011,0
2024-07-07,10:00,30.83,70.9,3.438,101,636.2,1011,0
2024-07-07,11:00,31.22,68.96,3.576,97.7,851,1011,0
2024-07-07,12:00,31.22,66.35,4.157,100.3,934,1011,0
2024-07-07,13:00,31.39,68.18,3.934,93.8,971,1011,0
2024-07-07,14:00,31.44,66.06,3.634,91.5,899,1010,0
2024-07-07,15:00,31.44,68.38,3.639,96.2,786.6,1010,0
2024-07-07,16:00,31.33,67.92,3.539,93.5,646.4,1010,0
2024-07-07,17:00,31.11,71.89,3.17,104.7,439.1,1009,0
2024-07-07,18:00,30.61,73.59,2.653,90,211.7,1010,0
2024-07-07,19:00,30,75.87,2.114,95.4,32.69,1010,0
2024-07-07,20:00,29.44,77.62,1.635,88.5,0.14,1010,0
2024-07-07,21:00,29.22,79.06,1.113,102.5,0,1011,0
2024-07-07,22:00,29.06,78.08,1.338,94.9,0,1011,0
2024-07-07,23:00,28.94,78.66,1.187,91.8,0,1011,0
2024-07-08,00:00,28.5,82.9,1.587,95.6,0,1011,0
2024-07-08,01:00,27.72,83.1,1.798,107,0,1011,0
2024-07-08,02:00,27.56,84.6,0.7586,78.64,0,1011,0
2024-07-08,03:00,27.5,84.6,0.4904,99.8,0,1011,0
2024-07-08,04:00,27.56,85.3,0.4913,83.3,0,1011,0
2024-07-08,05:00,27.17,87.2,0.4962,80.6,0,1011,0
2024-07-08,06:00,27.33,86.4,0.8105,88.6,1.669,1011,0
2024-07-08,07:00,27.78,80.9,1.051,89.4,104.5,1011,0
2024-07-08,08:00,29.39,79.45,1.374,77.3,213.7,1011,0
2024-07-08,09:00,30.11,75.08,2.467,90.6,495.3,1012,0
2024-07-08,10:00,30.39,68.31,3.007,95.2,638.3,1012,0
2024-07-08,11:00,30.89,67.66,3.066,100.9,687.3,1012,0
2024-07-08,12:00,30.44,68.57,3.083,93.2,657.8,1011,0
2024-07-08,13:00,31,67.51,2.958,96.2,767.2,1011,0
2024-07-08,14:00,31.39,61.99,3.249,101.9,921,1011,0
2024-07-08,15:00,31.44,66.62,3.077,101.7,825,1010,0
2024-07-08,16:00,31.28,65.77,3.123,97.6,688,1010,0
2024-07-08,17:00,30.72,70.46,3.028,104.1,459.4,1009,0
2024-07-08,18:00,30.33,70.13,2.686,95.6,222.3,1009,0
2024-07-08,19:00,29.56,79.26,2.028,97.8,26.83,1010,0
2024-07-08,20:00,28.83,79.12,1.367,105.5,0.195,1010,0
2024-07-08,21:00,28.67,79.07,1.205,105.6,0,1011,0
2024-07-08,22:00,28.72,80.1,1.276,100.5,0,1011,0
2024-07-08,23:00,28.67,80.3,0.9745,87.5,0,1012,0
2024-07-09,00:00,28.5,76.91,1.35,108.6,0,1012,0
2024-07-09,01:00,27.72,89,1.344,109.1,0,1012,8.6
2024-07-09,02:00,26.07,90.5,0.7725,83.2,0,1012,0.3
2024-07-09,03:00,25.86,90.9,0.5879,87.7,0,1011,0
2024-07-09,04:00,26.48,89.5,0.84,104.2,0,1011,0
2024-07-09,05:00,26.94,87.5,0.8936,116.3,0,1011,0
2024-07-09,06:00,27.22,86.2,0.7962,110.1,1.41,1012,0
2024-07-09,07:00,27.72,81.9,0.5914,116.5,50.52,1012,0
2024-07-09,08:00,29.5,76.45,2.16,96.1,261.3,1012,0
2024-07-09,09:00,30.28,71.5,2.806,99.3,481,1012,0
2024-07-09,10:00,30.67,70.39,3.423,94.6,690.3,1012,0
2024-07-09,11:00,30.89,68.57,3.907,97.7,865,1012,0
2024-07-09,12:00,31.06,70.13,4.211,94.9,938,1012,0
2024-07-09,13:00,31.11,68.38,4.113,95.2,951,1011,0
2024-07-09,14:00,31.22,67.92,4.104,90.9,949,1011,0
2024-07-09,15:00,31.06,69.48,4.032,107,738,1011,0
2024-07-09,16:00,31,69.61,3.997,99.3,679.7,1010,0
2024-07-09,17:00,30.78,72.09,3.742,104.4,435.5,1010,0
2024-07-09,18:00,30.44,73,3.223,99.1,230.4,1010,0
2024-07-09,19:00,29.78,75.79,2.708,102.6,38.33,1010,0
2024-07-09,20:00,29.28,77.3,1.911,99,0.229,1011,0
2024-07-09,21:00,29.11,79.25,1.552,106.1,0,1012,0
2024-07-09,22:00,29,78.93,1.767,85.5,0,1012,0
2024-07-09,23:00,28.94,83.8,1.821,95,0,1013,0
2024-07-10,00:00,27.83,85.7,1.686,86.8,0,1013,0
2024-07-10,01:00,27.94,81.2,2.383,82,0,1012,0
2024-07-10,02:00,27.61,87.1,1.701,92.9,0,1012,0.5
2024-07-10,03:00,27.28,89,1.178,104.8,0,1011,0
2024-07-10,04:00,27.61,86.8,1.463,93.6,0,1011,0
2024-07-10,05:00,27.78,86.2,1.563,95.1,0,1011,0
2024-07-10,06:00,27.94,82.1,1.774,94.8,0.871,1011,0
2024-07-10,07:00,28.44,79.77,1.754,87.3,58.79,1011,0
2024-07-10,08:00,29.33,78.14,2.305,83.3,174.4,1012,0
2024-07-10,09:00,29.33,80.8,2.777,93,233.1,1012,0
2024-07-10,10:00,29.94,72.15,2.978,96.6,557.7,1012,0
2024-07-10,11:00,31.06,69.22,3.845,90.9,815,1012,0
2024-07-10,12:00,29.33,86.4,4.198,97.6,460.7,1011,0.8
2024-07-10,13:00,27.83,79.83,2.991,96.5,246.8,1011,0
2024-07-10,14:00,30.22,75.93,3.211,92.2,729.3,1010,0
2024-07-10,15:00,30.61,71.5,3.329,93.4,814,1010,0
2024-07-10,16:00,30.78,73.46,3.621,104,664.4,1009,0
2024-07-10,17:00,30.61,72.67,3.317,97.3,488.7,1009,0
2024-07-10,18:00,30.56,73.71,2.618,96.5,305.9,1010,0
2024-07-10,19:00,29.83,78.86,2.333,97.2,38.51,1010,0
2024-07-10,20:00,29.11,78.3,1.981,85.8,0.211,1011,0
2024-07-10,21:00,28.39,80.4,1.967,84.6,0,1011,0
2024-07-10,22:00,28.39,81.5,1.605,93.9,0,1012,0
2024-07-10,23:00,28.5,80.4,1.845,101.5,0,1012,0
2024-07-11,00:00,28.22,83.3,1.638,113.1,0,1012,0
2024-07-11,01:00,28.11,85.6,1.45,80,0,1011,0
2024-07-11,02:00,28.39,85.1,1.291,69.8,0,1011,0
2024-07-11,03:00,28.22,83.3,1.436,77.79,0,1010,0
2024-07-11,04:00,28,88.6,1.917,78.65,0,1010,0
2024-07-11,05:00,27,89.1,1.899,82.7,0,1010,0
2024-07-11,06:00,27.17,89.6,1.656,88.3,0.77,1010,0
2024-07-11,07:00,27.72,83.8,1.973,81.8,53,1011,0
2024-07-11,08:00,29.11,75.45,2.739,103.4,248.7,1011,0
2024-07-11,09:00,30.11,74.04,3.387,95,526.4,1011,0
2024-07-11,10:00,30.39,72.54,3.519,94.4,613.6,1011,0
2024-07-11,11:00,30.61,71.7,3.925,96.9,799.2,1011,0
2024-07-11,12:00,30.56,70.72,3.822,105.5,773.6,1010,0
2024-07-11,13:00,31,58.08,3.648,94,914,1010,0
2024-07-11,14:00,31.5,68.11,3.442,115.2,867,1009,0
2024-07-11,15:00,30.83,70.07,2.859,122.1,504.3,1009,0
2024-07-11,16:00,30.89,72.42,2.692,106.1,556.3,1008,0
2024-07-11,17:00,30.39,77.95,2.811,91.4,519.4,1008,0
2024-07-11,18:00,29.56,80.4,2.004,83.6,166.7,1008,0
2024-07-11,19:00,29.28,81.6,2.038,104.8,35.71,1008,0
2024-07-11,20:00,28.89,81.3,1.626,107.1,0.191,1009,0
2024-07-11,21:00,28.78,81.8,1.288,106.2,0,1009,0
2024-07-11,22:00,28.83,81.1,1.146,110.2,0,1010,0
2024-07-11,23:00,28.56,83.7,0.9133,96,0,1010,0
2024-07-12,00:00,28.39,86.3,0.8436,88.3,0,1010,0
2024-07-12,01:00,28.11,86.5,0.6084,93.3,0,1009,0
2024-07-12,02:00,28.06,85.2,0.7331,102.8,0,1009,0
2024-07-12,03:00,27.72,84.3,1.304,120.5,0,1008,1
2024-07-12,04:00,26.18,88,1.042,68.03,0,1008,2.8
2024-07-12,05:00,26.17,90.4,0.8042,79.96,0,1008,0
2024-07-12,06:00,26.78,91.5,0.7233,118,1.565,1008,0.2
2024-07-12,07:00,27.44,88.6,0.7551,105.5,91.4,1008,0
2024-07-12,08:00,29.17,76.37,1.422,81.7,235.3,1009,0
2024-07-12,09:00,30.28,71.76,2.345,97.3,436.9,1009,0
2024-07-12,10:00,30.61,77.04,2.425,81.6,476.9,1010,0
2024-07-12,11:00,30.33,74.55,2.308,71.7,476,1009,0
2024-07-12,12:00,30.83,67.27,3.384,81.9,863,1009,0
2024-07-12,13:00,31.33,69.3,3.413,98.1,884,1008,0
2024-07-12,14:00,31.61,64.73,3.666,93.9,953,1007,0
2024-07-12,15:00,31.33,72.73,3.499,98.5,715.8,1007,0
2024-07-12,16:00,30.83,73.65,3.688,94.6,635.3,1007,0
2024-07-12,17:00,30.67,73.26,2.779,88.9,360,1007,0
2024-07-12,18:00,30.17,77.65,2.545,105.2,216.9,1007,0
2024-07-12,19:00,29.06,76.32,1.778,114.8,23.22,1008,0
2024-07-12,20:00,28.67,81.9,1.397,114.1,0.15,1009,0
2024-07-12,21:00,28.72,79.18,1.564,116,0,1009,0
2024-07-12,22:00,28.83,82.4,1.756,116.9,0,1009,0
2024-07-12,23:00,28.06,83.6,1.562,121.6,0,1010,0
2024-07-13,00:00,28.22,81.5,1.325,104.4,0,1010,0
2024-07-13,01:00,27.89,83.2,2.179,79.98,0,1009,0
2024-07-13,02:00,27.33,84.5,1.774,81.8,0,1008,0
2024-07-13,03:00,27.22,86.5,1.323,81.9,0,1008,0
2024-07-13,04:00,27.56,85.2,1.085,84.3,0,1008,0
2024-07-13,05:00,27.83,84.1,0.566,50.16,0,1008,0
2024-07-13,06:00,28,84.4,1.044,88.8,0.502,1009,0
2024-07-13,07:00,27.94,85.4,1.318,103.6,12.55,1009,0
2024-07-13,08:00,25.52,89.6,1.592,68.43,37.54,1010,2.6
2024-07-13,09:00,26.89,85.5,2.123,84.8,183.3,1010,0
2024-07-13,10:00,29.17,75.99,2.682,78.51,535.9,1010,0
2024-07-13,11:00,30.67,68.63,2.777,86.4,876,1010,0
2024-07-13,12:00,31.11,67.85,3.666,93.9,925,1009,0
2024-07-13,13:00,31.22,68.18,3.979,88.7,965,1009,0
2024-07-13,14:00,31.39,67.07,3.508,87.2,811,1009,0
2024-07-13,15:00,31.11,73.97,3.134,79.6,575.7,1008,0
2024-07-13,16:00,31,73.13,3.102,83.8,477.6,1008,0
2024-07-13,17:00,30.72,74.5,3.204,78.8,321.8,1008,0
2024-07-13,18:00,29.61,79.77,3.417,94.2,252.2,1009,0
2024-07-13,19:00,28.83,83.9,2.388,91,66.22,1009,0
2024-07-13,20:00,28.94,82.9,2.231,88.1,0.15,1010,0
2024-07-13,21:00,28.17,84,1.61,116.9,0,1010,0
2024-07-13,22:00,28.67,79.4,1.95,117.7,0,1011,0
2024-07-13,23:00,28.06,84.4,1.397,108.5,0,1011,0
2024-07-14,00:00,28.5,82.6,1.511,116.8,0,1011,0
2024-07-14,01:00,28.61,81.4,1.644,109.9,0,1011,0
2024-07-14,02:00,28.72,83.4,1.376,115.7,0,1010,0
2024-07-14,03:00,28.78,79.58,2.174,96.5,0,1010,0
2024-07-14,04:00,29,79.51,2.43,93.8,0,1010,0
2024-07-14,05:00,28.67,82,1.572,81.5,0,1009,0
2024-07-14,06:00,28.39,78.87,1.946,81.9,0.693,1010,0
2024-07-14,07:00,29,78.99,2.21,81.7,44.51,1010,0
2024-07-14,08:00,29.94,78.44,2.786,88.5,254.3,1010,0
2024-07-14,09:00,30.5,76.26,3.576,77.06,426.6,1010,0
2024-07-14,10:00,30.67,73.2,3.307,79.88,577.8,1011,0
2024-07-14,11:00,31.17,70.91,4.216,87,744.1,1011,0
2024-07-14,12:00,31.5,71.83,4.175,87.9,877,1011,0
2024-07-14,13:00,31.44,73,4.412,87.2,806,1010,0
2024-07-14,14:00,31.5,74.43,4.667,90.6,871,1010,0
2024-07-14,15:00,31.56,74.07,4.658,92.9,758.8,1010,0
2024-07-14,16:00,31.44,74.89,4.318,89.5,696.4,1010,0
2024-07-14,17:00,31.06,76.13,3.858,96.3,377.9,1009,0
2024-07-14,18:00,29,89.7,2.784,89.3,74.44,1010,2.8
2024-07-14,19:00,28.44,84.9,1.639,94.4,17.71,1010,0
2024-07-14,20:00,29.17,79.64,2.494,103.8,0.034,1011,0
2024-07-14,21:00,29.28,87.1,2.33,111.6,0,1011,0
2024-07-14,22:00,29.06,82.8,2.53,102,0,1011,0
2024-07-14,23:00,29.17,83.5,2.821,100,0,1012,0
2024-07-15,00:00,29.28,80.5,2.729,108.3,0,1011,0
2024-07-15,01:00,29.28,81.5,2.763,107.8,0,1011,0
2024-07-15,02:00,28.89,87,2.642,98.3,0,1010,0
2024-07-15,03:00,28.72,84.7,2.739,100.8,0,1010,0
2024-07-15,04:00,28.94,81.8,2.525,92.5,0,1010,0
2024-07-15,05:00,28.61,83.7,2.661,90.3,0,1010,0
2024-07-15,06:00,28.83,83.5,2.288,89.5,1.319,1010,0
2024-07-15,07:00,27.5,89.9,2.135,100.1,87.7,1011,2
2024-07-15,08:00,29.06,79.45,2.608,102.6,274.7,1011,0
2024-07-15,09:00,30.44,77.11,3.393,95.7,489,1011,0
2024-07-15,10:00,30.94,73.34,3.885,102.1,654.1,1011,0
2024-07-15,11:00,31.33,72.76,3.773,96.9,829,1011,0
2024-07-15,12:00,31.22,73.39,3.809,91.9,751.5,1011,0
2024-07-15,13:00,31.44,70.92,3.594,87.6,841,1011,0
2024-07-15,14:00,31.67,70.13,3.48,90.5,872,1010,0
2024-07-15,15:00,31.44,71.38,3.76,93.9,706.4,1010,0
2024-07-15,16:00,31.39,70.4,3.477,97.5,526.6,1010,0
2024-07-15,17:00,30.83,74.17,3.205,79.43,285.3,1010,0
2024-07-15,18:00,30.56,77.24,2.888,88,177.5,1010,0
2024-07-15,19:00,30.06,76.38,2.824,87.8,34.73,1011,0
2024-07-15,20:00,29.56,79.78,2.382,85.2,0.062,1011,0
2024-07-15,21:00,29.56,77.04,2.613,83.4,0,1011,0
2024-07-15,22:00,29.5,78.41,2.73,86,0,1012,0
2024-07-15,23:00,29.44,77.17,2.443,88.1,0,1012,0
2024-07-16,00:00,29.39,79.71,2.114,95.3,0,1011,0
2024-07-16,01:00,29.17,79.9,2.008,100.2,0,1011,0
2024-07-16,02:00,29,82.5,1.641,93.8,0,1010,0
2024-07-16,03:00,29,81,1.806,84.8,0,1010,0
2024-07-16,04:00,28.89,81.4,1.62,89.4,0,1010,0
2024-07-16,05:00,28.78,81.7,1.992,87.1,0,1010,0
2024-07-16,06:00,28.78,81.3,1.747,94.8,0.987,1010,0
2024-07-16,07:00,29,79.97,2.085,83.5,38.23,1011,0
2024-07-16,08:00,29.78,75.31,2.813,87.2,194.1,1012,0
2024-07-16,09:00,30.67,75.28,3.733,90,429.5,1012,0
2024-07-16,10:00,30.89,73.58,3.777,94.3,478.9,1012,0
2024-07-16,11:00,31.22,72.22,3.804,90.8,643.9,1012,0
2024-07-16,12:00,31.56,72.98,3.979,91.2,805,1012,0
2024-07-16,13:00,31.67,66.68,4.296,100.2,882,1011,0
2024-07-16,14:00,31.78,69.66,3.885,89.8,880,1011,0
2024-07-16,15:00,31.67,71.83,3.898,94.7,674.4,1010,0
2024-07-16,16:00,31.39,73.07,3.97,89.7,543.3,1010,0
2024-07-16,17:00,31.06,76.08,3.715,99.5,385.7,1010,0
2024-07-16,18:00,30.78,74.11,3.59,93.2,186.5,1010,0
2024-07-16,19:00,29.33,85.3,3.036,107.7,34.52,1011,0.3
2024-07-16,20:00,29.22,77.9,2.844,112.4,0.055,1012,0
2024-07-16,21:00,29.44,74.76,3.085,111.8,0.001,1012,0
2024-07-16,22:00,29.5,75.47,2.63,114.8,0,1012,0
2024-07-16,23:00,29.28,82.8,2.239,123.7,0,1013,0
2024-07-17,00:00,28.39,84.9,2.047,120.2,0,1013,0
2024-07-17,01:00,28.22,83.1,2.202,121.5,0,1012,0
2024-07-17,02:00,28,81.5,1.543,122.8,0,1012,0
2024-07-17,03:00,27.94,78.02,1.35,125.2,0,1011,0
2024-07-17,04:00,28.11,78.01,1.771,118.6,0,1011,0
2024-07-17,05:00,28.11,79.26,1.601,110.4,0,1011,0
2024-07-17,06:00,28.17,79.71,1.739,107.7,0.48,1011,0
2024-07-17,07:00,28.5,76.39,1.872,110.9,53.76,1011,0
2024-07-17,08:00,29.17,73.06,2.396,99.3,149.2,1012,0
2024-07-17,09:00,29.78,73.13,3.267,100.6,306.2,1012,0
2024-07-17,10:00,30.33,70.85,3.737,93,452.3,1012,0
2024-07-17,11:00,30.67,67.92,3.867,94.3,541.1,1012,0
2024-07-17,12:00,30.94,69.35,3.961,90.9,605,1012,0
2024-07-17,13:00,31.5,66.87,3.992,87.5,764.7,1011,0
2024-07-17,14:00,31.33,72.22,4.318,90.2,631.5,1011,0
2024-07-17,15:00,30.83,73.13,4.6,89.6,578.8,1010,0
2024-07-17,16:00,30.56,76.81,4.359,92,348.7,1010,0
2024-07-17,17:00,29.22,77.62,4.761,108.9,382.4,1010,0
2024-07-17,18:00,29.28,79.19,3.468,104,138.7,1010,0
2024-07-17,19:00,28.89,80.3,2.814,98.8,30.26,1010,0
2024-07-17,20:00,28.56,78.34,2.526,106.6,0.208,1011,0
2024-07-17,21:00,28.72,78.54,2.112,95.5,0,1011,0
2024-07-17,22:00,28.83,80.3,2.728,105.9,0,1012,0
2024-07-17,23:00,28.78,79.91,2.401,108.3,0,1012,0
2024-07-18,00:00,28.83,80.7,2.635,107.5,0,1012,0
2024-07-18,01:00,28.78,81.4,2.613,101.8,0,1011,0
2024-07-18,02:00,28.67,80.2,3.287,106.7,0,1011,0
2024-07-18,03:00,28.67,79.25,3.733,111.2,0,1010,0
2024-07-18,04:00,28.78,78.6,3.688,117,0,1010,0
2024-07-18,05:00,28.83,78.34,2.774,115.6,0,1011,0
2024-07-18,06:00,28.89,78.8,2.337,113.6,0.545,1011,0
2024-07-18,07:00,29.11,78.47,1.589,93.1,43.1,1012,0
2024-07-18,08:00,28.78,84.2,2.119,116.9,84.6,1012,0
2024-07-18,09:00,29.44,68.38,2.649,111.7,354.3,1012,0
2024-07-18,10:00,30.83,70.13,3.947,114.5,502.4,1012,0
2024-07-18,11:00,30.83,72.91,3.545,118.8,407.5,1013,0
2024-07-18,12:00,31.28,67.53,3.344,131.2,478.7,1012,0
2024-07-18,13:00,31.17,72.67,3.38,145.4,538,1012,0
2024-07-18,14:00,31.61,68.76,2.993,146.2,845,1011,0
2024-07-18,15:00,31.67,67.27,2.935,148,640.1,1011,0
2024-07-18,16:00,31.22,72.35,2.38,138.5,282.5,1010,0
2024-07-18,17:00,30.5,74.95,2.52,117.1,218.1,1010,0
2024-07-18,18:00,30,77.82,2.638,119.9,123.6,1011,0
2024-07-18,19:00,29.78,78.42,2.363,115.8,17,1011,0
2024-07-18,20:00,29.44,77.49,2.614,112.2,0.019,1012,0
2024-07-18,21:00,29.44,80.6,2.072,110.3,0,1013,0
2024-07-18,22:00,29,79.71,2.242,118.9,0.001,1013,0
2024-07-18,23:00,28.89,82.8,2.19,113.4,0,1013,0
2024-07-19,00:00,29.28,79.88,2.666,115.7,0.001,1013,0
2024-07-19,01:00,29.17,78.34,2.867,112.8,0.001,1013,0
2024-07-19,02:00,29.11,78.08,2.787,110.6,0,1012,0
2024-07-19,03:00,29.22,77.75,2.69,108.9,0,1012,0
2024-07-19,04:00,29.17,84,2.471,108.1,0,1012,0
2024-07-19,05:00,28.39,83.7,2.248,110.8,0.001,1012,0
2024-07-19,06:00,28.72,79.51,2.275,107.3,0.337,1012,0
2024-07-19,07:00,28.39,80.3,2.196,114.4,54.38,1013,0.2
2024-07-19,08:00,29.67,76.33,3.344,104.1,239.8,1013,0
2024-07-19,09:00,30.11,76.84,3.343,98.5,262.5,1013,0
2024-07-19,10:00,29.39,75.8,3.187,116.5,479.7,1013,0.3
2024-07-19,11:00,30.67,68.63,4.153,115.2,825,1013,0
2024-07-19,12:00,30.78,71.43,3.594,117.4,608.4,1012,0
2024-07-19,13:00,31.22,69.61,3.643,120.1,742,1011,0
2024-07-19,14:00,31.61,64.79,3.398,127.6,784.3,1011,0
2024-07-19,15:00,32,64.47,3.054,136,761.1,1011,0
2024-07-19,16:00,31.56,65.44,2.844,137.3,603.7,1010,0
2024-07-19,17:00,31.33,68.57,2.712,124.4,438.7,1010,0
2024-07-19,18:00,30.72,71.57,2.633,116,195.7,1011,0
2024-07-19,19:00,30.06,75.47,2.612,112.2,34.99,1012,0
2024-07-19,20:00,29.5,77.64,1.933,119.6,0.044,1012,0
2024-07-19,21:00,29.33,77.3,1.638,112,0.001,1013,0
2024-07-19,22:00,29.11,79.06,1.18,98.4,0.001,1013,0
2024-07-19,23:00,29.06,78.41,1.19,87.2,0.001,1014,0
2024-07-20,00:00,28.94,79.45,1.239,112.3,0.001,1014,0
2024-07-20,01:00,28.78,79.84,1.247,118.7,0.001,1013,0
2024-07-20,02:00,28.67,78.67,1.22,108.1,0.001,1012,0
2024-07-20,03:00,28.56,86.2,1.648,104,0.001,1012,0
2024-07-20,04:00,27.83,85.8,1.387,107.1,0.001,1012,0
2024-07-20,05:00,28.17,81.7,2.038,112.1,0,1012,0
2024-07-20,06:00,28.33,81.6,1.803,113.7,0.57,1012,0
2024-07-20,07:00,28.28,84.3,2.279,98.1,42.61,1012,0
2024-07-20,08:00,28.83,76.65,2.739,96.9,258.1,1013,0
2024-07-20,09:00,30.28,71.48,3.938,94,454.7,1013,0
2024-07-20,10:00,30.61,71.89,4.086,96.9,649.1,1013,0
2024-07-20,11:00,31,73.13,3.961,102.3,662.5,1012,0
2024-07-20,12:00,31.11,68.05,4.14,105.2,754.5,1012,0
2024-07-20,13:00,31.33,71.68,4.216,103.5,762.9,1012,0
2024-07-20,14:00,31.11,67.66,4.22,103.7,668.2,1011,0
2024-07-20,15:00,31.56,69.54,3.782,106.3,760.3,1011,0
2024-07-20,16:00,31.44,66.94,3.558,109.3,577.1,1011,0
2024-07-20,17:00,30.67,73.09,3.413,111.3,243.8,1011,0
2024-07-20,18:00,30.22,71.43,2.507,108.7,111,1012,0
2024-07-20,19:00,29.83,73.19,1.729,114.3,19.66,1012,0
2024-07-20,20:00,29.44,74.95,1.713,109.4,0.016,1012,0
2024-07-20,21:00,29.28,76,1.55,111.2,0,1013,0
2024-07-20,22:00,29.06,78.01,1.3,111.5,0.001,1013,0
2024-07-20,23:00,29,80.1,1.192,113.5,0.001,1013,0
2024-07-21,00:00,28.78,81.5,1.114,110,0.001,1013,0
2024-07-21,01:00,28.78,80.7,1.344,104.6,0.001,1012,0
2024-07-21,02:00,28.83,81,1.542,93.5,0.001,1012,0
2024-07-21,03:00,28.67,82.3,0.7832,105.1,0,1011,0
2024-07-21,04:00,28.78,82.2,1.059,92.8,0,1011,0
2024-07-21,05:00,27.67,91.2,1.425,77.5,0,1011,8.9
2024-07-21,06:00,27,91.5,1.185,91.3,0.313,1011,0.7
2024-07-21,07:00,27.61,89.4,1.787,86.1,33.34,1011,0.8
2024-07-21,08:00,27.44,88.2,3.481,105.9,73.51,1012,0.5
2024-07-21,09:00,26.43,89.6,2.764,88.8,43.35,1012,0.2
2024-07-21,10:00,26.26,90.3,2.446,102.5,172.3,1012,1.8
2024-07-21,11:00,27.72,80.9,2.919,96.2,508.4,1012,0
2024-07-21,12:00,29.56,76.45,3.244,103.5,796.6,1012,0
2024-07-21,13:00,30.39,75.48,3.871,106.8,767.2,1011,0
2024-07-21,14:00,30.5,78.54,4.108,100.5,664.7,1010,0
2024-07-21,15:00,29.56,77.82,4.023,95.6,348.6,1010,0
2024-07-21,16:00,30,79.27,3.016,97.2,316.1,1010,0
2024-07-21,17:00,27.72,91.4,3.849,122.3,69.65,1010,10.7
2024-07-21,18:00,26.83,89.3,3.603,122.2,11.67,1010,3
2024-07-21,19:00,27.83,85.8,2.833,128.1,1.766,1011,0.3
2024-07-21,20:00,28.33,84.5,2.48,139.9,0.002,1011,0.2
2024-07-21,21:00,27.94,89.2,1.62,94.6,0,1013,1.1
2024-07-21,22:00,26.47,90.4,1.02,54.05,0,1014,2.5
2024-07-21,23:00,25.76,90.6,1.338,89.4,0,1014,6.3
2024-07-22,00:00,25.71,89.9,1.131,88.7,0,1014,1.1
2024-07-22,01:00,25.9,91.8,0.7081,51.59,0,1013,0.5
2024-07-22,02:00,25.37,91.5,0.667,92.8,0.001,1011,0.5
2024-07-22,03:00,25.34,92,0.5592,112.4,0.001,1010,0
2024-07-22,04:00,26.19,92,0.4032,316.1,0.001,1011,0
2024-07-22,05:00,26.52,93.2,0.3992,115.1,0,1012,0
2024-07-22,06:00,26.78,92.8,0.6093,71.99,0.23,1012,0
2024-07-22,07:00,27.56,92.4,0.7358,104.9,26.97,1013,0
2024-07-22,08:00,27.94,89.9,1.064,83.7,93.4,1013,0
2024-07-22,09:00,28.67,83.2,1.151,92,158.2,1013,0
2024-07-22,10:00,27.72,89.2,1.383,39.54,176.5,1013,1.8
2024-07-22,11:00,27.72,88.9,1.317,61.4,179.3,1014,1
2024-07-22,12:00,26.72,90.8,1.763,90.4,231.1,1013,0.7
2024-07-22,13:00,28.5,82.9,1.831,70.69,486.4,1012,0
2024-07-22,14:00,29.78,80.2,2.514,86.7,498.5,1012,0
2024-07-22,15:00,29.83,77.95,3.357,81.3,635.3,1012,0
2024-07-22,16:00,28.56,85.2,4.14,74.06,512.6,1012,0
2024-07-22,17:00,27.83,81.9,4.108,74.35,353.2,1012,0
2024-07-22,18:00,28.17,81.5,3.321,79.54,131.6,1012,0
2024-07-22,19:00,27.78,79.45,2.892,76.42,24.67,1012,0
2024-07-22,20:00,27.5,81.7,1.477,68.52,0.016,1012,0
2024-07-22,21:00,27.5,79.05,1.688,71.73,0,1012,0
2024-07-22,22:00,27.94,79.18,1.713,91.2,0,1012,0
2024-07-22,23:00,28.17,81.1,1.585,89.6,0.001,1013,0
2024-07-23,00:00,28.22,81.5,1.374,92.1,0.001,1012,0
2024-07-23,01:00,28.28,82.4,1.414,98.5,0.001,1012,0
2024-07-23,02:00,28.33,82.1,1.725,110.2,0.001,1012,0
2024-07-23,03:00,28.39,82.1,1.531,100.1,0.001,1011,0
2024-07-23,04:00,28.33,82.8,1.154,110.6,0.001,1011,0
2024-07-23,05:00,28,85.3,0.7269,101.2,0.001,1011,0
2024-07-23,06:00,27.39,88.4,0.4502,81.6,0.658,1011,0
2024-07-23,07:00,27.67,86.3,0.7832,114.7,34.01,1012,0
2024-07-23,08:00,28.33,81.1,1.229,102.1,77.98,1012,0
2024-07-23,09:00,28.78,80.3,1.235,80.7,295.9,1012,0
2024-07-23,10:00,30.56,75.99,2.797,96.8,582.8,1012,0
2024-07-23,11:00,31.06,72.28,2.962,99.1,804,1012,0
2024-07-23,12:00,31,71.89,2.723,99.1,656,1012,0
2024-07-23,13:00,31.11,73.45,2.474,101.6,618.2,1011,0
2024-07-23,14:00,30.89,68.44,2.246,111.9,569.8,1011,0
2024-07-23,15:00,30.94,71.6,2.034,113.4,367.9,1011,0
2024-07-23,16:00,30.72,72.08,1.714,98.7,320.6,1010,0
2024-07-23,17:00,29.28,82.4,2.247,97.9,169.5,1010,0
2024-07-23,18:00,28.83,80.1,1.201,91.2,88.6,1010,0
2024-07-23,19:00,28.78,85.6,0.8713,86.1,17.05,1011,0
2024-07-23,20:00,28.28,86.4,0.996,89.3,0.013,1011,0
2024-07-23,21:00,28.33,83.8,1.092,98.3,0,1011,0
2024-07-23,22:00,28.39,86,0.8614,94,0,1012,0
2024-07-23,23:00,28.28,85.8,0.9848,107,0,1012,0
2024-07-24,00:00,28.22,85,0.9486,99.3,0,1012,0
2024-07-24,01:00,28.11,86,0.8386,89.6,0.001,1011,0
2024-07-24,02:00,28.06,86.4,0.5221,113.4,0.001,1011,0
2024-07-24,03:00,27.94,87.3,0.8243,118.7,0.001,1010,0
2024-07-24,04:00,27.67,85.9,0.6536,103.8,0.001,1010,0
2024-07-24,05:00,27.44,85.9,0.6621,98,0.001,1010,0
2024-07-24,06:00,27,88.3,1.172,97.8,0.164,1010,0.5
2024-07-24,07:00,25.89,91.6,0.5284,104.5,21.7,1011,0
2024-07-24,08:00,26.78,89.5,0.73,93.6,75.53,1011,0
2024-07-24,09:00,27.89,83,1.398,87.9,191.6,1011,0
2024-07-24,10:00,29.11,79.97,1.533,62.65,318.7,1011,0
2024-07-24,11:00,29.78,79.06,2.019,85.3,375.9,1010,0
2024-07-24,12:00,30.06,75.34,2.429,94,549.6,1010,0
2024-07-24,13:00,30.78,68.96,2.688,88.2,789.4,1010,0
2024-07-24,14:00,30.89,70.52,3.046,90.9,782.3,1009,0
2024-07-24,15:00,31.11,72.61,3.076,92.1,662.1,1009,0
2024-07-24,16:00,29.67,81,2.535,96.8,400.8,1008,1.1
2024-07-24,17:00,29.78,77.1,2.846,97.2,182.5,1008,0
2024-07-24,18:00,29.67,77.18,2.298,92.9,109,1008,0
2024-07-24,19:00,29.28,78.21,1.928,106,25.45,1009,0
2024-07-24,20:00,28.94,79.12,1.724,111.8,0.024,1009,0
2024-07-24,21:00,27.94,89.5,1.132,93.7,0,1010,0.7
2024-07-24,22:00,27.72,87.1,1.031,89.5,0,1010,0
2024-07-24,23:00,28.22,83.2,1.485,104.6,0.001,1011,0
2024-07-25,00:00,28.33,83.9,1.158,102.9,0,1010,0
2024-07-25,01:00,28.22,84.1,1.283,108.8,0.001,1010,0
2024-07-25,02:00,27.94,87.1,0.6938,131.6,0.001,1009,0
2024-07-25,03:00,27.94,83.7,1.254,93.6,0.001,1009,0
2024-07-25,04:00,28.28,82.2,1.357,96.5,0.001,1009,0
2024-07-25,05:00,28.39,81.8,1.508,101.6,0,1009,0
2024-07-25,06:00,27.94,88.8,1.546,111,0.555,1009,3.8
2024-07-25,07:00,27.06,89.7,0.7591,77.33,92.6,1009,0
2024-07-25,08:00,29.17,77.3,2.212,93.9,301.3,1010,0
2024-07-25,09:00,30.22,73.71,3.077,93.3,490.5,1010,0
2024-07-25,10:00,30.78,73,3.305,97.7,690.6,1010,0
2024-07-25,11:00,30.67,75.21,3.652,96.8,676.5,1010,0
2024-07-25,12:00,30.78,75.08,3.84,100.6,712.9,1010,0
2024-07-25,13:00,31.17,70.72,3.536,93,968,1010,0
2024-07-25,14:00,31,73,3.862,96,902,1009,0
2024-07-25,15:00,30.83,72.09,3.675,97.8,712.7,1009,0
2024-07-25,16:00,30.94,82.8,3.8,101.5,648,1009,1.3
2024-07-25,17:00,27.5,84.3,2.606,107,230.3,1009,0.8
2024-07-25,18:00,27.94,85.6,1.568,92.4,54.68,1010,0
2024-07-25,19:00,27.94,80.3,1.74,131.3,11.49,1010,0
2024-07-25,20:00,26.49,85.1,1.607,198.2,0.014,1011,3.3
2024-07-25,21:00,25.56,88.3,0.629,27.56,0.001,1011,0
2024-07-25,22:00,26.17,86.5,0.5101,76.59,0.001,1012,0
2024-07-25,23:00,26.83,87.1,0.65,36.06,0.001,1012,0
2024-07-26,00:00,26.83,89.7,0.5458,80.8,0,1012,0
2024-07-26,01:00,27.11,89.1,0.8726,74.16,0,1012,0
2024-07-26,02:00,27.17,88.9,0.7492,100.5,0.001,1011,0
2024-07-26,03:00,27.17,89,0.6875,67.78,0,1011,0
2024-07-26,04:00,27.17,89.4,0.6335,74.82,0.001,1011,0
2024-07-26,05:00,27.22,88.4,0.6746,120.2,0.001,1011,0
2024-07-26,06:00,27.39,86.7,0.777,102.3,0.428,1011,0
2024-07-26,07:00,27.78,86.9,0.9991,105.6,28.67,1012,0
2024-07-26,08:00,28.83,77.49,2.085,102,218,1012,0
2024-07-26,09:00,30.11,76.52,2.844,92.1,476.6,1013,0
2024-07-26,10:00,30.44,74.17,3.355,103.1,667.1,1013,0
2024-07-26,11:00,30.89,70.92,3.737,98.5,806,1013,0
2024-07-26,12:00,29.61,89.2,3.657,112.5,541.6,1012,3.8
2024-07-26,13:00,28.78,80,2.823,110.1,590.4,1012,0
2024-07-26,14:00,29.11,86,2.856,99.6,463.8,1011,1.5
2024-07-26,15:00,29.39,81.7,3.068,104.1,613.9,1011,0
2024-07-26,16:00,29.78,74.76,2.994,115.5,433.5,1011,0
2024-07-26,17:00,29.72,78.08,2.956,113.4,293.6,1011,0
2024-07-26,18:00,29.56,78.54,2.538,111.3,194.4,1012,0
2024-07-26,19:00,29.22,80.7,2.161,112.7,35.94,1012,0
2024-07-26,20:00,28.72,79.43,2.159,115.5,0.014,1013,0
2024-07-26,21:00,28.5,82.2,1.376,107.9,0,1013,0
2024-07-26,22:00,28.67,80.5,1.344,114.8,0,1014,0
2024-07-26,23:00,28.67,82.6,0.9897,121.5,0,1014,0
2024-07-27,00:00,27.72,88.8,1.364,162.5,0,1014,1
2024-07-27,01:00,26.72,88.4,0.6308,162.6,0,1013,0
2024-07-27,02:00,27.06,87.8,0.5941,168.8,0,1013,0
2024-07-27,03:00,27.17,90.2,1.218,182.7,0.001,1013,0
2024-07-27,04:00,26.78,89,0.8024,190.4,0,1013,0
2024-07-27,05:00,26.67,88.6,0.6464,154.7,0,1013,0
2024-07-27,06:00,26.67,90,0.5601,138.1,0.229,1013,0
2024-07-27,07:00,27,89.2,0.5651,140.9,37.05,1014,0
2024-07-27,08:00,28.22,81,0.6558,314.6,196.9,1014,0
2024-07-27,09:00,29.11,82.6,1.037,333.7,256,1014,0
2024-07-27,10:00,29.56,78.86,0.962,357.2,415,1014,0
2024-07-27,11:00,30.44,78.93,1.336,18.74,824,1014,0
2024-07-27,12:00,30.89,77.73,1.553,28.92,906,1014,0
2024-07-27,13:00,30.61,78.86,2.352,64.03,871,1013,0
2024-07-27,14:00,30.44,77.69,2.279,61.52,656.9,1012,0
2024-07-27,15:00,30.28,78.6,2.03,65.32,393.4,1012,0
2024-07-27,16:00,29.89,79.58,2.462,71.37,237.1,1012,0
2024-07-27,17:00,29.78,79.31,2.499,78.66,219.8,1012,0
2024-07-27,18:00,29.61,80.1,2.76,84,130,1012,0
2024-07-27,19:00,29.28,81.2,2.584,81.5,25.59,1012,0
2024-07-27,20:00,29.06,79.19,2.462,79.87,0.015,1013,0
2024-07-27,21:00,29.11,80.7,1.821,83.2,0,1013,0
2024-07-27,22:00,29.17,78.47,1.823,101.1,0,1013,0
2024-07-27,23:00,29.17,79.71,1.697,114.7,0,1014,0
2024-07-28,00:00,29.11,78.6,1.461,112.4,0,1013,0
2024-07-28,01:00,29.11,80.9,1.586,93.3,0,1013,0
2024-07-28,02:00,28.89,83.6,1.774,85,0,1012,0
2024-07-28,03:00,28.78,83.2,1.553,82.1,0,1012,0
2024-07-28,04:00,28.89,84.6,1.506,90,0,1011,0
2024-07-28,05:00,28.67,82.4,1.38,97.3,0,1011,0
2024-07-28,06:00,28.67,82.2,1.536,94.4,0.95,1011,0
2024-07-28,07:00,29,80.8,1.743,91.4,64.33,1012,0
2024-07-28,08:00,30,76.77,2.159,90.3,206.7,1012,0
2024-07-28,09:00,30.72,74.76,2.819,98.3,469.7,1012,0
2024-07-28,10:00,30.94,72.93,2.806,85.7,584,1012,0
2024-07-28,11:00,31.33,71.24,3.115,86.8,833,1012,0
2024-07-28,12:00,31.61,68.89,3.224,97.2,906,1011,0
2024-07-28,13:00,31.72,70.98,3.363,92.3,913,1011,0
2024-07-28,14:00,31.67,68.12,3.104,87.6,796.3,1010,0
2024-07-28,15:00,31.72,68.51,2.863,92.3,653.3,1010,0
2024-07-28,16:00,31,71.24,2.828,86,331.5,1010,0
2024-07-28,17:00,30.67,72.67,2.681,87.4,209.9,1010,0
2024-07-28,18:00,30.61,75.34,2.528,84.8,195,1010,0
2024-07-28,19:00,29.22,78.34,2.413,78.76,28.77,1011,0
2024-07-28,20:00,28.72,82.8,1.543,82.7,0.024,1011,0
2024-07-28,21:00,28.67,83.4,1.555,76.06,0,1012,0
2024-07-28,22:00,27.72,90.2,1.516,73.2,0.001,1012,2.6
2024-07-28,23:00,27.22,91.9,0.7917,111.4,0,1012,1.7
2024-07-29,00:00,27.17,92.4,0.7059,31.03,0,1012,0
2024-07-29,01:00,27.33,93.1,0.7819,76.78,0,1011,0
2024-07-29,02:00,27.33,92.3,0.5539,68.75,0,1010,0
2024-07-29,03:00,27.17,91.8,0.7103,103.3,0,1010,0.3
2024-07-29,04:00,26.72,91.8,0.363,76.02,0,1010,0
2024-07-29,05:00,26.72,93.1,0.544,112,0,1010,0
2024-07-29,06:00,26.57,93.4,0.5695,115.4,0.376,1009,0
2024-07-29,07:00,27.22,84,0.84,90.4,84.2,1010,0
2024-07-29,08:00,29.56,76.71,0.9745,77.47,281.9,1010,0
2024-07-29,09:00,30.44,74.36,1.397,60.79,463,1010,0
2024-07-29,10:00,30.72,76.24,1.341,56.87,553.1,1010,0
2024-07-29,11:00,30.56,76.32,1.224,40.83,490,1010,0
2024-07-29,12:00,30.67,78.27,1.275,39.78,589.7,1010,0
2024-07-29,13:00,29.22,82.6,1.291,9.63,404.5,1009,1.8
2024-07-29,14:00,29.94,82.1,1.276,51.88,456.5,1009,1
2024-07-29,15:00,30.78,75.67,1.434,51.49,741.8,1008,0
2024-07-29,16:00,30.61,69.15,2.072,85.7,412.9,1008,0
2024-07-29,17:00,31.28,71.57,1.49,71.52,444.9,1008,0
2024-07-29,18:00,30.72,71.43,1.51,83.5,260.2,1008,0
2024-07-29,19:00,29.83,77.49,1.324,80.9,34.17,1009,0
2024-07-29,20:00,28.94,79.51,0.8565,101.1,0.045,1010,0
2024-07-29,21:00,28.56,82.6,0.701,99.5,0,1010,0
2024-07-29,22:00,28.22,84.6,0.6071,101.1,0,1010,0
2024-07-29,23:00,28,85.8,0.6455,103.4,0,1011,0
2024-07-30,00:00,27.89,86,0.5722,99.6,0,1010,0
2024-07-30,01:00,27.61,81.9,1.063,101.2,0,1010,0
2024-07-30,02:00,27.56,79.06,0.7139,132.1,0,1009,0
2024-07-30,03:00,27.33,82.4,0.7559,129.4,0,1009,0
2024-07-30,04:00,27.33,85.4,0.5168,174.8,0,1008,0
2024-07-30,05:00,27.39,86.9,0.5861,162.4,0,1008,0
2024-07-30,06:00,26.78,86.7,0.5235,128.1,0.514,1008,0
2024-07-30,07:00,27.56,80.6,0.5508,125.8,71.38,1009,0
2024-07-30,08:00,29.5,74.1,1.499,166.5,269.6,1010,0
2024-07-30,09:00,30.33,69.02,1.928,159.1,459.1,1010,0
2024-07-30,10:00,31.17,65.5,1.97,150.6,707.5,1010,0
2024-07-30,11:00,31.89,65.57,1.91,164.8,897,1010,0
2024-07-30,12:00,31.89,66.62,2.254,168.7,906,1010,0
2024-07-30,13:00,32.06,66.68,2.179,169.2,957,1009,0
2024-07-30,14:00,31.61,78.02,1.822,215.6,547.6,1009,0
2024-07-30,15:00,30.61,80,1.428,278.5,461.6,1009,0
2024-07-30,16:00,30.5,76.58,1.323,280.8,447.6,1008,0
2024-07-30,17:00,30.44,77.1,1.166,262.1,239.6,1008,0
2024-07-30,18:00,29.94,78.8,1.039,277.2,144.2,1009,0
2024-07-30,19:00,29.67,77.82,0.7729,274.5,34.79,1009,0
2024-07-30,20:00,29.56,79.32,0.7068,266.1,0.029,1010,0
2024-07-30,21:00,29,83,0.8042,116.8,0,1011,0
2024-07-30,22:00,28.33,85,0.8342,117.5,0,1011,0
2024-07-30,23:00,27.78,87.9,0.608,104.6,0,1011,0
2024-07-31,00:00,27.78,87.7,0.7926,107.7,0,1011,0
2024-07-31,01:00,27.67,84.8,0.6755,116.5,0,1011,0
2024-07-31,02:00,27.67,86.6,0.5561,114.2,0,1010,0
2024-07-31,03:00,27.28,88,0.5928,99.5,0,1010,0
2024-07-31,04:00,27.17,89.1,0.5874,106.1,0,1010,0
2024-07-31,05:00,27.33,82.1,0.8422,135.7,0,1009,0
2024-07-31,06:00,27.56,84.7,0.8074,150.7,0.281,1010,0
2024-07-31,07:00,27.94,82.5,0.5624,119.7,28.89,1010,0
2024-07-31,08:00,29.06,76.91,0.7935,153,160.2,1010,0
2024-07-31,09:00,30.06,73.78,1.409,157.3,340.6,1010,0
2024-07-31,10:00,30.67,67.45,2.166,165.3,542.7,1011,0.2
2024-07-31,11:00,31.17,75.15,1.956,179.2,534.7,1011,0
2024-07-31,12:00,30.72,71.18,1.795,179.4,563.8,1010,0.3
2024-07-31,13:00,31.83,69.24,1.919,194.7,883,1010,0
2024-07-31,14:00,30.78,82.8,1.726,227.5,498.7,1009,0.8
2024-07-31,15:00,30.67,74.11,1.229,266.4,680.2,1009,0
2024-07-31,16:00,30.11,87.1,1.609,283.1,260.5,1009,0.5
2024-07-31,17:00,28.44,88.8,1.317,269,122.3,1009,3.3
2024-07-31,18:00,29.44,77.16,1.609,173,165.4,1009,0
2024-07-31,19:00,29.67,79.38,1.378,179.7,19.81,1010,0
2024-07-31,20:00,28.83,81.2,1.227,150.9,0.012,1010,0
2024-07-31,21:00,28.94,82.8,1.057,192.8,0,1011,0
2024-07-31,22:00,28.83,80.4,1.152,175.7,0,1011,0
2024-07-31,23:00,28.56,87.6,1.301,245.4,0,1011,0
2024-08-01,00:00,28.44,85,0.8972,249.6,0,1011,0
2024-08-01,01:00,28.72,80.7,1.066,187.4,0,1010,0
2024-08-01,02:00,28.61,80.4,1.042,269.7,0,1010,0
2024-08-01,03:00,28.83,84.1,1.065,272.4,0,1009,0
2024-08-01,04:00,28.22,78.4,1.4,173.5,0,1009,0
2024-08-01,05:00,28.39,83,0.9209,225.6,0,1009,0
2024-08-01,06:00,28.28,83.6,1.264,261.7,0.24,1009,0
2024-08-01,07:00,28.67,82,1.46,180.1,44.23,1009,0
2024-08-01,08:00,28.72,76.9,1.78,188.2,203.8,1010,0
2024-08-01,09:00,29.94,74.03,1.686,190.1,455.9,1010,0
2024-08-01,10:00,30.44,77.43,1.828,183.1,685.6,1010,0
2024-08-01,11:00,30.22,76.12,1.933,215.8,711.9,1010,0
2024-08-01,12:00,30.28,74.37,1.995,187.1,833,1009,0
2024-08-01,13:00,30.89,77.36,1.602,241.9,893,1008,0
2024-08-01,14:00,31.22,75.28,1.615,248.4,902,1008,0
2024-08-01,15:00,31.33,72.93,1.61,259.3,797.6,1008,0
2024-08-01,16:00,31.33,74.82,1.632,264,591.9,1007,0
2024-08-01,17:00,31.5,74.11,1.409,272.1,453.1,1007,0
2024-08-01,18:00,30.89,77.23,1.516,278.3,208.6,1007,0
2024-08-01,19:00,30.22,78.93,1.432,271.9,44.4,1008,0
2024-08-01,20:00,29.89,79.46,1.193,273.9,0.014,1008,0
2024-08-01,21:00,29.89,80.4,1.26,274.7,0,1009,0
2024-08-01,22:00,29.89,79.38,1.417,269.9,0,1009,0
2024-08-01,23:00,29.78,80.7,1.362,274.3,0,1009,0
2024-08-02,00:00,29.67,81,1.341,277.9,0,1009,0
2024-08-02,01:00,29.61,81.8,1.431,280.1,0,1008,0
2024-08-02,02:00,29.56,83.1,1.457,285.2,0,1007,0
2024-08-02,03:00,29.22,81.6,1.53,283.3,0,1007,0
2024-08-02,04:00,29.28,81.6,1.182,278.6,0,1006,0
2024-08-02,05:00,29.28,81.3,1.053,269.5,0,1006,0
2024-08-02,06:00,28.83,83.5,1.246,240.1,0.151,1007,0
2024-08-02,07:00,28.56,82.9,1.36,168,31.03,1007,0
2024-08-02,08:00,27.33,92.3,2.203,184.9,29.87,1008,15.7
2024-08-02,09:00,26.36,88.5,1.55,179.2,52.32,1008,0
2024-08-02,10:00,27.67,85.7,1.448,176.8,192.9,1008,0
2024-08-02,11:00,29.28,81.2,2.163,186.6,514.5,1008,0.3
2024-08-02,12:00,29.5,85.3,1.745,199.8,375.5,1007,0
2024-08-02,13:00,29.06,80.4,1.892,178.5,375.6,1007,0
2024-08-02,14:00,29.72,78.53,2.083,176.9,452.8,1006,0
2024-08-02,15:00,29.33,80.9,2.312,180.6,620.7,1006,0
2024-08-02,16:00,28.61,88.4,2.227,191.4,196.7,1007,0
2024-08-02,17:00,28.56,88,1.301,242.6,70.5,1006,0
2024-08-02,18:00,28.67,85.2,1.371,279,68.41,1006,0
2024-08-02,19:00,28.78,85.2,1.093,246.7,20.31,1007,0
2024-08-02,20:00,29,85.8,0.9334,280.6,0.008,1008,0
2024-08-02,21:00,29.17,84,1.038,263.1,0,1008,0
2024-08-02,22:00,29.11,83.5,1.281,183.7,0,1008,0
2024-08-02,23:00,29.11,83.9,1.155,244.3,0,1008,0
2024-08-03,00:00,28.89,85.7,2.223,175.6,0,1008,0
2024-08-03,01:00,28.39,89.7,2.338,185.9,0,1008,0.2
2024-08-03,02:00,28.39,86.3,2.147,161.5,0,1008,0
2024-08-03,03:00,28.56,81.5,1.78,242.3,0,1007,0
2024-08-03,04:00,28.56,84,1.873,179,0,1007,0
2024-08-03,05:00,28.5,81.2,1.769,245.3,0,1007,0
2024-08-03,06:00,28.56,80.5,1.767,254,0.139,1007,0
2024-08-03,07:00,28.72,81.7,1.823,274.6,22,1007,0
2024-08-03,08:00,28.89,85.6,1.909,262.6,82.6,1008,0
2024-08-03,09:00,28.56,83.4,1.951,237.2,163.9,1009,0
2024-08-03,10:00,29.5,83.8,1.833,263.6,379.8,1009,0
2024-08-03,11:00,29.56,78.73,1.847,179.2,597.9,1009,0
2024-08-03,12:00,27.94,88.6,2.262,278.5,326.9,1009,0.8
2024-08-03,13:00,29.44,78.8,1.72,268.1,495.9,1008,0
2024-08-03,14:00,29.94,76.2,1.939,254.3,472.9,1008,0
2024-08-03,15:00,29.94,78.6,1.857,236.3,467.6,1007,0
2024-08-03,16:00,29.67,81.2,2.019,223.9,295.8,1007,0
2024-08-03,17:00,29.78,78.73,1.42,226,283.6,1007,0
2024-08-03,18:00,29.67,78.21,1.439,274.9,71.32,1007,0
2024-08-03,19:00,29.44,77.92,1.253,173.6,14.86,1008,0
2024-08-03,20:00,28.28,88.2,1.611,168.2,0.003,1008,3.5
2024-08-03,21:00,28.17,83.5,1.881,177.8,0.001,1009,0
2024-08-03,22:00,27.06,89.7,2.099,194.6,0,1010,2.1
2024-08-03,23:00,27.33,85.8,1.668,170.5,0,1010,0
2024-08-04,00:00,27.89,84.7,1.587,173,0,1010,0
2024-08-04,01:00,28.22,84.7,1.726,171,0,1010,0
2024-08-04,02:00,26.22,92.4,2.62,191.7,0,1010,10.4
2024-08-04,03:00,25.49,90.7,2.147,178.1,0,1009,1.3
2024-08-04,04:00,26.21,89.2,2.515,184.3,0.001,1009,0
2024-08-04,05:00,26.72,88.7,2.245,186.7,0,1009,0
2024-08-04,06:00,26.41,88.2,3.438,176.7,0.131,1009,0.7
2024-08-04,07:00,27.22,84.2,3.195,181,58.02,1008,0
2024-08-04,08:00,27.72,81.9,4.014,174.7,169.3,1008,0.3
2024-08-04,09:00,28.33,81.1,3.24,172,235.9,1008,0
2024-08-04,10:00,28.94,77.95,3.017,167.3,359.5,1009,0
2024-08-04,11:00,29.44,74.36,3.244,170.1,505.2,1009,0
2024-08-04,12:00,30,74.56,3.406,174.2,773.4,1010,0
2024-08-04,13:00,29.94,85.1,2.933,187.6,701.3,1009,0
2024-08-04,14:00,29.61,71.76,3.377,178,824,1009,0
2024-08-04,15:00,29.78,80.6,2.829,184.9,655.5,1008,0
2024-08-04,16:00,28.83,88.8,2.219,186.2,384.4,1008,2.3
2024-08-04,17:00,27.94,85.6,1.551,177,129.5,1008,0.2
2024-08-04,18:00,28.78,83.5,1.265,180.1,90.2,1009,0
2024-08-04,19:00,28.83,83.5,1.367,180,20.2,1009,0
2024-08-04,20:00,25.57,92.5,2.106,178.4,0.002,1010,12.5
2024-08-04,21:00,26.18,89.6,2.329,179.2,0.001,1011,6.6
2024-08-04,22:00,25.81,91.2,2.702,184.5,0,1012,2.8
2024-08-04,23:00,25.61,89.5,2.069,176.4,0,1012,1
2024-08-05,00:00,25.92,88.6,2.259,178.6,0,1012,3.5
2024-08-05,01:00,25.47,91,1.832,187.9,0,1012,4.3
2024-08-05,02:00,25.54,89.7,0.8923,146.1,0,1011,0.3
2024-08-05,03:00,26.16,84.8,2.197,179.4,0.001,1010,0
2024-08-05,04:00,26.44,88.4,2.168,185.7,0,1010,0
2024-08-05,05:00,26.31,89.9,2.259,182.6,0,1010,0.3
2024-08-05,06:00,26.44,89.2,1.656,178.5,0.539,1010,0
2024-08-05,07:00,26.72,89,1.832,178.9,32.11,1011,0
2024-08-05,08:00,27.17,85,2.349,181.7,199.9,1011,0
2024-08-05,09:00,28.11,80.4,2.498,184.5,418.4,1011,0
2024-08-05,10:00,29.39,78.34,2.619,187.9,650,1011,0
2024-08-05,11:00,29.67,72.08,2.602,169.6,777.2,1011,0
2024-08-05,12:00,30.11,75.41,2.029,177.9,908,1011,0
2024-08-05,13:00,30.44,74.04,1.9,178.6,918,1011,0
2024-08-05,14:00,30.5,74.1,1.811,219.2,798.2,1010,0
2024-08-05,15:00,30.39,72.54,2.087,173.4,722.7,1009,0
2024-08-05,16:00,30.94,72.54,1.322,250.4,603.2,1009,0
2024-08-05,17:00,30.44,73.52,1.994,196.2,275.2,1009,0
2024-08-05,18:00,29.78,76.19,2.003,192.3,87,1009,0
2024-08-05,19:00,29.22,78.27,1.672,182.1,8.61,1010,0
2024-08-05,20:00,28.94,78.21,1.188,259.3,0.005,1011,0
2024-08-05,21:00,28.89,78.92,1.279,270.3,0,1012,0
2024-08-05,22:00,28.89,79.25,1.04,251.5,0,1012,0
2024-08-05,23:00,28.89,79.12,0.9848,247.6,0,1012,0
2024-08-06,00:00,28.89,79.71,1.118,162.1,0,1012,0
2024-08-06,01:00,28.5,80.8,1.318,185.9,0,1012,0
2024-08-06,02:00,28.33,82.6,1.374,190.4,0,1011,0
2024-08-06,03:00,28.22,83.3,1.328,186.4,0,1011,0
2024-08-06,04:00,28.17,83.9,1.207,186.9,0,1011,0
2024-08-06,05:00,28.11,84.1,1.147,180.3,0,1011,0
2024-08-06,06:00,28.22,82.5,1.16,189.1,0.402,1011,0
2024-08-06,07:00,28.39,80.9,1.226,178.3,57.76,1012,0
2024-08-06,08:00,29.33,77.23,1.861,182.3,268.1,1012,0
2024-08-06,09:00,29.67,77.88,1.481,267.8,341.4,1013,0
2024-08-06,10:00,30.44,76.45,1.247,265.2,673,1013,0
2024-08-06,11:00,30.94,77.16,1.343,262.9,768.4,1013,0
2024-08-06,12:00,30.83,72.22,1.587,281.9,877,1012,0
2024-08-06,13:00,30.94,72.74,1.559,283.5,943,1011,0
2024-08-06,14:00,30.78,72.22,1.55,282.2,894,1011,0
2024-08-06,15:00,31.06,69.87,1.431,276.4,805,1011,0
2024-08-06,16:00,31.06,68.63,1.382,277.9,628.8,1010,0
2024-08-06,17:00,31.06,71.82,1.334,264.9,443.4,1010,0
2024-08-06,18:00,31.06,73.54,1.114,268.1,235,1010,0
2024-08-06,19:00,30.06,77.56,0.9897,263.2,37.89,1011,0
2024-08-06,20:00,29.72,78.14,0.8847,207.1,0.007,1011,0
2024-08-06,21:00,29.61,79.32,0.9848,184.1,0,1012,0
2024-08-06,22:00,29.39,79.58,1.157,164.5,0,1013,0
2024-08-06,23:00,28.78,80.3,1.438,175.1,0,1013,0
2024-08-07,00:00,28.83,79.9,1.022,179.9,0,1013,0
2024-08-07,01:00,28.33,86.8,1.249,171.3,0,1013,0
2024-08-07,02:00,28.17,85.9,1.024,150.4,0,1012,0
2024-08-07,03:00,28.22,85.8,1.207,154.6,0,1012,0
2024-08-07,04:00,28.06,86.9,0.916,144.9,0,1012,0
2024-08-07,05:00,27.83,85.2,0.844,146.6,0,1011,0
2024-08-07,06:00,27.94,86.5,0.7416,149.1,0.242,1011,0
2024-08-07,07:00,28.11,82.9,0.9205,152,48.07,1012,0
2024-08-07,08:00,29.56,77.82,1.26,170.2,223.9,1012,0
2024-08-07,09:00,30.17,74.91,1.26,190.6,402.1,1012,0
2024-08-07,10:00,30.83,76.9,1.222,228.5,652.4,1013,0
2024-08-07,11:00,30.78,74.56,1.139,271.8,555,1013,0
2024-08-07,12:00,30.39,77.1,1.35,189.9,372.8,1013,0
2024-08-07,13:00,30.06,67.52,1.475,187.2,482.9,1012,0
2024-08-07,14:00,31.06,74.56,1.45,252,772.1,1011,0
2024-08-07,15:00,30.78,74.89,1.307,267.7,492.9,1011,0
2024-08-07,16:00,30.72,76.06,1.054,267.9,489.9,1010,0.2
2024-08-07,17:00,31,74.17,1.275,201.9,445,1009,0
2024-08-07,18:00,30.56,76.91,0.9352,212.8,160.8,1009,0
2024-08-07,19:00,29.67,77.9,0.8199,212.7,17.75,1010,0
2024-08-07,20:00,29.06,80.7,1.161,143.8,0.005,1010,0
2024-08-07,21:00,28.56,83.4,1.009,118.8,0,1011,0
2024-08-07,22:00,28.22,83.7,0.8167,96.8,0,1012,0
2024-08-07,23:00,28.28,83.7,0.9097,120.8,0,1012,0
2024-08-08,00:00,28.17,82.7,0.8579,119.4,0,1012,0
2024-08-08,01:00,28.72,82.6,0.9951,146,0,1011,0
2024-08-08,02:00,27.94,84.8,0.5923,99,0,1011,0
2024-08-08,03:00,27.33,89.2,0.5919,93.9,0,1010,0
2024-08-08,04:00,26.89,89.5,0.3916,100.9,0,1010,0
2024-08-08,05:00,27.28,87.3,0.6804,127.9,0,1011,0
2024-08-08,06:00,27.39,88.9,0.65,128.7,0.271,1011,0
2024-08-08,07:00,27.72,82.8,0.7586,138.1,75.32,1011,0
2024-08-08,08:00,29.89,75.99,0.8695,234.3,265.3,1012,0
2024-08-08,09:00,30.61,74.56,1.121,276.1,458.8,1012,0
2024-08-08,10:00,30.94,73.58,1.277,281.7,681.8,1012,0
2024-08-08,11:00,30.94,74.1,1.499,286.6,787.4,1012,0
2024-08-08,12:00,31.06,76.46,1.684,284.7,935,1011,0
2024-08-08,13:00,31.11,75.08,1.623,285,984,1011,0
2024-08-08,14:00,31.28,71.56,1.548,281,975,1010,0
2024-08-08,15:00,31.39,72.16,1.516,283.5,873,1010,0
2024-08-08,16:00,31.17,73.98,1.347,291.5,536.9,1010,0
2024-08-08,17:00,31,69.94,0.9504,301.6,314.1,1010,0
2024-08-08,18:00,31.39,70.2,0.9115,294.1,263.9,1010,0
2024-08-08,19:00,30.44,74.56,0.7103,287.2,40.74,1011,0
2024-08-08,20:00,29.89,75.27,0.7193,293,0.004,1012,0
2024-08-08,21:00,29.61,75.86,0.5074,338.8,0,1012,0
2024-08-08,22:00,29.17,81.9,0.8024,104.3,0,1013,0
2024-08-08,23:00,28.44,83.7,0.7385,90.6,0,1013,0
2024-08-09,00:00,28.44,81.5,0.764,124,0,1013,0
2024-08-09,01:00,28.56,78.92,0.8512,125.7,0,1012,0
2024-08-09,02:00,28.28,83.2,0.7466,113.9,0,1011,0
2024-08-09,03:00,27.44,86.6,0.6156,89.5,0,1011,0
2024-08-09,04:00,27.11,86,0.604,102.9,0,1010,0
2024-08-09,05:00,27.39,84.7,0.6947,121.1,0,1010,0
2024-08-09,06:00,27.61,85.3,0.6571,124.1,0.387,1010,0
2024-08-09,07:00,27.5,82.9,0.5159,106.2,53.68,1010,0
2024-08-09,08:00,30,69.02,0.5065,110.7,230.8,1011,0
2024-08-09,09:00,30.83,70.59,0.8945,339.3,471.6,1011,0
2024-08-09,10:00,30.61,71.76,1.172,319.3,606.1,1011,0
2024-08-09,11:00,30.83,72.74,1.169,317.2,640.2,1011,0
2024-08-09,12:00,30.72,73.06,0.9799,283.5,600.9,1011,0
2024-08-09,13:00,31.06,74.76,1.283,292.3,808,1010,0
2024-08-09,14:00,31.06,73.84,1.074,286.5,568.1,1010,0
2024-08-09,15:00,30.94,71.3,1.072,273.5,500.8,1009,0
2024-08-09,16:00,31,70,1.054,296,401.7,1009,0
2024-08-09,17:00,29.11,87.5,1.239,119.3,263,1009,3.8
2024-08-09,18:00,29.06,85,0.7501,86,111,1010,0
2024-08-09,19:00,29.11,83.6,0.9352,146.3,25.02,1010,0
2024-08-09,20:00,28.44,87.9,0.6911,87.5,0.003,1010,0
2024-08-09,21:00,28.17,83.3,0.6013,340,0,1011,0
2024-08-09,22:00,27.94,87.3,0.785,126.2,0,1011,0
2024-08-09,23:00,27.39,89,0.6469,111,0,1011,0
2024-08-10,00:00,27.22,89.4,0.6451,107.4,0,1011,0
2024-08-10,01:00,26.94,91.1,0.6075,104.6,0,1010,0
2024-08-10,02:00,26.83,91,0.6017,105.6,0,1010,0
2024-08-10,03:00,26.67,90.8,0.6379,111.6,0,1009,0
2024-08-10,04:00,26.58,90.3,0.6062,114.2,0,1009,0
2024-08-10,05:00,26.57,89.4,0.6831,130.5,0,1009,0
2024-08-10,06:00,26.83,88,0.6858,140.2,0.237,1009,0
2024-08-10,07:00,27.33,83,0.5539,123.1,64.27,1009,0
2024-08-10,08:00,29.44,72.02,0.781,148.8,229.2,1009,0
2024-08-10,09:00,30.56,71.69,0.9419,314.9,428.9,1009,0
2024-08-10,10:00,30.67,71.56,1.175,332.9,655.7,1009,0
2024-08-10,11:00,30.72,71.95,1.355,327.8,808,1009,0
2024-08-10,12:00,31.11,70.44,1.342,343.7,857,1009,0
2024-08-10,13:00,30.89,71.41,1.201,336.7,525.8,1008,0
2024-08-10,14:00,30.33,83.7,0.9361,327.7,199.7,1008,1.8
2024-08-10,15:00,29.78,81.1,1.02,333.8,347.5,1008,1
2024-08-10,16:00,29.83,76.45,0.6804,341.8,304,1008,1.5
2024-08-10,17:00,30.5,71.37,0.7667,313.7,183.7,1008,0
2024-08-10,18:00,30.5,76.06,1.301,96.1,191,1008,0
2024-08-10,19:00,29.56,83,0.734,75.06,20.4,1008,0
2024-08-10,20:00,28.44,84.3,0.6938,97.7,0.004,1009,0
2024-08-10,21:00,28.22,85.2,0.6169,100.5,0,1009,0
2024-08-10,22:00,27.72,86.9,0.6992,101.2,0,1010,0
2024-08-10,23:00,27.61,87.3,0.5561,98.2,0,1010,0
2024-08-11,00:00,27.56,85.8,0.7139,112.8,0,1009,0
2024-08-11,01:00,27.83,83.7,0.6254,131,0,1009,0
2024-08-11,02:00,27.72,85.2,0.5704,116.9,0,1009,0
2024-08-11,03:00,27.33,87.7,0.6102,117.4,0,1008,0
2024-08-11,04:00,27.39,87.9,0.6634,130.7,0,1008,0
2024-08-11,05:00,27.28,89.3,0.5597,120.3,0,1008,0
2024-08-11,06:00,27.33,87.5,0.6411,131.1,0.456,1008,0
2024-08-11,07:00,27.61,85.6,0.5968,115.1,51.31,1008,0
2024-08-11,08:00,29.61,76.16,0.5083,210.1,245.3,1009,0
2024-08-11,09:00,30.06,77.42,0.9263,216.3,338.4,1009,0
2024-08-11,10:00,30.56,75.99,0.9884,267,560.2,1010,0
2024-08-11,11:00,30.39,71.96,1.101,247.1,523.2,1009,0
2024-08-11,12:00,31.11,72.6,1.108,275.7,882,1009,0
2024-08-11,13:00,31.28,74.04,1.497,281.1,989,1008,0
2024-08-11,14:00,30.06,78.86,1.352,26.71,457.5,1008,0
2024-08-11,15:00,31.06,71.57,1.307,316.8,803,1007,0
2024-08-11,16:00,31.22,74.56,1.327,348.9,698.1,1007,0
2024-08-11,17:00,30.28,76.25,1.479,73.61,338.7,1007,0
2024-08-11,18:00,30.5,76.97,1.056,61.11,226.1,1007,0
2024-08-11,19:00,29.78,79.38,0.8534,65.61,25.63,1008,0
2024-08-11,20:00,29.22,83,0.6455,86.3,0.003,1009,0
2024-08-11,21:00,28.83,81.7,0.7801,100.1,0,1009,0
2024-08-11,22:00,28.78,81.8,0.8874,103.9,0,1010,0
2024-08-11,23:00,28.78,81.7,0.9012,124.1,0,1010,0
2024-08-12,00:00,28.56,83.8,0.8999,132.4,0,1009,0
2024-08-12,01:00,28.28,85.2,0.9088,122.8,0,1009,0
2024-08-12,02:00,28.06,84.3,0.7975,119.6,0,1008,0
2024-08-12,03:00,27.67,86.3,0.4828,92.6,0,1008,0
2024-08-12,04:00,27.89,85.2,0.8355,134.7,0,1008,0
2024-08-12,05:00,27.44,88.1,0.5364,85.9,0,1008,0
2024-08-12,06:00,27.22,88.1,0.7676,113.8,0.436,1008,0
2024-08-12,07:00,27.83,79.16,0.9616,137.3,64.58,1009,0
2024-08-12,08:00,29,74.43,1.377,161.6,168.8,1010,0
2024-08-12,09:00,30.83,72.67,1.279,196.9,493,1010,0
2024-08-12,10:00,31.39,73.26,1.245,229.9,562.7,1011,0
2024-08-12,11:00,31,70.35,1.235,202,573.3,1010,0
2024-08-12,12:00,30.83,74.77,1.424,213.8,525,1010,0
2024-08-12,13:00,30.39,75.14,1.34,181.2,509.4,1010,0.5
2024-08-12,14:00,31.11,74.37,1.327,239.6,768,1009,0
2024-08-12,15:00,31.56,65.9,1.508,271.4,660.3,1008,0
2024-08-12,16:00,32.17,72.28,1.433,182.7,591.5,1008,0
2024-08-12,17:00,30.72,74.82,1.144,107.1,134.9,1008,0
2024-08-12,18:00,30.78,71.69,0.8887,210.9,113.7,1008,0
2024-08-12,19:00,30.28,75.93,1.1,130.8,22.1,1009,0
2024-08-12,20:00,29.11,82.6,0.6956,87.3,0.004,1010,0
2024-08-12,21:00,28.56,84.4,0.6375,83.7,0,1011,0
2024-08-12,22:00,28.44,85,0.6446,72.78,0,1011,0
2024-08-12,23:00,27.94,86.2,0.6348,98.2,0,1011,0
2024-08-13,00:00,27.89,85.4,0.5847,103.3,0,1011,0
2024-08-13,01:00,27.89,86.3,0.6174,116.2,0,1011,0
2024-08-13,02:00,27.5,88.6,0.6719,120.2,0,1010,0
2024-08-13,03:00,27.33,87.4,0.506,121.6,0,1010,0
2024-08-13,04:00,27.28,87.6,0.6245,108.3,0,1010,0
2024-08-13,05:00,27.17,87.1,0.5597,121,0,1010,0
2024-08-13,06:00,27.39,87.5,0.3921,125.7,0.382,1010,0
2024-08-13,07:00,27.94,84.7,0.92,141.2,68.73,1010,0.3
2024-08-13,08:00,29.94,74.1,0.8896,149,272.4,1011,0
2024-08-13,09:00,31.17,70,1.508,156.3,441.1,1011,0
2024-08-13,10:00,31.11,73.39,1.659,159.1,347.6,1012,0
2024-08-13,11:00,31.67,66.74,1.718,143.2,704.4,1012,0
2024-08-13,12:00,32.33,66.41,2.337,112.1,895,1011,0
2024-08-13,13:00,32.39,64.66,2.53,106,960,1010,0
2024-08-13,14:00,32.44,62.77,2.607,103,829,1010,0
2024-08-13,15:00,32.11,67.72,2.533,98.2,568.7,1009,0
2024-08-13,16:00,32.28,65.11,2.404,118.5,657.1,1009,0
2024-08-13,17:00,31.5,69.15,2.473,98.5,347.9,1009,0
2024-08-13,18:00,31.17,73.06,2.045,100.2,176.4,1009,0
2024-08-13,19:00,30.06,76.84,1.516,100.1,37.88,1010,0
2024-08-13,20:00,29.61,79.25,1.191,110.1,0.007,1011,0
2024-08-13,21:00,29.44,81.2,1.213,106.1,0,1012,0
2024-08-13,22:00,29.28,81.5,1.004,110.8,0,1012,0
2024-08-13,23:00,29.28,80.7,1.249,106.5,0,1012,0
2024-08-14,00:00,29.22,82.3,1.513,95.7,0,1011,0
2024-08-14,01:00,29.06,79.83,1.49,114.3,0,1011,0
2024-08-14,02:00,28.78,87.5,1.515,83.8,0,1010,0.2
2024-08-14,03:00,28.06,88.6,1.374,92.4,0,1010,0
2024-08-14,04:00,28,87.6,1.033,90.5,0,1009,0
2024-08-14,05:00,28.56,83.3,1.134,109.1,0,1009,0
2024-08-14,06:00,28.72,86,0.8319,90.2,0.331,1009,0
2024-08-14,07:00,28.78,79.12,0.7837,100.3,39.47,1010,0
2024-08-14,08:00,30.33,74.87,1.57,112.9,242.6,1010,0
2024-08-14,09:00,30.83,71.56,2.381,115.7,450.2,1011,0
2024-08-14,10:00,31.56,70.98,2.998,112.1,668.1,1011,0
2024-08-14,11:00,31,71.37,2.542,127.7,472.2,1011,0
2024-08-14,12:00,31.33,72.21,2.668,127.8,527.6,1011,0
2024-08-14,13:00,31,74.75,1.936,124.2,447.8,1010,0
2024-08-14,14:00,31.22,71.76,2.58,121.5,616.1,1009,0
2024-08-14,15:00,29.06,76.45,2.403,159.2,505.1,1009,1.6
2024-08-14,16:00,31,72.47,1.99,124.2,625.7,1009,0
2024-08-14,17:00,31.11,73.84,1.785,104.9,298.4,1009,0
2024-08-14,18:00,30.83,74.17,1.555,113.6,150.5,1009,0
2024-08-14,19:00,29.94,81.7,0.751,92.9,19.6,1010,0
2024-08-14,20:00,28.94,84.5,0.9111,88.6,0.002,1010,0
2024-08-14,21:00,28.67,84.6,0.6625,93.8,0,1011,0
2024-08-14,22:00,28.56,86,0.7229,80.4,0,1011,0
2024-08-14,23:00,28.61,82.9,1.081,106.3,0,1011,0
2024-08-15,00:00,28.17,70.58,1.255,110.8,0,1011,0
2024-08-15,01:00,28.44,81.6,0.5588,166,0,1010,0
2024-08-15,02:00,27.39,91.2,1.085,116.7,0,1010,0.7
2024-08-15,03:00,27,92.4,0.578,44.8,0,1009,0.8
2024-08-15,04:00,26.94,92.1,0.6446,228.3,0,1009,0
2024-08-15,05:00,26.58,92,0.3813,71.6,0,1009,0
2024-08-15,06:00,26.59,87.6,0.4216,210.1,0.188,1009,0
2024-08-15,07:00,27.44,82.6,0.587,133.1,61.93,1010,0
2024-08-15,08:00,30.11,70.39,0.688,145.6,261.1,1011,0
2024-08-15,09:00,31.11,79.84,1.013,144.7,329.8,1011,0
2024-08-15,10:00,30.11,79.83,1.399,289.4,475.8,1012,0
2024-08-15,11:00,28.56,91.7,2,306.2,192,1012,39.6
2024-08-15,12:00,25.44,80.3,2.898,180,549.3,1011,5.9
2024-08-15,13:00,28.78,67.26,1.008,223.7,576.6,1011,0
2024-08-15,14:00,29.17,72.08,0.9692,10,491.3,1010,0
2024-08-15,15:00,29.06,79.64,1.502,56.6,340.1,1010,0
2024-08-15,16:00,28.72,79.05,2.89,77.66,215.6,1009,0
2024-08-15,17:00,28.5,80.3,3.581,81,85.2,1009,0
2024-08-15,18:00,28.11,80.1,3.208,77.91,39.01,1009,0
2024-08-15,19:00,28.11,77.29,2.677,82.6,8.22,1009,0
2024-08-15,20:00,28.44,78.14,2.295,95.1,0.001,1010,0
2024-08-15,21:00,28.44,80.6,1.149,109,0,1011,0
2024-08-15,22:00,28.39,81.2,0.9795,115,0,1011,0
2024-08-15,23:00,28.28,82.5,0.891,109.4,0,1011,0
2024-08-16,00:00,27.94,85.6,0.3773,78.9,0,1011,0
2024-08-16,01:00,27.39,88.2,0.2959,94.9,0,1010,0
2024-08-16,02:00,27.22,88.2,0.4783,116.1,0,1010,0
2024-08-16,03:00,26.94,86.1,2.338,108.1,0,1009,0
2024-08-16,04:00,26.72,84.2,0.9044,148.8,0,1009,0
2024-08-16,05:00,26.48,89.2,0.8543,112.5,0,1009,0
2024-08-16,06:00,26.09,89.8,0.6048,311.3,0.15,1010,0.2
2024-08-16,07:00,26.19,90.7,0.4537,108.4,38.71,1010,0
2024-08-16,08:00,27.94,77.16,0.5829,63.34,203.8,1010,0
2024-08-16,09:00,29.72,74.49,1.418,58.13,504.8,1011,0
2024-08-16,10:00,30.11,73.06,1.535,49.61,692.7,1011,0
2024-08-16,11:00,30.39,75.21,1.572,50.55,806,1010,0
2024-08-16,12:00,30.17,78.01,1.489,35.37,742.4,1010,0
2024-08-16,13:00,29.94,74.7,1.649,237.3,886,1009,0
2024-08-16,14:00,30.39,72.47,1.341,289.7,873,1009,0
2024-08-16,15:00,30.22,71.52,1.289,7.337,657.7,1009,0
2024-08-16,16:00,29.89,76.12,1.148,324.7,328.9,1008,0
2024-08-16,17:00,28.67,85.3,1.256,296.8,137,1008,0
2024-08-16,18:00,26.6,91.9,1.652,41.5,18.31,1009,1.5
2024-08-16,19:00,25.64,93.2,0.9763,98.1,0.567,1010,1.6
2024-08-16,20:00,25.58,93,0.6746,97.7,0,1010,1.5
2024-08-16,21:00,25.69,91.8,0.73,139.4,0,1010,1.8
2024-08-16,22:00,25.91,91.2,1.802,122.1,0,1010,0.7
2024-08-16,23:00,25.73,92,2.417,118.2,0,1011,1.6
2024-08-17,00:00,25.89,91.4,1.935,113.4,0,1010,1.5
2024-08-17,01:00,25.66,90.6,3.858,117.3,0,1010,1
2024-08-17,02:00,25.57,88.4,3.167,133.4,0,1009,2.8
2024-08-17,03:00,25.43,88.9,1.963,122.5,0,1009,0.7
2024-08-17,04:00,25.47,89.2,1.586,116.3,0,1009,0.8
2024-08-17,05:00,25.64,89.4,1.889,110.7,0,1009,0.3
2024-08-17,06:00,25.79,86.3,2.052,151.4,0.049,1010,0
2024-08-17,07:00,26.02,87.5,3.01,152.7,10.1,1010,0
2024-08-17,08:00,25.56,81.9,3.822,153.7,115.9,1010,0.2
2024-08-17,09:00,27.17,81.1,3.219,130.2,301.2,1010,0
2024-08-17,10:00,27.78,78.33,3.469,123,339.5,1011,0
2024-08-17,11:00,28.17,77.42,3.307,122.5,372,1011,0
2024-08-17,12:00,28.61,77.6,2.998,121.7,447.2,1010,0
2024-08-17,13:00,28.61,74.69,1.962,120.7,289,1010,0
2024-08-17,14:00,28.67,73.32,1.247,141.6,280.5,1010,0
2024-08-17,15:00,28.56,76.19,0.9754,93.1,214.9,1010,0
2024-08-17,16:00,28.5,79.7,0.8038,58.6,190,1010,0
2024-08-17,17:00,28,78.14,1.26,88,79.28,1010,0
2024-08-17,18:00,27.61,81.8,1.235,73.18,37.98,1010,0
2024-08-17,19:00,27.78,82.8,1.012,80.4,7.064,1010,0
2024-08-17,20:00,27.67,85.4,1.284,106.4,0.001,1010,0
2024-08-17,21:00,28,84.9,1.576,87.3,0.001,1011,0
2024-08-17,22:00,28.17,84.7,1.627,76.48,0.001,1011,0
2024-08-17,23:00,28.17,84.3,1.718,84.6,0.001,1011,0
2024-08-18,00:00,27.28,89,2.152,103.3,0.001,1011,0.3
2024-08-18,01:00,27.56,89.2,1.382,98.7,0.001,1011,0
2024-08-18,02:00,28.22,84.7,2.076,108.6,0.001,1010,0
2024-08-18,03:00,28.5,84,1.728,111.3,0,1010,0
2024-08-18,04:00,28.67,83,2.25,117.6,0,1009,0
2024-08-18,05:00,27.06,87.3,3.117,121.9,0,1009,6.1
2024-08-18,06:00,27.44,86.8,3.233,115,0.134,1010,0.2
2024-08-18,07:00,27.72,86.7,3.27,112.7,38.74,1010,0.3
2024-08-18,08:00,28.83,81.1,3.354,120.1,168.9,1010,0
2024-08-18,09:00,29.44,76.71,3.155,125.3,295.9,1011,0
2024-08-18,10:00,29.33,83.5,3.22,128.3,512.4,1011,1
2024-08-18,11:00,29.56,79.91,3.608,129.9,544.2,1010,2
2024-08-18,12:00,30.28,75.01,3.25,124.7,726.6,1010,0
2024-08-18,13:00,31,71.24,2.926,143.8,966,1009,0
2024-08-18,14:00,31.33,71.11,2.016,153.1,699.5,1009,0
2024-08-18,15:00,31.5,69.8,1.712,156.4,666.6,1009,0
2024-08-18,16:00,30.94,74.23,1.765,126.9,322.9,1009,0
2024-08-18,17:00,30.06,81.6,1.836,155.8,180.5,1010,0
2024-08-18,18:00,28.06,87.6,1.983,178,49.38,1010,0.3
2024-08-18,19:00,27.06,84.1,1.446,182.6,8.03,1011,0
2024-08-18,20:00,27.06,89.2,0.7685,130.2,0.001,1011,0
2024-08-18,21:00,27.11,82.8,1.004,143.2,0.001,1012,0
2024-08-18,22:00,27.33,84.9,0.8758,125.9,0.001,1012,0
2024-08-18,23:00,27.5,85,0.7685,75.61,0.001,1013,0
2024-08-19,00:00,27.44,85.4,1.209,89.7,0.001,1013,0
2024-08-19,01:00,27.56,86.7,0.9924,40.41,0.001,1012,0
2024-08-19,02:00,27.72,88.2,0.8999,48.24,0.001,1011,0
2024-08-19,03:00,28.06,84.8,1.418,65.88,0.001,1011,0
2024-08-19,04:00,28.44,82.6,1.765,97.9,0,1011,0
2024-08-19,05:00,28.56,81.7,2.146,107.5,0,1011,0
2024-08-19,06:00,28.56,82.6,1.287,103.7,0.144,1011,0
2024-08-19,07:00,28.5,81.9,0.6786,9.11,32.95,1011,0
2024-08-19,08:00,29.44,79.96,0.6531,301.8,133.1,1012,0
2024-08-19,09:00,30.11,77.62,1.626,106.2,323.5,1012,0
2024-08-19,10:00,29.78,78.86,1.894,92.4,208,1013,0
2024-08-19,11:00,30.67,71.23,2.38,115,601.7,1013,0
2024-08-19,12:00,31.22,74.28,2.885,108.1,664.5,1013,0
2024-08-19,13:00,30.56,86.5,2.989,117.6,516.8,1012,1
2024-08-19,14:00,29,82.7,2.055,121,602.8,1012,1.5
2024-08-19,15:00,30.67,81.9,2.677,97.4,746.1,1012,0
2024-08-19,16:00,29.56,84.2,1.962,88.1,196.3,1011,0
2024-08-19,17:00,29.17,82.6,1.804,89.9,144,1011,0
2024-08-19,18:00,29.61,76.31,1.852,86.4,231.4,1011,0
2024-08-19,19:00,29,83.7,1.689,86.6,25.97,1011,0
2024-08-19,20:00,28.61,84.2,1.705,82.7,0.001,1012,0
2024-08-19,21:00,28.61,86,1.376,84.4,0.001,1013,0
2024-08-19,22:00,28.5,79.96,2.424,82,0.001,1013,0
2024-08-19,23:00,28.06,85.1,1.756,80.9,0.002,1013,0
2024-08-20,00:00,28.61,79.7,2.376,80.7,0.002,1013,0
2024-08-20,01:00,29,77.75,2.676,101.6,0.002,1012,0
2024-08-20,02:00,29.06,75.47,2.84,104.1,0.002,1012,0
2024-08-20,03:00,28.61,84.6,1.14,109.6,0.002,1012,0
2024-08-20,04:00,28.17,84.9,1.689,98.5,0.001,1011,0
2024-08-20,05:00,28.06,83.2,1.175,108.3,0.001,1011,0
2024-08-20,06:00,28.06,78.4,1.188,103.3,0.167,1011,0
2024-08-20,07:00,28.56,76.05,1.392,96.9,55.9,1012,0
2024-08-20,08:00,29.61,73.97,1.878,97.2,239.7,1012,0
2024-08-20,09:00,29.94,72.08,2.468,104.4,380.3,1013,0
2024-08-20,10:00,30.61,70.97,2.975,103.9,631.6,1012,0
2024-08-20,11:00,30.83,72.67,3.146,102,826,1012,0
2024-08-20,12:00,31,71.5,3.213,95.3,879,1012,0
2024-08-20,13:00,30.94,68.18,2.99,100.4,822,1012,0
2024-08-20,14:00,30,80.2,2.854,93.1,363.2,1011,0
2024-08-20,15:00,29.5,75.53,3.737,83.7,820,1011,0
2024-08-20,16:00,28.06,85.6,3.688,89.5,455.9,1010,0
2024-08-20,17:00,27.11,86.1,2.609,83.3,165.2,1010,0
2024-08-20,18:00,26.47,89.9,2.787,85.4,91,1010,0.5
2024-08-20,19:00,26.72,86.6,1.168,100.2,10.9,1010,0
2024-08-20,20:00,26.17,91.3,1.413,118.2,0.001,1011,2.3
2024-08-20,21:00,26.02,92.2,1.024,80.8,0.001,1011,0.8
2024-08-20,22:00,26.28,91.9,0.7309,98.5,0.001,1011,0
2024-08-20,23:00,26.33,89.9,0.7117,32.83,0.001,1011,0
2024-08-21,00:00,26.83,89.3,0.6263,169.9,0,1011,0.7
2024-08-21,01:00,26.57,91.7,1.053,146.6,0,1010,4.4
2024-08-21,02:00,26.34,91.9,1.241,160.6,0.001,1010,1.2
2024-08-21,03:00,25.58,91.8,2.822,163.2,0,1009,5.6
2024-08-21,04:00,24.98,92.2,3.576,159.6,0,1009,26.7
2024-08-21,05:00,25,88.3,3.54,162,0,1009,0.7
2024-08-21,06:00,25.63,87.6,2.784,156.8,0.022,1010,0.6
2024-08-21,07:00,25.99,88.8,1.967,159.6,10.46,1010,0.7
2024-08-21,08:00,26.56,89.3,2.023,165.2,29.69,1010,2.6
2024-08-21,09:00,25.77,91.7,3.511,161.5,27.55,1011,12.9
2024-08-21,10:00,26.32,90.3,2.955,152.8,93.2,1011,3.8
2024-08-21,11:00,26.43,88.2,2.605,181.9,274.6,1011,0.5
2024-08-21,12:00,27.28,85.7,1.576,198.4,292.7,1011,0
2024-08-21,13:00,28.17,79.96,2.581,181.1,344.9,1010,0
2024-08-21,14:00,28.89,77.29,2.578,185.9,389.8,1010,0
2024-08-21,15:00,29.17,77.62,2.34,194.3,331.7,1010,0
2024-08-21,16:00,27.33,90.3,1.84,176.5,167.9,1010,1.6
2024-08-21,17:00,27,86.1,0.7778,224.5,143.8,1010,0.2
2024-08-21,18:00,27.83,86.1,0.9714,120.6,60.76,1010,0
2024-08-21,19:00,27.06,89.1,1.034,85.7,7.31,1011,0
2024-08-21,20:00,26.89,89.1,1.492,133.4,0,1011,0
2024-08-21,21:00,26.89,87.7,2.551,122.2,0,1011,0
2024-08-21,22:00,27.06,84.9,1.375,139.4,0,1011,0
2024-08-21,23:00,27.28,83.4,0.6066,348.7,0,1012,0
2024-08-22,00:00,27.33,84.4,0.726,323.7,0.001,1012,0
2024-08-22,01:00,27,87.7,0.5329,92.9,0.001,1011,0
2024-08-22,02:00,27.17,87.9,0.498,8.29,0.001,1011,0
2024-08-22,03:00,27.44,86.7,0.8977,86.8,0.001,1010,0
2024-08-22,04:00,27.61,85.5,0.8337,161.6,0.001,1010,0
2024-08-22,05:00,27.94,85.1,1.138,148.1,0.001,1010,0
2024-08-22,06:00,28,86.2,0.6951,124.6,0.122,1010,0
2024-08-22,07:00,27.89,87.1,0.5673,136.3,36.72,1010,0
2024-08-22,08:00,29.11,77.69,0.9151,134.7,238.1,1010,0
2024-08-22,09:00,30.33,76.9,2.136,168.6,434.1,1011,0
2024-08-22,10:00,30.5,74.88,2.317,157.7,493.4,1011,0
2024-08-22,11:00,30.67,74.67,2.532,161.1,473.9,1011,0
2024-08-22,12:00,30.67,74.17,2.779,157.9,548,1010,0
2024-08-22,13:00,31.17,74.43,2.797,154,742.4,1010,0
2024-08-22,14:00,30.78,75.08,2.541,156,407.8,1009,0
2024-08-22,15:00,30.61,74.04,2.504,165,334.9,1009,0
2024-08-22,16:00,30.44,77.69,2.012,157.4,219.9,1009,0
2024-08-22,17:00,30.22,79.25,1.77,166.4,161,1009,0
2024-08-22,18:00,29.83,80,1.387,150,63.79,1008,0
2024-08-22,19:00,29.28,82.4,1.451,120.1,6.336,1009,0
2024-08-22,20:00,29.06,81.3,1.93,124.9,0,1009,0
2024-08-22,21:00,29.28,79.87,1.25,147.4,0,1010,0
2024-08-22,22:00,29.22,81.2,1.119,135.9,0,1011,0
2024-08-22,23:00,28.61,82.8,0.8744,110.4,0,1011,0
2024-08-23,00:00,28.56,82.6,0.958,121.7,0,1010,0
2024-08-23,01:00,28.33,82.6,0.9084,125.9,0,1010,0
2024-08-23,02:00,28.06,83,0.5378,95.1,0.001,1009,0
2024-08-23,03:00,28.06,83.3,0.9075,108.6,0.001,1009,0
2024-08-23,04:00,28.17,77.94,1.698,121,0,1009,0
2024-08-23,05:00,28.06,80,1.768,139.1,0.001,1009,0
2024-08-23,06:00,27.89,83.1,1.418,125.5,0.079,1009,0
2024-08-23,07:00,27.61,85.5,0.9585,131.8,24.78,1009,0
2024-08-23,08:00,28.22,77.35,1.339,164.5,120.7,1009,0
2024-08-23,09:00,29.56,75.6,1.718,168.6,345.1,1010,0
2024-08-23,10:00,30.5,69.8,2.387,163.2,490.2,1010,0
2024-08-23,11:00,30.78,70.32,2.539,158,661.2,1009,0
2024-08-23,12:00,31,68.63,2.726,162.3,642.4,1010,0
2024-08-23,13:00,31.17,67.26,2.393,169.7,672.5,1009,0
2024-08-23,14:00,31.06,68.12,2.298,162.7,519.3,1009,0
2024-08-23,15:00,31.33,68.82,1.821,177.5,548.4,1008,0
2024-08-23,16:00,31.39,70.06,1.435,174.5,431.1,1008,0
2024-08-23,17:00,30.61,71.26,1.611,178.6,197.5,1008,0
2024-08-23,18:00,30.11,75.34,1.63,160.3,86.2,1008,0
2024-08-23,19:00,29.44,77.08,1.275,143.6,8.84,1009,0
2024-08-23,20:00,29,78.33,1.076,150.4,0,1009,0
2024-08-23,21:00,29,78.46,1.092,152.8,0,1010,0
2024-08-23,22:00,28.89,80.5,0.8033,270,0,1010,0
2024-08-23,23:00,28.78,82.3,0.7671,132.5,0,1010,0
2024-08-24,00:00,28.22,84.3,0.5879,83.3,0,1010,0
2024-08-24,01:00,27.89,86,0.6169,42.62,0,1009,0
2024-08-24,02:00,28,82.2,1.003,107.1,0,1009,0
2024-08-24,03:00,27.94,82.5,0.8735,106.1,0.001,1009,0
2024-08-24,04:00,27.94,82,0.836,104.4,0.001,1009,0
2024-08-24,05:00,27.28,86.4,0.4806,69.78,0.001,1009,0
2024-08-24,06:00,26.83,86.8,0.6107,83.3,0.151,1009,0
2024-08-24,07:00,27.94,80.3,1.04,119.5,72.77,1010,0
2024-08-24,08:00,29.78,76.38,1.068,187,283.3,1010,0
2024-08-24,09:00,30.67,78.4,1.01,227,429.2,1011,0
2024-08-24,10:00,30.39,74.59,1.473,194.7,446.4,1011,0
2024-08-24,11:00,31.33,73.58,1.317,201.5,727.5,1010,0
2024-08-24,12:00,31.33,71.62,1.295,254.6,656.1,1010,0
2024-08-24,13:00,31.5,70.45,1.453,200.4,450.8,1009,0
2024-08-24,14:00,31.5,70.06,1.93,173.2,496.1,1009,0
2024-08-24,15:00,31.56,71.56,1.25,184,579.6,1009,0
2024-08-24,16:00,31.28,71.3,1.022,23.62,428.1,1009,0
2024-08-24,17:00,30.89,72.8,1.278,145,203.5,1009,0
2024-08-24,18:00,30.39,77.35,1.075,138.3,104.3,1009,0
2024-08-24,19:00,29.06,78.27,1.4,146,12.07,1009,0
2024-08-24,20:00,28.44,81.9,0.7188,148.3,0,1010,0
2024-08-24,21:00,28.33,83.6,0.7215,63.14,0,1011,0
2024-08-24,22:00,28.56,82.5,0.7193,90.9,0,1011,0
2024-08-24,23:00,27.83,87.5,0.4953,76.32,0,1011,0
2024-08-25,00:00,27.72,86.2,0.4667,102.2,0,1010,0
2024-08-25,01:00,28,86.4,0.8489,124.6,0,1009,0
2024-08-25,02:00,27.89,86.8,0.6281,120.2,0,1009,0
2024-08-25,03:00,27.89,86.2,0.701,140.1,0,1009,0
2024-08-25,04:00,27.78,83.9,0.7734,155.9,0,1009,0
2024-08-25,05:00,27.56,85.8,0.6102,132.2,0,1009,0
2024-08-25,06:00,27.56,86.2,0.8932,148.1,0.26,1009,0
2024-08-25,07:00,27.67,86.1,0.5959,126,41.09,1009,0
2024-08-25,08:00,28.28,83.5,0.7296,119.4,103.8,1010,0
2024-08-25,09:00,29.78,77.62,0.8874,211.7,414.1,1010,0
2024-08-25,10:00,30.06,77.49,1.275,288.1,512.5,1011,0
2024-08-25,11:00,27.61,89.3,1.573,115,97.1,1011,13.7
2024-08-25,12:00,26.89,83.8,1.503,143.5,435.5,1010,0.5
2024-08-25,13:00,29.78,77.73,1.211,231.6,821,1009,0.5
2024-08-25,14:00,27.44,91.2,1.646,252.8,146,1009,26.5
2024-08-25,15:00,27.67,87.2,1.44,103.1,637.7,1009,0.5
2024-08-25,16:00,30.06,75.08,1.527,74.31,665.7,1009,0
2024-08-25,17:00,30.11,75.73,1.834,109.2,351.6,1009,0
2024-08-25,18:00,29.67,81.3,1.711,111.5,173.4,1009,0
2024-08-25,19:00,28.67,85.8,0.9513,104.6,9.18,1010,0
2024-08-25,20:00,27.94,88.1,0.6987,111.6,0,1010,0
2024-08-25,21:00,27.56,87.9,0.6348,142.6,0,1011,0
2024-08-25,22:00,27.56,85.5,0.5078,226.9,0,1011,0
2024-08-25,23:00,28,84.4,0.4886,249.8,0,1011,0
2024-08-26,00:00,27.44,89.3,0.4917,98.4,0,1011,0
2024-08-26,01:00,27,90.3,0.4502,112,0,1011,0
2024-08-26,02:00,26.72,91.8,0.5034,108.3,0,1010,0
2024-08-26,03:00,26.49,91.7,0.3876,110.9,0,1009,0
2024-08-26,04:00,26.36,92.6,0.3755,102.7,0,1009,0
2024-08-26,05:00,26.59,91.4,0.528,132.2,0,1009,0
2024-08-26,06:00,26.58,91.8,0.5257,116.4,0.168,1009,0
2024-08-26,07:00,26.47,92.5,0.4922,91.7,27.35,1009,0
2024-08-26,08:00,28.89,73.32,0.9732,181.7,263.4,1010,0
2024-08-26,09:00,30.06,71.04,1.456,167,297.3,1011,0
2024-08-26,10:00,29.83,75.79,1.543,185.4,441.4,1011,0
2024-08-26,11:00,28.89,88.4,1.282,201.7,366.2,1010,1
2024-08-26,12:00,28.78,70.26,0.9446,253.1,738.6,1010,0
2024-08-26,13:00,30.17,69.59,1.091,306.2,866,1009,0
2024-08-26,14:00,30.28,70.65,1,318.7,557.2,1009,0
2024-08-26,15:00,29.67,84.7,1.666,218.1,378.2,1009,0
2024-08-26,16:00,27.72,87.6,1.588,131,273.7,1009,2
2024-08-26,17:00,28.61,80.5,0.6473,81.7,250.8,1008,0
2024-08-26,18:00,29.67,79.7,0.945,43.41,184.8,1009,0
2024-08-26,19:00,29.11,85.1,0.958,86.5,11.2,1009,0
2024-08-26,20:00,28.22,85,1.324,94.1,0,1010,0
2024-08-26,21:00,28.06,85.4,1.202,108.3,0,1011,0
2024-08-26,22:00,28.06,86.6,1.083,97.5,0,1011,0
2024-08-26,23:00,27.83,86.4,1.114,92.6,0,1011,0
2024-08-27,00:00,27.89,85.8,1.294,97.1,0,1011,0
2024-08-27,01:00,28.11,85.4,1.354,98.6,0,1010,0
2024-08-27,02:00,28.28,85.5,2.331,82.3,0,1010,0
2024-08-27,03:00,28.11,85.4,2.309,84.5,0,1010,0
2024-08-27,04:00,27.5,85.1,3.199,99.5,0,1010,0
2024-08-27,05:00,27.06,85,1.633,95,0,1009,0
2024-08-27,06:00,27.56,86.4,1.23,89.4,0.127,1009,0
2024-08-27,07:00,28,80.5,1.241,122.3,46.01,1009,0
2024-08-27,08:00,29.22,76.8,2.229,112.7,218.2,1010,0
2024-08-27,09:00,29.83,76.9,2.512,113.6,360,1011,0
2024-08-27,10:00,30.11,80.2,2.647,115,440.4,1011,0
2024-08-27,11:00,30.89,69.93,3.264,119.4,890,1011,0
2024-08-27,12:00,31.28,70.97,2.796,112.2,894,1010,0
2024-08-27,13:00,31.44,70.78,3.072,117.2,962,1010,0
2024-08-27,14:00,31.44,72.34,2.926,110.1,831,1009,0
2024-08-27,15:00,30,83.7,1.947,116.5,317.5,1009,0.5
2024-08-27,16:00,30.72,73.04,2.16,114.9,572.8,1009,0
2024-08-27,17:00,30.78,77.64,2.499,113.2,377.3,1009,0
2024-08-27,18:00,30.11,75.73,1.548,116.2,155.3,1009,0
2024-08-27,19:00,29.56,80.3,0.945,106,11.27,1009,0
2024-08-27,20:00,28.89,82.2,0.7385,86.2,0,1010,0
2024-08-27,21:00,28.94,84,0.95,101.4,0,1011,0
2024-08-27,22:00,28,90.6,0.7434,60.03,0,1011,0.8
2024-08-27,23:00,27.61,90.5,0.5485,101.3,0,1011,0
2024-08-28,00:00,27.5,89.7,0.9884,188.1,0.001,1011,0.7
2024-08-28,01:00,27.11,92.3,0.3402,57.3,0,1010,0.3
2024-08-28,02:00,27.33,92.7,0.4421,75.53,0,1010,0
2024-08-28,03:00,27.44,88,1.297,97.6,0.001,1010,0
2024-08-28,04:00,27.44,89.1,0.6375,64.63,0,1010,0
2024-08-28,05:00,26.78,91.6,1.229,148.6,0,1010,4.3
2024-08-28,06:00,26.52,93.1,0.6554,75.31,0.158,1010,1
2024-08-28,07:00,26.72,91.8,0.9392,65.54,31.07,1011,7.6
2024-08-28,08:00,27.61,88.2,0.9598,54.23,218.2,1012,0.3
2024-08-28,09:00,29.67,78.14,2.117,107.6,413.7,1012,0
2024-08-28,10:00,30.72,72.93,2.567,106.2,639.5,1012,0
2024-08-28,11:00,31.06,70.84,2.859,94,783.7,1012,0
2024-08-28,12:00,31.22,73.77,3.053,104.1,788.6,1012,0
2024-08-28,13:00,31.28,74.69,3.025,96.8,872,1011,0
2024-08-28,14:00,31,74.17,3.09,86.6,698.7,1010,0
2024-08-28,15:00,31.17,74.95,2.816,94.5,631.5,1010,0
2024-08-28,16:00,31.06,76.12,2.552,93.8,447.8,1009,0
2024-08-28,17:00,30.39,78.07,2.918,88,176.4,1010,0
2024-08-28,18:00,30.33,78.4,3.107,91,132.3,1010,0
2024-08-28,19:00,30,77.8,3.136,104.7,11.45,1010,0
2024-08-28,20:00,29.83,80.2,2.713,98.2,0,1011,0
2024-08-28,21:00,29.78,80.6,3.262,94.6,0,1011,0
2024-08-28,22:00,29.78,80.5,3.542,93.2,0,1012,0
2024-08-28,23:00,29.72,77.42,3.375,97.2,0,1012,0
2024-08-29,00:00,29.56,79.7,3.107,98.8,0,1011,0
2024-08-29,01:00,29.44,81.1,2.615,93.3,0,1011,0
2024-08-29,02:00,29.5,82.2,2.835,86.7,0,1010,0
2024-08-29,03:00,29.33,83.5,2.436,84.8,0,1010,0
2024-08-29,04:00,28.89,84.8,1.711,81.3,0,1010,0
2024-08-29,05:00,29.22,85.7,2.065,91.4,0,1010,0
2024-08-29,06:00,28.89,88.7,1.942,85.3,0.222,1010,0
2024-08-29,07:00,29.11,84.5,2.365,89.8,39.83,1010,0
2024-08-29,08:00,29.94,81.3,2.973,95.2,163.7,1011,0
2024-08-29,09:00,29.89,76.9,3.284,109.1,382.2,1012,0
2024-08-29,10:00,31.22,73.32,3.515,100.2,607.8,1012,0
2024-08-29,11:00,31.5,70.85,4.086,99.3,746.8,1012,0
2024-08-29,12:00,31.83,69.55,3.71,107.9,945,1011,0
2024-08-29,13:00,31.89,71.37,3.746,110.5,937,1011,0
2024-08-29,14:00,31.67,72.73,3.688,107.4,839,1010,0
2024-08-29,15:00,31.56,69.35,3.599,97.8,652.7,1010,0
2024-08-29,16:00,31.5,68.69,3.652,106,547.1,1010,0
2024-08-29,17:00,31.11,71.56,3.332,112.4,346.8,1010,0
2024-08-29,18:00,30.78,74.49,3.474,104.5,183.7,1010,0
2024-08-29,19:00,30.17,80.6,2.707,106,18.63,1011,0
2024-08-29,20:00,29.5,79.25,2.762,111.3,0,1011,0
2024-08-29,21:00,29.22,82.2,1.616,99.9,0,1012,0
2024-08-29,22:00,29.06,84,1.44,79.81,0,1012,0
2024-08-29,23:00,29.22,82,2.178,77.14,0,1012,0
2024-08-30,00:00,29.17,79.72,2.478,82.8,0,1011,0
2024-08-30,01:00,29.33,80.4,2.523,83.8,0,1011,0
2024-08-30,02:00,29.22,80.5,2.272,91.5,0,1010,0
2024-08-30,03:00,29.17,81,2.018,96.2,0,1010,0
2024-08-30,04:00,28.94,82.4,1.804,84.7,0,1010,0
2024-08-30,05:00,28.72,82.4,1.988,77.68,0,1009,0
2024-08-30,06:00,28.67,84.1,1.708,77.8,0.251,1009,0
2024-08-30,07:00,28.83,83.6,2.295,76.24,30.12,1009,0
2024-08-30,08:00,29.67,79.57,2.576,82.6,186.1,1010,0
2024-08-30,09:00,30.72,73.38,3.329,87.8,449.3,1011,0
2024-08-30,10:00,31.33,74.36,3.688,103.5,656.6,1011,0
2024-08-30,11:00,31.33,73.77,3.533,106.3,679.7,1011,0
2024-08-30,12:00,31.56,72.74,3.652,98.1,851,1010,0
2024-08-30,13:00,31.78,72.73,3.697,90.9,926,1010,0
2024-08-30,14:00,31.72,70.65,3.907,101.4,907,1010,0
2024-08-30,15:00,31.67,70.91,3.281,92.6,751.2,1009,0
2024-08-30,16:00,30.39,82.5,3.029,76.97,216.9,1010,0
2024-08-30,17:00,28.83,79.25,2.141,75.77,180.5,1010,0
2024-08-30,18:00,29.22,80.2,1.752,79.56,74.89,1010,0
2024-08-30,19:00,29.17,83.8,1.136,70.37,5.367,1010,0
2024-08-30,20:00,29.22,85.9,1.67,77.35,0,1010,0
2024-08-30,21:00,29.11,77.49,1.688,81.8,0,1010,0
2024-08-30,22:00,29.11,83.8,1.317,86.5,0,1011,0
2024-08-30,23:00,29.22,83.1,1.826,86.9,0,1011,0
2024-08-31,00:00,29.17,80.4,1.833,83.9,0,1010,0
2024-08-31,01:00,29,82.6,1.418,86.5,0,1010,0
2024-08-31,02:00,28.78,84.8,1.648,83.8,0,1009,0
2024-08-31,03:00,28.61,83.9,1.6,88.7,0,1008,0
2024-08-31,04:00,28.33,84.8,1.335,94.4,0,1008,0
2024-08-31,05:00,27.94,86.1,0.7318,111,0,1009,0
2024-08-31,06:00,27.89,84.7,1.1,85.8,0.15,1009,0
2024-08-31,07:00,27.94,84,0.8454,46.71,35.79,1010,0
2024-08-31,08:00,29.94,78.57,0.9419,74.79,218.8,1010,0
2024-08-31,09:00,30.67,76.45,1.879,101.9,423.5,1011,0
2024-08-31,10:00,30,76.11,1.798,128.9,428.5,1011,0
2024-08-31,11:00,30,86.2,2.426,103,443.3,1011,0.8
2024-08-31,12:00,29.28,78.22,1.017,171.6,524.3,1010,0.2
2024-08-31,13:00,30.61,70.06,1.515,99.9,570.3,1010,0
2024-08-31,14:00,30.61,74.69,2.012,113,344.5,1009,0
2024-08-31,15:00,29.33,81.8,0.9911,318.2,88.8,1009,0
2024-08-31,16:00,28.17,88.3,0.8279,116.6,95.8,1009,0.8
2024-08-31,17:00,28.39,85.7,0.49,348.7,119.6,1009,0.2
2024-08-31,18:00,28.28,88,0.6679,74.5,43.29,1009,0
2024-08-31,19:00,28.17,89.5,0.6495,175,3.779,1009,0
2024-08-31,20:00,27.83,91.7,0.5123,89.6,0,1010,0
2024-08-31,21:00,27.72,92.1,0.582,114.4,0,1010,0
2024-08-31,22:00,27.61,92.1,0.447,87.3,0,1011,0
2024-08-31,23:00,27.67,92,0.3679,103.6,0,1011,0
2024-09-01,00:00,27.33,92.8,0.3465,100.6,0,1011,0
2024-09-01,01:00,27.33,92.4,0.5847,127.3,0,1010,0
2024-09-01,02:00,27.17,88.9,1.115,33.65,0,1010,0
2024-09-01,03:00,27.06,89.3,0.9093,79.02,0,1010,0
2024-09-01,04:00,26.65,88.5,0.6259,83.4,0,1010,0
2024-09-01,05:00,26.83,88.8,0.7787,92.6,0,1010,0
2024-09-01,06:00,27.39,88.3,1.579,335.4,0.023,1010,0
2024-09-01,07:00,26.37,92.3,2.5,88.6,3.43,1011,8.4
2024-09-01,08:00,24.53,94.2,2.095,88.9,7.587,1012,18
2024-09-01,09:00,24.72,93.6,1.203,77.51,36.76,1012,0
2024-09-01,10:00,25.56,87.4,1.102,72.82,66.35,1013,0
2024-09-01,11:00,26.54,85.5,1.062,86.5,97.9,1012,0
2024-09-01,12:00,27.39,84.8,1.118,98.5,220,1012,0
2024-09-01,13:00,28.44,76.8,1.565,88.7,364.5,1011,0
2024-09-01,14:00,29.39,76.96,2.146,85,712.9,1011,0
2024-09-01,15:00,29.94,77.66,2.561,83,646,1010,0
2024-09-01,16:00,29.89,77.42,2.046,91.3,404,1011,0
2024-09-01,17:00,29.83,78.92,1.465,100.4,219.6,1011,0
2024-09-01,18:00,29.61,80.7,1.916,94.4,154.6,1011,0
2024-09-01,19:00,28.94,84.7,0.9701,95.2,8.45,1011,0
2024-09-01,20:00,27.67,90.9,1.707,89.8,0,1012,5.4
2024-09-01,21:00,26.55,92.3,0.9115,56.1,0,1012,0
2024-09-01,22:00,25.56,93.7,2.033,147.4,0,1013,26.9
2024-09-01,23:00,26.08,91.7,1.482,97.4,0,1014,0.8
2024-09-02,00:00,26.55,92,0.7738,42.85,0,1013,0.2
2024-09-02,01:00,26.55,92.7,0.6151,25.04,0,1012,0.3
2024-09-02,02:00,26.06,89.4,0.8248,99.2,0,1012,0
2024-09-02,03:00,26.4,88.5,0.6062,130,0,1011,0
2024-09-02,04:00,26.47,91.3,0.5074,73.31,0,1010,0
2024-09-02,05:00,26.29,92.2,0.3317,338.7,0,1011,0
2024-09-02,06:00,27,90.5,0.7171,79.83,0.093,1011,0
2024-09-02,07:00,27.33,85.6,0.6455,151.3,29.81,1012,0
2024-09-02,08:00,28.44,77.88,0.5843,115.4,152.2,1012,0
2024-09-02,09:00,30.39,71.62,1.193,134.7,384.6,1013,0
2024-09-02,10:00,30.67,71.2,2.133,157.8,551.2,1013,0
2024-09-02,11:00,31.22,69.16,2.228,168.2,740.9,1013,0
2024-09-02,12:00,31.56,66.54,2.322,159.9,884,1013,0
2024-09-02,13:00,31.22,72.99,2.047,150.7,618.6,1013,0
2024-09-02,14:00,30.67,71.11,1.997,150.4,422,1012,0
2024-09-02,15:00,30.94,69.67,1.788,161.3,385.5,1012,0
2024-09-02,16:00,30.56,72.73,1.64,155.5,201.4,1012,0
2024-09-02,17:00,30.28,73.26,1.301,139.8,167.9,1011,0
2024-09-02,18:00,30,78.01,0.891,113.5,70.04,1012,0
2024-09-02,19:00,28.89,82.1,0.6419,72.86,6.592,1012,0
2024-09-02,20:00,28.33,85,0.5378,88.6,0,1013,0
2024-09-02,21:00,27.67,85.5,0.6786,113.4,0,1013,0
2024-09-02,22:00,27.5,85,0.5315,73.57,0,1014,0
2024-09-02,23:00,27.17,87.3,0.582,109.7,0,1014,0
2024-09-03,00:00,27.17,87.4,0.5074,111.7,0,1014,0
2024-09-03,01:00,27.61,86,0.8597,37.69,0,1013,0
2024-09-03,02:00,27.94,81.3,1.4,94.6,0,1013,0
2024-09-03,03:00,27.67,79.57,1.522,120.1,0,1012,0
2024-09-03,04:00,27.39,82.3,1.023,138.1,0,1012,0
2024-09-03,05:00,27.44,84.8,0.7305,86.1,0,1012,0
2024-09-03,06:00,26.94,89.7,0.5829,111.9,0.122,1012,0
2024-09-03,07:00,27.61,83.1,0.7425,98.8,60.19,1012,0
2024-09-03,08:00,29.39,77.94,1.067,108.1,196.2,1012,0
2024-09-03,09:00,29.94,73.78,1.574,168.8,484.1,1012,0
2024-09-03,10:00,30.83,74.56,1.673,135.8,575.9,1012,0
2024-09-03,11:00,30.56,79.38,1.415,357.8,575.3,1012,0
2024-09-03,12:00,28.06,88.1,1.939,33.09,266.2,1012,13.7
2024-09-03,13:00,26.62,86,1.357,75.45,379.1,1011,12.9
2024-09-03,14:00,29.44,75.99,0.8467,317,586.5,1010,0
2024-09-03,15:00,29.39,83.9,1.228,141.5,373.4,1010,0.3
2024-09-03,16:00,28.72,80.5,0.8963,81.8,363.5,1010,0.3
2024-09-03,17:00,29.22,79.44,0.7233,56.24,168,1009,0
2024-09-03,18:00,29,83,0.8901,351.7,61.51,1010,0
2024-09-03,19:00,28.83,79.4,0.9289,4.522,4.293,1010,0
2024-09-03,20:00,28.22,85.2,1.237,111.2,0,1010,0
2024-09-03,21:00,27.78,88,1.334,95.6,0,1011,0
2024-09-03,22:00,27.44,87.1,0.9012,108.2,0,1011,0
2024-09-03,23:00,27.5,88.5,1.098,98.4,0,1011,0
2024-09-04,00:00,27.39,89.3,0.7993,102.5,0,1010,0
2024-09-04,01:00,27.33,90.2,0.7019,117.7,0,1010,0
2024-09-04,02:00,27.11,90.8,0.4596,115.3,0,1009,0
2024-09-04,03:00,27,90.8,0.5624,117.3,0,1008,0
2024-09-04,04:00,26.67,91,0.3491,278.7,0,1008,0
2024-09-04,05:00,26.42,92.2,0.5172,109.3,0,1009,0
2024-09-04,06:00,26.24,92.5,0.3661,172.4,0.199,1008,0
2024-09-04,07:00,26.83,90.1,0.4408,116.1,53.42,1008,0
2024-09-04,08:00,28.61,82.8,0.616,67.17,100.3,1009,0
2024-09-04,09:00,30.11,73.91,1.388,103.3,476.7,1010,0
2024-09-04,10:00,30.28,73.19,1.733,148,591.5,1009,1
2024-09-04,11:00,30.61,74.82,1.968,118.6,467.7,1009,0
2024-09-04,12:00,29.56,77.55,1.853,116,354.8,1009,1.5
2024-09-04,13:00,30.17,71.1,1.741,126.8,424.3,1008,0
2024-09-04,14:00,30.39,71.17,1.92,146.6,528,1008,0
2024-09-04,15:00,30,72.08,1.56,122.9,269,1007,0
2024-09-04,16:00,30.67,71.99,1.448,131.2,520.6,1006,0
2024-09-04,17:00,30.89,73.38,1.949,164.8,311.9,1006,0
2024-09-04,18:00,29.67,78.14,1.104,72.75,133.2,1007,0
2024-09-04,19:00,29.28,80.8,0.819,117.4,6.738,1007,0
2024-09-04,20:00,28.28,85.3,0.6647,88.8,0,1008,0
2024-09-04,21:00,27.72,86.6,0.5749,102.6,0,1008,0
2024-09-04,22:00,27.17,89.5,1.396,182.5,0,1009,0.2
2024-09-04,23:00,26.83,91.7,0.5128,113.1,0,1009,0
2024-09-05,00:00,26.89,92.1,0.4828,105.1,0,1009,0
2024-09-05,01:00,26.78,93,0.4479,110.5,0,1008,0
2024-09-05,02:00,26.94,92.2,0.5767,125.5,0,1008,0
2024-09-05,03:00,26.72,92.7,1.218,107.6,0,1008,1.1
2024-09-05,04:00,25.88,92,1.098,88,0,1008,0.5
2024-09-05,05:00,25.83,93.1,0.6884,100.4,0,1008,0
2024-09-05,06:00,25.72,92.9,0.4515,92.8,0.013,1008,0
2024-09-05,07:00,25.96,89.5,0.8449,92.6,8.12,1009,0
2024-09-05,08:00,26.61,88,1.071,101.9,55.12,1009,0
2024-09-05,09:00,27.28,87.8,1.709,94.5,124.6,1010,0
2024-09-05,10:00,27.39,89.1,1.312,106.2,223.2,1010,0.5
2024-09-05,11:00,28.94,80.1,0.9227,353.5,504.8,1010,0.2
2024-09-05,12:00,29.22,80.2,1.601,81.4,366.3,1010,0
2024-09-05,13:00,29.56,76.5,1.865,116.1,606.1,1010,0
2024-09-05,14:00,29.83,76.51,2.803,135.2,689.4,1009,0
2024-09-05,15:00,29.06,78.01,2.409,151.5,382.3,1009,0
2024-09-05,16:00,29.44,80.3,1.773,191.4,303,1008,0
2024-09-05,17:00,28.28,79.28,2.438,192.8,137.4,1008,0
2024-09-05,18:00,27.83,81.8,2.048,182.7,50.57,1008,0
2024-09-05,19:00,27.89,83.4,1.839,188.7,2.459,1009,0
2024-09-05,20:00,27.89,84.4,1.244,167.5,0,1010,0
2024-09-05,21:00,28,85.8,0.975,140.2,0,1011,0
2024-09-05,22:00,27.61,88.2,0.5736,47.4,0,1011,0
2024-09-05,23:00,27.44,88.8,0.561,85.2,0,1011,0
2024-09-06,00:00,27.72,85.8,0.6142,115,0,1011,0
2024-09-06,01:00,27.78,86.7,0.4819,108.5,0,1011,0
2024-09-06,02:00,27.33,87.9,0.7635,171.4,0,1011,0
2024-09-06,03:00,26.78,90.1,0.9567,92.6,0,1011,0.3
2024-09-06,04:00,26.23,92.1,0.8136,68.19,0,1011,2.8
2024-09-06,05:00,26.36,91.1,0.7197,159.8,0,1011,0.2
2024-09-06,06:00,26.83,90.2,0.8977,169,0.03,1011,0
2024-09-06,07:00,27.28,86.9,1.269,165,10,1012,0
2024-09-06,08:00,27.72,81.3,1.22,185.8,66.14,1013,0
2024-09-06,09:00,27.94,80.2,1.402,166.4,145.9,1013,0
2024-09-06,10:00,28.78,74.36,1.44,178.8,226.1,1013,0
2024-09-06,11:00,29.39,78.2,1.378,184.8,240.1,1014,0
2024-09-06,12:00,30.06,75.28,1.398,186,374.3,1013,0
2024-09-06,13:00,30.72,71.43,1.155,211.2,475.4,1013,0
2024-09-06,14:00,30.83,71.75,1.352,269.2,579.8,1013,0
2024-09-06,15:00,31.22,73.39,1.303,286.8,711.6,1012,0
2024-09-06,16:00,31.17,72.93,1.237,285,554.3,1012,0
2024-09-06,17:00,31.17,76.12,1.189,284.7,448.2,1012,0
2024-09-06,18:00,29.89,81.1,1.183,56.84,79.62,1012,0
2024-09-06,19:00,29.06,85.2,0.6969,51.32,7.041,1013,0
2024-09-06,20:00,28.61,85.2,0.7296,69.18,0,1013,0
2024-09-06,21:00,28.28,87.4,0.701,99.8,0,1014,0
2024-09-06,22:00,28.11,88.6,0.4739,113.4,0,1014,0
2024-09-06,23:00,28.11,82.3,0.5074,293.9,0,1014,0
2024-09-07,00:00,28.72,83.9,0.979,133.9,0,1014,0
2024-09-07,01:00,28.11,87.8,0.6808,95.4,0,1014,0
2024-09-07,02:00,27.61,90.1,0.3956,99.9,0,1014,0
2024-09-07,03:00,27.83,87.1,0.8185,114,0,1013,0
2024-09-07,04:00,27.89,88.2,0.861,110.4,0,1013,0
2024-09-07,05:00,28,88.2,0.8145,121.9,0,1013,0
2024-09-07,06:00,27.33,89,0.4444,298.3,0.167,1013,0
2024-09-07,07:00,27.61,88,0.3608,286.6,22.4,1013,0
2024-09-07,08:00,30.11,75.81,0.8847,103.6,261.4,1014,0
2024-09-07,09:00,30.44,75.8,1.945,93.5,382.6,1014,0
2024-09-07,10:00,30.67,72.73,1.738,90.5,517.5,1014,0
2024-09-07,11:00,31.39,71.3,2.364,96.1,831,1014,0
2024-09-07,12:00,31.33,69.22,2.438,90.1,835,1013,0
2024-09-07,13:00,31.33,75.94,2.045,76.53,745.9,1013,0
2024-09-07,14:00,30.67,75.95,1.899,69.23,429.6,1012,0
2024-09-07,15:00,30.83,82,2.06,66.22,547.2,1012,0.3
2024-09-07,16:00,30.61,76.84,2.334,75.37,648.1,1011,0
2024-09-07,17:00,29.11,84.5,2.483,87.1,241.1,1011,0
2024-09-07,18:00,29.39,83,2.31,84.4,93.5,1011,0
2024-09-07,19:00,28.83,86.5,1.842,89.9,5.693,1011,0
2024-09-07,20:00,28.72,84.5,1.772,85,0,1012,0
2024-09-07,21:00,28.83,82,1.642,90.2,0,1012,0
2024-09-07,22:00,29,80.9,1.903,85.4,0,1013,0
2024-09-07,23:00,29.11,82.2,1.853,81.7,0,1013,0
2024-09-08,00:00,29.11,83.4,1.711,85.1,0,1012,0
2024-09-08,01:00,29,85.9,1.586,84.5,0,1012,0
2024-09-08,02:00,27.72,90.4,1.609,107.2,0,1011,0.2
2024-09-08,03:00,28.11,88.8,1.275,104,0,1011,0
2024-09-08,04:00,28.06,89.1,0.9669,128.9,0,1010,0
2024-09-08,05:00,27.78,90.2,0.9182,125.1,0,1010,0
2024-09-08,06:00,27,87.7,1.25,94,0.154,1010,3.1
2024-09-08,07:00,27.39,88.7,0.9419,90.2,72.37,1010,0.2
2024-09-08,08:00,28.22,88.4,0.7184,82.1,153.5,1010,0.8
2024-09-08,09:00,28.89,85.8,1.185,62.17,350.3,1011,2.3
2024-09-08,10:00,26.11,84.5,2.5,82,202,1011,12.7
2024-09-08,11:00,28.67,78.4,2.086,77.84,482.1,1010,0
2024-09-08,12:00,29.94,77.35,2.349,75.78,661.6,1009,0.3
2024-09-08,13:00,30.17,77.68,1.667,74.54,655.5,1009,0
2024-09-08,14:00,30.61,76.7,2.604,83,650.1,1008,0
2024-09-08,15:00,30,82.5,2.309,77.04,273.9,1007,0
2024-09-08,16:00,29.22,81.5,2.231,69.25,271.3,1007,0
2024-09-08,17:00,29.67,80.9,2.6,82,261.5,1007,0
2024-09-08,18:00,29.33,82.9,2.651,85.4,111.2,1007,0
2024-09-08,19:00,28.78,84.4,2.325,84.4,7.038,1008,0
2024-09-08,20:00,28.39,85,1.803,81.6,0,1008,0
2024-09-08,21:00,28.28,85.4,1.713,89.7,0,1008,0
2024-09-08,22:00,28.33,83.9,2.043,92.2,0,1009,0
2024-09-08,23:00,27.61,81.5,1.135,98.4,0,1009,0
2024-09-09,00:00,27.56,80.5,0.7421,135.2,0,1008,0
2024-09-09,01:00,26.94,88.6,2.347,99.4,0,1008,0.2
2024-09-09,02:00,25.89,88.7,2.124,68.76,0,1007,0
2024-09-09,03:00,26.24,83.6,1.612,98.4,0,1007,0
2024-09-09,04:00,26.67,87.4,1.69,79.02,0,1007,0.3
2024-09-09,05:00,25.65,88.7,1.87,77.44,0,1007,1.2
2024-09-09,06:00,25.76,89,1.627,76.05,0.039,1007,0
2024-09-09,07:00,25.6,89.1,1.183,75.49,18.56,1007,0
2024-09-09,08:00,26.22,87.8,1.365,89.9,66,1007,0
2024-09-09,09:00,26.89,85.6,1.617,85,95.8,1008,0
2024-09-09,10:00,26.89,86.2,2.347,84.5,132.4,1008,0
2024-09-09,11:00,27.5,84.4,2.313,75.62,279.6,1008,0
2024-09-09,12:00,28.39,81.3,2.322,76.75,331.2,1007,0
2024-09-09,13:00,29.17,79.63,2.47,67.22,699.7,1007,0
2024-09-09,14:00,29.22,77.42,2.945,73.15,647.3,1006,0
2024-09-09,15:00,29.22,81.9,2.945,77.41,564.9,1006,0
2024-09-09,16:00,28,87.7,1.84,84.8,193.6,1005,1
2024-09-09,17:00,27.83,85.4,2.019,95.1,159.8,1005,0
2024-09-09,18:00,26.05,92.4,2.874,86.1,16.82,1006,3.6
2024-09-09,19:00,25.86,93.1,1.483,79.04,0.913,1007,1.5
2024-09-09,20:00,25.93,94.5,2.681,79.55,0,1007,3.6
2024-09-09,21:00,25.56,93.9,2.568,96.1,0,1008,3.5
2024-09-09,22:00,25.86,93.3,1.521,66.61,0,1008,0.8
2024-09-09,23:00,26.19,93.1,1.6,78.37,0,1008,0.5
2024-09-10,00:00,26.46,91.3,2.072,83.8,0,1007,0
2024-09-10,01:00,26.43,86.3,2.742,99.5,0,1006,0
2024-09-10,02:00,26.01,88.8,1.324,62.35,0,1006,0.3
2024-09-10,03:00,26.37,86.1,2.085,87.6,0,1006,0
2024-09-10,04:00,27,87.7,2.49,84.6,0,1005,0
2024-09-10,05:00,26.83,87.9,3.952,100.2,0,1006,0
2024-09-10,06:00,26.4,88.8,3.782,107.4,0.025,1006,0
2024-09-10,07:00,26.55,83.1,3.52,92.8,18.76,1006,0
2024-09-10,08:00,27.22,86.1,3.287,84.6,113.2,1006,0
2024-09-10,09:00,28.28,81.9,3.528,83.6,269,1007,0
2024-09-10,10:00,29.78,74.62,3.603,85.5,639.2,1007,0
2024-09-10,11:00,30.44,76.71,4.35,87.5,778.1,1006,0
2024-09-10,12:00,30.78,73.78,4.698,89.8,898,1006,0
2024-09-10,13:00,30.39,86.9,4.984,93.9,631.2,1005,0.2
2024-09-10,14:00,29.39,78.72,4.815,103.4,607.1,1004,0
2024-09-10,15:00,29.56,80.5,4.555,95.2,388.5,1003,0
2024-09-10,16:00,29.78,78.07,4.305,97.2,371.3,1003,0
2024-09-10,17:00,29.94,76.51,5.132,95.6,275.6,1004,0
2024-09-10,18:00,29.78,76.9,4.645,94,141.5,1004,0
2024-09-10,19:00,29.44,76.97,4.672,93.6,8.42,1004,0
2024-09-10,20:00,27.44,90.4,4.555,110.2,0,1005,2
2024-09-10,21:00,26.2,90.5,4.681,103.1,0,1006,3.1
2024-09-10,22:00,27.33,89.7,4.73,118.5,0,1006,2.3
2024-09-10,23:00,26.78,89.6,4.493,124.1,0,1006,2.3
2024-09-11,00:00,26.94,85.3,3.947,118.1,0,1006,0.5
2024-09-11,01:00,26.48,88.4,4.095,133.1,0,1005,0.2
2024-09-11,02:00,26.39,83.9,4.233,124.4,0,1004,0
2024-09-11,03:00,27.17,80.3,4.117,116,0,1004,0
2024-09-11,04:00,26.3,89.9,4.077,144.4,0,1005,4.1
2024-09-11,05:00,26.45,86.9,3.585,127.4,0,1004,0.5
2024-09-11,06:00,27.22,81.8,3.809,121.5,0.016,1005,0
2024-09-11,07:00,27.78,82.4,4.269,123,15.01,1005,0
2024-09-11,08:00,27.78,88.2,4.216,125.7,47.01,1006,0
2024-09-11,09:00,27.11,87.1,4.372,123.9,72.22,1007,0.5
2024-09-11,10:00,27.39,87.8,4.216,122,95.4,1007,0.5
2024-09-11,11:00,27.44,88.6,5.092,118.8,124.1,1007,1.3
2024-09-11,12:00,27.61,83.1,5.668,116.1,241.2,1006,0.2
2024-09-11,13:00,28.17,83.7,5.664,112.8,283.3,1005,0
2024-09-11,14:00,28.06,83.7,5.016,115.1,262.6,1004,0
2024-09-11,15:00,27.28,91,5.758,115,221.4,1004,1.6
2024-09-11,16:00,27.44,84.3,4.752,124,211.4,1003,0
2024-09-11,17:00,28.33,80.2,4.533,125.2,124.2,1004,0
2024-09-11,18:00,28.5,83.9,3.369,126.6,21.5,1004,0
2024-09-11,19:00,27.89,88,4.005,130.1,0.415,1005,1.7
2024-09-11,20:00,27.06,88.4,4.426,131.3,0,1005,4.6
2024-09-11,21:00,27.78,88,4.22,139.1,0,1006,1.5
2024-09-11,22:00,27.89,83.8,4.506,137.7,0.001,1006,1.3
2024-09-11,23:00,27.61,86.5,4.198,135.2,0,1006,2.3
2024-09-12,00:00,27.83,93.8,4.551,150.4,0,1006,16
2024-09-12,01:00,25.86,93.4,4.412,178.9,0,1006,13
2024-09-12,02:00,25.94,91.2,3.21,160.7,0,1005,3.3
2024-09-12,03:00,26.14,90.2,2.952,152.9,0,1005,1.7
2024-09-12,04:00,27,88.2,2.574,154.1,0,1005,0
2024-09-12,05:00,27.22,86.5,1.538,145.7,0,1005,0
2024-09-12,06:00,27.56,85.9,2.578,148.1,0.027,1005,0
2024-09-12,07:00,27.78,84.6,3.03,142.8,27.52,1005,0.3
2024-09-12,08:00,28.56,84.2,3.179,132.2,122.4,1006,0
2024-09-12,09:00,29.22,78.98,3.409,139.5,410.2,1006,0
2024-09-12,10:00,29.72,86.7,3.467,151.7,477.9,1006,0.2
2024-09-12,11:00,29.83,77.16,3.67,157.2,570.9,1006,0
2024-09-12,12:00,30.28,76.45,3.894,154.8,472.3,1006,0
2024-09-12,13:00,29.39,81.8,3.934,152.1,294.7,1005,0
2024-09-12,14:00,28.89,90.7,4.099,159.7,228.3,1005,2.1
2024-09-12,15:00,27.06,86.3,3.322,157.8,73.26,1004,0.5
2024-09-12,16:00,27.5,87.3,4.359,149.5,65.7,1004,0.5
2024-09-12,17:00,28.11,84.1,4.028,158.9,61.92,1004,0.2
2024-09-12,18:00,28.44,85,3.012,161.1,32.59,1005,0
2024-09-12,19:00,28.72,83,3.071,154,1.849,1005,0
2024-09-12,20:00,28.78,82.3,3.082,151.8,0,1006,0
2024-09-12,21:00,28.33,86,3.207,166.2,0,1007,0
2024-09-12,22:00,27.78,88.2,3.378,161.5,0,1008,0.3
2024-09-12,23:00,26.89,85.2,3.527,188.2,0,1008,0
2024-09-13,00:00,27,87.3,3.2,183.8,0,1008,0
2024-09-13,01:00,26.89,86,3.323,181.8,0,1007,0
2024-09-13,02:00,26.94,85.3,2.768,186.4,0,1006,0
2024-09-13,03:00,27.39,82.7,2.739,190.2,0,1005,0
2024-09-13,04:00,27.72,85,3.017,188.1,0,1005,0
2024-09-13,05:00,28.11,80.6,3,191.3,0,1004,0
2024-09-13,06:00,28.33,80.3,2.785,185.4,0.056,1004,0
2024-09-13,07:00,28.5,81.4,3.15,183.8,48.99,1004,0
2024-09-13,08:00,29.17,81.7,3.549,184.1,191.7,1005,0
2024-09-13,09:00,29.72,79.44,3.755,186,380.6,1006,0
2024-09-13,10:00,30.33,77.16,3.898,183.1,562.5,1006,0
2024-09-13,11:00,30.83,74.03,3.004,179.7,616.9,1006,0
2024-09-13,12:00,31.28,71.1,2.735,183.7,786.8,1006,0
2024-09-13,13:00,31.44,70.87,2.526,196.9,742.2,1006,0
2024-09-13,14:00,31.5,71.56,2.32,192.8,652.6,1005,0
2024-09-13,15:00,31.61,72.15,2.514,195.7,647.7,1004,0
2024-09-13,16:00,30.11,80.8,1.943,186.9,271.4,1005,0.2
2024-09-13,17:00,30,79.44,1.794,184.9,258.6,1005,0
2024-09-13,18:00,29.78,82.4,1.51,182.8,64.84,1005,0
2024-09-13,19:00,27.89,90.6,2.296,200.2,1.369,1006,0.8
2024-09-13,20:00,27.11,89.1,1.883,279.3,0,1007,0.3
2024-09-13,21:00,27.33,90.4,1.971,283.1,0,1007,1.7
2024-09-13,22:00,26.5,92.2,1.073,177.6,0,1007,3.3
2024-09-13,23:00,26.29,90.7,2.056,180.6,0,1007,1.6
2024-09-14,00:00,26.26,90.9,1.943,176.1,0,1006,0.7
2024-09-14,01:00,26.51,92,1.448,169.1,0,1006,0.3
2024-09-14,02:00,26.49,92.3,0.7251,138,0,1005,0.2
2024-09-14,03:00,26.83,89.2,1.39,168.2,0,1005,0
2024-09-14,04:00,27,88.8,1.007,156.8,0,1004,0
2024-09-14,05:00,26.94,88.8,1.053,143.5,0,1005,0
2024-09-14,06:00,26.83,87.3,1.997,174.2,0.064,1005,0
2024-09-14,07:00,26.94,85.5,2.391,182.8,39.82,1005,0
2024-09-14,08:00,27.89,82.2,2.212,180.9,126.2,1005,0
2024-09-14,09:00,28.72,82.8,2.01,187.4,249.9,1006,0
2024-09-14,10:00,29.5,77.1,1.688,189.4,433.5,1006,0
2024-09-14,11:00,30.72,77.16,1.423,247.7,804,1006,0
2024-09-14,12:00,30.22,82.3,1.061,296,307.3,1005,0
2024-09-14,13:00,28.06,88.8,1.519,125.4,235.3,1005,1.3
2024-09-14,14:00,27.61,88,1.783,185.3,382.6,1004,0.3
2024-09-14,15:00,27.94,87.1,1.625,215.4,312.9,1004,0
2024-09-14,16:00,27.28,86.5,1.135,239.5,157.8,1004,0
2024-09-14,17:00,27.61,84.3,0.5539,121.5,122,1003,0
2024-09-14,18:00,27.56,89.1,0.857,48.88,32.58,1004,0
2024-09-14,19:00,27.56,85.1,1.032,73.27,1.948,1004,0
2024-09-14,20:00,27.72,88.9,1.45,85.5,0.001,1004,0
2024-09-14,21:00,26.66,92.3,1.011,77.38,0.001,1005,2.2
2024-09-14,22:00,26.37,93.3,0.4868,118.5,0.001,1005,0
2024-09-14,23:00,26.63,92.7,0.515,198.8,0.001,1005,0
2024-09-15,00:00,26.78,92.9,0.4886,242.1,0,1005,0.3
2024-09-15,01:00,26.78,95.9,1.262,161.9,0,1004,30.2
2024-09-15,02:00,25.41,95.9,0.9213,5.283,0,1004,34.8
2024-09-15,03:00,25.17,95.9,0.6035,324.7,0,1004,4.6
2024-09-15,04:00,25.44,95.7,0.9124,155,0,1003,6
2024-09-15,05:00,25.71,95.5,0.7421,226.7,0,1003,0
2024-09-15,06:00,25.82,93.5,0.8655,110.9,0.049,1003,0
2024-09-15,07:00,26.5,88,1.431,120.3,34.31,1003,0
2024-09-15,08:00,27.67,82,2.635,113,156.2,1004,0
2024-09-15,09:00,27.78,88.3,3.317,109.9,272.2,1004,2
2024-09-15,10:00,28.17,80.2,2.513,96.8,553,1004,0
2024-09-15,11:00,29.78,77.61,3.215,100,629,1004,0
2024-09-15,12:00,29.17,79.18,3.029,111.3,514.2,1004,0
2024-09-15,13:00,30.17,74.49,3.581,102.1,668.5,1003,0
2024-09-15,14:00,30.22,79.3,3.862,103.8,600.8,1002,0
2024-09-15,15:00,28.56,77.16,3.364,101,405.7,1002,1
2024-09-15,16:00,29.83,79.51,3.311,102.9,404.1,1001,0
2024-09-15,17:00,29.44,82,3.291,109.6,218.4,1001,0
2024-09-15,18:00,28.78,81.3,2.587,117.2,56.38,1002,0
2024-09-15,19:00,27.83,88.9,1.771,122.4,3.497,1002,1
2024-09-15,20:00,27.78,88.2,1.528,123.8,0.001,1003,0
2024-09-15,21:00,27.83,86,1.355,129.9,0.001,1003,0
2024-09-15,22:00,28,85.3,1.13,136.9,0.001,1003,0
2024-09-15,23:00,27.83,87.4,1.324,118.2,0.001,1003,0
2024-09-16,00:00,28.11,86.4,1.488,146.2,0.001,1003,0
2024-09-16,01:00,28.06,85.9,1.866,161.7,0.001,1002,0
2024-09-16,02:00,27.94,85.2,2.09,155.8,0,1002,0
2024-09-16,03:00,27.67,84.5,2.186,142.6,0,1002,0
2024-09-16,04:00,27.5,87.2,3.354,150.8,0,1001,1
2024-09-16,05:00,27.5,85.2,3.468,150.6,0,1001,0
2024-09-16,06:00,26.39,85.2,4.631,154.8,0.038,1002,1
2024-09-16,07:00,27.5,86.1,4.779,140.1,10,1002,0
2024-09-16,08:00,26.89,84.5,5.53,139.5,35.53,1003,0
2024-09-16,09:00,27.5,84.8,6.133,142.3,187.5,1004,0
2024-09-16,10:00,26.48,90.7,6.205,151.6,80.7,1004,10
2024-09-16,11:00,26.4,90.5,6.004,150.9,61.8,1004,3
2024-09-16,12:00,26.72,87.1,5.807,151,51.37,1004,3
2024-09-16,13:00,26.78,86.7,5.427,147,74.88,1004,2
2024-09-16,14:00,27.11,81.4,5.011,144.3,88.7,1003,2
2024-09-16,15:00,27.83,81.3,4.52,150.1,132.2,1003,0
2024-09-16,16:00,27.78,83.4,4.377,155.2,38.65,1004,0
2024-09-16,17:00,27.5,85,4.479,155.8,19.94,1005,1
2024-09-16,18:00,25.98,88.6,5.36,148.6,5.4,1006,9
2024-09-16,19:00,26.48,87.7,5.002,151.6,0.193,1006,5
2024-09-16,20:00,26.78,82.8,4.283,152.6,0,1006,0
2024-09-16,21:00,27.61,84.5,4.39,144.8,0,1007,0
2024-09-16,22:00,28,82.2,4.6,139.7,0,1008,0
2024-09-16,23:00,28.06,80.3,4.023,143,0,1008,0
2024-09-17,00:00,28.28,80.1,3.652,147.3,0,1008,0
2024-09-17,01:00,28.67,77.18,3.786,144.7,0,1007,0
2024-09-17,02:00,28.78,78.13,3.8,143.8,0,1007,0
2024-09-17,03:00,28.72,79.96,3.126,148.5,0,1008,0
2024-09-17,04:00,28.72,78.98,2.912,144.7,0,1007,0
2024-09-17,05:00,28.78,79.11,2.707,144,0,1007,0
2024-09-17,06:00,28.94,80.7,2.932,144.2,0.027,1008,0
2024-09-17,07:00,28.78,82.2,2.515,140,16.04,1008,0
2024-09-17,08:00,27.94,86.7,2.485,136.5,64.76,1009,3
2024-09-17,09:00,27.61,86.1,2.315,163.4,160.7,1010,0
2024-09-17,10:00,28.39,81.9,2.219,157.8,248.3,1010,0
2024-09-17,11:00,29.22,76.7,2.401,151.7,406.7,1010,0
2024-09-17,12:00,30.28,75.53,2.849,155.7,615.4,1010,0
2024-09-17,13:00,30.56,77.16,2.864,149.3,553.6,1009,0
2024-09-17,14:00,30.44,70.45,2.398,149.7,556.5,1009,0
2024-09-17,15:00,30.89,74.62,2.032,142.3,517,1009,0
2024-09-17,16:00,30.56,74.75,1.933,145.7,353.4,1009,0
2024-09-17,17:00,30.22,76.93,1.553,125.4,194.3,1008,0
2024-09-17,18:00,29.39,81.6,1.109,115.3,39.46,1009,0
2024-09-17,19:00,28.83,85,0.7564,115.3,1.105,1009,0
2024-09-17,20:00,28.61,85.3,0.7577,133.9,0,1009,0
2024-09-17,21:00,28.39,86.4,0.4689,323.7,0.001,1010,0
2024-09-17,22:00,28.39,85.4,0.8087,132.8,0.001,1010,0
2024-09-17,23:00,28.33,87.5,1.498,107.8,0.002,1010,0
2024-09-18,00:00,28.17,85.3,1.266,107.2,0.002,1010,0
2024-09-18,01:00,28.11,85.9,0.9187,104.7,0.002,1010,0
2024-09-18,02:00,27.72,89.5,0.304,48.46,0.002,1010,0
2024-09-18,03:00,27.33,90.2,0.3433,127.3,0.001,1009,0
2024-09-18,04:00,27,91.8,0.3259,107.1,0.001,1009,0
2024-09-18,05:00,26.83,93.5,0.4806,120.1,0.001,1009,0
2024-09-18,06:00,26.13,93.9,0.9973,98.7,0.532,1010,12
2024-09-18,07:00,26.21,92.5,0.6343,170.4,87.8,1011,0
2024-09-18,08:00,27.89,87.9,0.7434,233.7,274.7,1011,0
2024-09-18,09:00,28.33,83.3,0.9343,85.3,261.2,1012,0
2024-09-18,10:00,29.28,83,1.08,262,507.6,1012,0
2024-09-18,11:00,28.72,85.6,1.15,275.2,449,1012,0
2024-09-18,12:00,29.17,79.57,1.265,290.3,760.3,1012,0
2024-09-18,13:00,29.72,80.7,1.278,340.9,649.9,1010,0
2024-09-18,14:00,30.28,77.68,1.155,34.19,667.1,1009,0
2024-09-18,15:00,30.56,76.05,1.057,26.3,477,1009,0
2024-09-18,16:00,29.17,86.2,1.802,94.9,346.9,1009,0
2024-09-18,17:00,28.28,84.7,0.9428,85.3,141.3,1009,0
2024-09-18,18:00,28.56,85,0.616,42.91,44.66,1009,0
2024-09-18,19:00,27.83,89.2,0.7738,71.7,1.788,1010,0
2024-09-18,20:00,27.28,87.9,0.6567,47.95,0.001,1010,0
2024-09-18,21:00,27.33,87.8,0.9272,85.4,0.001,1011,0
2024-09-18,22:00,27.28,90.4,1.075,109.1,0.002,1012,0
2024-09-18,23:00,27,91.2,0.9808,118.4,0.002,1012,0
2024-09-19,00:00,27.22,90.2,0.5414,108.1,0.002,1011,0
2024-09-19,01:00,27,88.9,0.7443,81.6,0.002,1011,0
2024-09-19,02:00,27,88.7,1.709,76.44,0,1011,0
2024-09-19,03:00,26.23,87.2,1.894,83.9,0,1010,0
2024-09-19,04:00,26.52,84.4,1.294,64.22,0,1010,1
2024-09-19,05:00,26.65,87.9,0.8109,92.6,0,1010,0
2024-09-19,06:00,26.72,87.6,1.114,93.8,0.071,1010,0
2024-09-19,07:00,27.56,81.6,1.434,103.3,35.9,1010,0
2024-09-19,08:00,28.78,80.4,0.8842,354.4,189.5,1011,0
2024-09-19,09:00,29.56,83.4,2.362,101.5,356.6,1012,0
2024-09-19,10:00,28.56,87.6,2.138,101,80.1,1012,1
2024-09-19,11:00,27.94,88.7,0.7162,315.1,104.2,1012,0
2024-09-19,12:00,28.61,88.7,0.9781,72.93,178,1012,0
2024-09-19,13:00,28.78,86.1,0.8521,79.76,300,1011,1
2024-09-19,14:00,29.61,81.2,0.8391,339.5,330.1,1010,0
2024-09-19,15:00,30.33,75.92,1.313,138.7,386.6,1010,0
2024-09-19,16:00,29.83,84,1.724,131.7,329,1010,0
2024-09-19,17:00,29.44,83.3,1.209,69.11,264.2,1010,0
2024-09-19,18:00,29.22,84.9,1.063,83.5,85.9,1010,0
2024-09-19,19:00,28.33,88.9,0.5096,65.71,2.541,1011,0
2024-09-19,20:00,27.72,89.8,0.983,90.8,0,1011,0
2024-09-19,21:00,27.67,90.3,1.055,106,0,1012,0
2024-09-19,22:00,27.78,90.8,1.216,104.6,0.001,1012,0
2024-09-19,23:00,28,89.4,1.327,91.4,0.001,1012,0
2024-09-20,00:00,28.28,86.7,1.603,110.7,0.001,1012,0
2024-09-20,01:00,28.39,86.1,1.407,114.1,0.002,1011,0
2024-09-20,02:00,28.56,86.1,1.373,94,0.002,1011,0
2024-09-20,03:00,28.39,86.7,1.565,100.6,0.002,1010,0
2024-09-20,04:00,28.06,90.3,1.023,111,0.001,1010,2
2024-09-20,05:00,27.61,91.7,0.9687,99.7,0.001,1010,3
2024-09-20,06:00,27.44,89.9,1.234,122.9,0.278,1011,0
2024-09-20,07:00,27.78,88.7,0.9343,119.7,38.36,1011,0
2024-09-20,08:00,28.67,82,1.438,120.5,180.3,1012,0
2024-09-20,09:00,30.22,78.64,1.691,129.4,441.3,1012,0
2024-09-20,10:00,30.11,80.3,1.944,128.7,434.5,1012,0
2024-09-20,11:00,30.78,73.84,1.756,143.8,718.1,1012,0
2024-09-20,12:00,31.33,68.56,2.767,112.3,960,1012,0
2024-09-20,13:00,31.28,71.56,2.297,128.6,772.1,1011,0
2024-09-20,14:00,31.61,67.97,2.442,111.4,908,1011,0
2024-09-20,15:00,31.78,69.93,2.122,110.7,750.3,1010,0
2024-09-20,16:00,31.56,71.62,2.218,114.2,568.5,1010,0
2024-09-20,17:00,31.22,73.06,2.018,123.5,337.6,1010,0
2024-09-20,18:00,30.61,76.22,1.617,104.6,121,1011,0
2024-09-20,19:00,29.44,83.2,0.958,96.1,3.726,1011,0
2024-09-20,20:00,28.72,86,0.7171,87.4,0,1012,0
2024-09-20,21:00,28.39,86.7,0.6679,95.2,0,1013,0
2024-09-20,22:00,28.33,87.6,0.5002,89.3,0,1013,0
2024-09-20,23:00,28.22,87.7,0.7868,98.3,0.001,1013,0
2024-09-21,00:00,28.22,87.2,0.988,104.5,0.001,1013,0
2024-09-21,01:00,28.17,87.4,1.021,104.8,0.001,1012,0
2024-09-21,02:00,28.06,88.6,0.7926,109.7,0.001,1012,0
2024-09-21,03:00,28.17,87.4,1.196,105.4,0.001,1011,0
2024-09-21,04:00,28.17,86.7,1.545,85.8,0.001,1011,0
2024-09-21,05:00,26.78,90.1,2.028,94.9,0.001,1011,1
2024-09-21,06:00,26.29,90.2,0.5968,115.1,0.101,1011,0
2024-09-21,07:00,27.67,83.5,1.78,87.2,58.62,1011,0
2024-09-21,08:00,28.94,79.96,2.121,84.1,236.5,1012,0
2024-09-21,09:00,29.94,77.55,3.038,76.74,428.3,1012,0
2024-09-21,10:00,30.17,77.62,2.789,78.32,356.9,1012,0
2024-09-21,11:00,30.61,75.21,3.041,77.54,654.4,1012,0
2024-09-21,12:00,31.06,75.66,3.434,81.1,779.6,1012,0
2024-09-21,13:00,31.06,74.75,3.558,77.13,745.4,1011,0
2024-09-21,14:00,30.94,77.75,3.334,85.6,577.9,1010,0
2024-09-21,15:00,30.89,75.79,2.824,75.87,611.7,1010,0
2024-09-21,16:00,30.72,75.14,3.21,83.4,460.5,1010,0
2024-09-21,17:00,30.56,79.57,2.6,79.96,273.7,1010,0
2024-09-21,18:00,30.11,80.2,2.378,82.8,105.2,1010,0
2024-09-21,19:00,29.5,81.8,2.503,84.3,2.149,1011,0
2024-09-21,20:00,29.33,83.2,2.194,81.8,0,1011,0
2024-09-21,21:00,29.39,83.5,2.107,84.1,0,1012,0
2024-09-21,22:00,28.28,87.9,2.052,83.7,0,1013,1
2024-09-21,23:00,28.61,87.5,1.452,95.6,0,1013,0
2024-09-22,00:00,28.17,91,1.172,109.6,0,1012,1
2024-09-22,01:00,27.28,92.3,1.052,109,0.001,1012,3
2024-09-22,02:00,27.22,92,0.8042,73.17,0.001,1011,0
2024-09-22,03:00,27.56,90.8,1.222,106.8,0.001,1011,0
2024-09-22,04:00,27.83,90.4,1.37,97.9,0.001,1010,0
2024-09-22,05:00,28.06,86.7,1.981,87.7,0.001,1010,0
2024-09-22,06:00,28.06,86.9,1.672,90.2,0.175,1011,0
2024-09-22,07:00,28.17,85.4,1.836,90.9,43.78,1011,0
2024-09-22,08:00,29.11,79.5,2.152,82.8,204.8,1012,0
2024-09-22,09:00,30,77.09,2.749,78.01,401,1012,0
2024-09-22,10:00,30.22,79.4,2.676,75.69,436.4,1012,0
2024-09-22,11:00,30.44,77.23,2.396,72.52,571.8,1012,0
2024-09-22,12:00,30.5,77.68,2.351,67.46,638.1,1011,0
2024-09-22,13:00,30.83,75.21,2.538,69.1,919,1011,0
2024-09-22,14:00,30.83,75.73,2.566,68.41,881,1010,0
2024-09-22,15:00,30.89,75.4,2.551,66.58,792.5,1009,0
2024-09-22,16:00,30.72,77.49,2.592,66.25,604,1009,0
2024-09-22,17:00,30.5,78.53,2.59,70.58,349.4,1009,0
2024-09-22,18:00,30,80.4,2.583,76.61,119.2,1010,0
2024-09-22,19:00,29.33,83.7,2.253,84.3,3.235,1010,0
2024-09-22,20:00,28.94,84.3,2.338,79.54,0,1011,0
2024-09-22,21:00,29,83.8,1.893,85.5,0,1011,0
2024-09-22,22:00,29.06,84.9,1.687,81.9,0,1012,0
2024-09-22,23:00,28.67,87.1,1.144,96.3,0,1012,0
2024-09-23,00:00,28.28,88,0.9862,96.1,0,1011,0
2024-09-23,01:00,28.11,88.2,0.9576,106.7,0,1011,0
2024-09-23,02:00,28.17,87.8,1.154,98.3,0,1010,0
2024-09-23,03:00,27.06,91.2,1.561,109.1,0.001,1010,2
2024-09-23,04:00,27.22,92.5,0.9209,114.8,0.001,1010,1
2024-09-23,05:00,27.28,92,0.9593,120.2,0.001,1010,0
2024-09-23,06:00,27.28,91.8,1.583,100.5,0.076,1010,1
2024-09-23,07:00,27.39,90.7,0.874,87.5,32.35,1011,0
2024-09-23,08:00,28.11,87.1,1.69,114.5,143.5,1011,0
2024-09-23,09:00,28.44,85.4,1.494,130.1,244.7,1012,0
2024-09-23,10:00,29.5,82.4,0.9231,324.2,369.9,1012,0
2024-09-23,11:00,30.11,77.75,1.695,157.8,623,1012,0
2024-09-23,12:00,30.72,73.32,1.937,106,667.2,1011,0
2024-09-23,13:00,30.44,75.86,2.117,114.5,458.2,1010,0
2024-09-23,14:00,30.72,75.53,1.692,72.76,642.2,1009,0
2024-09-23,15:00,31.17,73.57,1.104,346.3,667,1009,0
2024-09-23,16:00,30.89,78.59,1.48,53.15,570.2,1008,0
2024-09-23,17:00,30.22,80.9,1.462,43.07,299.3,1008,0
2024-09-23,18:00,29.56,82.2,1.831,74.26,69.9,1008,0
2024-09-23,19:00,29.17,84.6,2.06,83.2,1.484,1008,0
2024-09-23,20:00,28.78,84.1,1.849,81.6,0,1009,0
2024-09-23,21:00,28.67,83.6,1.732,83.6,0,1010,0
2024-09-23,22:00,28.78,84.9,1.621,88.6,0,1010,0
2024-09-23,23:00,28.67,88,1.41,86.5,0,1010,0
2024-09-24,00:00,28.17,86.5,1.317,99.7,0,1010,0
2024-09-24,01:00,28,88.8,0.7725,94.8,0,1009,1
2024-09-24,02:00,27.56,88.4,1.6,102.2,0,1008,0
2024-09-24,03:00,27.22,91.2,0.7899,355,0,1008,0
2024-09-24,04:00,26.94,92.6,1.034,201.4,0,1008,2
2024-09-24,05:00,26.83,93.7,0.5262,167.6,0,1008,0
2024-09-24,06:00,26.83,93.4,0.6223,132.5,0.019,1008,0
2024-09-24,07:00,26.67,93.4,0.8489,117.9,4.396,1009,9
2024-09-24,08:00,25.57,93.4,0.8601,158.3,64.67,1009,4
2024-09-24,09:00,27,90.9,0.7814,185.3,181.2,1009,0
2024-09-24,10:00,28.33,82,0.713,236.9,384.5,1010,0
2024-09-24,11:00,29.67,74.55,0.8878,288.8,681.1,1009,0
2024-09-24,12:00,28.94,87.3,0.8413,292.3,346.5,1009,3
2024-09-24,13:00,29.44,78.07,0.9737,260.4,740.3,1008,0
2024-09-24,14:00,29.94,78.84,0.9889,318.5,411.7,1007,0
2024-09-24,15:00,29.67,82.3,0.8874,272,297.7,1007,0
2024-09-24,16:00,28.67,88.3,0.9745,202.7,176.1,1007,1
2024-09-24,17:00,28.17,90.1,0.9969,292.3,103.3,1007,1
2024-09-24,18:00,27.67,88.8,0.4247,227.6,56.67,1007,0
2024-09-24,19:00,27.72,90.1,0.5119,156.3,1.623,1008,0
2024-09-24,20:00,27.67,91,0.7761,149.6,0.001,1009,7
2024-09-24,21:00,27.39,93,0.6639,178.8,0,1009,0
2024-09-24,22:00,27.22,93.9,0.6625,106.8,0,1009,0
2024-09-24,23:00,27.11,94.7,0.4824,134.4,0,1009,0
2024-09-25,00:00,26.83,95.1,0.4529,113.2,0,1008,0
2024-09-25,01:00,26.65,95.3,0.5405,100.5,0,1008,0
2024-09-25,02:00,26.58,95.3,1.516,84.2,0,1008,18
2024-09-25,03:00,26.17,95.6,1.689,80.6,0,1008,13
2024-09-25,04:00,26.41,95.6,1.146,82.6,0,1008,1
2024-09-25,05:00,26.36,94.9,1.135,88.3,0.001,1008,2
2024-09-25,06:00,26.53,92.9,1.679,98.8,0.018,1008,0
2024-09-25,07:00,26.72,92.9,0.7014,119.6,7.331,1009,0
2024-09-25,08:00,27.06,92.5,0.7296,99.7,60.18,1009,0
2024-09-25,09:00,27.72,89.5,0.5378,292.5,198.4,1009,0
2024-09-25,10:00,28.72,83.6,0.7613,26.7,363.5,1009,0
2024-09-25,11:00,29.44,81.3,1.744,84.2,506.3,1009,0
2024-09-25,12:00,29.72,79.51,2.157,83,661.6,1008,0
2024-09-25,13:00,30,77.01,2.582,85.2,757.9,1008,0
2024-09-25,14:00,29.67,78.33,2.756,103.1,422.1,1008,0
2024-09-25,15:00,29.83,78.14,2.592,96.2,540.6,1007,0
2024-09-25,16:00,29.94,77.97,2.954,84.4,561.7,1007,0
2024-09-25,17:00,29.17,81.9,2.414,84.2,147.3,1007,0
2024-09-25,18:00,28.61,82.9,2.024,90.7,49.81,1008,0
2024-09-25,19:00,28.33,86,1.605,109.6,1.898,1008,0
2024-09-25,20:00,28.33,85.1,0.7229,342.2,0,1009,0
2024-09-25,21:00,28.28,82.8,1.189,131.1,0,1009,0
2024-09-25,22:00,28.33,86.1,1.032,79.33,0,1009,0
2024-09-25,23:00,27.83,90.1,0.599,54.42,0,1009,0
2024-09-26,00:00,27.67,91.3,1.284,73.46,0,1009,0
2024-09-26,01:00,26.89,91.5,1.365,83.6,0,1009,0
2024-09-26,02:00,26.89,91.1,0.9562,144.7,0,1008,0
2024-09-26,03:00,27.11,91.6,0.6406,154.5,0,1008,0
2024-09-26,04:00,26.89,92.8,0.3728,127.9,0,1008,0
2024-09-26,05:00,27.11,90.4,0.8324,96.3,0,1008,0
2024-09-26,06:00,27.56,88.5,0.7309,338.5,0.032,1008,0
2024-09-26,07:00,28.06,85.4,1.21,322,19.28,1008,0
2024-09-26,08:00,28.67,80.3,1.306,319.9,105.2,1009,0
2024-09-26,09:00,29.28,80.4,1.015,318.5,172.5,1009,0
2024-09-26,10:00,29.61,80.1,0.9017,314.4,282.1,1009,0
2024-09-26,11:00,30.06,77.88,1.214,291.1,467.4,1009,0
2024-09-26,12:00,30.17,78.08,2.059,285.8,617.3,1009,0
2024-09-26,13:00,30.22,76.44,2.38,284.8,777,1009,0
2024-09-26,14:00,30.39,77.16,2.821,286.1,741.4,1008,0
2024-09-26,15:00,30.44,74.83,3.091,287.5,782.1,1007,0
2024-09-26,16:00,30.28,80.6,3.172,287.8,467.2,1007,0
2024-09-26,17:00,29.89,79.37,3.094,287.8,245,1007,0
2024-09-26,18:00,29.78,81.5,3.006,286.6,111.3,1007,0
2024-09-26,19:00,29.44,84.1,2.906,287.1,2.555,1008,0
2024-09-26,20:00,29.5,84.5,3.387,287.3,0,1008,0
2024-09-26,21:00,29.22,85.1,2.02,293.7,0,1009,0
2024-09-26,22:00,29.28,85.4,2.219,294.4,0,1009,0
2024-09-26,23:00,27.78,84.4,2.5,294.3,0.001,1010,1
2024-09-27,00:00,28.72,85,2.581,289.5,0,1009,0
2024-09-27,01:00,28.89,83.7,2.602,288.2,0,1009,0
2024-09-27,02:00,28.89,83.7,2.575,287.5,0,1008,0
2024-09-27,03:00,28.89,83.4,1.744,283.2,0,1008,0
2024-09-27,04:00,28.94,86.6,1.724,286.2,0,1008,0
2024-09-27,05:00,28.11,85.1,1.667,281.3,0,1008,0
2024-09-27,06:00,28.78,83.9,1.481,266.5,0.036,1008,0
2024-09-27,07:00,28.89,82.4,1.356,260.7,17.78,1008,0
2024-09-27,08:00,29.11,81.8,1.839,165.8,39.41,1009,0
2024-09-27,09:00,28.5,85.6,2.395,182.8,29.02,1010,0
2024-09-27,10:00,28.61,84,2.103,185.1,32.2,1010,0
2024-09-27,11:00,28.78,84.1,2.647,174.2,30.13,1010,0
2024-09-27,12:00,28.33,86.3,2.756,186.2,43.96,1010,0
2024-09-27,13:00,28.06,85.6,2.874,185.1,147.1,1009,0
2024-09-27,14:00,28.83,82.8,2.861,185.3,183.3,1009,0
2024-09-27,15:00,29,82.2,2.464,188.4,152.5,1008,0
2024-09-27,16:00,29.06,82.8,2.577,183.6,89.9,1008,0
2024-09-27,17:00,29,82.2,2.088,186.2,56.95,1009,0
2024-09-27,18:00,28.44,85.7,2.19,185.3,20.26,1009,0
2024-09-27,19:00,28.28,85,2.292,181.5,1.685,1009,0
2024-09-27,20:00,28.5,84.9,2.18,187.8,0,1010,0
2024-09-27,21:00,28.56,82.5,2.213,185.1,0,1011,0
2024-09-27,22:00,28.72,82.6,2.071,188.9,0,1011,0
2024-09-27,23:00,28.78,81.4,2.055,185.8,0,1012,0
2024-09-28,00:00,28.72,80.9,2.106,183.2,0,1011,0
2024-09-28,01:00,28.72,82.3,2.279,189.4,0,1011,0
2024-09-28,02:00,28.61,81.9,2.061,189.3,0,1010,0
2024-09-28,03:00,28.56,83.7,1.735,178.6,0,1010,0
2024-09-28,04:00,28.56,84.7,1.775,191.5,0,1009,0
2024-09-28,05:00,28.44,85.4,1.46,162.8,0,1010,0
2024-09-28,06:00,28.33,84.7,1.254,173.8,0.036,1010,0
2024-09-28,07:00,28.56,83.5,1.849,181.1,21.27,1010,0
2024-09-28,08:00,29,82.4,1.962,186.5,115.5,1011,0
2024-09-28,09:00,29.72,77.68,1.948,189.2,302.3,1012,0
2024-09-28,10:00,30.06,78.72,1.86,190.4,308,1012,0
2024-09-28,11:00,30.06,78.59,2.116,169.8,276.5,1012,0
2024-09-28,12:00,30.11,78.33,2.028,173.9,267.3,1012,0
2024-09-28,13:00,30.44,78.04,1.673,158.7,441.5,1012,0
2024-09-28,14:00,30.78,72.6,1.685,154.1,506.8,1011,0
2024-09-28,15:00,30.56,71.95,1.139,42.77,319.6,1010,0
2024-09-28,16:00,30.44,76.77,1.087,300.8,273.2,1010,0
2024-09-28,17:00,29.56,82.8,1.16,58.63,74.94,1010,0
2024-09-28,18:00,28.5,85.7,1.466,74.14,34.89,1011,0
2024-09-28,19:00,28.06,86.2,1.456,72.87,0.975,1011,0
2024-09-28,20:00,27.67,85.3,1.242,86.4,0,1012,0
2024-09-28,21:00,27.72,85.6,1.162,79.33,0,1013,0
2024-09-28,22:00,27.94,86.3,1.387,90.9,0,1013,0
2024-09-28,23:00,28.17,86,1.694,101.6,0,1013,0
2024-09-29,00:00,27.61,88.7,3.612,107.2,0,1014,1
2024-09-29,01:00,24.66,89.7,5.865,111.7,0,1013,1
2024-09-29,02:00,25.42,84.4,3.118,109.8,0,1012,0
2024-09-29,03:00,25.98,80.2,2.048,112.1,0,1011,0
2024-09-29,04:00,26.12,84.4,0.6138,7.297,0,1010,0
2024-09-29,05:00,25.61,89.7,0.5494,148.2,0,1010,0
2024-09-29,06:00,25.57,90.5,0.5516,150,0.054,1010,0
2024-09-29,07:00,25.88,90.1,0.6057,156.1,38.79,1011,0
2024-09-29,08:00,27.89,77.61,0.8351,87.5,213.5,1012,0
2024-09-29,09:00,29.44,75.01,2.377,86.1,486.9,1013,0
2024-09-29,10:00,29.94,74.69,2.846,92.8,655.9,1013,0
2024-09-29,11:00,30.33,76.32,2.564,96.8,704.4,1013,0
2024-09-29,12:00,30.28,75.79,2.426,94.1,643.7,1012,0
2024-09-29,13:00,30.89,73.97,2.165,103.3,850,1011,0
2024-09-29,14:00,31.11,70.78,2.348,91.5,780.2,1010,0
2024-09-29,15:00,30.72,81.1,2.705,106.1,550.3,1010,0
2024-09-29,16:00,29.28,73.58,2.385,98.4,231.5,1010,0
2024-09-29,17:00,29.33,79.03,1.546,84.1,110.1,1010,0
2024-09-29,18:00,29.06,82.4,0.8869,79.14,30.59,1010,0
2024-09-29,19:00,28.67,86.1,0.8163,86.7,1.313,1011,0
2024-09-29,20:00,28.17,90.1,1.502,104.5,0,1012,1
2024-09-29,21:00,26.83,84.7,1.152,81.5,0,1012,0
2024-09-29,22:00,27.22,85,1.29,93.8,0,1012,0
2024-09-29,23:00,27.33,88.1,0.7345,94.7,0,1012,0
2024-09-30,00:00,27.33,88.8,0.4211,121.1,0,1012,0
2024-09-30,01:00,27.67,87.8,0.7533,108.2,0,1011,0
2024-09-30,02:00,27.83,86.6,0.6701,126.7,0,1011,0
2024-09-30,03:00,27.39,88.2,0.4055,343.3,0,1010,0
2024-09-30,04:00,26.83,88.2,0.2968,66.06,0,1010,0
2024-09-30,05:00,26.64,88.6,0.2758,320.3,0,1010,0
2024-09-30,06:00,26.67,88.9,0.5204,94.4,0.161,1010,0
2024-09-30,07:00,27.06,88.4,0.7635,82.3,27.46,1011,0
2024-09-30,08:00,28.5,76.57,1.072,84,212.1,1012,0
2024-09-30,09:00,29.94,76.06,1.906,81.2,453.3,1012,0
2024-09-30,10:00,30.5,73.06,2.536,97.5,669.8,1012,0
2024-09-30,11:00,30.61,73.64,2.689,99.2,660.3,1012,0
2024-09-30,12:00,30.89,70.84,2.984,103.6,852,1011,0
2024-09-30,13:00,31.17,68.82,2.975,98.5,950,1010,0
2024-09-30,14:00,31.22,75.01,2.946,87.1,821,1009,0
2024-09-30,15:00,31,70.96,2.901,88.9,693.7,1009,0
2024-09-30,16:00,30.94,74.36,2.839,92.2,531,1009,0
2024-09-30,17:00,30.44,77.23,2.583,84.6,275.3,1009,0
2024-09-30,18:00,29.56,81.3,2.46,83.9,64.18,1009,0
2024-09-30,19:00,28.89,82.2,1.961,81.7,1.655,1010,0
2024-09-30,20:00,28.72,82.3,2.047,82.2,0,1010,0
2024-09-30,21:00,28.67,82.4,1.745,85.9,0,1011,0
2024-09-30,22:00,28.39,84.8,1.219,91.3,0,1011,0
2024-09-30,23:00,28.22,85.8,0.8914,113.1,0,1011,0
2024-10-01,00:00,28.06,85.9,0.6473,87,0,1011,0
2024-10-01,01:00,27.72,88.2,0.4698,88.2,0,1011,0
2024-10-01,02:00,27.5,87.9,0.8141,57.33,0,1010,0
2024-10-01,03:00,27.33,89.2,0.7233,66.86,0,1009,0
2024-10-01,04:00,27.39,88.4,0.6875,58.98,0,1009,0
2024-10-01,05:00,27,90.5,0.3903,99.9,0,1009,0
2024-10-01,06:00,26.78,89.6,0.5896,80.9,0.149,1010,0
2024-10-01,07:00,27.28,85.3,0.5713,76.03,51.45,1010,0
2024-10-01,08:00,28.72,80.9,1.21,77.87,248,1011,0
2024-10-01,09:00,30.17,76.51,1.849,83.6,446.4,1011,0
2024-10-01,10:00,30.67,72.15,2.406,89.9,633.5,1012,0
2024-10-01,11:00,31,71.62,2.859,87,803,1012,0
2024-10-01,12:00,31.11,71.17,3.06,96.2,879,1011,0
2024-10-01,13:00,31.33,75.42,3.147,92.4,921,1010,0
2024-10-01,14:00,30.78,69.86,2.726,79.27,683.4,1010,0
2024-10-01,15:00,31.06,73.45,2.652,94.9,727.7,1009,0
2024-10-01,16:00,30.67,74.81,2.909,90.5,521.5,1009,0
2024-10-01,17:00,30.17,77.74,2.724,85.5,245,1009,0
2024-10-01,18:00,29.44,81.8,2.31,82.3,66.96,1010,0
2024-10-01,19:00,28.78,84.9,2.186,80.5,0.874,1010,0
2024-10-01,20:00,28.5,83.1,2.269,80.9,0,1010,0
2024-10-01,21:00,28.61,82.6,2.212,92.1,0,1011,0
2024-10-01,22:00,28.83,83.8,1.849,90.3,0,1011,0
2024-10-01,23:00,28.72,82.8,1.839,85.9,0,1011,0
2024-10-02,00:00,28.56,84.5,1.806,79.42,0,1011,0
2024-10-02,01:00,28.44,84.6,2.008,86,0,1011,0
2024-10-02,02:00,28.39,84.8,2.101,85.7,0,1010,0
2024-10-02,03:00,28.44,83.6,2.042,88.7,0,1010,0
2024-10-02,04:00,28.39,84.2,2.144,86.7,0,1010,0
2024-10-02,05:00,28,85.5,1.226,108.3,0,1010,0
2024-10-02,06:00,28.28,84.1,1.893,82.8,0.08,1010,0
2024-10-02,07:00,28.22,86.7,1.885,80.4,27.55,1011,0
2024-10-02,08:00,29.17,83.3,2.61,78.89,300,1011,0
2024-10-02,09:00,29.83,80.3,3.119,91.9,371.3,1012,0
2024-10-02,10:00,30.56,74,3.576,91,651,1012,0
2024-10-02,11:00,31.11,76,3.129,94,734,1012,0
2024-10-02,12:00,31.11,81,3.576,94,882,1012,0
2024-10-02,13:00,31.11,74,3.576,92,847,1011,0
2024-10-02,14:00,30,86,3.129,107,470,1011,0
2024-10-02,15:00,28.89,87,1.788,95,128,1010,1
2024-10-02,16:00,27.22,91,2.235,87,165,1010,3
2024-10-02,17:00,27.22,91,1.341,67,90,1010,0
2024-10-02,18:00,27.22,91,1.788,84,60,1011,1
2024-10-02,19:00,26.67,90,1.341,84,0,1011,0
2024-10-02,20:00,27.22,90,1.341,79,0,1012,0
2024-10-02,21:00,26.67,92,1.341,105,0,1012,3
2024-10-02,22:00,27.22,91,1.788,105,0,1013,0
2024-10-02,23:00,27.78,88,1.788,115,0,1013,0
2024-10-03,00:00,27.78,83,2.682,106,0,1012,0
2024-10-03,01:00,28.33,84,2.235,109,0,1012,0
2024-10-03,02:00,28.33,85,2.235,103,0,1011,0
2024-10-03,03:00,27.78,84,1.788,106,0,1011,0
2024-10-03,04:00,27.78,85,1.788,103,0,1011,0
2024-10-03,05:00,27.78,83,2.235,100,0,1011,0
2024-10-03,06:00,27.78,83,1.788,94,0,1011,0
2024-10-03,07:00,27.78,83,1.341,109,12,1012,0
2024-10-03,08:00,27.22,86,2.682,107,167,1012,1
2024-10-03,09:00,28.89,84,2.235,100,408,1013,0
2024-10-03,10:00,30,76,3.576,108,594,1013,0
2024-10-03,11:00,30,73,3.576,102,790,1013,0
2024-10-03,12:00,30.56,73,3.129,109,780,1012,0
2024-10-03,13:00,30,75,3.129,104,458,1011,0
2024-10-03,14:00,30,74,3.129,97,574,1011,0
2024-10-03,15:00,30,75,3.129,97,458,1010,0
2024-10-03,16:00,29.44,80,3.129,93,276,1010,0
2024-10-03,17:00,29.44,76,3.576,93,226,1010,0
2024-10-03,18:00,28.89,80,2.682,96,41,1011,0
2024-10-03,19:00,27.22,85,3.576,86,0,1011,0
2024-10-03,20:00,27.22,84,1.788,93,0,1012,0
2024-10-03,21:00,26.11,91,3.576,111,0,1012,20
2024-10-03,22:00,25.56,91,2.235,133,0,1013,12
2024-10-04,00:00,25,92,4.917,114,0,1012,5
2024-10-04,01:00,25.56,90,2.682,128,0,1012,2
2024-10-04,02:00,25.56,90,1.341,142,0,1011,1
2024-10-04,03:00,26.11,89,0.447,240,0,1010,0
2024-10-04,04:00,26.11,90,0.8941,169,0,1009,0
2024-10-04,05:00,25.56,92,0.447,95,0,1009,0
2024-10-04,06:00,25.56,93,0.447,101,0,1010,0
2024-10-04,07:00,26.11,92,0.8941,115,26,1010,0
2024-10-04,08:00,27.22,85,1.341,98,171,1011,0
2024-10-04,09:00,29.44,74,1.788,71,488,1011,0
2024-10-04,10:00,30,76,1.788,66,449,1012,0
2024-10-04,11:00,30,76,1.341,62,577,1011,0
2024-10-04,12:00,30,76,1.341,48,570,1011,0
2024-10-04,13:00,30.56,75,1.341,33,653,1009,0
2024-10-04,14:00,30,78,1.341,58,414,1009,0
2024-10-04,15:00,30.56,78,1.788,67,580,1008,0
2024-10-04,16:00,30.56,78,2.235,100,338,1008,0
2024-10-04,17:00,27.78,90,1.341,106,77,1008,7
2024-10-04,18:00,26.11,90,0.8941,26,14,1009,0
2024-10-04,19:00,26.11,89,1.788,165,0,1009,3
2024-10-04,20:00,26.11,92,0.8941,128,0,1010,1
2024-10-04,21:00,26.11,93,0.447,85,0,1010,0
2024-10-04,22:00,26.11,94,0.447,77,0,1010,0
2024-10-04,23:00,26.11,94,0.447,76,0,1010,0
2024-10-05,00:00,26.11,95,0.447,100,0,1009,0
2024-10-05,01:00,26.11,95,0.447,73,0,1009,0
2024-10-05,02:00,25.56,95,0.447,126,0,1008,0
2024-10-05,03:00,26.11,95,0.447,104,0,1009,0
2024-10-05,04:00,26.11,95,0.447,127,0,1008,0
2024-10-05,05:00,26.11,95,0.447,126,0,1008,0
2024-10-05,06:00,26.11,95,0.447,129,0,1008,0
2024-10-05,07:00,26.11,94,0.447,132,68,1009,0
2024-10-05,08:00,27.78,87,0.447,67,266,1009,0
2024-10-05,09:00,29.44,80,0.8941,346,473,1009,0
2024-10-05,10:00,30,73,1.341,30,623,1009,0
2024-10-05,11:00,30.56,69,2.235,92,714,1009,0
2024-10-05,12:00,31.11,71,2.235,94,816,1009,0
2024-10-05,13:00,31.11,69,2.235,94,870,1008,0
2024-10-05,14:00,31.11,70,2.235,98,794,1007,0
2024-10-05,15:00,31.11,72,2.235,101,558,1007,0
2024-10-05,16:00,30.56,74,2.235,98,343,1007,0
2024-10-05,17:00,30,77,1.788,83,211,1007,0
2024-10-05,18:00,28.33,90,2.682,98,57,1008,8
2024-10-05,19:00,26.11,90,1.788,123,1,1008,0
2024-10-05,21:00,26.67,89,1.788,76,0,1009,0
2024-10-05,22:00,26.67,86,1.341,78,0,1009,0
2024-10-05,23:00,26.67,88,1.341,83,0,1009,0
2024-10-06,00:00,26.67,91,2.235,88,0,1009,1
2024-10-06,01:00,25.56,90,1.788,97,0,1008,0
2024-10-06,02:00,26.11,87,1.788,86,0,1007,0
2024-10-06,03:00,26.11,91,1.341,327,0,1007,0
2024-10-06,04:00,25.56,93,1.341,289,0,1007,1
2024-10-06,05:00,26.11,92,1.341,261,0,1007,0
2024-10-06,06:00,26.67,87,1.341,194,0,1007,0
2024-10-06,07:00,27.22,87,2.235,173,23,1008,0
2024-10-06,08:00,27.22,85,2.235,181,122,1009,0
2024-10-06,09:00,28.33,82,1.788,183,279,1010,0
2024-10-06,10:00,28.89,80,2.235,180,333,1010,0
2024-10-06,11:00,29.44,78,1.341,217,532,1010,0
2024-10-06,12:00,29.44,80,1.788,217,357,1009,1
2024-10-06,13:00,28.89,87,2.235,242,410,1009,0
2024-10-06,14:00,28.89,79,1.341,217,207,1008,0
2024-10-06,15:00,29.44,74,1.788,166,317,1007,0
2024-10-06,16:00,30.56,73,1.341,189,374,1008,0
2024-10-06,17:00,29.44,80,1.341,208,166,1008,0
2024-10-06,18:00,29.44,80,1.788,184,91,1008,0
2024-10-06,19:00,28.89,84,1.341,165,0,1009,1
2024-10-06,20:00,27.78,87,1.341,151,0,1010,0
2024-10-06,21:00,27.78,87,1.788,197,0,1011,0
2024-10-06,22:00,27.22,92,0.8941,118,0,1011,0
2024-10-06,23:00,27.22,90,1.341,161,0,1011,0
2024-10-07,00:00,27.78,88,1.341,162,0,1011,0
2024-10-07,01:00,27.22,88,0.8941,136,0,1011,0
2024-10-07,02:00,27.22,90,0.8941,144,0,1010,0
2024-10-07,03:00,27.22,83,2.235,179,0,1009,0
2024-10-07,04:00,26.11,88,2.235,181,0,1010,2
2024-10-07,05:00,25,92,0.447,282,0,1010,3
2024-10-07,06:00,25,93,1.788,176,0,1010,11
2024-10-07,07:00,26.11,88,2.235,173,17,1010,0
2024-10-07,08:00,27.22,89,1.788,182,71,1011,0
2024-10-07,09:00,28.33,85,1.788,188,212,1011,0
2024-10-07,10:00,29.44,83,2.235,191,418,1012,0
2024-10-07,11:00,29.44,78,2.682,183,673,1012,0
2024-10-07,12:00,30,76,2.235,182,616,1011,0
2024-10-07,13:00,30.56,75,1.788,166,670,1011,0
2024-10-07,14:00,30.56,76,1.788,186,547,1010,0
2024-10-07,15:00,30.56,78,1.341,227,387,1009,0
2024-10-07,16:00,30,80,1.341,244,217,1009,0
2024-10-07,17:00,30,80,1.341,188,134,1009,0
2024-10-07,18:00,29.44,82,1.788,174,33,1009,0
2024-10-07,19:00,28.89,84,1.788,186,0,1009,0
2024-10-07,20:00,28.89,83,1.788,184,0,1010,0
2024-10-07,21:00,28.89,82,2.235,182,0,1011,0
2024-10-07,22:00,28.89,85,2.235,184,0,1011,0
2024-10-07,23:00,28.89,86,1.788,182,0,1011,0
2024-10-08,00:00,27.78,89,2.682,180,0,1011,3
2024-10-08,01:00,27.22,87,1.788,178,0,1011,0
2024-10-08,02:00,27.78,87,1.788,178,0,1009,1
2024-10-08,03:00,27.78,90,1.788,182,0,1009,0
2024-10-08,04:00,27.78,89,1.341,184,0,1008,0
2024-10-08,05:00,28.33,88,1.788,180,0,1009,0
2024-10-08,06:00,28.33,87,2.235,184,0,1009,0
2024-10-08,07:00,28.33,87,2.235,185,12,1009,0
2024-10-08,08:00,27.78,87,2.682,172,13,1010,0
2024-10-08,09:00,27.78,85,1.788,167,26,1010,0
2024-10-08,10:00,27.22,90,2.235,273,66,1011,1
2024-10-08,11:00,27.22,88,2.682,281,137,1011,1
2024-10-08,12:00,27.22,90,1.788,272,144,1010,1
2024-10-08,13:00,27.78,86,2.235,282,230,1009,1
2024-10-08,14:00,28.89,85,1.788,281,249,1008,0
2024-10-08,15:00,28.89,87,2.235,286,211,1007,0
2024-10-08,16:00,28.33,87,2.235,282,157,1007,0
2024-10-08,17:00,28.33,88,1.788,280,92,1007,0
2024-10-08,18:00,28.33,85,1.788,277,25,1008,0
2024-10-08,19:00,28.33,83,1.341,275,0,1008,0
2024-10-08,20:00,28.89,82,1.341,241,0,1009,0
2024-10-08,21:00,27.78,87,1.788,184,0,1009,0
2024-10-08,22:00,27.22,90,2.235,182,0,1009,2
2024-10-08,23:00,27.78,86,2.235,168,0,1009,0
2024-10-09,00:00,28.33,82,1.788,262,0,1009,0
2024-10-09,01:00,28.33,81,1.341,270,0,1008,0
2024-10-09,02:00,28.33,82,1.341,273,0,1008,0
2024-10-09,03:00,28.33,82,1.341,283,0,1007,0
2024-10-09,04:00,28.33,81,2.235,283,0,1007,0
2024-10-09,05:00,28.33,82,2.682,286,0,1006,0
2024-10-09,06:00,28.89,82,3.129,286,0,1007,0
2024-10-09,07:00,28.89,82,2.682,285,26,1007,0
2024-10-09,08:00,29.44,78,2.235,285,240,1008,0
2024-10-09,09:00,30,76,1.341,285,453,1008,0
2024-10-09,10:00,30.56,76,1.341,288,663,1008,0
2024-10-09,11:00,30.56,79,1.341,289,751,1008,0
2024-10-09,12:00,28.89,85,1.788,200,267,1008,0
2024-10-09,13:00,29.44,77,1.341,218,547,1007,0
2024-10-09,14:00,29.44,85,1.341,219,363,1006,0
2024-10-09,15:00,29.44,79,1.341,261,464,1006,0
2024-10-09,16:00,28.89,88,1.341,273,133,1006,1
2024-10-09,17:00,27.78,87,1.341,194,92,1006,0
2024-10-09,18:00,27.78,88,0.8941,209,16,1007,0
2024-10-09,20:00,27.78,86,1.341,167,0,1008,1
2024-10-09,21:00,27.78,89,1.341,179,0,1009,0
2024-10-09,22:00,27.78,89,2.235,177,0,1009,0
2024-10-09,23:00,27.78,88,0.8941,195,0,1008,0
2024-10-10,00:00,27.78,87,1.341,264,0,1008,0
2024-10-10,01:00,28.33,87,1.341,273,0,1008,0
2024-10-10,02:00,28.33,85,1.341,279,0,1007,0
2024-10-10,03:00,28.33,84,2.235,285,0,1007,0
2024-10-10,04:00,28.33,86,1.788,280,0,1007,0
2024-10-10,05:00,28.33,85,1.788,281,0,1007,0
2024-10-10,06:00,28.33,88,1.788,285,0,1007,0
2024-10-10,07:00,27.22,92,1.341,185,25,1008,4
2024-10-10,08:00,28.33,87,1.341,268,150,1008,0
2024-10-10,09:00,28.89,84,0.8941,273,196,1009,0
2024-10-10,10:00,30,78,1.341,284,556,1009,0
2024-10-10,11:00,30.56,76,1.341,280,827,1009,0
2024-10-10,12:00,30,77,1.341,284,862,1008,0
2024-10-10,13:00,30.56,79,1.341,250,842,1008,0
2024-10-10,14:00,30,77,1.341,244,724,1007,0
2024-10-10,15:00,30.56,75,1.341,253,723,1007,0
2024-10-10,16:00,30.56,76,1.341,266,518,1007,0
2024-10-10,17:00,30.56,78,1.341,272,283,1008,0
2024-10-10,18:00,29.44,85,1.341,274,57,1008,0
2024-10-10,19:00,28.89,82,0.8941,266,0,1008,0
2024-10-10,21:00,28.89,87,1.788,275,0,1010,0
2024-10-10,22:00,27.22,89,3.576,285,0,1010,0
2024-10-10,23:00,27.78,88,1.341,275,0,1010,0
2024-10-11,00:00,27.78,86,1.341,279,0,1010,0
2024-10-11,01:00,28.33,86,1.341,279,0,1009,0
2024-10-11,02:00,28.33,86,1.341,274,0,1009,0
2024-10-11,03:00,28.33,86,1.341,282,0,1008,0
2024-10-11,04:00,28.33,87,1.788,282,0,1008,0
2024-10-11,05:00,27.78,88,1.341,281,0,1008,0
2024-10-11,06:00,27.78,88,0.8941,305,0,1008,0
2024-10-11,07:00,27.22,93,1.341,261,7,1009,12
2024-10-11,08:00,26.67,94,1.341,277,33,1010,6
2024-10-11,09:00,26.67,94,0.8941,253,114,1011,7
2024-10-11,10:00,27.78,88,0.8941,214,323,1011,0
2024-10-11,11:00,27.78,86,0.8941,186,235,1011,0
2024-10-11,12:00,28.89,85,1.341,258,490,1010,0
2024-10-11,13:00,28.33,88,0.8941,348,410,1009,0
2024-10-11,14:00,28.33,82,0.8941,299,595,1009,0
2024-10-11,15:00,28.89,80,0.8941,301,502,1009,0
2024-10-11,16:00,28.89,81,0.8941,325,301,1008,0
2024-10-11,17:00,28.89,76,0.8941,341,207,1009,0
2024-10-11,18:00,28.89,83,0.8941,355,89,1010,0
2024-10-11,19:00,27.78,88,0.447,39,0,1010,0
2024-10-11,20:00,27.78,84,0.8941,12,0,1010,0
2024-10-11,21:00,27.78,86,0.8941,115,0,1011,0
2024-10-11,22:00,27.22,89,0.447,106,0,1011,0
2024-10-11,23:00,27.22,88,0.447,336,0,1010,0
2024-10-12,00:00,27.78,86,0.8941,332,0,1010,0
2024-10-12,01:00,27.78,87,1.341,82,0,1010,0
2024-10-12,02:00,27.22,89,0.8941,102,0,1009,0
2024-10-12,03:00,27.22,88,1.341,104,0,1009,0
2024-10-12,04:00,27.22,88,0.8941,113,0,1009,0
2024-10-12,05:00,27.22,88,0.8941,103,0,1009,0
2024-10-12,06:00,27.22,86,1.341,100,0,1009,0
2024-10-12,07:00,27.78,84,1.341,94,35,1010,0
2024-10-12,08:00,28.89,77,1.788,82,233,1011,0
2024-10-12,09:00,29.44,78,2.235,73,302,1011,0
2024-10-12,10:00,30,75,2.682,77,568,1012,0
2024-10-12,11:00,30.56,73,2.682,76,684,1011,0
2024-10-12,12:00,30.56,72,2.682,78,740,1011,0
2024-10-12,13:00,30.56,74,3.129,80,609,1010,0
2024-10-12,14:00,30.56,72,2.682,86,723,1009,0
2024-10-12,15:00,30.56,73,2.682,89,513,1009,0
2024-10-12,16:00,30,75,2.682,101,389,1008,0
2024-10-12,17:00,30,77,2.235,92,218,1009,0
2024-10-12,18:00,29.44,80,1.341,103,71,1009,0
2024-10-12,20:00,27.78,85,0.8941,98,0,1010,0
2024-10-12,21:00,27.78,86,0.447,98,0,1011,0
2024-10-12,22:00,27.78,88,0.447,80,0,1011,0
2024-10-12,23:00,27.22,89,0.8941,94,0,1011,0
2024-10-13,00:00,27.22,91,0.8941,129,0,1010,1
2024-10-13,01:00,27.22,91,0.8941,102,0,1010,0
2024-10-13,02:00,27.22,92,0.447,122,0,1009,0
2024-10-13,03:00,26.67,91,0.8941,126,0,1009,0
2024-10-13,04:00,26.67,90,0.8941,127,0,1008,0
2024-10-13,05:00,26.67,89,0.8941,122,0,1008,0
2024-10-13,06:00,26.67,89,0.8941,129,0,1009,0
2024-10-13,07:00,27.22,86,0.8941,123,45,1009,0
2024-10-13,08:00,28.89,79,1.341,84,253,1010,0
2024-10-13,09:00,29.44,77,1.341,76,283,1010,0
2024-10-13,10:00,30,76,1.788,62,498,1011,0
2024-10-13,11:00,30,76,1.341,61,556,1010,0
2024-10-13,12:00,30.56,74,1.341,56,673,1009,0
2024-10-13,13:00,31.11,72,1.341,37,944,1008,0
2024-10-13,14:00,31.11,73,1.341,50,850,1008,0
2024-10-13,15:00,30.56,72,1.341,46,707,1007,0
2024-10-13,16:00,30.56,75,1.788,55,525,1007,0
2024-10-13,17:00,30.56,74,1.788,66,331,1007,0
2024-10-13,18:00,29.44,78,1.788,74,60,1008,0
2024-10-13,19:00,28.33,83,1.341,93,1,1008,0
2024-10-13,20:00,28.33,82,0.8941,105,0,1009,0
2024-10-13,21:00,27.78,85,0.8941,101,0,1009,0
2024-10-13,22:00,27.78,85,0.8941,109,0,1009,0
2024-10-13,23:00,27.78,86,0.8941,106,0,1009,0
2024-10-14,00:00,27.22,87,0.447,117,0,1009,0
2024-10-14,01:00,27.22,86,0.447,137,0,1009,0
2024-10-14,02:00,27.22,85,0.8941,119,0,1008,0
2024-10-14,03:00,27.22,87,0.8941,126,0,1008,0
2024-10-14,04:00,27.22,87,1.788,111,0,1008,0
2024-10-14,05:00,26.11,88,0.8941,115,0,1008,0
2024-10-14,06:00,26.67,90,0.447,114,0,1008,0
2024-10-14,07:00,26.67,88,0.447,87,36,1008,0
2024-10-14,08:00,28.33,82,0.447,108,148,1009,0
2024-10-14,09:00,29.44,76,0.8941,99,296,1010,0
2024-10-14,10:00,30.56,71,0.8941,33,624,1010,0
2024-10-14,11:00,31.11,68,0.8941,29,753,1009,0
2024-10-14,12:00,31.11,66,1.788,83,848,1009,0
2024-10-14,13:00,31.11,73,1.788,64,931,1008,0
2024-10-14,14:00,31.11,66,2.235,92,837,1007,0
2024-10-14,15:00,30.56,72,2.235,91,479,1007,0
2024-10-14,16:00,30.56,72,1.788,97,332,1007,0
2024-10-14,17:00,30,74,1.788,79,258,1007,0
2024-10-14,18:00,29.44,77,1.341,98,51,1008,0
2024-10-14,19:00,28.33,84,0.447,82,0,1008,0
2024-10-14,20:00,28.33,84,0.8941,100,0,1009,0
2024-10-14,21:00,27.78,84,0.8941,106,0,1010,0
2024-10-14,22:00,27.78,85,0.447,104,0,1011,0
2024-10-14,23:00,27.78,87,0.447,71,0,1011,0
2024-10-15,00:00,27.22,88,0.447,90,0,1010,0
2024-10-15,01:00,27.22,90,0.447,70,0,1010,0
2024-10-15,02:00,26.67,92,0.447,97,0,1009,0
2024-10-15,03:00,26.67,92,0.447,96,0,1009,0
2024-10-15,04:00,26.67,91,0.447,88,0,1009,0
2024-10-15,05:00,27.22,91,0.8941,72,0,1009,0
2024-10-15,06:00,26.67,92,0.8941,120,0,1009,0
2024-10-15,07:00,27.22,90,0.447,105,37,1010,0
2024-10-15,08:00,28.89,81,0.8941,84,223,1011,0
2024-10-15,09:00,28.89,77,1.341,230,372,1011,0
2024-10-15,10:00,30.56,71,1.788,94,688,1011,0
2024-10-15,11:00,31.11,72,2.235,91,841,1011,0
2024-10-15,12:00,31.11,70,2.682,88,898,1011,0
2024-10-15,13:00,31.11,70,2.235,91,901,1009,0
2024-10-15,14:00,31.11,70,1.788,77,435,1009,0
2024-10-15,15:00,30.56,75,1.788,71,427,1008,0
2024-10-15,16:00,30,80,1.788,79,113,1008,0
2024-10-15,17:00,29.44,82,1.341,101,31,1009,0
2024-10-15,18:00,28.89,83,1.341,103,20,1010,0
2024-10-15,19:00,28.33,83,0.8941,97,0,1010,0
2024-10-15,20:00,28.33,82,0.8941,97,0,1011,0
2024-10-15,21:00,28.33,88,0.8941,97,0,1012,0
2024-10-15,22:00,27.22,92,0.447,113,0,1012,0
2024-10-15,23:00,27.22,93,0.447,78,0,1012,0
2024-10-16,00:00,26.67,94,0.447,47,0,1011,0
2024-10-16,01:00,26.67,94,0.447,107,0,1011,0
2024-10-16,02:00,26.67,93,0.447,109,0,1010,0
2024-10-16,03:00,26.11,94,0.447,99,0,1010,0
2024-10-16,04:00,26.11,94,0.447,110,0,1009,0
2024-10-16,05:00,26.11,93,0.447,123,0,1009,0
2024-10-16,06:00,26.67,92,0.447,130,0,1010,0
2024-10-16,07:00,26.67,90,0.447,133,21,1011,0
2024-10-16,08:00,27.78,86,0.447,120,106,1012,0
2024-10-16,09:00,28.89,80,0.8941,30,243,1012,0
2024-10-16,10:00,30,78,0.8941,22,472,1012,0
2024-10-16,11:00,30.56,72,0.8941,22,590,1012,0
2024-10-16,12:00,30.56,73,0.8941,28,735,1012,0
2024-10-16,13:00,31.11,72,1.341,3,888,1011,0
2024-10-16,14:00,30.56,72,1.341,353,818,1009,0
2024-10-16,15:00,30.56,73,1.341,338,690,1009,0
2024-10-16,16:00,30.56,72,1.341,342,505,1009,0
2024-10-16,17:00,30,74,0.8941,356,246,1009,0
2024-10-16,18:00,29.44,76,0.8941,326,51,1010,0
2024-10-16,19:00,28.89,76,0.447,26,0,1010,0
2024-10-16,20:00,28.89,79,0.8941,336,0,1011,0
2024-10-16,21:00,28.89,80,0.8941,86,0,1011,0
2024-10-16,22:00,28.33,83,0.447,109,0,1012,0
2024-10-16,23:00,27.78,86,0.447,98,0,1011,0
2024-10-17,00:00,27.22,88,0.8941,87,0,1011,0
2024-10-17,01:00,26.67,91,0.8941,168,0,1011,7
2024-10-17,02:00,25.56,94,1.788,92,0,1011,24
2024-10-17,03:00,25.56,95,0.447,124,0,1009,1
2024-10-17,04:00,25.56,95,0.447,6,0,1008,0
2024-10-17,05:00,25.56,95,0.447,100,0,1008,0
2024-10-17,06:00,25.56,95,0.447,107,0,1009,0
2024-10-17,07:00,25.56,94,0.8941,142,46,1009,0
2024-10-17,08:00,26.67,84,1.341,172,143,1010,0
2024-10-17,09:00,28.33,78,0.447,66,307,1011,0
2024-10-17,10:00,28.33,81,0.8941,300,446,1011,2
2024-10-17,11:00,28.89,79,0.8941,8,421,1011,0
2024-10-17,12:00,28.89,85,1.788,110,430,1010,0
2024-10-17,13:00,27.78,88,2.682,111,278,1009,0
2024-10-17,14:00,27.22,82,1.341,234,210,1008,0
2024-10-17,15:00,28.33,81,1.341,84,261,1008,0
2024-10-17,16:00,28.33,79,1.341,104,177,1008,0
2024-10-17,17:00,28.33,81,0.8941,89,89,1008,0
2024-10-17,18:00,28.33,85,0.8941,75,35,1009,0
2024-10-17,19:00,27.22,85,0.8941,113,0,1009,0
2024-10-17,20:00,26.67,89,0.8941,92,0,1010,0
2024-10-17,21:00,26.67,91,0.8941,97,0,1011,1
2024-10-17,22:00,26.11,93,1.341,59,0,1011,3
2024-10-17,23:00,26.11,92,1.341,83,0,1011,0
2024-10-18,00:00,26.67,91,1.788,84,0,1011,0
2024-10-18,01:00,27.22,90,1.788,91,0,1011,0
2024-10-18,02:00,26.11,92,2.235,108,0,1010,11
2024-10-18,03:00,25.56,91,2.682,104,0,1009,0
2024-10-18,04:00,26.11,91,1.788,92,0,1009,0
2024-10-18,05:00,26.67,90,3.576,108,0,1008,1
2024-10-18,06:00,26.11,88,3.576,107,0,1008,0
2024-10-18,07:00,26.67,86,3.129,99,13,1009,0
2024-10-18,08:00,27.22,84,4.47,108,131,1010,0
2024-10-18,09:00,27.78,83,4.47,104,276,1011,0
2024-10-18,10:00,28.33,80,4.023,101,306,1011,0
2024-10-18,11:00,29.44,77,4.47,98,750,1010,0
2024-10-18,12:00,28.89,81,4.47,101,485,1009,0
2024-10-18,13:00,30,74,4.917,97,755,1008,0
2024-10-18,14:00,29.44,82,5.364,99,409,1007,0
2024-10-18,15:00,28.89,78,4.023,101,197,1007,0
2024-10-18,16:00,29.44,79,4.47,106,330,1007,0
2024-10-18,17:00,28.89,82,4.023,112,147,1007,0
2024-10-18,18:00,28.33,87,3.129,108,22,1008,0
2024-10-18,19:00,28.33,84,3.129,115,0,1008,0
2024-10-18,20:00,28.33,80,2.682,112,0,1009,0
2024-10-18,21:00,28.33,80,2.682,109,0,1009,0
2024-10-18,22:00,28.33,88,3.129,96,0,1010,1
2024-10-18,23:00,25.56,93,4.917,108,0,1011,6
2024-10-19,00:00,25.56,93,3.129,91,0,1010,3
2024-10-19,01:00,25.56,93,4.023,106,0,1010,5
2024-10-19,02:00,25.56,94,4.47,106,0,1009,15
2024-10-19,03:00,26.11,94,1.788,96,0,1008,6
2024-10-19,04:00,25.56,95,1.341,66,0,1008,4
2024-10-19,05:00,26.11,95,0.447,89,0,1008,0
2024-10-19,06:00,26.11,94,1.341,80,0,1008,0
2024-10-19,07:00,26.67,92,1.788,99,10,1008,1
2024-10-19,08:00,27.22,91,2.235,98,50,1009,0
2024-10-19,09:00,26.67,90,2.235,102,46,1009,2
2024-10-19,10:00,26.67,91,2.235,107,137,1010,2
2024-10-19,11:00,27.22,91,1.788,112,188,1009,1
2024-10-19,12:00,27.22,86,1.341,103,219,1008,0
2024-10-19,13:00,28.33,83,1.341,128,286,1008,0
2024-10-19,14:00,28.33,81,1.788,123,308,1007,0
2024-10-19,15:00,28.89,81,1.788,113,286,1007,0
2024-10-19,16:00,28.33,85,1.341,105,166,1006,0
2024-10-19,17:00,27.78,86,1.341,105,64,1007,0
2024-10-19,18:00,27.78,85,1.788,106,18,1007,0
2024-10-19,19:00,27.78,85,1.341,116,0,1008,0
2024-10-19,20:00,27.78,85,1.788,120,0,1008,0
2024-10-19,21:00,27.78,84,1.788,116,0,1009,0
2024-10-19,22:00,27.78,86,1.341,118,0,1009,0
2024-10-19,23:00,27.78,86,1.341,120,0,1009,0
2024-10-20,00:00,27.78,88,1.788,132,0,1009,1
2024-10-20,01:00,27.22,89,1.341,122,0,1009,2
2024-10-20,02:00,27.22,86,0.8941,170,0,1008,0
2024-10-20,03:00,26.67,88,0.8941,107,0,1008,0
2024-10-20,04:00,26.67,89,1.788,163,0,1007,0
2024-10-20,05:00,26.67,90,1.341,121,0,1007,0
2024-10-20,06:00,26.11,91,0.8941,120,0,1008,0
2024-10-20,07:00,26.67,85,1.341,49,15,1009,0
2024-10-20,08:00,27.78,83,0.8941,41,164,1009,0
2024-10-20,09:00,28.89,83,1.341,91,308,1010,0
2024-10-20,10:00,28.89,85,1.788,104,242,1010,0
2024-10-20,11:00,27.78,88,1.341,88,300,1010,5
2024-10-20,12:00,28.89,82,1.788,109,545,1009,0
2024-10-20,13:00,27.78,90,1.341,203,227,1008,1
2024-10-20,14:00,26.67,92,1.788,185,145,1008,1
2024-10-20,15:00,26.67,88,1.788,188,237,1007,0
2024-10-20,16:00,27.78,86,1.341,163,170,1007,0
2024-10-20,17:00,27.78,88,0.8941,127,90,1007,0
2024-10-20,18:00,27.22,88,0.8941,143,24,1008,0
2024-10-20,19:00,27.22,90,1.341,168,0,1008,0
2024-10-20,20:00,26.67,90,1.788,171,0,1009,0
2024-10-20,21:00,26.67,89,2.235,174,0,1009,0
2024-10-20,22:00,26.67,88,2.235,180,0,1009,0
2024-10-20,23:00,26.67,91,3.129,185,0,1010,1
2024-10-21,00:00,26.11,88,3.576,186,0,1009,0
2024-10-21,01:00,26.11,85,3.129,186,0,1009,0
2024-10-21,02:00,26.67,86,2.682,188,0,1008,0
2024-10-21,03:00,26.11,87,2.235,159,0,1008,0
2024-10-21,04:00,26.11,87,1.341,143,0,1008,0
2024-10-21,05:00,26.11,88,0.8941,169,0,1008,0
2024-10-21,06:00,26.11,86,0.8941,125,0,1008,0
2024-10-21,07:00,26.67,84,1.341,133,24,1009,0
2024-10-21,08:00,27.22,85,1.788,135,109,1010,0
2024-10-21,09:00,28.33,80,2.235,126,360,1010,0
2024-10-21,10:00,28.89,83,2.682,122,490,1011,0
2024-10-21,11:00,27.22,92,3.576,112,278,1011,5
2024-10-21,12:00,26.11,92,3.576,109,127,1010,5
2024-10-21,13:00,25.56,91,1.788,185,99,1009,3
2024-10-21,14:00,26.11,90,1.341,187,130,1009,2
2024-10-21,15:00,26.11,91,1.341,193,138,1009,2
2024-10-21,16:00,26.11,90,1.341,172,128,1009,0
2024-10-21,17:00,26.11,92,0.447,169,43,1009,0
2024-10-21,18:00,25.56,92,0.447,127,17,1009,1
2024-10-21,19:00,25.56,92,0.447,92,0,1010,0
2024-10-21,21:00,25,95,0.8941,89,0,1011,2
2024-10-21,22:00,25,94,0.8941,96,0,1011,0
2024-10-21,23:00,25,94,0.8941,120,0,1011,0
2024-10-22,00:00,25,95,0.447,41,0,1011,0
2024-10-22,01:00,25.56,94,0.447,123,0,1010,0
2024-10-22,02:00,25,94,0.447,89,0,1009,1
2024-10-22,03:00,25,94,0.447,170,0,1009,0
2024-10-22,04:00,25,95,0.447,141,0,1009,0
2024-10-22,05:00,25,95,0.447,132,0,1009,0
2024-10-22,06:00,25.56,92,0.8941,106,0,1009,0
2024-10-22,07:00,25,92,0.8941,99,13,1010,0
2024-10-22,08:00,25.56,91,1.341,99,64,1011,0
2024-10-22,09:00,26.11,89,1.341,71,161,1011,0
2024-10-22,10:00,27.78,84,2.235,94,414,1011,0
2024-10-22,11:00,28.89,81,3.129,99,547,1010,0
2024-10-22,12:00,28.33,83,3.129,102,421,1009,0
2024-10-22,13:00,28.33,80,2.682,95,415,1009,0
2024-10-22,14:00,28.89,83,3.129,99,353,1008,0
2024-10-22,15:00,27.78,84,3.129,101,309,1007,0
2024-10-22,16:00,28.33,84,2.682,96,247,1008,0
2024-10-22,17:00,27.78,88,1.788,92,116,1008,0
2024-10-22,18:00,27.22,88,0.8941,83,21,1008,0
2024-10-22,19:00,27.22,87,0.8941,76,0,1009,0
2024-10-22,20:00,27.22,87,0.447,102,0,1010,0
2024-10-22,21:00,27.22,89,0.447,302,0,1010,0
2024-10-22,22:00,26.67,91,0.447,90,0,1010,0
2024-10-22,23:00,26.11,92,2.682,98,0,1010,1
2024-10-23,00:00,26.11,90,3.129,110,0,1009,0
2024-10-23,01:00,26.11,85,3.129,114,0,1009,0
2024-10-23,02:00,26.11,86,1.788,103,0,1009,0
2024-10-23,03:00,26.11,89,1.788,89,0,1009,0
2024-10-23,04:00,25.56,90,0.8941,67,0,1009,0
2024-10-23,05:00,25.56,89,0.8941,90,0,1008,0
2024-10-23,06:00,26.11,89,1.341,83,0,1008,0
2024-10-23,07:00,26.11,84,1.788,72,18,1009,0
2024-10-23,08:00,26.67,87,1.788,81,132,1009,0
2024-10-23,09:00,27.78,84,1.788,77,204,1009,0
2024-10-23,10:00,28.89,81,2.235,75,344,1010,0
2024-10-23,11:00,28.89,79,2.682,77,452,1009,0
2024-10-23,12:00,29.44,79,2.682,73,569,1009,0
2024-10-23,13:00,29.44,81,2.235,65,602,1008,0
2024-10-23,14:00,29.44,77,2.682,74,438,1007,0
2024-10-23,15:00,30,76,3.129,75,551,1007,0
2024-10-23,16:00,29.44,78,3.129,72,307,1007,0
2024-10-23,17:00,29.44,80,3.576,76,95,1007,0
2024-10-23,18:00,29.44,79,3.129,77,24,1007,0
2024-10-23,19:00,28.89,78,3.129,81,0,1008,0
2024-10-23,20:00,28.89,81,3.576,81,0,1008,0
2024-10-23,21:00,28.89,79,3.576,77,0,1008,0
2024-10-23,22:00,28.89,80,3.576,79,0,1008,0
2024-10-23,23:00,28.89,79,3.129,80,0,1008,0
2024-10-24,00:00,28.89,80,3.129,79,0,1008,0
2024-10-24,01:00,27.78,89,3.129,84,0,1007,3
2024-10-24,02:00,28.33,83,3.129,87,0,1007,0
2024-10-24,03:00,28.33,84,3.129,88,0,1006,0
2024-10-24,04:00,27.78,82,2.682,81,0,1006,0
2024-10-24,05:00,28.33,81,2.682,80,0,1006,0
2024-10-24,06:00,28.89,81,2.682,87,0,1006,0
2024-10-24,07:00,28.89,80,2.682,77,22,1006,0
2024-10-24,08:00,28.89,82,2.682,72,83,1007,0
2024-10-24,09:00,28.89,85,2.235,73,179,1007,0
2024-10-24,10:00,29.44,78,2.682,74,472,1007,0
2024-10-24,11:00,30,78,2.682,73,621,1007,0
2024-10-24,12:00,30,79,3.129,72,824,1006,0
2024-10-24,13:00,30,80,3.129,67,715,1004,0
2024-10-24,14:00,30,78,2.682,69,620,1004,0
2024-10-24,15:00,28.89,92,3.129,67,477,1003,6
2024-10-24,16:00,27.22,90,2.682,78,173,1003,0
2024-10-24,17:00,27.78,85,2.682,71,126,1003,0
2024-10-24,18:00,27.78,87,2.682,79,34,1003,0
2024-10-24,19:00,27.22,89,3.129,82,0,1003,1
2024-10-24,20:00,26.67,88,3.576,85,0,1004,0
2024-10-24,21:00,26.67,87,2.682,85,0,1004,0
2024-10-24,22:00,27.22,89,2.235,76,0,1004,0
2024-10-24,23:00,27.22,89,2.682,82,0,1004,0
2024-10-25,00:00,26.11,89,4.917,83,0,1003,0
2024-10-25,01:00,25.56,93,4.023,92,0,1003,3
2024-10-25,02:00,25,94,3.129,87,0,1003,11
2024-10-25,03:00,25.56,95,2.682,78,0,1002,16
2024-10-25,04:00,25,98,2.682,62,0,1002,41
2024-10-25,05:00,25,96,2.235,68,0,1002,10
2024-10-25,06:00,25.56,95,2.682,82,0,1001,8
2024-10-25,07:00,25.56,95,3.576,100,1,1002,17
2024-10-25,08:00,25.56,93,5.364,113,35,1002,7
2024-10-25,09:00,26.11,89,5.364,115,77,1002,2
2024-10-25,10:00,27.22,88,5.812,113,172,1002,0
2024-10-25,11:00,27.78,86,6.259,113,182,1002,0
2024-10-25,12:00,27.22,91,6.706,113,188,1002,3
2024-10-25,13:00,26.67,89,6.706,118,196,1001,3
2024-10-25,14:00,27.22,83,6.259,130,199,1001,0
2024-10-25,15:00,27.22,86,5.364,130,23,1001,2
2024-10-25,16:00,27.22,80,5.364,123,32,1001,2
2024-10-25,17:00,28.33,75,4.917,121,57,1002,0
2024-10-25,18:00,28.33,74,5.812,121,11,1003,0
2024-10-25,19:00,28.33,77,6.259,114,0,1003,0
2024-10-25,20:00,28.33,79,5.812,112,0,1003,0
2024-10-25,21:00,28.33,78,5.812,114,0,1004,0
2024-10-25,22:00,28.89,78,5.812,111,0,1004,0
2024-10-25,23:00,27.22,90,5.812,119,0,1004,4
2024-10-26,00:00,26.67,91,5.812,138,0,1003,6
2024-10-26,01:00,26.67,92,6.259,141,0,1003,24
2024-10-26,02:00,26.67,87,5.364,138,0,1003,16
2024-10-26,03:00,27.22,86,4.917,128,0,1003,1
2024-10-26,04:00,27.78,85,4.023,124,0,1003,0
2024-10-26,05:00,27.78,86,3.576,140,0,1003,0
2024-10-26,06:00,25,93,2.235,171,0,1005,6
2024-10-26,07:00,25,93,3.129,181,1,1006,13
2024-10-26,08:00,24.44,91,2.682,175,5,1007,10
2024-10-26,09:00,25,93,1.788,157,15,1007,13
2024-10-26,10:00,25,94,1.341,135,26,1007,17
2024-10-26,11:00,25,94,1.341,53,46,1008,2
2024-10-26,12:00,27.22,91,2.682,122,61,1007,1
2024-10-26,13:00,27.22,85,2.235,115,151,1006,0
2024-10-26,14:00,27.22,87,1.341,333,138,1006,0
2024-10-26,15:00,27.22,83,0.8941,47,277,1006,0
2024-10-26,16:00,27.22,87,0.8941,49,96,1006,0
2024-10-26,17:00,26.11,91,1.788,123,36,1007,3
2024-10-26,18:00,25.56,92,0.8941,35,7,1007,2
2024-10-26,19:00,25,93,1.341,90,0,1007,0
2024-10-26,20:00,25,93,0.8941,49,0,1008,0
2024-10-26,21:00,25.56,89,0.8941,77,0,1008,0
2024-10-26,22:00,26.11,87,0.8941,66,0,1008,0
2024-10-26,23:00,26.11,87,0.8941,55,0,1007,0
2024-10-27,00:00,26.67,87,2.682,112,0,1007,0
2024-10-27,01:00,26.67,87,2.235,96,0,1007,0
2024-10-27,02:00,27.22,87,1.788,107,0,1007,0
2024-10-27,03:00,26.67,89,1.341,91,0,1007,0
2024-10-27,04:00,26.67,91,0.447,77,0,1006,0
2024-10-27,05:00,26.11,92,0.447,87,0,1006,0
2024-10-27,06:00,26.67,89,0.8941,130,0,1006,0
2024-10-27,07:00,27.22,88,1.341,125,14,1007,0
2024-10-27,08:00,27.78,84,1.341,125,84,1008,0
2024-10-27,09:00,28.33,85,1.788,119,227,1008,0
2024-10-27,10:00,29.44,79,2.235,117,556,1008,0
2024-10-27,11:00,30,74,2.235,125,720,1008,0
2024-10-27,12:00,30.56,76,2.682,119,865,1007,0
2024-10-27,13:00,30.56,76,3.129,118,881,1006,0
2024-10-27,14:00,30.56,74,2.682,121,734,1006,0
2024-10-27,15:00,30.56,74,2.235,142,476,1005,0
2024-10-27,16:00,30.56,76,2.235,137,425,1005,0
2024-10-27,17:00,29.44,82,2.235,123,116,1006,0
2024-10-27,18:00,28.89,85,1.788,102,37,1006,0
2024-10-27,19:00,28.33,86,1.341,95,0,1006,0
2024-10-27,20:00,28.33,86,1.341,105,0,1007,0
2024-10-27,21:00,28.33,83,1.788,119,0,1008,0
2024-10-27,22:00,28.33,89,1.788,118,0,1008,0
2024-10-27,23:00,27.22,90,1.341,122,0,1008,0
2024-10-28,00:00,27.78,88,0.8941,121,0,1008,0
2024-10-28,01:00,28.33,86,0.8941,125,0,1008,0
2024-10-28,02:00,28.33,86,1.341,114,0,1007,0
2024-10-28,03:00,28.33,87,1.341,118,0,1007,0
2024-10-28,04:00,28.33,87,0.8941,112,0,1006,0
2024-10-28,05:00,27.78,87,0.8941,103,0,1006,0
2024-10-28,06:00,27.78,88,0.8941,80,0,1007,0
2024-10-28,07:00,27.22,90,1.788,144,12,1008,2
2024-10-28,08:00,27.78,89,1.341,129,59,1009,1
2024-10-28,09:00,28.89,83,1.788,148,367,1009,0
2024-10-28,10:00,30,78,2.235,158,403,1010,0
2024-10-28,11:00,30,76,1.788,153,352,1009,0
2024-10-28,12:00,30,76,2.235,147,408,1009,0
2024-10-28,13:00,30.56,73,2.235,145,622,1008,0
2024-10-28,14:00,31.11,75,2.235,136,637,1008,0
2024-10-28,15:00,30.56,78,2.235,109,441,1008,0
2024-10-28,16:00,30,80,2.235,108,266,1008,0
2024-10-28,17:00,28.89,89,1.788,102,110,1009,1
2024-10-28,18:00,28.33,90,1.788,106,28,1009,0
2024-10-28,19:00,27.78,91,1.341,110,0,1010,1
2024-10-28,20:00,28.33,89,1.788,113,0,1011,0
2024-10-28,21:00,28.33,88,2.235,117,0,1011,0
2024-10-28,22:00,28.33,88,1.788,123,0,1012,0
2024-10-28,23:00,28.33,88,1.788,122,0,1012,0
2024-10-29,00:00,28.33,88,1.788,124,0,1011,0
2024-10-29,01:00,28.33,87,1.341,128,0,1011,0
2024-10-29,02:00,28.33,88,1.341,118,0,1011,0
2024-10-29,03:00,27.78,88,0.8941,99,0,1011,0
2024-10-29,04:00,27.78,89,0.8941,97,0,1011,0
2024-10-29,05:00,28.33,88,1.341,117,0,1011,0
2024-10-29,06:00,28.33,88,1.341,117,0,1012,0
2024-10-29,07:00,28.33,87,1.341,121,19,1012,0
2024-10-29,08:00,28.89,84,1.788,117,119,1013,0
2024-10-29,09:00,29.44,79,1.788,120,297,1013,0
2024-10-29,10:00,30,77,2.682,111,480,1014,0
2024-10-29,11:00,30.56,79,2.682,117,580,1013,0
2024-10-29,12:00,30.56,77,3.129,114,708,1013,0
2024-10-29,13:00,31.11,72,3.129,116,830,1012,0
2024-10-29,14:00,31.11,74,2.682,117,615,1011,0
2024-10-29,15:00,31.11,74,2.682,119,657,1011,0
2024-10-29,16:00,31.11,77,2.235,117,449,1011,0
2024-10-29,17:00,30.56,79,1.341,115,212,1012,0
2024-10-29,18:00,29.44,85,1.341,88,46,1012,0
2024-10-29,19:00,28.89,86,0.8941,82,0,1013,0
2024-10-29,20:00,28.33,89,1.341,85,0,1014,2
2024-10-29,21:00,27.22,93,0.8941,64,0,1014,1
2024-10-29,22:00,27.78,93,0.8941,99,0,1014,0
2024-10-29,23:00,27.78,93,0.8941,104,0,1014,0
2024-10-30,00:00,27.78,93,1.341,99,0,1014,0
2024-10-30,01:00,27.78,93,0.8941,118,0,1014,0
2024-10-30,02:00,27.78,92,1.341,84,0,1013,0
2024-10-30,03:00,27.78,91,1.788,81,0,1013,0
2024-10-30,04:00,27.78,89,2.235,84,0,1013,0
2024-10-30,05:00,27.78,87,2.235,87,0,1013,0
2024-10-30,06:00,27.22,84,2.682,87,0,1013,0
2024-10-30,07:00,27.78,79,2.682,85,21,1013,0
2024-10-30,08:00,28.33,77,2.682,84,116,1014,0
2024-10-30,09:00,29.44,75,3.129,79,420,1014,0
2024-10-30,10:00,29.44,68,3.129,79,471,1014,0
2024-10-30,11:00,30,70,3.129,79,716,1014,0
2024-10-30,12:00,30,69,3.576,82,839,1013,0
2024-10-30,13:00,29.44,72,3.129,87,674,1012,0
2024-10-30,14:00,30,73,3.576,79,609,1011,0
2024-10-30,15:00,30,77,3.129,79,547,1011,0
2024-10-30,16:00,29.44,75,3.129,86,399,1011,0
2024-10-30,17:00,28.89,80,2.682,82,230,1011,0
2024-10-30,18:00,28.33,80,2.682,82,32,1011,0
2024-10-30,19:00,27.78,80,1.788,82,0,1012,0
2024-10-30,20:00,27.78,83,1.788,83,0,1012,0
2024-10-30,21:00,27.78,82,2.235,84,0,1012,0
2024-10-30,22:00,28.33,79,2.682,86,0,1013,0
2024-10-30,23:00,27.78,81,2.235,85,0,1012,0
2024-10-31,00:00,27.78,78,2.682,84,0,1012,0
2024-10-31,01:00,27.78,78,2.682,83,0,1012,0
2024-10-31,02:00,27.78,80,2.235,83,0,1012,0
2024-10-31,03:00,27.78,79,2.682,82,0,1011,0
2024-10-31,04:00,27.78,79,2.682,83,0,1011,0
2024-10-31,05:00,27.78,80,2.682,83,0,1011,0
2024-10-31,06:00,27.78,81,2.682,83,0,1011,0
2024-10-31,07:00,27.78,81,2.682,81,19,1012,0
2024-10-31,08:00,28.33,73,3.129,85,185,1013,0
2024-10-31,09:00,29.44,76,3.129,83,363,1013,0
2024-10-31,10:00,29.44,76,3.576,78,522,1013,0
2024-10-31,11:00,30,72,4.023,83,662,1013,0
2024-10-31,12:00,30,71,4.023,81,738,1012,0
2024-10-31,13:00,30,72,4.023,81,685,1011,0
2024-10-31,14:00,30.56,72,3.576,83,718,1010,0
2024-10-31,15:00,30,75,3.576,83,597,1009,0
2024-10-31,16:00,30,72,3.129,85,316,1009,0
2024-10-31,17:00,30,75,3.129,83,241,1010,0
2024-10-31,18:00,28.89,85,2.235,83,52,1011,0
2024-10-31,19:00,28.33,85,2.235,86,0,1011,0
2024-10-31,20:00,28.33,82,2.682,84,0,1012,0
2024-10-31,21:00,28.33,81,2.235,82,0,1012,0
2024-10-31,22:00,28.89,82,2.682,83,0,1012,0
2024-10-31,23:00,28.89,82,3.129,78,0,1012,0
2024-11-01,00:00,28.89,82,3.129,81,0,1012,0
2024-11-01,01:00,28.89,86,3.129,84,0,1012,0
2024-11-01,02:00,27.78,89,3.129,80,0,1012,1
2024-11-01,03:00,27.22,93,3.576,79,0,1012,8
2024-11-01,04:00,27.22,88,3.576,83,0,1011,0
2024-11-01,05:00,27.78,86,3.129,82,0,1011,0
2024-11-01,06:00,27.78,86,3.576,83,0,1011,0
2024-11-01,07:00,28.33,83,3.576,81,15,1012,0
2024-11-01,08:00,28.33,78,3.576,83,100,1012,0
2024-11-01,09:00,28.89,78,4.023,81,283,1013,0
2024-11-01,10:00,30,76,4.47,87,609,1013,0
2024-11-01,11:00,30,79,4.47,90,600,1013,0
2024-11-01,12:00,30,76,4.47,83,687,1012,0
2024-11-01,13:00,30,77,4.023,80,617,1012,0
2024-11-01,14:00,30,77,4.47,82,626,1011,0
2024-11-01,15:00,30,79,3.576,84,417,1010,0
2024-11-01,16:00,29.44,81,3.129,83,187,1010,0
2024-11-01,17:00,28.89,86,3.129,81,74,1011,0
2024-11-01,18:00,28.33,85,3.129,81,14,1011,0
2024-11-01,19:00,28.33,85,3.129,82,0,1011,0
2024-11-01,20:00,28.33,85,2.682,83,0,1012,0
2024-11-01,21:00,28.33,85,2.682,82,0,1012,0
2024-11-01,22:00,28.33,85,2.682,83,0,1012,0
2024-11-01,23:00,28.33,86,2.235,85,0,1012,0
2024-11-02,00:00,28.33,86,2.235,87,0,1012,0
2024-11-02,01:00,28.33,87,1.788,91,0,1012,0
2024-11-02,02:00,28.33,87,1.788,87,0,1011,0
2024-11-02,03:00,28.33,87,1.788,88,0,1011,0
2024-11-02,04:00,27.22,86,1.341,98,0,1011,0
2024-11-02,05:00,27.22,90,1.341,83,0,1011,0
2024-11-02,06:00,27.78,91,1.341,103,0,1012,0
2024-11-02,07:00,27.22,91,1.788,100,28,1012,0
2024-11-02,08:00,27.22,87,1.788,115,103,1013,0
2024-11-02,09:00,28.33,84,2.235,97,328,1013,0
2024-11-02,10:00,28.89,81,1.788,110,304,1014,0
2024-11-02,11:00,29.44,83,2.682,100,270,1014,0
2024-11-02,12:00,28.33,81,2.682,116,171,1013,0
2024-11-02,13:00,29.44,84,2.235,100,423,1013,0
2024-11-02,14:00,27.78,80,2.235,117,127,1012,0
2024-11-02,15:00,27.78,82,1.341,85,139,1011,0
2024-11-02,16:00,28.33,84,2.682,78,263,1011,0
2024-11-02,17:00,28.89,79,1.788,64,266,1011,0
2024-11-02,18:00,28.33,82,1.341,59,39,1011,0
2024-11-02,19:00,27.78,83,1.341,76,0,1011,0
2024-11-02,20:00,27.78,87,1.788,83,0,1012,0
2024-11-02,21:00,27.78,86,2.235,86,0,1013,0
2024-11-02,22:00,27.78,87,1.341,72,0,1013,0
2024-11-02,23:00,27.78,87,1.341,84,0,1013,0
2024-11-03,00:00,27.78,88,0.8941,83,0,1013,0
2024-11-03,01:00,27.22,88,0.8941,75,0,1012,0
2024-11-03,02:00,26.67,89,0.8941,82,0,1012,0
2024-11-03,03:00,26.67,89,0.447,99,0,1011,0
2024-11-03,04:00,26.67,90,0.8941,92,0,1011,0
2024-11-03,05:00,26.67,90,0.8941,103,0,1011,0
2024-11-03,06:00,26.67,90,0.8941,90,0,1011,0
2024-11-03,07:00,26.67,87,1.341,99,24,1012,0
2024-11-03,08:00,28.33,83,2.235,103,233,1013,0
2024-11-03,09:00,28.89,80,2.682,95,318,1013,0
2024-11-03,10:00,29.44,79,2.682,100,371,1013,0
2024-11-03,11:00,30,78,2.682,94,502,1013,0
2024-11-03,12:00,30,78,2.682,105,564,1013,0
2024-11-03,13:00,30,75,3.129,103,757,1012,1
2024-11-03,14:00,30,80,2.682,101,554,1011,0
2024-11-03,15:00,29.44,73,2.235,104,398,1011,0
2024-11-03,16:00,30,77,2.235,96,381,1011,0
2024-11-03,17:00,29.44,81,1.341,91,120,1011,0
2024-11-03,18:00,28.89,83,0.8941,77,25,1011,0
2024-11-03,19:00,28.33,83,1.341,79,0,1012,0
2024-11-03,20:00,28.33,88,0.8941,104,0,1012,1
2024-11-03,21:00,27.22,92,0.447,80,0,1013,0
2024-11-03,22:00,26.67,91,0.8941,99,0,1013,0
2024-11-03,23:00,26.67,91,0.447,71,0,1013,0
2024-11-04,00:00,27.22,91,0.447,53,0,1013,0
2024-11-04,01:00,26.67,88,0.8941,94,0,1013,0
2024-11-04,02:00,26.67,88,1.788,94,0,1012,0
2024-11-04,03:00,26.67,87,1.788,97,0,1012,0
2024-11-04,04:00,27.22,88,0.447,48,0,1012,0
2024-11-04,05:00,27.22,88,0.8941,48,0,1012,0
2024-11-04,06:00,26.67,91,0.447,84,0,1013,0
2024-11-04,07:00,26.67,91,0.8941,71,19,1013,0
2024-11-04,08:00,27.78,84,1.341,98,120,1014,0
2024-11-04,09:00,28.89,83,1.788,87,262,1014,0
2024-11-04,10:00,28.89,81,2.235,84,484,1014,0
2024-11-04,11:00,30,75,2.682,97,722,1014,0
2024-11-04,12:00,30.56,75,3.129,91,820,1013,0
2024-11-04,13:00,30.56,74,3.129,98,853,1012,0
2024-11-04,14:00,30.56,76,2.682,76,680,1011,0
2024-11-04,15:00,30,74,2.682,84,496,1011,0
2024-11-04,16:00,30,77,3.129,78,367,1011,0
2024-11-04,17:00,29.44,78,2.682,82,198,1011,0
2024-11-04,18:00,28.89,82,2.235,80,39,1011,0
2024-11-04,19:00,28.33,83,2.235,88,0,1012,0
2024-11-04,20:00,28.33,82,1.788,81,0,1012,0
2024-11-04,21:00,28.33,81,1.788,83,0,1013,0
2024-11-04,22:00,28.33,82,1.788,79,0,1013,0
2024-11-04,23:00,28.33,85,2.235,81,0,1013,0
2024-11-05,00:00,27.78,82,2.235,79,0,1013,0
2024-11-05,01:00,27.78,84,2.235,82,0,1012,0
2024-11-05,02:00,27.78,84,2.235,82,0,1012,0
2024-11-05,03:00,27.78,83,1.788,81,0,1011,0
2024-11-05,04:00,27.78,85,1.788,79,0,1011,0
2024-11-05,05:00,27.78,84,1.788,83,0,1011,0
2024-11-05,06:00,27.78,85,1.788,83,0,1011,0
2024-11-05,07:00,27.78,85,2.235,85,18,1012,0
2024-11-05,08:00,28.33,78,2.682,82,168,1013,0
2024-11-05,09:00,29.44,81,2.682,84,228,1013,0
2024-11-05,10:00,30,76,3.129,85,547,1013,0
2024-11-05,11:00,30,77,3.576,95,668,1013,0
2024-11-05,12:00,30,83,3.576,93,747,1012,0
2024-11-05,13:00,30,75,3.576,91,858,1011,0
2024-11-05,14:00,30.56,75,3.576,91,784,1010,0
2024-11-05,15:00,30.56,75,3.129,84,566,1009,0
2024-11-05,16:00,30,77,3.129,86,403,1009,0
2024-11-05,17:00,30,79,3.129,82,217,1010,0
2024-11-05,18:00,28.89,81,3.129,84,43,1011,0
2024-11-05,19:00,28.89,82,2.682,85,0,1011,0
2024-11-05,20:00,28.89,81,2.682,87,0,1011,0
2024-11-05,21:00,28.33,82,2.235,83,0,1012,0
2024-11-05,22:00,28.33,83,2.235,82,0,1012,0
2024-11-05,23:00,28.33,83,2.682,85,0,1012,0
2024-11-06,00:00,28.33,81,2.682,83,0,1012,0
2024-11-06,01:00,28.33,80,2.235,82,0,1011,0
2024-11-06,02:00,28.33,83,2.235,81,0,1011,0
2024-11-06,03:00,28.33,86,1.788,82,0,1011,0
2024-11-06,04:00,28.33,87,1.788,79,0,1010,0
2024-11-06,05:00,28.33,85,2.682,87,0,1010,0
2024-11-06,06:00,28.33,84,2.235,89,0,1011,0
2024-11-06,07:00,28.33,89,1.788,95,18,1011,1
2024-11-06,08:00,28.33,89,2.682,89,165,1012,1
2024-11-06,09:00,28.89,84,2.235,89,365,1012,0
2024-11-06,10:00,30,80,3.129,91,495,1013,0
2024-11-06,11:00,30.56,78,4.023,93,688,1012,0
2024-11-06,12:00,30.56,78,3.576,85,750,1012,0
2024-11-06,13:00,31.11,77,3.576,87,758,1011,0
2024-11-06,14:00,30,82,3.576,84,337,1011,0
2024-11-06,15:00,29.44,83,3.576,84,194,1010,0
2024-11-06,16:00,29.44,84,2.682,81,132,1010,0
2024-11-06,17:00,29.44,87,2.235,79,105,1010,0
2024-11-06,18:00,28.89,86,2.235,79,26,1011,0
2024-11-06,19:00,28.89,87,2.235,81,0,1011,0
2024-11-06,20:00,28.33,91,2.235,84,0,1012,2
2024-11-06,21:00,27.78,90,1.788,82,0,1012,0
2024-11-06,22:00,28.33,89,2.235,84,0,1012,0
2024-11-06,23:00,28.33,89,1.788,84,0,1012,0
2024-11-07,00:00,28.33,87,2.235,81,0,1012,0
2024-11-07,01:00,28.33,90,2.235,79,0,1011,0
2024-11-07,02:00,28.33,89,2.235,82,0,1011,0
2024-11-07,03:00,28.33,89,2.235,86,0,1011,0
2024-11-07,04:00,26.67,91,1.788,166,0,1011,3
2024-11-07,05:00,25.56,91,0.8941,199,0,1010,0
2024-11-07,06:00,26.11,93,0.8941,88,0,1010,3
2024-11-07,07:00,27.78,90,2.235,78,1,1010,0
2024-11-07,08:00,27.78,91,2.682,81,5,1011,0
2024-11-07,09:00,27.78,92,3.576,80,13,1011,2
2024-11-07,10:00,26.67,91,4.47,109,29,1011,0
2024-11-07,11:00,26.11,92,2.682,105,68,1011,0
2024-11-07,12:00,26.11,91,4.023,103,117,1011,2
2024-11-07,13:00,26.11,87,1.788,172,205,1011,0
2024-11-07,14:00,26.67,85,1.788,118,234,1009,0
2024-11-07,15:00,27.22,83,1.788,118,218,1009,0
2024-11-07,16:00,27.22,86,3.129,130,159,1009,0
2024-11-07,17:00,27.22,84,2.235,139,85,1010,0
2024-11-07,18:00,27.78,83,2.235,135,14,1011,0
2024-11-07,19:00,27.22,83,1.788,138,0,1011,0
2024-11-07,20:00,27.78,81,2.682,136,0,1012,0
2024-11-07,21:00,27.78,82,3.129,139,0,1012,0
2024-11-07,22:00,27.78,82,2.682,123,0,1012,0
2024-11-07,23:00,27.78,84,2.235,123,0,1012,0
2024-11-08,00:00,27.78,83,2.235,127,0,1012,0
2024-11-08,01:00,27.78,83,1.788,121,0,1012,0
2024-11-08,02:00,27.78,85,1.788,106,0,1012,0
2024-11-08,03:00,27.78,85,1.788,109,0,1011,0
2024-11-08,04:00,27.78,86,1.788,104,0,1011,0
2024-11-08,05:00,27.78,88,1.788,131,0,1011,0
2024-11-08,06:00,27.22,88,1.788,120,0,1011,0
2024-11-08,07:00,26.67,91,1.788,117,12,1012,2
2024-11-08,08:00,27.22,88,2.235,115,155,1013,0
2024-11-08,09:00,27.22,90,2.235,113,162,1014,7
2024-11-08,10:00,28.89,81,2.682,100,512,1014,0
2024-11-08,11:00,30,77,3.129,102,668,1014,0
2024-11-08,12:00,30,81,3.129,103,619,1013,0
2024-11-08,13:00,30,79,3.576,99,643,1012,0
2024-11-08,14:00,30,79,3.576,98,679,1011,0
2024-11-08,15:00,30,83,3.129,96,413,1011,0
2024-11-08,16:00,28.89,86,2.235,93,252,1011,0
2024-11-08,17:00,28.89,81,3.129,86,185,1011,0
2024-11-08,18:00,28.89,84,2.235,81,22,1012,0
2024-11-08,19:00,28.33,82,2.235,81,0,1012,0
2024-11-08,20:00,28.33,87,2.235,83,0,1013,0
2024-11-08,21:00,27.78,84,2.235,88,0,1013,0
2024-11-08,22:00,28.33,84,2.235,85,0,1014,0
2024-11-08,23:00,27.78,88,1.788,90,0,1014,1
2024-11-09,00:00,27.78,84,2.235,96,0,1014,0
2024-11-09,01:00,27.78,85,1.788,86,0,1013,0
2024-11-09,02:00,27.78,84,2.235,84,0,1013,0
2024-11-09,03:00,27.78,84,2.235,82,0,1012,0
2024-11-09,04:00,27.78,84,1.788,84,0,1012,0
2024-11-09,05:00,27.78,82,2.235,83,0,1012,0
2024-11-09,06:00,27.78,83,2.235,84,0,1012,0
2024-11-09,07:00,27.22,90,2.235,96,6,1013,1
2024-11-09,08:00,26.11,92,3.129,101,200,1013,4
2024-11-09,09:00,27.78,85,2.682,80,344,1013,0
2024-11-09,10:00,29.44,78,3.576,83,459,1013,0
2024-11-09,11:00,30,79,3.576,77,668,1013,0
2024-11-09,12:00,28.89,87,3.576,78,529,1013,4
2024-11-09,13:00,27.78,87,3.576,85,357,1012,0
2024-11-09,14:00,29.44,79,3.129,94,692,1011,0
2024-11-09,15:00,29.44,83,3.129,90,511,1011,0
2024-11-09,16:00,28.89,86,2.235,90,345,1011,0
2024-11-09,17:00,28.89,83,1.788,92,135,1011,0
2024-11-09,18:00,28.33,85,1.788,81,12,1011,0
2024-11-09,19:00,28.33,87,1.341,89,0,1012,0
2024-11-09,20:00,27.78,87,1.341,87,0,1012,0
2024-11-09,21:00,27.78,88,1.341,93,0,1013,0
2024-11-09,22:00,27.78,89,0.8941,113,0,1013,0
2024-11-09,23:00,27.78,87,1.341,88,0,1013,0
2024-11-10,00:00,27.78,88,1.341,85,0,1013,0
2024-11-10,01:00,27.22,91,1.341,97,0,1013,1
2024-11-10,02:00,27.22,90,1.341,105,0,1013,0
2024-11-10,03:00,27.22,88,1.788,104,0,1012,0
2024-11-10,04:00,26.67,88,1.788,103,0,1012,0
2024-11-10,05:00,27.22,87,1.788,93,0,1012,0
2024-11-10,06:00,27.78,84,2.235,84,0,1011,0
2024-11-10,07:00,27.78,85,2.235,85,17,1012,0
2024-11-10,08:00,28.33,83,2.235,80,125,1013,0
2024-11-10,09:00,28.89,79,2.682,79,292,1013,0
2024-11-10,10:00,29.44,79,3.129,76,431,1013,0
2024-11-10,11:00,30,80,3.129,76,437,1012,0
2024-11-10,12:00,30,80,4.023,87,487,1011,0
2024-11-10,13:00,28.89,81,3.576,95,292,1011,0
2024-11-10,14:00,29.44,80,3.576,89,356,1010,0
2024-11-10,15:00,29.44,81,3.576,94,312,1010,0
2024-11-10,16:00,29.44,80,3.576,91,267,1010,0
2024-11-10,17:00,29.44,80,3.576,96,162,1010,0
2024-11-10,18:00,28.89,82,3.129,96,34,1011,0
2024-11-10,19:00,28.89,82,3.129,88,0,1011,0
2024-11-10,20:00,28.89,83,2.682,89,0,1012,0
2024-11-10,21:00,28.89,83,2.682,85,0,1012,0
2024-11-10,22:00,28.89,84,2.235,85,0,1013,0
2024-11-10,23:00,28.89,85,2.235,83,0,1013,0
2024-11-11,00:00,28.33,84,2.235,86,0,1012,0
2024-11-11,01:00,28.33,85,2.235,96,0,1012,0
2024-11-11,02:00,28.33,85,2.235,99,0,1012,0
2024-11-11,03:00,28.33,85,2.235,102,0,1011,0
2024-11-11,04:00,28.33,84,2.682,86,0,1011,0
2024-11-11,05:00,28.33,87,2.235,94,0,1010,0
2024-11-11,06:00,28.33,86,2.235,85,0,1011,0
2024-11-11,07:00,28.33,84,1.788,102,32,1011,0
2024-11-11,08:00,28.89,81,2.682,109,143,1012,0
2024-11-11,09:00,29.44,80,3.129,109,281,1012,0
2024-11-11,10:00,30,79,2.682,103,490,1013,0
2024-11-11,11:00,30.56,76,3.129,99,645,1013,0
2024-11-11,12:00,30.56,75,3.129,104,779,1012,0
2024-11-11,13:00,31.11,75,2.682,102,762,1011,0
2024-11-11,14:00,30.56,74,2.682,99,694,1011,0
2024-11-11,15:00,31.11,72,2.682,107,629,1010,0
2024-11-11,16:00,30.56,76,2.235,96,433,1010,0
2024-11-11,17:00,30,77,1.788,94,222,1010,0
2024-11-11,18:00,29.44,84,1.341,94,36,1010,0
2024-11-11,19:00,28.33,87,0.8941,86,0,1011,0
2024-11-11,20:00,27.78,87,0.8941,95,0,1011,0
2024-11-11,21:00,27.78,87,1.341,78,0,1012,0
2024-11-11,22:00,27.78,89,0.8941,87,0,1012,0
2024-11-11,23:00,27.78,90,1.341,89,0,1012,0
2024-11-12,00:00,27.22,91,0.8941,91,0,1012,0
2024-11-12,01:00,27.22,91,0.8941,103,0,1011,0
2024-11-12,02:00,27.22,91,0.8941,99,0,1011,0
2024-11-12,03:00,27.22,92,0.8941,79,0,1011,0
2024-11-12,04:00,26.67,92,0.8941,103,0,1010,0
2024-11-12,05:00,26.67,91,0.8941,116,0,1010,0
2024-11-12,06:00,26.67,91,0.8941,125,0,1010,0
2024-11-12,07:00,26.67,92,0.447,111,10,1011,0
2024-11-12,08:00,27.22,90,0.8941,96,161,1011,0
2024-11-12,09:00,28.33,85,1.788,76,260,1012,0
2024-11-12,10:00,28.89,79,2.235,81,412,1012,0
2024-11-12,11:00,29.44,82,2.235,75,398,1012,0
2024-11-12,12:00,28.89,78,3.576,80,624,1011,0
2024-11-12,13:00,29.44,76,3.129,82,733,1010,0
2024-11-12,14:00,28.89,81,2.682,75,558,1009,1
2024-11-12,15:00,29.44,75,3.576,82,593,1009,0
2024-11-12,16:00,28.89,90,4.023,82,316,1008,0
2024-11-12,17:00,25.56,89,2.235,76,114,1009,0
2024-11-12,18:00,26.67,91,2.235,85,14,1009,3
2024-11-12,19:00,26.67,86,3.129,82,0,1009,0
2024-11-12,20:00,27.78,82,3.576,86,0,1010,0
2024-11-12,21:00,27.22,83,4.47,83,0,1011,0
2024-11-12,22:00,27.78,76,5.364,91,0,1011,0
2024-11-12,23:00,28.33,75,5.364,96,0,1010,0
2024-11-13,00:00,28.33,75,5.364,102,0,1010,0
2024-11-13,01:00,27.22,86,4.023,100,0,1010,0
2024-11-13,02:00,26.67,89,4.023,100,0,1009,2
2024-11-13,03:00,25,91,4.47,117,0,1009,5
2024-11-13,04:00,26.11,90,3.129,95,0,1009,0
2024-11-13,05:00,26.11,91,3.129,95,0,1009,2
2024-11-13,06:00,26.11,92,1.788,102,0,1010,0
2024-11-13,07:00,26.11,91,3.129,95,10,1011,1
2024-11-13,08:00,26.67,88,2.682,107,146,1011,0
2024-11-13,09:00,28.89,80,3.129,99,328,1012,0
2024-11-13,10:00,30,80,3.129,97,499,1012,0
2024-11-13,11:00,30,77,4.023,88,668,1012,0
2024-11-13,12:00,30,81,3.576,96,481,1011,0
2024-11-13,13:00,29.44,79,3.576,103,464,1011,0
2024-11-13,14:00,29.44,76,4.023,107,552,1010,0
2024-11-13,15:00,29.44,81,3.129,100,372,1010,0
2024-11-13,16:00,28.89,80,3.129,111,271,1010,0
2024-11-13,17:00,28.89,88,2.235,100,209,1010,1
2024-11-13,18:00,28.33,84,2.235,90,31,1011,0
2024-11-13,19:00,28.33,82,3.129,86,0,1012,0
2024-11-13,20:00,28.33,83,2.682,93,0,1012,0
2024-11-13,21:00,27.22,88,2.682,107,0,1013,0
2024-11-13,22:00,26.67,91,2.682,97,0,1013,1
2024-11-13,23:00,26.67,87,2.235,108,0,1012,0
2024-11-14,00:00,27.22,88,2.235,99,0,1012,0
2024-11-14,01:00,27.22,89,1.788,87,0,1012,0
2024-11-14,02:00,27.22,92,1.341,86,0,1011,5
2024-11-14,03:00,27.22,88,2.682,92,0,1011,0
2024-11-14,04:00,27.78,86,2.682,92,0,1011,0
2024-11-14,05:00,27.78,82,2.235,93,0,1011,0
2024-11-14,06:00,27.78,85,2.235,91,0,1011,0
2024-11-14,07:00,27.78,82,2.682,86,17,1012,0
2024-11-14,08:00,28.33,79,2.682,85,136,1012,0
2024-11-14,09:00,28.89,79,3.129,83,264,1013,0
2024-11-14,10:00,30,74,4.023,83,583,1013,0
2024-11-14,11:00,30.56,72,3.576,80,760,1012,0
2024-11-14,12:00,30.56,74,4.023,84,800,1012,0
2024-11-14,13:00,30.56,72,3.576,79,724,1011,0
2024-11-14,14:00,30.56,75,3.129,75,690,1010,0
2024-11-14,15:00,30.56,75,3.129,79,537,1010,0
2024-11-14,16:00,30,77,3.129,76,340,1010,0
2024-11-14,17:00,29.44,80,2.682,80,150,1010,0
2024-11-14,18:00,28.89,82,2.682,82,15,1011,0
2024-11-14,19:00,28.33,84,2.235,84,0,1011,0
2024-11-14,20:00,28.33,83,2.682,83,0,1012,0
2024-11-14,21:00,28.33,84,2.235,82,0,1013,0
2024-11-14,22:00,28.33,84,1.788,81,0,1013,0
2024-11-14,23:00,27.78,85,2.235,84,0,1012,0
2024-11-15,00:00,27.78,85,2.235,86,0,1012,0
2024-11-15,01:00,27.78,85,2.682,84,0,1012,0
2024-11-15,02:00,27.78,85,2.682,85,0,1011,0
2024-11-15,03:00,27.78,85,2.235,85,0,1011,0
2024-11-15,04:00,27.78,84,2.235,81,0,1011,0
2024-11-15,05:00,27.78,83,2.235,88,0,1011,0
2024-11-15,06:00,27.78,85,2.682,86,0,1012,0
2024-11-15,07:00,28.33,85,2.235,86,6,1012,0
2024-11-15,08:00,28.33,83,2.235,86,86,1013,0
2024-11-15,09:00,28.89,82,2.682,94,343,1013,0
2024-11-15,10:00,30,79,3.129,95,587,1013,0
2024-11-15,11:00,30,79,3.576,99,585,1013,0
2024-11-15,12:00,30,78,3.129,107,596,1012,0
2024-11-15,13:00,30,77,3.129,108,676,1011,0
2024-11-15,14:00,30,76,3.576,111,668,1010,0
2024-11-15,15:00,30.56,75,3.129,110,565,1010,0
2024-11-15,16:00,30.56,77,2.682,118,465,1010,0
2024-11-15,17:00,29.44,83,2.235,115,256,1010,0
2024-11-15,18:00,28.89,84,1.788,121,49,1011,0
2024-11-15,19:00,28.33,85,1.341,120,0,1011,0
2024-11-15,20:00,27.78,88,1.341,114,0,1012,0
2024-11-15,21:00,27.78,87,1.341,123,0,1013,0
2024-11-15,22:00,27.78,87,0.8941,109,0,1013,0
2024-11-15,23:00,27.78,90,1.341,99,0,1013,2
2024-11-16,00:00,26.67,92,0.8941,82,0,1013,2
2024-11-16,01:00,26.67,92,0.8941,94,0,1013,0
2024-11-16,02:00,26.67,89,1.341,108,0,1013,0
2024-11-16,03:00,26.67,91,0.8941,99,0,1012,0
2024-11-16,04:00,26.67,91,0.8941,92,0,1012,0
2024-11-16,05:00,26.67,91,0.8941,87,0,1012,0
2024-11-16,06:00,26.67,92,0.447,52,0,1013,0
2024-11-16,07:00,26.11,92,0.447,85,12,1013,0
2024-11-16,08:00,27.22,89,0.447,71,112,1014,0
2024-11-16,09:00,28.33,84,1.788,87,260,1014,0
2024-11-16,10:00,29.44,79,2.235,92,471,1015,0
2024-11-16,11:00,30,77,2.682,91,607,1014,0
2024-11-16,12:00,30,72,2.682,99,786,1014,0
2024-11-16,13:00,30.56,72,2.682,99,820,1013,0
2024-11-16,14:00,30,74,2.682,97,669,1012,0
2024-11-16,15:00,30,73,2.682,91,518,1012,0
2024-11-16,16:00,30,76,3.129,93,444,1012,0
2024-11-16,17:00,29.44,79,2.682,91,191,1012,0
2024-11-16,18:00,28.33,82,1.788,83,32,1012,0
2024-11-16,19:00,27.78,84,0.8941,105,0,1012,0
2024-11-16,20:00,27.22,85,0.8941,114,0,1013,0
2024-11-16,21:00,27.78,84,1.341,110,0,1013,0
2024-11-16,22:00,27.78,84,1.341,104,0,1013,0
2024-11-16,23:00,27.78,84,1.788,109,0,1013,0
2024-11-17,00:00,27.78,84,1.788,105,0,1013,0
2024-11-17,01:00,27.78,85,0.8941,91,0,1013,0
2024-11-17,02:00,27.22,86,0.447,58,0,1013,0
2024-11-17,03:00,27.22,84,0.8941,95,0,1012,0
2024-11-17,04:00,27.22,85,0.8941,87,0,1012,0
2024-11-17,05:00,27.22,84,1.341,89,0,1012,0
2024-11-17,06:00,27.22,84,1.341,79,0,1012,0
2024-11-17,07:00,27.22,83,2.235,86,16,1013,0
2024-11-17,08:00,27.78,78,2.682,84,142,1014,0
2024-11-17,09:00,29.44,75,3.129,83,421,1014,0
2024-11-17,10:00,29.44,73,3.129,83,593,1014,0
2024-11-17,11:00,30,73,3.576,87,710,1014,0
2024-11-17,12:00,30,72,3.576,92,826,1013,0
2024-11-17,13:00,30,72,3.576,92,826,1012,0
2024-11-17,14:00,30,74,3.129,90,765,1012,0
2024-11-17,15:00,30,73,2.682,87,556,1011,0
2024-11-17,16:00,29.44,75,2.682,81,301,1011,0
2024-11-17,17:00,29.44,76,2.682,80,157,1012,0
2024-11-17,18:00,28.33,79,2.235,82,28,1012,0
2024-11-17,19:00,27.78,80,1.788,77,0,1012,0
2024-11-17,20:00,27.78,80,1.788,84,0,1013,0
2024-11-17,21:00,27.22,80,1.788,87,0,1013,0
2024-11-17,22:00,27.22,81,1.788,83,0,1013,0
2024-11-17,23:00,27.22,82,1.341,110,0,1013,0
2024-11-18,00:00,26.67,84,0.8941,107,0,1013,0
2024-11-18,01:00,26.67,86,0.447,98,0,1013,0
2024-11-18,02:00,26.67,84,1.341,103,0,1013,0
2024-11-18,03:00,26.67,83,1.341,99,0,1012,0
2024-11-18,04:00,26.67,84,0.8941,105,0,1012,0
2024-11-18,05:00,26.11,85,0.8941,94,0,1012,0
2024-11-18,06:00,25.56,85,0.8941,102,0,1012,0
2024-11-18,07:00,25.56,82,0.8941,103,26,1013,0
2024-11-18,08:00,27.22,77,0.8941,97,154,1013,0
2024-11-18,09:00,28.89,72,1.788,74,375,1014,0
2024-11-18,10:00,28.89,78,1.788,74,254,1014,0
2024-11-18,11:00,29.44,72,2.235,77,593,1014,0
2024-11-18,12:00,29.44,73,1.788,63,685,1013,0
2024-11-18,13:00,29.44,71,2.235,67,736,1012,0
2024-11-18,14:00,29.44,73,1.788,67,526,1012,0
2024-11-18,15:00,27.78,79,2.682,78,264,1011,2
2024-11-18,16:00,28.33,74,1.788,74,316,1011,0
2024-11-18,17:00,28.89,76,1.788,79,159,1011,0
2024-11-18,18:00,28.33,81,1.788,82,31,1011,0
2024-11-18,19:00,27.78,84,1.788,90,0,1011,0
2024-11-18,20:00,27.22,85,1.341,92,0,1012,0
2024-11-18,21:00,27.22,84,1.341,94,0,1012,0
2024-11-18,22:00,27.22,85,1.788,86,0,1012,0
2024-11-18,23:00,27.22,84,2.235,85,0,1012,0
2024-11-19,00:00,27.22,83,2.235,87,0,1012,0
2024-11-19,01:00,27.22,82,2.235,89,0,1012,0
2024-11-19,02:00,26.67,89,2.235,90,0,1011,0
2024-11-19,03:00,26.67,85,2.235,90,0,1011,0
2024-11-19,04:00,26.67,83,2.235,92,0,1011,0
2024-11-19,05:00,26.67,83,2.235,91,0,1011,0
2024-11-19,06:00,26.67,80,2.235,90,0,1011,0
2024-11-19,07:00,26.67,79,2.235,85,20,1012,0
2024-11-19,08:00,27.78,74,2.235,84,180,1012,0
2024-11-19,09:00,28.89,75,2.682,72,350,1013,0
2024-11-19,10:00,29.44,75,3.129,76,572,1013,0
2024-11-19,11:00,29.44,74,3.129,73,562,1012,0
2024-11-19,12:00,29.44,73,2.682,71,603,1012,0
2024-11-19,13:00,30,72,3.129,80,776,1011,0
2024-11-19,14:00,30,73,3.129,81,734,1010,0
2024-11-19,15:00,29.44,75,2.682,75,402,1010,0
2024-11-19,16:00,29.44,75,2.682,78,313,1009,0
2024-11-19,17:00,28.89,75,2.682,83,163,1010,0
2024-11-19,18:00,28.33,79,2.235,82,32,1010,0
2024-11-19,19:00,27.78,83,1.788,85,0,1011,0
2024-11-19,20:00,27.78,79,1.788,82,0,1011,0
2024-11-19,21:00,27.78,81,1.341,83,0,1012,0
2024-11-19,22:00,27.78,81,2.235,82,0,1012,0
2024-11-19,23:00,27.78,82,1.788,87,0,1012,0
2024-11-20,00:00,27.78,84,1.788,84,0,1012,0
2024-11-20,01:00,27.22,88,2.235,85,0,1011,0
2024-11-20,02:00,27.22,88,1.788,87,0,1011,0
2024-11-20,03:00,27.22,89,2.235,86,0,1010,1
2024-11-20,04:00,25.56,93,1.341,104,0,1010,2
2024-11-20,05:00,25.56,92,1.341,76,0,1010,0
2024-11-20,06:00,26.11,92,1.341,98,0,1010,1
2024-11-20,07:00,26.11,92,1.341,110,19,1011,0
2024-11-20,08:00,27.22,86,1.341,99,91,1012,0
2024-11-20,09:00,28.33,81,2.235,100,288,1013,0
2024-11-20,10:00,29.44,76,3.576,99,586,1013,0
2024-11-20,11:00,30,76,3.576,98,714,1012,0
2024-11-20,12:00,30,76,3.576,101,762,1012,0
2024-11-20,13:00,30,75,3.576,91,715,1011,0
2024-11-20,14:00,30,74,3.129,93,701,1010,0
2024-11-20,15:00,30,74,3.129,88,616,1009,0
2024-11-20,16:00,30,74,3.129,88,426,1009,0
2024-11-20,17:00,29.44,78,2.682,86,162,1010,0
2024-11-20,18:00,28.33,82,2.235,83,25,1010,0
2024-11-20,19:00,27.78,83,1.341,93,0,1011,0
2024-11-20,20:00,27.78,82,1.788,90,0,1012,0
2024-11-20,21:00,28.33,82,1.788,92,0,1012,0
2024-11-20,22:00,28.33,82,1.788,99,0,1012,0
2024-11-20,23:00,27.78,82,1.788,101,0,1012,0
2024-11-21,00:00,27.78,83,1.788,100,0,1012,0
2024-11-21,01:00,27.78,85,1.341,100,0,1011,0
2024-11-21,02:00,27.78,84,1.341,107,0,1011,0
2024-11-21,03:00,27.78,83,1.341,110,0,1011,0
2024-11-21,04:00,27.22,85,0.8941,114,0,1010,0
2024-11-21,05:00,27.22,84,0.8941,110,0,1010,0
2024-11-21,06:00,27.22,85,0.8941,111,0,1010,0
2024-11-21,07:00,27.22,84,0.8941,115,25,1011,0
2024-11-21,08:00,27.78,83,0.8941,107,87,1012,0
2024-11-21,09:00,29.44,78,2.235,88,303,1012,0
2024-11-21,10:00,30,74,2.682,96,495,1013,0
2024-11-21,11:00,30,79,2.682,81,656,1012,0
2024-11-21,12:00,30.56,73,3.129,84,738,1012,0
2024-11-21,13:00,30.56,74,3.129,83,815,1011,0
2024-11-21,14:00,29.44,82,2.235,81,568,1010,2
2024-11-21,15:00,30,75,3.129,90,618,1009,0
2024-11-21,16:00,30,75,3.129,82,400,1009,0
2024-11-21,17:00,29.44,78,2.682,83,169,1010,0
2024-11-21,18:00,28.89,82,2.235,80,34,1011,0
2024-11-21,19:00,28.33,81,2.235,83,0,1011,0
2024-11-21,20:00,28.33,84,1.788,83,0,1012,0
2024-11-21,21:00,27.78,84,1.788,82,0,1012,0
2024-11-21,22:00,27.78,83,2.235,83,0,1013,0
2024-11-21,23:00,27.78,84,1.788,86,0,1013,0
2024-11-22,00:00,27.78,84,2.235,85,0,1012,0
2024-11-22,01:00,27.78,83,1.788,83,0,1012,0
2024-11-22,02:00,27.78,84,1.341,85,0,1012,0
2024-11-22,03:00,27.78,83,1.788,91,0,1011,0
2024-11-22,04:00,27.22,84,1.341,95,0,1011,0
2024-11-22,05:00,27.22,85,0.8941,108,0,1011,0
2024-11-22,06:00,26.67,86,0.8941,125,0,1011,0
2024-11-22,07:00,26.67,87,0.8941,130,9,1012,0
2024-11-22,08:00,27.78,78,1.788,94,117,1013,0
2024-11-22,09:00,29.44,76,2.235,86,306,1013,0
2024-11-22,10:00,30,73,2.682,85,566,1014,0
2024-11-22,11:00,30,74,3.576,90,724,1013,0
2024-11-22,12:00,30,73,3.576,89,831,1013,0
2024-11-22,13:00,30.56,72,3.576,93,824,1012,0
2024-11-22,14:00,30.56,72,3.129,88,706,1011,0
2024-11-22,15:00,30,73,3.129,87,599,1011,0
2024-11-22,16:00,30,74,3.129,83,412,1011,0
2024-11-22,17:00,29.44,77,3.129,88,234,1011,0
2024-11-22,18:00,28.89,80,3.129,83,33,1011,0
2024-11-22,19:00,28.33,81,2.682,88,0,1011,0
2024-11-22,20:00,28.33,81,2.682,88,0,1012,0
2024-11-22,21:00,28.33,82,2.682,83,0,1012,0
2024-11-22,22:00,28.33,81,2.682,81,0,1012,0
2024-11-22,23:00,28.33,81,2.682,83,0,1012,0
2024-11-23,00:00,28.33,81,2.682,87,0,1012,0
2024-11-23,01:00,28.33,81,2.682,83,0,1012,0
2024-11-23,02:00,28.33,82,2.682,84,0,1011,0
2024-11-23,03:00,28.33,82,2.682,87,0,1011,0
2024-11-23,04:00,27.78,84,2.235,81,0,1011,0
2024-11-23,05:00,27.78,83,2.682,83,0,1011,0
2024-11-23,06:00,27.78,83,2.235,81,0,1012,0
2024-11-23,07:00,27.78,84,2.235,81,17,1012,0
2024-11-23,08:00,28.33,82,2.235,85,89,1013,0
2024-11-23,09:00,29.44,77,3.129,86,302,1013,0
2024-11-23,10:00,29.44,86,4.023,95,382,1014,0
2024-11-23,11:00,29.44,76,4.023,91,755,1013,0
2024-11-23,12:00,30,77,4.023,89,778,1012,0
2024-11-23,13:00,30.56,76,4.023,84,748,1012,0
2024-11-23,14:00,30.56,76,3.576,91,689,1011,0
2024-11-23,15:00,30,78,3.576,84,439,1011,0
2024-11-23,16:00,30,78,3.576,87,404,1011,0
2024-11-23,17:00,29.44,82,3.129,85,198,1011,0
2024-11-23,18:00,28.89,84,2.682,84,29,1012,0
2024-11-23,19:00,28.33,83,2.682,83,0,1012,0
2024-11-23,20:00,28.89,82,2.235,89,0,1012,0
2024-11-23,21:00,28.33,85,2.235,87,0,1013,0
2024-11-23,22:00,28.33,83,2.682,85,0,1013,0
2024-11-23,23:00,28.33,85,2.235,81,0,1013,0
2024-11-24,00:00,28.33,83,2.235,86,0,1013,0
2024-11-24,01:00,28.33,85,2.235,84,0,1013,0
2024-11-24,02:00,28.33,85,2.235,88,0,1012,0
2024-11-24,03:00,28.33,83,2.235,89,0,1012,0
2024-11-24,04:00,27.78,85,2.235,86,0,1011,0
2024-11-24,05:00,27.78,88,2.235,91,0,1012,2
2024-11-24,06:00,27.22,88,1.788,90,0,1012,0
2024-11-24,07:00,27.22,84,2.682,92,17,1013,0
2024-11-24,08:00,28.33,81,2.682,88,93,1013,0
2024-11-24,09:00,28.89,77,3.129,83,316,1014,0
2024-11-24,10:00,30,74,3.129,81,555,1014,0
2024-11-24,11:00,30,73,3.576,79,706,1014,0
2024-11-24,12:00,30,74,4.023,80,732,1013,0
2024-11-24,13:00,30.56,74,4.023,83,747,1012,0
2024-11-24,14:00,30,72,4.917,88,733,1011,0
2024-11-24,15:00,30,74,4.47,87,612,1011,0
2024-11-24,16:00,30,76,3.129,88,445,1011,0
2024-11-24,17:00,29.44,75,3.129,82,178,1011,0
2024-11-24,18:00,28.89,79,2.682,81,31,1012,0
2024-11-24,19:00,28.33,81,2.682,82,0,1012,0
2024-11-24,20:00,28.33,80,2.235,83,0,1013,0
2024-11-24,21:00,28.33,81,2.235,81,0,1013,0
2024-11-24,22:00,28.33,81,2.682,82,0,1013,0
2024-11-24,23:00,28.33,81,2.682,83,0,1013,0
2024-11-25,00:00,28.33,78,2.682,84,0,1013,0
2024-11-25,01:00,27.78,80,2.682,85,0,1013,0
2024-11-25,02:00,27.78,81,2.235,85,0,1012,0
2024-11-25,03:00,27.78,86,2.682,93,0,1011,0
2024-11-25,04:00,27.22,85,2.235,81,0,1011,0
2024-11-25,05:00,27.22,88,2.235,82,0,1011,0
2024-11-25,06:00,27.22,87,2.235,82,0,1011,0
2024-11-25,07:00,27.78,86,2.682,82,13,1012,0
2024-11-25,08:00,27.78,82,3.129,82,107,1013,0
2024-11-25,09:00,28.89,79,3.576,80,279,1013,0
2024-11-25,10:00,30,77,3.576,82,564,1013,0
2024-11-25,11:00,30,82,4.023,84,534,1013,0
2024-11-25,12:00,26.67,92,3.129,103,48,1012,7
2024-11-25,13:00,27.22,92,3.129,93,198,1011,4
2024-11-25,14:00,26.11,92,3.576,100,53,1011,0
2024-11-25,15:00,27.22,86,2.682,88,174,1010,0
2024-11-25,16:00,28.33,85,3.576,90,319,1009,0
2024-11-25,17:00,26.67,91,2.682,95,66,1010,4
2024-11-25,18:00,26.67,92,3.129,93,23,1011,1
2024-11-25,19:00,26.67,89,2.682,101,0,1011,0
2024-11-25,20:00,27.78,88,2.235,85,0,1012,0
2024-11-25,21:00,27.78,86,2.682,83,0,1012,0
2024-11-25,22:00,28.33,85,3.129,83,0,1013,0
2024-11-25,23:00,27.78,86,3.129,83,0,1013,0
2024-11-26,00:00,27.78,86,3.129,85,0,1012,0
2024-11-26,01:00,28.33,85,3.129,85,0,1012,0
2024-11-26,02:00,28.33,84,3.129,84,0,1011,0
2024-11-26,03:00,28.33,84,3.129,86,0,1011,0
2024-11-26,04:00,28.33,82,3.129,93,0,1010,0
2024-11-26,05:00,28.33,82,2.682,107,0,1011,0
2024-11-26,06:00,28.33,80,2.682,105,0,1011,0
2024-11-26,07:00,28.33,81,2.682,99,20,1012,0
2024-11-26,08:00,28.89,79,3.129,88,118,1012,0
2024-11-26,09:00,29.44,77,3.576,86,270,1013,0
2024-11-26,10:00,30,77,4.023,85,499,1013,0
2024-11-26,11:00,30,77,4.023,88,609,1013,0
2024-11-26,12:00,30,81,4.023,87,578,1012,0
2024-11-26,13:00,30,74,4.023,92,756,1011,0
2024-11-26,14:00,30,73,4.023,89,696,1010,0
2024-11-26,15:00,30,73,4.023,81,604,1009,0
2024-11-26,16:00,30,75,4.023,86,373,1009,0
2024-11-26,17:00,29.44,77,3.576,83,191,1009,0
2024-11-26,18:00,28.89,79,3.129,85,35,1010,0
2024-11-26,19:00,28.33,79,2.682,83,0,1011,0
2024-11-26,20:00,28.33,79,2.682,85,0,1011,0
2024-11-26,21:00,28.33,79,3.129,85,0,1012,0
2024-11-26,22:00,28.33,78,3.129,85,0,1012,0
2024-11-26,23:00,28.33,78,3.129,86,0,1012,0
2024-11-27,00:00,28.33,79,3.129,84,0,1012,0
2024-11-27,01:00,27.78,78,2.682,82,0,1012,0
2024-11-27,02:00,27.78,79,3.129,84,0,1011,0
2024-11-27,03:00,27.78,76,3.129,83,0,1011,0
2024-11-27,04:00,27.78,81,3.129,83,0,1010,0
2024-11-27,05:00,27.22,74,3.129,87,0,1011,0
2024-11-27,06:00,27.78,75,3.129,86,0,1011,0
2024-11-27,07:00,27.78,78,3.129,87,13,1011,0
2024-11-27,08:00,28.33,77,3.576,86,108,1012,0
2024-11-27,09:00,29.44,72,4.023,87,313,1013,0
2024-11-27,10:00,29.44,76,4.47,83,491,1013,0
2024-11-27,11:00,29.44,76,4.47,85,672,1013,0
2024-11-27,12:00,30,71,4.47,97,741,1012,0
2024-11-27,13:00,30.56,75,4.47,92,718,1011,0
2024-11-27,14:00,30.56,74,4.023,92,608,1010,0
2024-11-27,15:00,30,74,4.023,90,556,1010,0
2024-11-27,16:00,30,75,4.023,91,331,1010,0
2024-11-27,17:00,29.44,77,3.576,86,200,1011,0
2024-11-27,18:00,28.89,80,2.682,85,40,1011,0
2024-11-27,19:00,28.33,90,4.023,89,0,1012,4
2024-11-27,20:00,25.56,91,4.023,107,0,1012,3
2024-11-27,21:00,26.67,90,3.129,95,0,1013,0
2024-11-27,22:00,26.11,92,3.129,101,0,1013,1
2024-11-27,23:00,27.22,90,2.235,102,0,1013,0
2024-11-28,00:00,27.78,86,2.682,91,0,1013,0
2024-11-28,01:00,27.78,85,3.129,87,0,1012,0
2024-11-28,02:00,27.78,89,3.576,93,0,1012,3
2024-11-28,03:00,26.11,91,2.682,100,0,1011,0
2024-11-28,04:00,26.67,90,2.682,96,0,1011,0
2024-11-28,05:00,27.22,88,3.129,93,0,1010,0
2024-11-28,06:00,27.78,84,4.023,89,0,1011,0
2024-11-28,07:00,28.33,85,3.576,89,23,1011,0
2024-11-28,08:00,28.33,84,3.576,89,111,1012,0
2024-11-28,09:00,28.89,84,3.576,92,205,1012,0
2024-11-28,10:00,29.44,82,4.023,96,397,1013,0
2024-11-28,11:00,30,80,4.47,94,490,1012,0
2024-11-28,12:00,30.56,78,4.023,99,687,1011,0
2024-11-28,13:00,30.56,77,4.47,89,738,1011,0
2024-11-28,14:00,30.56,77,4.47,97,664,1010,0
2024-11-28,15:00,28.89,84,3.129,88,346,1009,0
2024-11-28,16:00,29.44,78,3.576,90,397,1009,0
2024-11-28,17:00,29.44,80,3.576,97,194,1010,0
2024-11-28,18:00,27.78,90,4.023,106,23,1011,2
2024-11-28,19:00,26.11,90,1.788,97,0,1011,0
2024-11-28,20:00,27.22,91,1.788,101,0,1012,0
2024-11-28,21:00,27.78,88,2.235,100,0,1012,0
2024-11-28,22:00,28.33,87,2.235,101,0,1013,0
2024-11-28,23:00,28.33,88,2.682,108,0,1013,0
2024-11-29,00:00,28.33,90,1.788,99,0,1012,1
2024-11-29,01:00,27.78,87,2.235,99,0,1012,0
2024-11-29,02:00,28.33,86,2.235,89,0,1012,0
2024-11-29,03:00,27.78,89,2.235,84,0,1011,1
2024-11-29,04:00,26.67,91,1.341,73,0,1010,0
2024-11-29,05:00,27.22,92,1.341,69,0,1009,0
2024-11-29,06:00,27.22,89,2.235,87,0,1010,0
2024-11-29,07:00,27.78,87,2.682,86,9,1011,0
2024-11-29,08:00,28.33,85,2.682,96,88,1011,0
2024-11-29,09:00,28.89,81,3.576,95,288,1012,0
2024-11-29,10:00,30,81,3.129,97,445,1012,0
2024-11-29,11:00,30,78,3.576,93,687,1012,0
2024-11-29,12:00,30.56,78,4.023,100,754,1011,0
2024-11-29,13:00,30.56,77,4.023,106,772,1010,0
2024-11-29,14:00,30,76,3.576,102,618,1009,0
2024-11-29,15:00,30.56,78,3.129,102,515,1009,0
2024-11-29,16:00,30,80,2.682,98,287,1009,0
2024-11-29,17:00,29.44,81,1.788,85,78,1009,0
2024-11-29,18:00,28.89,83,1.788,84,22,1010,0
2024-11-29,19:00,28.89,84,1.341,89,0,1011,0
2024-11-29,20:00,28.89,84,1.788,105,0,1011,0
2024-11-29,21:00,28.33,85,2.682,119,0,1012,0
2024-11-29,22:00,28.33,86,1.788,106,0,1012,0
2024-11-29,23:00,28.33,87,1.788,94,0,1012,0
2024-11-30,00:00,28.33,86,2.235,99,0,1012,0
2024-11-30,01:00,28.33,83,2.682,100,0,1011,0
2024-11-30,02:00,28.33,84,1.788,103,0,1011,0
2024-11-30,03:00,28.33,84,1.788,106,0,1010,0
2024-11-30,04:00,28.33,84,1.788,98,0,1010,0
2024-11-30,05:00,28.33,85,1.788,97,0,1010,0
2024-11-30,06:00,28.33,85,2.235,101,0,1010,0
2024-11-30,07:00,28.33,85,2.235,96,10,1011,0
2024-11-30,08:00,28.33,81,2.682,100,86,1012,0
2024-11-30,09:00,28.89,81,3.129,100,261,1012,0
2024-11-30,10:00,29.44,81,3.576,99,419,1012,0
2024-11-30,11:00,29.44,79,3.576,96,422,1012,0
2024-11-30,12:00,30,77,4.023,105,513,1011,0
2024-11-30,13:00,30,73,4.023,104,582,1010,0
2024-11-30,14:00,30,75,3.576,95,748,1009,0
2024-11-30,15:00,30,74,3.576,95,603,1008,0
2024-11-30,16:00,30,75,3.576,97,446,1008,0
2024-11-30,17:00,29.44,76,3.129,85,225,1008,0
2024-11-30,18:00,28.89,80,2.235,81,38,1009,0
2024-11-30,19:00,27.78,80,1.788,83,0,1010,0
2024-11-30,20:00,27.78,82,1.788,86,0,1011,0
2024-11-30,21:00,27.78,83,1.341,86,0,1011,0
2024-11-30,22:00,27.78,83,1.788,87,0,1011,0
2024-11-30,23:00,27.78,84,1.341,91,0,1012,0
2024-12-01,00:00,26.67,87,1.788,77,0,1012,0
2024-12-01,01:00,26.67,90,0.8941,90,0,1011,0
2024-12-01,02:00,26.67,93,1.341,105,0,1011,3
2024-12-01,03:00,26.67,93,0.8941,109,0,1010,0
2024-12-01,04:00,27.22,92,1.788,87,0,1010,0
2024-12-01,05:00,26.67,91,1.341,95,0,1010,0
2024-12-01,06:00,27.22,89,1.788,85,0,1010,0
2024-12-01,07:00,27.78,87,2.682,86,9,1011,0
2024-12-01,08:00,27.22,90,3.129,92,111,1012,0
2024-12-01,09:00,28.33,83,3.129,94,337,1012,0
2024-12-01,10:00,29.44,80,4.023,102,570,1012,0
2024-12-01,11:00,30,81,4.023,99,767,1012,0
2024-12-01,12:00,30,74,4.023,103,782,1012,0
2024-12-01,13:00,30.56,74,3.576,104,773,1011,0
2024-12-01,14:00,30.56,75,3.576,94,757,1010,0
2024-12-01,15:00,30.56,78,3.576,93,558,1009,0
2024-12-01,16:00,30,78,3.576,90,424,1009,0
2024-12-01,17:00,30,77,3.129,91,221,1010,0
2024-12-01,18:00,28.89,80,2.682,85,28,1010,0
2024-12-01,19:00,28.33,77,2.682,85,0,1011,0
2024-12-01,20:00,28.33,76,2.682,93,0,1011,0
2024-12-01,21:00,28.33,75,3.576,94,0,1011,0
2024-12-01,22:00,28.33,77,3.576,92,0,1011,0
2024-12-01,23:00,28.33,76,3.576,94,0,1011,0
2024-12-02,00:00,28.33,73,4.023,91,0,1011,0
2024-12-02,01:00,28.33,74,3.576,87,0,1011,0
2024-12-02,02:00,28.33,76,3.129,92,0,1011,0
2024-12-02,03:00,28.33,82,2.682,89,0,1011,0
2024-12-02,04:00,26.67,90,2.235,105,0,1010,1
2024-12-02,05:00,27.22,79,2.682,106,0,1010,0
2024-12-02,06:00,27.78,80,2.682,107,0,1011,0
2024-12-02,07:00,27.78,82,2.235,107,17,1011,0
2024-12-02,08:00,28.33,79,2.235,86,114,1012,0
2024-12-02,09:00,28.89,78,2.682,82,228,1012,0
2024-12-02,10:00,30,73,3.129,84,531,1013,0
2024-12-02,11:00,30,74,3.129,83,622,1012,0
2024-12-02,12:00,30,73,3.576,81,640,1012,0
2024-12-02,13:00,30.56,75,3.576,79,649,1011,0
2024-12-02,14:00,30,74,3.576,79,561,1010,0
2024-12-02,15:00,30,73,3.576,84,544,1009,0
2024-12-02,16:00,30,74,4.023,78,398,1009,0
2024-12-02,17:00,29.44,75,3.576,81,209,1009,0
2024-12-02,18:00,28.89,79,3.129,82,28,1009,0
2024-12-02,19:00,28.33,80,2.682,81,0,1010,0
2024-12-02,20:00,28.33,84,2.682,83,0,1011,0
2024-12-02,21:00,28.33,83,3.129,85,0,1011,0
2024-12-02,22:00,28.33,80,3.576,87,0,1011,0
2024-12-02,23:00,28.33,83,3.129,84,0,1011,0
2024-12-03,00:00,28.33,80,2.682,84,0,1011,0
2024-12-03,01:00,28.33,79,2.682,84,0,1010,0
2024-12-03,02:00,28.33,78,3.129,82,0,1010,0
2024-12-03,03:00,28.33,81,2.682,83,0,1009,0
2024-12-03,04:00,26.67,91,3.129,95,0,1009,5
2024-12-03,05:00,26.67,89,2.235,94,0,1009,0
2024-12-03,06:00,27.78,83,2.235,94,0,1009,0
2024-12-03,07:00,27.78,84,2.682,88,2,1010,0
2024-12-03,08:00,27.78,91,3.576,99,19,1011,4
2024-12-03,09:00,27.22,88,2.682,107,225,1011,0
2024-12-03,10:00,29.44,81,3.576,89,476,1011,0
2024-12-03,11:00,29.44,78,3.576,87,476,1011,0
2024-12-03,12:00,30,77,4.023,93,635,1011,0
2024-12-03,13:00,29.44,80,4.023,89,326,1010,0
2024-12-03,14:00,27.78,89,3.576,100,97,1009,0
2024-12-03,15:00,27.22,88,2.682,96,232,1009,0
2024-12-03,16:00,27.78,87,3.129,95,273,1008,0
2024-12-03,17:00,28.33,86,3.576,99,172,1009,0
2024-12-03,18:00,27.78,86,2.682,104,13,1009,0
2024-12-03,19:00,27.78,85,2.235,100,0,1009,0
2024-12-03,20:00,27.78,87,2.235,81,0,1010,0
2024-12-03,21:00,27.78,89,2.235,89,0,1011,0
2024-12-03,22:00,27.78,86,2.235,101,0,1011,0
2024-12-03,23:00,28.33,85,2.235,101,0,1010,0
2024-12-04,00:00,27.78,85,1.788,99,0,1010,0
2024-12-04,01:00,27.78,84,1.341,81,0,1010,0
2024-12-04,02:00,27.78,84,1.788,92,0,1009,0
2024-12-04,03:00,27.78,86,1.788,91,0,1009,0
2024-12-04,04:00,26.67,87,2.682,92,0,1009,0
2024-12-04,05:00,26.67,87,1.788,80,0,1009,0
2024-12-04,06:00,27.22,89,1.341,86,0,1009,0
2024-12-04,07:00,27.22,90,1.788,99,8,1009,0
2024-12-04,08:00,27.22,87,3.129,103,80,1010,0
2024-12-04,09:00,27.78,83,3.129,99,243,1011,0
2024-12-04,10:00,28.33,86,4.023,89,406,1011,0
2024-12-04,11:00,28.89,81,4.023,95,773,1011,0
2024-12-04,12:00,29.44,82,3.576,90,464,1011,0
2024-12-04,13:00,30,80,4.023,94,681,1009,0
2024-12-04,14:00,28.89,79,4.023,107,680,1008,0
2024-12-04,15:00,29.44,75,3.129,96,556,1008,0
2024-12-04,16:00,30,75,3.129,107,321,1007,0
2024-12-04,17:00,29.44,75,1.788,117,94,1008,0
2024-12-04,18:00,28.89,74,1.341,48,16,1008,0
2024-12-04,19:00,28.89,76,1.341,129,0,1009,0
2024-12-04,20:00,28.33,80,1.341,118,0,1009,0
2024-12-04,21:00,28.33,81,1.341,112,0,1010,0
2024-12-04,22:00,28.33,78,1.341,118,0,1010,0
2024-12-04,23:00,28.33,78,1.341,113,0,1010,0
2024-12-05,00:00,28.33,79,0.8941,101,0,1010,0
2024-12-05,01:00,27.78,78,1.341,106,0,1010,0
2024-12-05,02:00,27.78,80,0.8941,99,0,1010,0
2024-12-05,03:00,27.78,79,1.341,115,0,1009,0
2024-12-05,04:00,27.78,78,1.341,114,0,1009,0
2024-12-05,05:00,27.78,78,0.8941,120,0,1009,0
2024-12-05,06:00,27.78,78,0.8941,125,0,1009,0
2024-12-05,07:00,27.78,79,0.8941,111,19,1010,0
2024-12-05,08:00,28.89,72,1.788,108,184,1011,0
2024-12-05,09:00,29.44,70,2.682,112,362,1012,0
2024-12-05,10:00,30,70,3.129,110,547,1012,0
2024-12-05,11:00,30,69,3.129,102,689,1011,0
2024-12-05,12:00,30.56,68,3.576,103,762,1011,0
2024-12-05,13:00,30.56,70,3.576,95,781,1010,0
2024-12-05,14:00,30.56,72,3.129,105,730,1009,0
2024-12-05,15:00,30,70,3.129,97,612,1009,0
2024-12-05,16:00,30,70,3.129,97,405,1008,0
2024-12-05,17:00,29.44,73,2.682,106,228,1009,0
2024-12-05,18:00,28.33,75,2.235,105,24,1009,0
2024-12-05,19:00,27.78,77,1.788,105,0,1010,0
2024-12-05,20:00,27.78,78,1.788,105,0,1011,0
2024-12-05,21:00,27.78,78,2.235,90,0,1011,0
2024-12-05,22:00,27.78,80,1.788,95,0,1011,0
2024-12-05,23:00,27.78,81,2.235,106,0,1011,0
2024-12-06,00:00,27.78,81,2.235,96,0,1011,0
2024-12-06,01:00,27.78,82,1.788,96,0,1011,0
2024-12-06,02:00,27.22,85,1.341,103,0,1011,0
2024-12-06,03:00,27.22,83,1.341,99,0,1010,0
2024-12-06,04:00,27.78,83,2.235,105,0,1010,0
2024-12-06,05:00,27.78,84,1.788,96,0,1010,0
2024-12-06,06:00,27.78,85,1.341,91,0,1010,0
2024-12-06,07:00,27.78,86,1.341,100,9,1011,0
2024-12-06,08:00,27.78,87,1.341,82,82,1011,0
2024-12-06,09:00,29.44,79,2.235,80,341,1011,0
2024-12-06,10:00,29.44,80,3.129,77,543,1012,0
2024-12-06,11:00,30,78,3.129,82,667,1011,0
2024-12-06,12:00,30,77,3.576,92,688,1011,0
2024-12-06,13:00,30.56,76,3.129,91,694,1010,0
2024-12-06,14:00,30,77,2.682,100,538,1009,0
2024-12-06,15:00,30,80,2.682,91,429,1009,0
2024-12-06,16:00,30,82,2.682,107,263,1009,0
2024-12-06,17:00,29.44,83,3.129,105,207,1009,0
2024-12-06,18:00,28.89,84,3.129,108,14,1009,0
2024-12-06,19:00,28.89,84,3.576,110,0,1010,0
2024-12-06,20:00,28.89,85,3.129,108,0,1011,0
2024-12-06,21:00,28.89,84,2.682,108,0,1011,0
2024-12-06,22:00,28.89,85,1.788,100,0,1012,0
2024-12-06,23:00,28.33,85,1.788,104,0,1012,0
2024-12-07,00:00,28.33,84,1.788,106,0,1011,0
2024-12-07,01:00,28.33,85,1.788,95,0,1011,0
2024-12-07,02:00,28.33,85,1.341,77,0,1011,0
2024-12-07,03:00,28.33,87,1.788,80,0,1011,0
2024-12-07,04:00,28.33,87,1.788,82,0,1010,0
2024-12-07,05:00,28.33,87,1.788,89,0,1010,0
2024-12-07,06:00,28.33,86,1.788,82,0,1011,0
2024-12-07,07:00,28.33,86,2.235,85,11,1011,0
2024-12-07,08:00,28.33,85,2.682,82,58,1012,0
2024-12-07,09:00,28.33,86,2.682,87,264,1012,0
2024-12-07,10:00,29.44,83,3.576,91,358,1012,0
2024-12-07,11:00,29.44,81,3.576,88,426,1012,0
2024-12-07,12:00,30,77,4.47,86,606,1011,0
2024-12-07,13:00,30,78,4.023,89,584,1011,0
2024-12-07,14:00,29.44,85,3.576,95,196,1010,0
2024-12-07,15:00,29.44,77,3.576,97,415,1009,0
2024-12-07,16:00,29.44,80,3.129,97,215,1009,0
2024-12-07,17:00,29.44,80,3.129,94,155,1010,0
2024-12-07,18:00,28.89,81,2.682,91,25,1010,0
2024-12-07,19:00,28.33,83,3.129,100,0,1011,0
2024-12-07,20:00,28.33,77,3.576,92,0,1011,0
2024-12-07,21:00,28.33,78,3.576,93,0,1012,0
2024-12-07,22:00,28.33,78,3.129,89,0,1012,0
2024-12-07,23:00,28.33,75,3.576,99,0,1012,0
2024-12-08,00:00,27.78,70,2.682,85,0,1012,0
2024-12-08,01:00,28.33,71,3.129,91,0,1012,0
2024-12-08,02:00,27.78,72,2.682,85,0,1011,0
2024-12-08,03:00,27.78,73,2.235,87,0,1011,0
2024-12-08,04:00,27.78,72,2.235,89,0,1010,0
2024-12-08,05:00,27.78,72,2.235,101,0,1010,0
2024-12-08,06:00,27.22,73,1.788,105,0,1011,0
2024-12-08,07:00,27.22,72,2.235,89,8,1011,0
2024-12-08,08:00,28.33,70,1.788,93,131,1012,0
2024-12-08,09:00,28.89,64,2.235,101,345,1012,0
2024-12-08,10:00,30,63,2.682,104,555,1012,0
2024-12-08,11:00,30,64,2.682,97,703,1012,0
2024-12-08,12:00,30,63,2.682,88,777,1011,0
2024-12-08,13:00,30.56,64,2.682,96,786,1009,0
2024-12-08,14:00,30,68,2.682,91,709,1009,0
2024-12-08,15:00,30,69,3.129,94,573,1008,0
2024-12-08,16:00,30,73,2.682,87,366,1008,0
2024-12-08,17:00,29.44,76,2.235,84,147,1008,0
2024-12-08,18:00,28.89,81,1.788,80,25,1009,0
2024-12-08,19:00,28.33,84,1.788,82,0,1010,0
2024-12-08,20:00,27.78,84,1.341,98,0,1010,0
2024-12-08,21:00,28.33,86,1.341,95,0,1011,0
2024-12-08,22:00,27.78,86,1.341,102,0,1011,0
2024-12-08,23:00,27.78,84,0.8941,127,0,1011,0
2024-12-09,00:00,27.78,83,0.8941,262,0,1011,0
2024-12-09,01:00,27.22,85,0.8941,111,0,1011,0
2024-12-09,02:00,27.22,85,0.8941,114,0,1011,0
2024-12-09,03:00,27.22,86,0.8941,111,0,1010,0
2024-12-09,04:00,26.67,85,0.447,109,0,1009,0
2024-12-09,05:00,26.67,85,0.447,13,0,1009,0
2024-12-09,06:00,26.67,82,0.8941,319,0,1010,0
2024-12-09,07:00,26.67,81,0.447,268,8,1011,0
2024-12-09,08:00,27.78,73,0.8941,79,152,1011,0
2024-12-09,09:00,29.44,70,1.341,126,362,1012,0
2024-12-09,10:00,30,69,1.788,109,549,1012,0
2024-12-09,11:00,30,67,1.788,80,690,1012,0
2024-12-09,12:00,30.56,69,1.341,18,724,1011,0
2024-12-09,13:00,30.56,67,1.341,7,824,1010,0
2024-12-09,14:00,30.56,68,1.341,57,555,1009,0
2024-12-09,15:00,30,70,1.788,67,496,1009,0
2024-12-09,16:00,29.44,72,1.341,76,272,1009,0
2024-12-09,17:00,29.44,72,1.341,64,225,1009,0
2024-12-09,18:00,28.33,77,0.8941,84,27,1009,0
2024-12-09,19:00,27.22,81,0.8941,96,0,1010,0
2024-12-09,20:00,26.67,81,0.8941,101,0,1011,0
2024-12-09,21:00,26.67,82,0.447,101,0,1011,0
2024-12-09,22:00,26.67,82,0.8941,104,0,1011,0
2024-12-09,23:00,26.67,84,0.8941,123,0,1011,0
2024-12-10,00:00,26.11,84,0.8941,125,0,1011,0
2024-12-10,01:00,26.11,83,0.447,92,0,1011,0
2024-12-10,02:00,25.56,83,0.447,107,0,1011,0
2024-12-10,03:00,25.56,83,0.447,89,0,1010,0
2024-12-10,04:00,26.11,81,0.447,117,0,1010,0
2024-12-10,05:00,26.11,81,0.447,88,0,1010,0
2024-12-10,06:00,26.11,82,0.8941,119,0,1010,0
2024-12-10,07:00,25.56,82,0.447,83,9,1011,0
2024-12-10,08:00,27.22,74,1.341,96,119,1011,0
2024-12-10,09:00,28.33,71,2.235,88,308,1012,0
2024-12-10,10:00,28.89,69,2.682,89,542,1012,0
2024-12-10,11:00,29.44,66,2.682,94,695,1012,0
2024-12-10,12:00,29.44,66,3.129,89,774,1011,0
2024-12-10,13:00,30,64,2.682,98,792,1010,0
2024-12-10,14:00,29.44,64,2.682,101,741,1009,0
2024-12-10,15:00,29.44,66,2.682,90,624,1008,0
2024-12-10,16:00,28.89,70,2.682,91,448,1008,0
2024-12-10,17:00,28.89,72,1.788,77,238,1008,0
2024-12-10,18:00,27.78,76,1.341,60,28,1009,0
2024-12-10,19:00,26.67,79,0.8941,106,0,1009,0
2024-12-10,20:00,25.56,84,0.447,44,0,1010,0
2024-12-10,21:00,25.56,82,0.8941,80,0,1011,0
2024-12-10,22:00,25.56,81,0.8941,90,0,1011,0
2024-12-10,23:00,25.56,82,0.8941,90,0,1011,0
2024-12-11,00:00,25.56,82,0.8941,117,0,1011,0
2024-12-11,01:00,25.56,84,0.447,136,0,1011,0
2024-12-11,02:00,25,86,0.447,139,0,1011,0
2024-12-11,03:00,25.56,85,0.447,120,0,1010,0
2024-12-11,04:00,25.56,84,0.8941,107,0,1009,0
2024-12-11,05:00,25.56,84,0.8941,109,0,1009,0
2024-12-11,06:00,25.56,85,0.8941,115,0,1009,0
2024-12-11,07:00,25.56,87,0.8941,112,9,1010,0
2024-12-11,08:00,26.67,78,0.8941,96,152,1010,0
2024-12-11,09:00,28.33,75,1.788,71,304,1011,0
2024-12-11,10:00,28.89,73,2.235,79,352,1011,0
2024-12-11,11:00,29.44,72,2.682,78,635,1011,0
2024-12-11,12:00,29.44,71,2.682,77,648,1010,0
2024-12-11,13:00,30,70,2.682,87,763,1009,0
2024-12-11,14:00,30,71,3.129,93,734,1008,0
2024-12-11,15:00,30,70,2.682,90,657,1008,0
2024-12-11,16:00,29.44,75,2.235,77,414,1008,0
2024-12-11,17:00,28.89,74,2.235,81,186,1009,0
2024-12-11,18:00,28.33,78,2.235,84,32,1009,0
2024-12-11,19:00,27.22,81,1.341,96,0,1010,0
2024-12-11,20:00,27.22,82,1.341,97,0,1011,0
2024-12-11,21:00,27.22,82,1.341,97,0,1011,0
2024-12-11,22:00,26.67,83,0.8941,114,0,1011,0
2024-12-11,23:00,26.67,83,0.8941,111,0,1011,0
2024-12-12,00:00,26.67,83,1.341,100,0,1011,0
2024-12-12,01:00,27.22,81,1.341,93,0,1011,0
2024-12-12,02:00,27.22,82,1.341,97,0,1011,0
2024-12-12,03:00,27.22,82,1.341,104,0,1010,0
2024-12-12,04:00,27.22,83,1.788,92,0,1009,0
2024-12-12,05:00,27.22,83,2.235,91,0,1009,0
2024-12-12,06:00,27.22,82,1.788,88,0,1010,0
2024-12-12,07:00,27.22,82,2.235,89,8,1010,0
2024-12-12,08:00,27.22,80,2.682,85,73,1011,0
2024-12-12,09:00,28.33,75,3.129,76,238,1012,0
2024-12-12,10:00,28.89,74,3.129,75,469,1012,0
2024-12-12,11:00,29.44,73,3.129,77,545,1012,0
2024-12-12,12:00,29.44,73,3.576,79,697,1011,0
2024-12-12,13:00,30,72,3.576,74,761,1010,0
2024-12-12,14:00,30,71,4.023,81,684,1009,0
2024-12-12,15:00,29.44,75,3.576,78,454,1009,0
2024-12-12,16:00,29.44,71,4.023,80,400,1009,0
2024-12-12,17:00,29.44,76,3.576,82,207,1009,0
2024-12-12,18:00,28.33,79,3.129,84,37,1009,0
2024-12-12,19:00,28.33,79,3.129,83,0,1010,0
2024-12-12,20:00,28.33,80,3.129,82,0,1011,0
2024-12-12,21:00,28.33,80,3.129,82,0,1012,0
2024-12-12,22:00,27.78,82,3.129,81,0,1012,0
2024-12-12,23:00,27.22,85,2.682,82,0,1012,1
2024-12-13,00:00,27.22,88,2.682,82,0,1012,0
2024-12-13,01:00,26.11,91,3.129,86,0,1012,1
2024-12-13,02:00,26.67,91,3.129,81,0,1012,0
2024-12-13,03:00,26.11,93,3.576,78,0,1011,1
2024-12-13,04:00,26.11,88,3.129,77,0,1011,0
2024-12-13,05:00,26.11,92,4.023,82,0,1011,5
2024-12-13,06:00,25.56,94,4.47,79,0,1011,8
2024-12-13,07:00,25,95,4.47,76,3,1011,3
2024-12-13,08:00,25,87,4.023,83,50,1012,0
2024-12-13,09:00,26.11,85,4.023,79,146,1012,0
2024-12-13,10:00,26.11,85,4.023,79,221,1012,0
2024-12-13,11:00,26.67,88,4.023,79,304,1012,0
2024-12-13,12:00,26.11,89,4.47,78,388,1012,1
2024-12-13,13:00,26.67,87,4.47,79,553,1011,0
2024-12-13,14:00,27.78,80,4.47,84,652,1011,0
2024-12-13,15:00,28.33,79,4.023,86,562,1010,0
2024-12-13,16:00,28.89,77,4.023,86,323,1010,0
2024-12-13,17:00,28.33,78,3.129,84,227,1011,0
2024-12-13,18:00,27.78,82,2.682,88,28,1011,0
2024-12-13,19:00,27.22,80,2.682,86,0,1011,0
2024-12-13,20:00,27.78,80,2.682,84,0,1012,0
2024-12-13,21:00,27.78,81,2.682,85,0,1012,0
2024-12-13,22:00,27.78,84,2.682,85,0,1013,0
2024-12-13,23:00,27.78,80,2.235,95,0,1013,0
2024-12-14,00:00,27.78,81,2.682,84,0,1013,0
2024-12-14,01:00,27.78,80,2.235,86,0,1012,0
2024-12-14,02:00,27.78,85,2.235,86,0,1012,0
2024-12-14,03:00,27.78,84,2.682,82,0,1011,0
2024-12-14,04:00,27.22,79,3.129,89,0,1011,0
2024-12-14,05:00,27.22,84,2.682,83,0,1011,0
2024-12-14,06:00,27.22,89,2.682,89,0,1011,1
2024-12-14,07:00,26.67,85,2.682,90,8,1011,0
2024-12-14,08:00,27.78,84,2.682,87,94,1012,0
2024-12-14,09:00,27.78,83,3.576,88,260,1013,0
2024-12-14,10:00,28.33,83,3.576,99,398,1013,0
2024-12-14,11:00,28.89,78,4.023,89,683,1013,0
2024-12-14,12:00,28.33,86,4.023,89,634,1012,1
2024-12-14,13:00,28.89,83,3.576,88,595,1011,0
2024-12-14,14:00,29.44,77,4.47,85,646,1011,0
2024-12-14,15:00,29.44,76,4.023,85,499,1010,0
2024-12-14,16:00,30,73,3.576,89,412,1010,0
2024-12-14,17:00,29.44,75,3.576,84,205,1010,0
2024-12-14,18:00,28.33,78,2.682,82,23,1010,0
2024-12-14,19:00,28.33,79,2.682,85,0,1011,0
2024-12-14,20:00,27.78,78,2.682,85,0,1012,0
2024-12-14,21:00,27.78,81,2.235,85,0,1012,0
2024-12-14,22:00,27.78,83,1.788,88,0,1013,0
2024-12-14,23:00,27.78,79,2.682,86,0,1013,0
2024-12-15,00:00,27.78,81,1.788,87,0,1013,0
2024-12-15,01:00,27.22,81,1.788,90,0,1013,0
2024-12-15,02:00,27.22,81,1.788,92,0,1012,0
2024-12-15,03:00,27.22,80,1.788,91,0,1012,0
2024-12-15,04:00,27.22,80,2.235,86,0,1011,0
2024-12-15,05:00,27.22,80,2.682,84,0,1011,0
2024-12-15,06:00,27.78,79,2.682,79,0,1011,0
2024-12-15,07:00,26.67,92,3.576,88,9,1012,3
2024-12-15,08:00,25.56,85,2.235,91,99,1012,0
2024-12-15,09:00,27.22,81,3.129,85,175,1013,0
2024-12-15,10:00,28.33,81,3.129,80,498,1014,0
2024-12-15,11:00,28.33,82,3.576,78,603,1014,0
2024-12-15,12:00,29.44,81,3.129,80,776,1013,0
2024-12-15,13:00,28.89,76,3.129,74,670,1012,0
2024-12-15,14:00,29.44,75,4.47,83,667,1011,0
2024-12-15,15:00,30,79,3.576,78,587,1011,0
2024-12-15,16:00,29.44,77,3.576,78,322,1011,0
2024-12-15,17:00,29.44,78,4.023,80,218,1011,0
2024-12-15,18:00,28.89,78,3.576,82,32,1011,0
2024-12-15,19:00,28.33,77,4.023,81,0,1012,0
2024-12-15,20:00,28.33,76,3.576,81,0,1012,0
2024-12-15,21:00,28.33,78,3.576,82,0,1013,0
2024-12-15,22:00,27.22,88,3.576,86,0,1013,0
2024-12-15,23:00,27.22,90,3.576,89,0,1013,0
2024-12-16,00:00,26.67,93,4.023,98,0,1013,2
2024-12-16,01:00,26.67,91,4.023,90,0,1013,0
2024-12-16,02:00,27.22,87,3.129,84,0,1012,0
2024-12-16,03:00,27.78,78,4.023,93,0,1011,0
2024-12-16,04:00,27.78,74,4.023,94,0,1011,0
2024-12-16,05:00,27.22,70,4.023,90,0,1011,0
2024-12-16,06:00,27.22,61,4.023,87,0,1011,0
2024-12-16,07:00,27.78,74,3.129,88,7,1012,0
2024-12-16,08:00,27.78,68,4.023,87,83,1012,0
2024-12-16,09:00,28.89,63,4.023,91,312,1013,0
2024-12-16,10:00,29.44,70,3.576,89,448,1014,0
2024-12-16,11:00,29.44,67,4.47,87,635,1013,0
2024-12-16,12:00,30,69,4.023,87,663,1013,0
2024-12-16,13:00,30,67,4.023,87,760,1012,0
2024-12-16,14:00,30,69,4.023,81,730,1011,0
2024-12-16,15:00,29.44,71,3.576,79,568,1010,0
2024-12-16,16:00,29.44,74,3.576,75,329,1010,0
2024-12-16,17:00,28.89,76,3.129,77,201,1011,0
2024-12-16,18:00,28.89,81,2.682,80,38,1011,0
2024-12-16,19:00,27.78,82,2.682,81,0,1011,0
2024-12-16,20:00,27.78,81,3.129,82,0,1012,0
2024-12-16,21:00,27.78,83,2.682,84,0,1012,0
2024-12-16,22:00,27.78,81,3.129,83,0,1012,0
2024-12-16,23:00,27.78,83,2.682,83,0,1012,0
2024-12-17,00:00,27.78,84,3.129,83,0,1012,1
2024-12-17,01:00,27.78,76,3.576,87,0,1012,0
2024-12-17,02:00,27.78,76,3.576,83,0,1011,0
2024-12-17,03:00,27.78,77,3.576,87,0,1011,0
2024-12-17,04:00,27.78,77,3.576,89,0,1011,0
2024-12-17,05:00,27.78,78,3.129,89,0,1011,0
2024-12-17,06:00,27.78,77,3.129,87,0,1011,0
2024-12-17,07:00,27.78,76,3.129,83,7,1011,0
2024-12-17,08:00,28.33,75,3.129,85,100,1012,0
2024-12-17,09:00,28.89,73,4.023,92,334,1012,0
2024-12-17,10:00,29.44,72,4.917,94,528,1012,0
2024-12-17,11:00,30,73,5.364,93,676,1012,0
2024-12-17,12:00,30,75,5.364,89,758,1011,0
2024-12-17,13:00,30,76,4.917,90,720,1011,0
2024-12-17,14:00,30,76,4.47,90,705,1010,0
2024-12-17,15:00,29.44,80,4.47,86,416,1009,0
2024-12-17,16:00,28.89,81,3.129,84,150,1009,0
2024-12-17,17:00,28.89,81,3.129,83,116,1009,0
2024-12-17,18:00,28.89,81,3.129,83,28,1010,0
2024-12-17,19:00,25.56,89,4.023,88,0,1011,4
2024-12-17,20:00,25,85,2.235,78,0,1011,0
2024-12-17,21:00,27.22,89,1.788,88,0,1012,0
2024-12-17,22:00,27.78,85,3.129,86,0,1012,0
2024-12-17,23:00,27.78,87,3.129,82,0,1011,0
2024-12-18,00:00,27.78,86,3.129,90,0,1011,0
2024-12-18,01:00,27.78,86,3.129,87,0,1011,0
2024-12-18,02:00,27.78,86,3.129,84,0,1011,0
2024-12-18,03:00,27.78,86,3.129,84,0,1010,0
2024-12-18,04:00,27.78,86,3.129,85,0,1009,0
2024-12-18,05:00,27.78,84,3.576,87,0,1009,0
2024-12-18,06:00,28.33,84,3.576,89,0,1010,0
2024-12-18,07:00,27.78,83,4.023,88,4,1010,0
2024-12-18,08:00,27.78,83,3.576,94,62,1011,0
2024-12-18,09:00,28.33,84,3.576,88,184,1012,0
2024-12-18,10:00,29.44,80,4.023,89,346,1012,0
2024-12-18,11:00,29.44,80,4.023,87,414,1012,0
2024-12-18,12:00,29.44,83,4.023,89,422,1011,0
2024-12-18,13:00,28.89,85,3.129,83,354,1009,1
2024-12-18,14:00,29.44,84,3.576,85,287,1009,0
2024-12-18,15:00,28.33,87,3.576,82,131,1008,0
2024-12-18,16:00,27.78,91,2.682,93,107,1008,2
2024-12-18,17:00,28.33,89,2.682,87,90,1008,0
2024-12-18,18:00,28.33,86,2.682,98,11,1009,0
2024-12-18,19:00,28.33,87,2.682,105,0,1010,0
2024-12-18,20:00,28.33,87,2.682,100,0,1010,0
2024-12-18,21:00,28.33,84,3.576,107,0,1010,0
2024-12-18,22:00,28.33,85,4.023,98,0,1009,0
2024-12-18,23:00,28.89,84,4.023,103,0,1009,0
2024-12-19,00:00,28.89,82,4.023,110,0,1009,0
2024-12-19,01:00,28.89,82,3.576,109,0,1009,0
2024-12-19,02:00,28.33,85,2.235,108,0,1009,0
2024-12-19,03:00,28.33,84,2.235,110,0,1008,0
2024-12-19,04:00,28.33,85,2.235,112,0,1008,0
2024-12-19,05:00,28.33,83,2.682,113,0,1008,0
2024-12-19,06:00,28.33,84,2.235,117,0,1008,0
2024-12-19,07:00,28.33,84,1.788,118,5,1009,0
2024-12-19,08:00,28.33,84,2.235,116,74,1010,0
2024-12-19,09:00,28.89,78,2.682,116,196,1011,0
2024-12-19,10:00,30,72,3.129,120,511,1011,0
2024-12-19,11:00,30,72,3.129,117,665,1011,0
2024-12-19,12:00,30.56,71,3.129,116,736,1009,0
2024-12-19,13:00,30.56,71,3.576,112,762,1008,0
2024-12-19,14:00,30,73,4.023,110,752,1007,0
2024-12-19,15:00,30,74,3.129,117,607,1007,0
2024-12-19,16:00,30,74,2.682,117,413,1007,0
2024-12-19,17:00,29.44,76,2.235,103,204,1007,0
2024-12-19,18:00,28.89,79,1.341,99,30,1007,0
2024-12-19,19:00,28.33,82,0.8941,76,0,1008,0
2024-12-19,20:00,28.33,83,0.8941,90,0,1008,0
2024-12-19,21:00,28.33,82,1.341,113,0,1009,0
2024-12-19,22:00,28.33,84,0.8941,86,0,1010,0
2024-12-19,23:00,27.78,85,0.8941,95,0,1010,0
2024-12-20,00:00,27.78,85,1.341,107,0,1010,0
2024-12-20,01:00,27.78,87,0.8941,96,0,1010,0
2024-12-20,02:00,27.78,86,0.8941,95,0,1010,0
2024-12-20,03:00,27.22,87,1.341,98,0,1009,0
2024-12-20,04:00,27.22,89,0.447,32,0,1008,0
2024-12-20,05:00,27.22,88,0.8941,65,0,1008,0
2024-12-20,06:00,27.22,88,0.8941,106,0,1009,0
2024-12-20,07:00,27.22,84,0.8941,63,4,1009,0
2024-12-20,08:00,27.78,85,0.8941,63,30,1010,0
2024-12-20,09:00,28.33,84,1.788,101,105,1011,0
2024-12-20,10:00,28.89,83,2.235,85,150,1012,0
2024-12-20,11:00,29.44,83,2.235,90,255,1012,0
2024-12-20,12:00,29.44,85,2.235,82,374,1011,0
2024-12-20,13:00,29.44,85,2.682,93,330,1010,0
2024-12-20,14:00,27.78,90,1.788,88,96,1009,2
2024-12-20,15:00,27.22,92,0.8941,70,70,1009,6
2024-12-20,16:00,27.22,93,1.341,63,43,1009,1
2024-12-20,17:00,26.67,93,0.8941,89,32,1009,4
2024-12-20,18:00,26.11,95,2.235,83,25,1011,15
2024-12-20,19:00,26.11,95,0.8941,114,0,1011,14
2024-12-20,20:00,26.11,96,0.447,102,0,1011,0
2024-12-20,21:00,26.67,95,0.8941,87,0,1011,0
2024-12-20,22:00,26.67,93,1.788,109,0,1012,1
2024-12-20,23:00,26.67,93,0.447,42,0,1012,0
2024-12-21,00:00,27.22,91,1.341,85,0,1011,0
2024-12-21,01:00,27.78,89,1.341,91,0,1011,0
2024-12-21,02:00,27.78,89,2.235,106,0,1011,0
2024-12-21,03:00,27.78,89,2.235,107,0,1011,0
2024-12-21,04:00,27.78,89,1.788,94,0,1010,0
2024-12-21,05:00,27.22,87,1.341,92,0,1010,0
2024-12-21,06:00,27.78,87,1.341,83,0,1011,0
2024-12-21,07:00,27.78,87,1.788,88,3,1011,0
2024-12-21,08:00,27.78,88,1.788,85,78,1012,0
2024-12-21,09:00,28.33,86,1.788,77,175,1013,0
2024-12-21,10:00,29.44,80,2.235,94,387,1013,0
2024-12-21,11:00,29.44,80,3.129,98,411,1012,0
2024-12-21,12:00,30,81,2.682,100,558,1012,0
2024-12-21,13:00,30,77,3.129,101,724,1010,0
2024-12-21,14:00,30,80,2.682,98,418,1009,0
2024-12-21,15:00,30,81,2.682,101,481,1009,0
2024-12-21,16:00,29.44,82,2.235,91,316,1009,0
2024-12-21,17:00,29.44,81,2.235,100,222,1009,0
2024-12-21,18:00,28.89,89,1.788,101,38,1010,0
2024-12-21,19:00,28.33,88,2.235,113,0,1010,0
2024-12-21,20:00,28.33,88,1.788,107,0,1011,0
2024-12-21,21:00,28.33,88,0.8941,86,0,1012,0
2024-12-21,22:00,28.33,88,0.8941,54,0,1012,0
2024-12-21,23:00,28.33,87,1.341,58,0,1012,0
2024-12-22,00:00,28.33,87,1.341,89,0,1012,0
2024-12-22,01:00,28.33,87,1.788,82,0,1011,0
2024-12-22,02:00,27.78,88,1.341,85,0,1011,0
2024-12-22,03:00,27.78,88,1.341,79,0,1010,0
2024-12-22,04:00,27.78,88,1.341,85,0,1010,0
2024-12-22,05:00,27.78,88,1.341,95,0,1010,0
2024-12-22,06:00,27.78,88,1.341,88,0,1010,0
2024-12-22,07:00,27.78,87,1.788,91,5,1011,0
2024-12-22,08:00,27.78,86,1.788,93,56,1012,0
2024-12-22,09:00,28.33,84,2.235,107,141,1012,0
2024-12-22,10:00,28.89,82,2.682,99,255,1013,0
2024-12-22,11:00,29.44,80,2.682,101,432,1012,0
2024-12-22,12:00,30,80,2.682,96,484,1012,0
2024-12-22,13:00,30,80,2.682,92,493,1011,0
2024-12-22,14:00,30,77,2.682,89,672,1010,0
2024-12-22,15:00,30,80,2.682,88,560,1009,0
2024-12-22,16:00,30,77,2.235,73,430,1009,0
2024-12-22,17:00,30,80,2.235,85,248,1010,0
2024-12-22,18:00,28.89,86,1.788,82,50,1010,0
2024-12-22,19:00,27.78,88,1.341,82,0,1011,0
2024-12-22,20:00,27.78,89,1.341,89,0,1011,0
2024-12-22,21:00,27.22,88,1.788,87,0,1012,0
2024-12-22,22:00,27.78,89,1.341,71,0,1012,0
2024-12-22,23:00,27.22,88,1.341,68,0,1012,0
2024-12-23,00:00,27.22,89,1.788,95,0,1012,0
2024-12-23,01:00,26.67,92,2.235,93,0,1011,0
2024-12-23,02:00,26.11,93,1.788,85,0,1011,0
2024-12-23,03:00,26.11,93,1.788,86,0,1010,0
2024-12-23,04:00,25.56,94,1.341,89,0,1010,2
2024-12-23,05:00,25.56,94,0.8941,91,0,1010,0
2024-12-23,06:00,25.56,93,0.8941,27,0,1011,1
2024-12-23,07:00,25.56,94,1.341,74,3,1011,0
2024-12-23,08:00,26.11,92,0.8941,56,68,1012,0
2024-12-23,09:00,26.67,90,0.8941,32,165,1012,0
2024-12-23,10:00,27.22,82,1.341,73,455,1013,0
2024-12-23,11:00,28.89,78,2.235,83,562,1013,0
2024-12-23,12:00,29.44,77,2.682,85,635,1012,0
2024-12-23,13:00,29.44,75,3.129,90,774,1011,0
2024-12-23,14:00,30,73,3.129,96,662,1011,0
2024-12-23,15:00,30,73,2.682,106,614,1010,0
2024-12-23,16:00,29.44,72,2.682,108,419,1010,0
2024-12-23,17:00,29.44,75,2.235,108,223,1010,0
2024-12-23,18:00,28.33,78,1.341,109,40,1011,0
2024-12-23,19:00,27.78,82,0.8941,104,0,1011,0
2024-12-23,20:00,27.22,83,0.447,105,0,1012,0
2024-12-23,21:00,26.67,85,0.447,84,0,1013,0
2024-12-23,22:00,26.67,84,0.447,57,0,1013,0
2024-12-23,23:00,26.11,85,0.447,69,0,1013,0
2024-12-24,00:00,26.11,85,0.8941,93,0,1013,0
2024-12-24,01:00,26.11,86,0.447,111,0,1012,0
2024-12-24,02:00,26.11,85,0.8941,102,0,1012,0
2024-12-24,03:00,25.56,87,0.447,95,0,1011,0
2024-12-24,04:00,25.56,86,0.447,111,0,1011,0
2024-12-24,05:00,26.11,87,0.447,129,0,1011,0
2024-12-24,06:00,26.11,85,0.8941,114,0,1011,0
2024-12-24,07:00,26.67,84,1.341,102,5,1012,0
2024-12-24,08:00,27.22,81,1.788,93,50,1012,0
2024-12-24,09:00,28.33,75,2.682,87,223,1013,0
2024-12-24,10:00,29.44,72,3.129,82,494,1014,0
2024-12-24,11:00,29.44,71,3.129,89,474,1014,0
2024-12-24,12:00,30,72,3.576,99,766,1013,0
2024-12-24,13:00,29.44,71,3.576,93,638,1012,0
2024-12-24,14:00,29.44,69,3.576,96,609,1012,0
2024-12-24,15:00,30,69,3.129,94,630,1011,0
2024-12-24,16:00,29.44,74,3.129,87,458,1011,0
2024-12-24,17:00,29.44,75,3.129,86,249,1011,0
2024-12-24,18:00,28.33,77,2.235,81,45,1012,0
2024-12-24,19:00,27.78,79,2.235,86,0,1012,0
2024-12-24,20:00,27.78,78,2.235,96,0,1013,0
2024-12-24,21:00,27.78,79,1.788,104,0,1014,0
2024-12-24,22:00,27.22,83,1.341,116,0,1014,0
2024-12-24,23:00,27.22,87,1.341,100,0,1014,0
2024-12-25,00:00,26.11,91,0.8941,96,0,1014,0
2024-12-25,01:00,26.11,90,0.8941,115,0,1014,0
2024-12-25,02:00,26.67,88,1.341,107,0,1014,0
2024-12-25,03:00,26.67,87,1.341,102,0,1013,0
2024-12-25,04:00,26.67,84,1.788,87,0,1013,0
2024-12-25,05:00,27.22,84,1.788,81,0,1013,0
2024-12-25,06:00,27.22,83,2.682,84,0,1013,0
2024-12-25,07:00,27.22,82,2.682,85,5,1014,0
2024-12-25,08:00,27.22,81,2.682,88,50,1015,0
2024-12-25,09:00,28.33,76,2.682,78,296,1016,0
2024-12-25,10:00,28.89,75,2.682,74,351,1016,0
2024-12-25,11:00,29.44,74,3.129,72,518,1016,0
2024-12-25,12:00,30,74,3.576,82,730,1015,0
2024-12-25,13:00,29.44,77,3.576,91,691,1015,0
2024-12-25,14:00,29.44,73,3.576,99,724,1014,0
2024-12-25,15:00,29.44,77,3.129,100,535,1013,0
2024-12-25,16:00,29.44,81,2.682,87,368,1013,0
2024-12-25,17:00,28.89,80,2.235,81,195,1013,0
2024-12-25,18:00,28.33,82,2.235,82,33,1014,0
2024-12-25,19:00,27.78,82,2.235,87,0,1015,0
2024-12-25,20:00,27.78,82,1.788,97,0,1015,0
2024-12-25,21:00,27.78,82,2.235,86,0,1016,0
2024-12-25,22:00,27.78,83,2.235,86,0,1016,0
2024-12-25,23:00,27.78,81,2.235,85,0,1017,0
2024-12-26,00:00,27.78,80,1.788,91,0,1017,0
2024-12-26,01:00,27.78,80,1.788,92,0,1016,0
2024-12-26,02:00,27.22,79,2.235,85,0,1016,0
2024-12-26,03:00,27.22,81,1.788,93,0,1015,0
2024-12-26,04:00,27.22,80,1.788,88,0,1015,0
2024-12-26,05:00,27.22,77,2.235,91,0,1015,0
2024-12-26,06:00,27.22,78,2.235,85,0,1015,0
2024-12-26,07:00,26.67,80,2.235,85,4,1015,0
2024-12-26,08:00,27.22,77,2.682,85,87,1016,0
2024-12-26,09:00,28.33,73,3.129,83,318,1016,0
2024-12-26,10:00,28.89,72,3.576,84,458,1016,0
2024-12-26,11:00,29.44,72,4.023,83,683,1016,0
2024-12-26,12:00,29.44,72,4.023,87,705,1015,0
2024-12-26,13:00,30,70,4.023,88,831,1014,0
2024-12-26,14:00,29.44,70,4.023,85,723,1014,0
2024-12-26,15:00,29.44,73,4.023,88,643,1013,0
2024-12-26,16:00,29.44,72,3.576,93,451,1013,0
2024-12-26,17:00,28.89,74,3.576,89,262,1013,0
2024-12-26,18:00,28.33,76,2.682,87,28,1013,0
2024-12-26,19:00,27.78,78,2.682,84,0,1014,0
2024-12-26,20:00,27.78,76,2.682,84,0,1014,0
2024-12-26,21:00,27.78,76,2.682,83,0,1014,0
2024-12-26,22:00,27.78,74,2.682,85,0,1015,0
2024-12-26,23:00,27.78,75,2.682,88,0,1015,0
2024-12-27,00:00,27.78,75,2.682,90,0,1014,0
2024-12-27,01:00,27.78,76,2.235,89,0,1014,0
2024-12-27,02:00,27.78,76,1.788,91,0,1014,0
2024-12-27,03:00,27.22,77,1.341,106,0,1013,0
2024-12-27,04:00,26.67,82,0.447,141,0,1013,0
2024-12-27,05:00,26.11,86,0.447,136,0,1012,0
2024-12-27,06:00,26.67,85,0.8941,118,0,1013,0
2024-12-27,07:00,26.67,87,0.8941,126,3,1013,0
2024-12-27,08:00,27.22,87,0.8941,82,45,1014,0
2024-12-27,09:00,28.33,78,1.788,97,279,1015,0
2024-12-27,10:00,29.44,74,2.235,96,510,1015,0
2024-12-27,11:00,30,72,2.682,102,789,1015,0
2024-12-27,12:00,29.44,81,3.129,95,593,1015,0
2024-12-27,13:00,29.44,72,2.682,103,614,1014,0
2024-12-27,14:00,30,74,3.129,99,657,1013,0
2024-12-27,15:00,30,70,2.682,105,593,1012,0
2024-12-27,16:00,30,71,2.682,98,455,1012,0
2024-12-27,17:00,29.44,74,2.235,95,225,1012,0
2024-12-27,18:00,28.33,76,1.788,86,41,1013,0
2024-12-27,19:00,27.78,80,1.341,102,0,1013,0
2024-12-27,20:00,27.22,81,0.8941,110,0,1013,0
2024-12-27,21:00,27.78,81,1.341,94,0,1014,0
2024-12-27,22:00,27.78,81,1.341,84,0,1014,0
2024-12-27,23:00,27.78,81,1.788,79,0,1014,0
2024-12-28,00:00,27.78,81,1.788,83,0,1014,0
2024-12-28,01:00,27.78,82,1.788,82,0,1014,0
2024-12-28,02:00,27.78,83,1.788,83,0,1013,0
2024-12-28,03:00,27.78,84,1.788,84,0,1013,0
2024-12-28,04:00,27.78,84,1.788,85,0,1012,0
2024-12-28,05:00,27.78,84,1.341,94,0,1012,0
2024-12-28,06:00,27.78,83,1.788,91,0,1013,0
2024-12-28,07:00,27.78,82,2.235,96,4,1013,0
2024-12-28,08:00,28.33,81,2.235,87,67,1014,0
2024-12-28,09:00,28.89,78,2.682,86,191,1015,0
2024-12-28,10:00,29.44,76,3.129,92,425,1015,0
2024-12-28,11:00,29.44,77,3.576,94,426,1015,0
2024-12-28,12:00,29.44,77,4.023,92,513,1014,0
2024-12-28,13:00,30,71,4.023,90,761,1013,0
2024-12-28,14:00,30,73,3.576,94,649,1012,0
2024-12-28,15:00,29.44,74,3.576,94,446,1011,0
2024-12-28,16:00,29.44,76,3.129,91,330,1011,0
2024-12-28,17:00,28.89,77,2.682,83,131,1011,0
2024-12-28,18:00,28.33,78,2.235,94,30,1012,0
2024-12-28,19:00,27.78,78,2.235,87,0,1012,0
2024-12-28,20:00,27.78,84,3.129,87,0,1013,0
2024-12-28,21:00,27.22,83,2.682,83,0,1014,0
2024-12-28,22:00,27.78,81,2.682,82,0,1014,0
2024-12-28,23:00,27.78,80,2.682,85,0,1014,0
2024-12-29,00:00,27.78,84,2.682,83,0,1014,0
2024-12-29,01:00,27.22,83,2.235,84,0,1014,0
2024-12-29,02:00,27.22,86,2.682,97,0,1014,0
2024-12-29,03:00,26.67,89,1.341,100,0,1013,0
2024-12-29,04:00,26.67,85,2.235,93,0,1012,0
2024-12-29,05:00,26.67,83,1.788,86,0,1012,0
2024-12-29,06:00,27.22,86,1.788,84,0,1013,0
2024-12-29,07:00,26.67,88,1.341,95,4,1013,1
2024-12-29,08:00,27.22,79,2.682,95,49,1014,0
2024-12-29,09:00,28.33,75,3.129,95,188,1014,0
2024-12-29,10:00,28.89,77,3.576,95,293,1015,0
2024-12-29,11:00,29.44,74,4.023,98,607,1014,0
2024-12-29,12:00,30,75,3.576,88,604,1014,0
2024-12-29,13:00,30,75,4.47,96,722,1013,0
2024-12-29,14:00,30,73,4.023,101,653,1013,0
2024-12-29,15:00,30,72,4.023,101,691,1012,0
2024-12-29,16:00,29.44,76,3.129,92,331,1012,0
2024-12-29,17:00,28.89,76,2.682,85,156,1012,0
2024-12-29,18:00,28.89,79,2.682,84,72,1013,0
2024-12-29,19:00,28.33,77,2.235,86,1,1013,0
2024-12-29,20:00,28.33,82,2.235,86,0,1014,0
2024-12-29,21:00,27.78,85,1.788,91,0,1015,0
2024-12-29,22:00,27.78,80,2.235,91,0,1015,0
2024-12-29,23:00,27.78,82,1.788,93,0,1015,0
2024-12-30,00:00,27.78,82,1.788,92,0,1015,0
2024-12-30,01:00,27.22,82,1.341,99,0,1015,0
2024-12-30,02:00,27.22,77,1.788,99,0,1015,0
2024-12-30,03:00,27.22,80,1.341,95,0,1014,0
2024-12-30,04:00,27.22,79,1.788,86,0,1014,0
2024-12-30,05:00,27.22,80,1.788,81,0,1014,0
2024-12-30,06:00,27.22,82,1.341,83,0,1014,0
2024-12-30,07:00,26.67,88,1.788,87,3,1015,1
2024-12-30,08:00,27.22,84,2.235,86,69,1016,0
2024-12-30,09:00,28.33,78,3.129,79,273,1016,0
2024-12-30,10:00,29.44,75,3.576,85,435,1017,0
2024-12-30,11:00,29.44,77,4.023,85,470,1017,0
2024-12-30,12:00,29.44,72,4.47,94,660,1016,0
2024-12-30,13:00,30,70,4.47,96,803,1015,0
2024-12-30,14:00,29.44,74,4.023,90,577,1014,0
2024-12-30,15:00,30,72,3.576,90,582,1013,0
2024-12-30,16:00,29.44,73,4.023,91,407,1013,0
2024-12-30,17:00,28.89,72,3.129,97,231,1013,0
2024-12-30,18:00,28.33,76,2.682,105,54,1013,0
2024-12-30,19:00,28.33,77,2.235,92,0,1014,0
2024-12-30,20:00,28.33,76,2.682,83,0,1014,0
2024-12-30,21:00,28.33,78,2.682,84,0,1015,0
2024-12-30,22:00,28.33,77,3.129,83,0,1015,0
2024-12-30,23:00,27.78,80,2.682,81,0,1014,0
2024-12-31,00:00,27.78,79,3.129,83,0,1014,0
2024-12-31,01:00,27.78,81,3.129,88,0,1014,0
2024-12-31,02:00,27.22,81,3.129,88,0,1013,0
2024-12-31,03:00,27.78,77,3.129,87,0,1013,0
2024-12-31,04:00,27.78,78,3.576,88,0,1012,0
2024-12-31,05:00,27.78,77,3.129,89,0,1012,0
2024-12-31,06:00,27.78,76,3.129,92,0,1012,0
2024-12-31,07:00,27.22,76,2.682,87,3,1013,0
2024-12-31,08:00,27.78,76,2.682,89,80,1014,0
2024-12-31,09:00,27.78,75,3.129,88,143,1015,0
2024-12-31,10:00,28.89,76,3.129,84,476,1014,0
2024-12-31,11:00,28.89,76,3.576,80,540,1014,0
2024-12-31,12:00,28.89,83,3.576,82,658,1013,0
2024-12-31,13:00,28.89,82,4.023,90,700,1013,0
2024-12-31,14:00,28.33,76,3.129,101,643,1012,0
2024-12-31,15:00,29.44,75,3.576,92,480,1011,0
2024-12-31,16:00,28.89,73,3.129,97,305,1011,0
2024-12-31,17:00,28.89,80,2.682,92,228,1012,0
2024-12-31,18:00,27.78,80,2.235,84,53,1012,0
2024-12-31,19:00,27.78,79,1.788,104,0,1012,0
2024-12-31,20:00,27.78,78,2.235,111,0,1012,0
2024-12-31,21:00,27.78,76,2.235,110,0,1013,0
2024-12-31,22:00,27.78,78,2.235,110,0,1013,0
2024-12-31,23:00,27.78,78,1.788,108,0,1013,0
2025-01-01,00:00,27.22,78,1.788,111,0,1013,0
2025-01-01,01:00,27.22,77,1.788,107,0,1013,0
2025-01-01,02:00,27.22,78,1.341,104,0,1013,0
2025-01-01,03:00,26.67,81,0.447,89,0,1012,0
2025-01-01,04:00,26.11,85,0.447,101,0,1012,0
2025-01-01,05:00,25.56,87,0.447,112,0,1012,0
2025-01-01,06:00,25.56,88,0.447,118,0,1012,0
2025-01-01,07:00,25.56,88,0.447,120,3,1013,0
2025-01-01,08:00,26.67,83,0.8941,105,74,1013,0
2025-01-01,09:00,28.33,72,1.788,89,291,1014,0
2025-01-01,10:00,28.89,73,1.788,112,155,1012,1021
2025-01-01,11:00,29.44,72,2.235,130,510,1011,0
2025-01-01,12:00,30,73,2.235,112,395,1011,0
2025-01-01,13:00,30,75,2.235,108,394,1010,0
2025-01-01,14:00,29.44,74,2.235,108,254,1009,0
2025-01-01,15:00,28.89,80,2.235,112,237,1009,0
2025-01-01,16:00,28.89,75,1.788,106,251,1009,0
2025-01-01,17:00,28.89,77,1.341,75,164,1009,0
2025-01-01,18:00,28.33,78,2.235,83,47,1011,852
2025-01-01,19:00,27.78,81,1.788,83,1,1011,0
2025-01-01,20:00,27.22,82,1.788,83,0,1012,0
2025-01-01,21:00,27.22,80,1.788,87,0,1013,0
2025-01-01,22:00,27.22,83,1.788,92,0,1013,0
2025-01-01,23:00,27.22,83,1.341,97,0,1014,0
2025-01-02,00:00,27.22,81,1.788,87,0,1014,0
2025-01-02,01:00,27.22,80,1.341,94,0,1013,0
2025-01-02,02:00,27.22,81,0.8941,115,0,1013,0
2025-01-02,03:00,26.67,83,0.8941,112,0,1013,0
2025-01-02,04:00,26.67,83,1.341,95,0,1012,0
2025-01-02,05:00,26.67,77,2.235,101,0,1012,0
2025-01-02,06:00,26.67,82,1.788,91,0,1012,0
2025-01-02,07:00,26.67,85,1.788,84,6,1013,0
2025-01-02,08:00,27.22,80,1.341,82,71,1013,0
2025-01-02,09:00,28.33,76,2.235,81,251,1014,0
2025-01-02,10:00,28.33,80,2.682,78,408,1014,1
2025-01-02,11:00,28.89,72,3.576,81,515,1014,0
2025-01-02,12:00,29.44,71,3.576,94,716,1013,0
2025-01-02,13:00,29.44,71,3.576,98,809,1012,0
2025-01-02,14:00,30,68,3.576,89,739,1011,0
2025-01-02,15:00,30,71,3.129,88,643,1010,0
2025-01-02,16:00,29.44,72,3.129,93,494,1010,0
2025-01-02,17:00,29.44,73,2.682,93,286,1011,0
2025-01-02,18:00,28.33,77,2.682,86,62,1011,0
2025-01-02,19:00,27.78,79,2.235,86,1,1011,0
2025-01-02,20:00,27.78,81,1.341,93,0,1012,0
2025-01-02,21:00,27.22,85,1.788,85,0,1012,0
2025-01-02,22:00,27.22,88,1.341,87,0,1012,0
2025-01-02,23:00,27.22,86,2.235,78,0,1013,0
2025-01-03,00:00,26.11,89,1.788,89,0,1012,0
2025-01-03,01:00,26.67,87,1.788,83,0,1012,0
2025-01-03,02:00,26.67,85,2.235,81,0,1012,0
2025-01-03,03:00,26.67,88,2.235,81,0,1011,0
2025-01-03,04:00,26.11,88,2.235,93,0,1011,0
2025-01-03,05:00,26.67,83,2.235,96,0,1011,0
2025-01-03,06:00,26.67,84,2.235,87,0,1011,0
2025-01-03,07:00,27.22,84,2.682,83,3,1011,0
2025-01-03,08:00,27.22,81,2.682,84,70,1012,0
2025-01-03,09:00,28.33,74,3.129,85,303,1012,0
2025-01-03,10:00,29.44,75,3.576,90,494,1012,0
2025-01-03,11:00,29.44,75,3.576,90,597,1012,0
2025-01-03,12:00,29.44,73,4.023,96,695,1012,0
2025-01-03,13:00,30,74,4.023,98,799,1011,0
2025-01-03,14:00,30,72,4.023,102,762,1010,0
2025-01-03,15:00,30,75,3.576,100,557,1009,0
2025-01-03,16:00,29.44,76,3.576,97,453,1009,0
2025-01-03,17:00,29.44,74,3.129,110,326,1010,0
2025-01-03,18:00,28.89,77,2.682,110,67,1010,0
2025-01-03,19:00,28.33,79,2.235,112,1,1011,0
2025-01-03,20:00,27.78,80,2.235,114,0,1011,0
2025-01-03,21:00,27.78,81,1.788,112,0,1011,0
2025-01-03,22:00,27.78,82,1.341,105,0,1012,0
2025-01-03,23:00,27.22,85,0.8941,96,0,1012,0
2025-01-04,00:00,27.22,85,0.8941,101,0,1012,0
2025-01-04,01:00,27.22,86,0.8941,106,0,1012,0
2025-01-04,02:00,26.11,87,0.447,107,0,1011,0
2025-01-04,03:00,26.67,87,0.8941,100,0,1011,0
2025-01-04,04:00,27.22,85,0.8941,102,0,1010,0
2025-01-04,05:00,27.22,82,1.788,101,0,1010,0
2025-01-04,06:00,27.22,83,1.341,105,0,1011,0
2025-01-04,07:00,26.67,83,1.341,105,3,1011,0
2025-01-04,08:00,27.22,83,0.8941,101,65,1012,0
2025-01-04,09:00,28.33,76,2.235,97,218,1013,0
2025-01-04,10:00,28.89,71,2.682,101,421,1013,0
2025-01-04,11:00,29.44,68,2.235,96,577,1013,0
2025-01-04,12:00,30,72,2.682,92,566,1012,0
2025-01-04,13:00,29.44,74,2.682,86,422,1012,0
2025-01-04,14:00,29.44,69,2.235,83,363,1011,0
2025-01-04,15:00,29.44,67,2.682,101,560,1011,0
2025-01-04,16:00,29.44,69,2.235,94,359,1011,0
2025-01-04,17:00,29.44,72,2.235,85,250,1011,0
2025-01-04,18:00,28.33,79,2.235,83,48,1011,0
2025-01-04,19:00,27.78,84,2.235,81,1,1012,0
2025-01-04,20:00,27.22,85,1.788,83,0,1012,0
2025-01-04,21:00,27.22,83,2.235,71,0,1013,0
2025-01-04,22:00,27.22,83,2.235,67,0,1013,0
2025-01-04,23:00,27.22,81,2.235,75,0,1013,0
2025-01-05,00:00,27.22,85,2.235,78,0,1013,0
2025-01-05,01:00,26.67,86,1.788,80,0,1013,0
2025-01-05,02:00,26.67,86,1.341,92,0,1013,0
2025-01-05,03:00,27.22,84,1.788,86,0,1012,0
2025-01-05,04:00,27.22,85,1.341,90,0,1012,0
2025-01-05,05:00,27.22,85,1.341,86,0,1012,0
2025-01-05,06:00,26.67,86,1.341,95,0,1012,0
2025-01-05,07:00,26.67,86,1.788,87,2,1013,0
2025-01-05,08:00,26.67,87,2.235,85,50,1013,0
2025-01-05,09:00,27.78,81,2.235,88,229,1014,0
2025-01-05,10:00,28.89,76,3.129,83,358,1015,0
2025-01-05,11:00,28.89,78,3.576,83,505,1014,0
2025-01-05,12:00,29.44,73,4.023,85,739,1014,0
2025-01-05,13:00,30,72,4.023,92,830,1013,0
2025-01-05,14:00,29.44,76,3.576,91,676,1012,0
2025-01-05,15:00,29.44,69,4.023,89,671,1012,0
2025-01-05,16:00,29.44,71,4.023,85,303,1012,0
2025-01-05,17:00,28.89,78,3.576,84,140,1012,0
2025-01-05,18:00,28.33,78,3.576,82,75,1012,0
2025-01-05,19:00,26.67,87,3.129,87,1,1013,0
2025-01-05,20:00,26.67,85,2.682,81,0,1013,0
2025-01-05,21:00,27.22,86,2.682,83,0,1014,0
2025-01-05,22:00,27.22,84,3.129,89,0,1014,0
2025-01-05,23:00,27.78,80,3.576,85,0,1014,0
2025-01-06,00:00,27.78,80,3.576,82,0,1014,0
2025-01-06,01:00,27.78,78,3.576,85,0,1013,0
2025-01-06,02:00,27.78,82,3.576,82,0,1013,0
2025-01-06,03:00,27.78,82,3.576,92,0,1012,0
2025-01-06,04:00,27.78,79,3.576,96,0,1012,0
2025-01-06,05:00,27.78,79,3.576,97,0,1012,0
2025-01-06,06:00,27.78,84,3.576,100,0,1012,0
2025-01-06,07:00,27.78,79,3.576,102,5,1012,0
2025-01-06,08:00,28.33,77,3.576,101,59,1013,0
2025-01-06,09:00,28.89,75,3.576,99,197,1014,0
2025-01-06,10:00,29.44,75,4.023,98,419,1014,0
2025-01-06,11:00,29.44,73,3.576,103,292,1014,0
2025-01-06,12:00,30,71,4.023,113,725,1014,0
2025-01-06,13:00,30,68,4.023,113,745,1013,0
2025-01-06,14:00,30,70,3.576,106,672,1012,0
2025-01-06,15:00,30,70,3.576,108,555,1011,0
2025-01-06,16:00,30,71,3.576,110,445,1011,0
2025-01-06,17:00,29.44,75,3.129,110,266,1011,0
2025-01-06,18:00,28.89,76,3.576,113,60,1011,0
2025-01-06,19:00,28.33,76,2.682,108,1,1012,0
2025-01-06,20:00,28.33,78,2.682,111,0,1012,0
2025-01-06,21:00,28.33,78,3.129,115,0,1013,0
2025-01-06,22:00,28.33,79,3.129,116,0,1013,0
2025-01-06,23:00,28.33,85,2.682,113,0,1013,0
2025-01-07,00:00,27.78,83,2.682,108,0,1013,0
2025-01-07,01:00,28.33,82,1.788,104,0,1013,0
2025-01-07,02:00,28.33,81,1.788,106,0,1013,0
2025-01-07,03:00,28.33,81,1.788,106,0,1012,0
2025-01-07,04:00,28.33,81,2.235,107,0,1012,0
2025-01-07,05:00,27.78,83,1.788,104,0,1012,0
2025-01-07,06:00,27.78,81,1.788,112,0,1012,0
2025-01-07,07:00,27.78,82,1.341,93,4,1012,0
2025-01-07,08:00,28.33,78,1.788,114,86,1012,0
2025-01-07,09:00,29.44,73,2.235,124,285,1013,0
2025-01-07,10:00,30,75,2.682,116,479,1014,0
2025-01-07,11:00,30,73,2.682,113,499,1014,0
2025-01-07,12:00,30,70,3.576,110,648,1013,0
2025-01-07,13:00,30,68,3.576,111,654,1012,0
2025-01-07,14:00,30,70,3.129,124,569,1012,0
2025-01-07,15:00,29.44,71,3.129,114,244,1011,0
2025-01-07,16:00,30,68,3.129,117,336,1011,0
2025-01-07,17:00,29.44,68,3.129,121,235,1011,0
2025-01-07,18:00,28.89,71,2.235,116,31,1012,0
2025-01-07,19:00,27.78,73,1.341,109,0,1012,0
2025-01-07,20:00,27.78,75,0.8941,111,0,1013,0
2025-01-07,21:00,27.78,76,0.8941,105,0,1014,0
2025-01-07,22:00,27.22,76,0.8941,103,0,1014,0
2025-01-07,23:00,27.22,78,0.8941,106,0,1014,0
2025-01-08,00:00,27.22,79,0.8941,109,0,1014,0
2025-01-08,01:00,26.67,82,0.8941,110,0,1014,0
2025-01-08,02:00,26.67,84,0.8941,103,0,1013,0
2025-01-08,03:00,26.11,87,0.447,93,0,1012,0
2025-01-08,04:00,25.56,89,0.447,110,0,1012,0
2025-01-08,05:00,26.11,87,0.8941,99,0,1012,0
2025-01-08,06:00,26.11,89,0.8941,92,0,1012,0
2025-01-08,07:00,26.11,86,1.341,99,4,1013,0
2025-01-08,08:00,26.67,84,0.8941,99,63,1014,0
2025-01-08,09:00,28.33,76,2.235,90,217,1014,0
2025-01-08,10:00,29.44,74,3.129,107,406,1014,0
2025-01-08,11:00,29.44,74,3.129,96,638,1014,0
2025-01-08,12:00,29.44,72,3.576,104,658,1013,0
2025-01-08,13:00,30,71,3.576,100,734,1012,0
2025-01-08,14:00,30,69,3.576,100,675,1012,0
2025-01-08,15:00,30,69,3.576,103,649,1011,0
2025-01-08,16:00,29.44,71,3.576,102,465,1011,0
2025-01-08,17:00,29.44,74,2.682,99,270,1011,0
2025-01-08,18:00,28.89,76,2.235,108,67,1012,0
2025-01-08,19:00,28.33,82,2.235,108,1,1012,0
2025-01-08,20:00,27.78,81,2.235,114,0,1013,0
2025-01-08,21:00,27.78,80,1.788,107,0,1014,0
2025-01-08,22:00,27.78,82,1.788,101,0,1014,0
2025-01-08,23:00,27.78,79,1.788,107,0,1014,0
2025-01-09,00:00,27.78,81,1.788,107,0,1014,0
2025-01-09,01:00,27.78,82,1.341,100,0,1014,0
2025-01-09,02:00,27.22,86,0.8941,117,0,1013,0
2025-01-09,03:00,27.22,83,1.341,123,0,1013,0
2025-01-09,04:00,27.22,85,0.8941,113,0,1013,0
2025-01-09,05:00,26.67,85,0.447,102,0,1012,0
2025-01-09,06:00,26.67,85,0.8941,109,0,1013,0
2025-01-09,07:00,26.67,87,0.8941,107,2,1013,0
2025-01-09,08:00,26.67,89,1.341,108,39,1014,0
2025-01-09,09:00,27.22,90,1.788,91,222,1015,2
2025-01-09,10:00,27.78,82,2.235,87,454,1015,0
2025-01-09,11:00,28.89,77,2.682,87,619,1015,0
2025-01-09,12:00,29.44,76,2.682,80,522,1014,0
2025-01-09,13:00,29.44,77,2.682,91,611,1013,0
2025-01-09,14:00,29.44,85,2.682,80,618,1012,1
2025-01-09,15:00,28.33,83,3.129,76,481,1012,0
2025-01-09,16:00,28.33,81,2.235,80,352,1012,0
2025-01-09,17:00,28.33,82,2.682,81,231,1012,0
2025-01-09,18:00,27.78,86,2.682,81,56,1013,0
2025-01-09,19:00,27.22,86,3.129,83,1,1013,0
2025-01-09,20:00,27.22,85,2.235,86,0,1014,0
2025-01-09,21:00,27.78,85,2.235,81,0,1014,0
2025-01-09,22:00,27.78,86,2.682,80,0,1015,0
2025-01-09,23:00,27.22,84,2.682,82,0,1015,0
2025-01-10,00:00,27.78,83,2.235,88,0,1015,0
2025-01-10,01:00,27.22,85,3.129,97,0,1015,0
2025-01-10,02:00,27.22,87,2.235,97,0,1014,0
2025-01-10,03:00,27.22,89,2.235,98,0,1014,0
2025-01-10,04:00,26.67,86,3.129,113,0,1013,0
2025-01-10,05:00,27.22,87,2.682,118,0,1013,0
2025-01-10,06:00,26.67,89,2.235,124,0,1014,0
2025-01-10,07:00,26.67,87,1.341,122,3,1014,0
2025-01-10,08:00,27.22,85,1.341,125,49,1015,0
2025-01-10,09:00,28.33,82,1.788,117,265,1016,0
2025-01-10,10:00,28.89,76,2.682,122,426,1016,0
2025-01-10,11:00,29.44,75,2.682,118,645,1016,0
2025-01-10,12:00,30,72,2.682,118,705,1015,0
2025-01-10,13:00,30,76,2.682,107,712,1014,0
2025-01-10,14:00,30,69,3.129,113,669,1014,0
2025-01-10,15:00,30,70,3.129,114,652,1013,0
2025-01-10,16:00,30,73,2.682,108,494,1013,0
2025-01-10,17:00,29.44,74,2.682,106,270,1013,0
2025-01-10,18:00,28.89,77,1.788,100,77,1014,0
2025-01-10,19:00,28.33,80,1.341,82,1,1014,0
2025-01-10,20:00,27.78,81,1.341,84,0,1015,0
2025-01-10,21:00,27.78,82,1.341,92,0,1015,0
2025-01-10,22:00,27.22,84,0.8941,119,0,1015,0
2025-01-10,23:00,27.22,86,0.8941,108,0,1015,0
2025-01-11,00:00,26.67,87,0.8941,125,0,1015,0
2025-01-11,01:00,27.22,87,1.341,98,0,1015,0
2025-01-11,02:00,27.22,89,0.8941,108,0,1015,0
2025-01-11,03:00,26.67,90,0.8941,115,0,1014,0
2025-01-11,04:00,26.67,90,0.8941,113,0,1014,0
2025-01-11,05:00,26.67,90,0.8941,103,0,1014,0
2025-01-11,06:00,26.67,91,0.8941,123,0,1014,0
2025-01-11,07:00,26.67,90,1.341,97,3,1015,0
2025-01-11,08:00,26.67,84,1.341,82,56,1015,0
2025-01-11,09:00,28.33,78,2.235,80,212,1016,0
2025-01-11,10:00,29.44,78,3.129,88,453,1017,0
2025-01-11,11:00,28.89,74,3.129,89,608,1017,0
2025-01-11,12:00,30,72,3.576,92,740,1016,0
2025-01-11,13:00,28.89,86,3.129,87,502,1015,1
2025-01-11,14:00,28.33,75,3.576,93,546,1014,0
2025-01-11,15:00,28.89,74,4.023,97,507,1013,1
2025-01-11,16:00,28.89,73,4.023,101,451,1013,0
2025-01-11,17:00,28.89,72,4.023,97,288,1013,0
2025-01-11,18:00,28.33,73,3.576,93,72,1014,0
2025-01-11,19:00,27.78,74,2.682,87,1,1014,0
2025-01-11,20:00,27.78,70,3.129,87,0,1015,0
2025-01-11,21:00,27.78,74,2.682,98,0,1015,0
2025-01-11,22:00,27.22,71,2.235,87,0,1015,0
2025-01-11,23:00,27.22,71,2.235,87,0,1016,0
2025-01-12,00:00,26.67,73,2.235,91,0,1015,0
2025-01-12,01:00,27.22,72,2.235,90,0,1015,0
2025-01-12,02:00,27.22,73,2.682,86,0,1015,0
2025-01-12,03:00,27.22,73,2.235,85,0,1014,0
2025-01-12,04:00,27.22,71,3.129,86,0,1014,0
2025-01-12,05:00,27.22,74,2.682,91,0,1013,0
2025-01-12,06:00,27.22,69,3.576,84,0,1013,0
2025-01-12,07:00,27.22,72,3.576,89,2,1014,0
2025-01-12,08:00,27.78,74,3.129,95,69,1014,0
2025-01-12,09:00,28.33,68,4.023,100,251,1015,0
2025-01-12,10:00,28.89,67,4.023,96,447,1015,0
2025-01-12,11:00,29.44,69,4.023,95,674,1015,0
2025-01-12,12:00,30,68,4.023,96,758,1015,0
2025-01-12,13:00,30,68,4.023,91,770,1014,0
2025-01-12,14:00,30,70,4.023,90,643,1013,0
2025-01-12,15:00,29.44,72,4.023,87,465,1012,0
2025-01-12,16:00,28.89,81,3.576,92,187,1012,0
2025-01-12,17:00,26.67,91,2.235,109,65,1012,0
2025-01-12,18:00,26.67,91,2.235,106,35,1012,1
2025-01-12,19:00,26.67,89,1.341,103,1,1013,0
2025-01-12,20:00,27.22,85,1.788,95,0,1013,0
2025-01-12,21:00,27.22,86,2.235,89,0,1014,0
2025-01-12,22:00,27.22,86,1.788,83,0,1014,0
2025-01-12,23:00,27.22,89,1.788,89,0,1015,0
2025-01-13,00:00,26.67,84,1.788,98,0,1015,0
2025-01-13,01:00,27.22,79,2.235,102,0,1015,0
2025-01-13,02:00,27.22,78,1.341,97,0,1014,0
2025-01-13,03:00,27.22,78,1.788,106,0,1014,0
2025-01-13,04:00,27.22,81,1.341,98,0,1014,0
2025-01-13,05:00,27.22,81,1.788,106,0,1014,0
2025-01-13,06:00,27.22,82,1.341,103,0,1014,0
2025-01-13,07:00,27.22,82,1.788,100,3,1014,0
2025-01-13,08:00,27.78,80,1.788,99,51,1015,0
2025-01-13,09:00,28.33,77,2.235,111,153,1016,0
2025-01-13,10:00,28.89,80,2.235,97,347,1016,0
2025-01-13,11:00,29.44,74,2.682,100,652,1016,0
2025-01-13,12:00,30,75,3.129,91,668,1015,0
2025-01-13,13:00,29.44,74,3.129,94,576,1014,0
2025-01-13,14:00,30,70,3.129,97,729,1014,0
2025-01-13,15:00,30,74,2.682,100,555,1013,0
2025-01-13,16:00,30,73,2.682,91,503,1013,0
2025-01-13,17:00,29.44,75,2.682,84,301,1013,0
2025-01-13,18:00,28.89,79,2.235,81,60,1014,0
2025-01-13,19:00,27.78,84,1.341,82,1,1014,0
2025-01-13,20:00,27.22,83,1.341,92,0,1015,0
2025-01-13,21:00,27.78,83,1.788,89,0,1015,1
2025-01-13,22:00,26.67,85,1.788,100,0,1015,0
2025-01-13,23:00,26.67,88,0.447,98,0,1015,0
2025-01-14,00:00,26.67,89,0.447,125,0,1015,0
2025-01-14,01:00,26.67,88,1.341,87,0,1015,0
2025-01-14,02:00,26.67,86,1.341,88,0,1014,0
2025-01-14,03:00,26.67,87,1.788,85,0,1014,0
2025-01-14,04:00,26.67,86,2.235,87,0,1013,0
2025-01-14,05:00,26.67,88,1.788,97,0,1014,0
2025-01-14,06:00,27.22,84,2.235,84,0,1014,0
2025-01-14,07:00,27.22,81,2.682,82,3,1014,0
2025-01-14,08:00,27.22,80,2.235,86,54,1015,0
2025-01-14,09:00,28.33,75,2.682,85,274,1016,0
2025-01-14,10:00,28.89,74,3.576,83,462,1016,0
2025-01-14,11:00,29.44,74,3.576,84,670,1016,0
2025-01-14,12:00,29.44,72,4.47,84,744,1015,0
2025-01-14,13:00,30,70,4.47,85,839,1014,0
2025-01-14,14:00,30,69,4.47,84,790,1014,0
2025-01-14,15:00,30,73,4.47,80,640,1013,0
2025-01-14,16:00,29.44,73,4.47,81,470,1013,0
2025-01-14,17:00,29.44,76,4.023,78,256,1013,0
2025-01-14,18:00,28.89,78,3.576,78,86,1013,0
2025-01-14,19:00,27.78,82,3.129,81,2,1014,0
2025-01-14,20:00,27.78,80,3.129,82,0,1014,0
2025-01-14,21:00,27.78,79,3.129,83,0,1015,0
2025-01-14,22:00,27.78,80,3.129,86,0,1015,0
2025-01-14,23:00,28.33,80,3.576,92,0,1015,0
2025-01-15,00:00,27.78,75,3.129,101,0,1015,0
2025-01-15,01:00,27.78,76,3.129,95,0,1014,0
2025-01-15,02:00,27.78,76,3.576,91,0,1014,0
2025-01-15,03:00,27.78,75,3.129,92,0,1014,0
2025-01-15,04:00,27.78,76,3.129,100,0,1013,0
2025-01-15,05:00,27.78,75,3.576,106,0,1013,0
2025-01-15,06:00,27.78,74,3.576,110,0,1014,0
2025-01-15,07:00,27.78,73,3.576,113,3,1014,0
2025-01-15,08:00,27.78,73,3.129,108,99,1015,0
2025-01-15,09:00,28.89,65,4.023,106,304,1015,0
2025-01-15,10:00,30,62,4.023,102,525,1015,0
2025-01-15,11:00,30,67,4.023,100,679,1015,0
2025-01-15,12:00,30,70,4.47,97,769,1015,0
2025-01-15,13:00,30,70,4.47,94,746,1014,0
2025-01-15,14:00,30,71,4.47,96,630,1013,0
2025-01-15,15:00,30,70,4.47,94,586,1012,0
2025-01-15,16:00,30,72,4.023,90,472,1012,0
2025-01-15,17:00,29.44,74,4.023,95,297,1012,0
2025-01-15,18:00,28.89,76,3.576,89,111,1012,0
2025-01-15,19:00,28.33,77,3.576,86,1,1012,0
2025-01-15,20:00,28.33,78,3.576,87,0,1013,0
2025-01-15,21:00,28.33,86,3.576,95,0,1014,0
2025-01-15,22:00,26.11,89,4.023,98,0,1014,1
2025-01-15,23:00,26.67,87,3.129,108,0,1014,0
2025-01-16,00:00,26.67,89,3.576,106,0,1014,1
2025-01-16,01:00,26.67,82,3.129,100,0,1014,0
2025-01-16,02:00,26.67,83,2.235,99,0,1013,0
2025-01-16,03:00,27.22,81,3.129,96,0,1013,0
2025-01-16,04:00,26.11,89,3.129,111,0,1013,0
2025-01-16,05:00,26.67,82,2.235,111,0,1012,0
2025-01-16,06:00,27.22,81,2.235,107,0,1013,0
2025-01-16,07:00,27.22,79,2.682,110,3,1013,0
2025-01-16,08:00,27.78,78,2.682,104,68,1013,0
2025-01-16,09:00,28.33,76,3.129,100,185,1014,0
2025-01-16,10:00,28.89,73,3.576,100,425,1014,0
2025-01-16,11:00,29.44,70,3.576,95,645,1014,0
2025-01-16,12:00,29.44,75,3.576,99,633,1013,0
2025-01-16,13:00,30,71,3.576,93,736,1012,0
2025-01-16,14:00,29.44,75,3.576,91,553,1012,0
2025-01-16,15:00,28.89,85,3.129,87,472,1011,1
2025-01-16,16:00,27.22,90,2.682,84,290,1011,0
2025-01-16,17:00,27.78,84,2.682,84,162,1011,0
2025-01-16,18:00,27.78,85,2.235,86,99,1011,0
2025-01-16,19:00,26.67,88,1.788,84,1,1012,0
2025-01-16,20:00,26.11,92,1.788,100,0,1012,1
2025-01-16,21:00,26.11,92,0.447,87,0,1012,0
2025-01-16,22:00,26.11,90,0.8941,105,0,1013,0
2025-01-16,23:00,26.11,87,0.8941,102,0,1013,0
2025-01-17,00:00,26.11,81,0.8941,100,0,1013,0
2025-01-17,01:00,26.11,74,1.788,107,0,1013,0
2025-01-17,02:00,26.67,75,1.788,108,0,1013,0
2025-01-17,03:00,26.67,79,0.8941,104,0,1012,0
2025-01-17,04:00,26.11,80,0.8941,119,0,1012,0
2025-01-17,05:00,26.11,78,1.341,104,0,1011,0
2025-01-17,06:00,26.67,79,1.788,81,0,1012,0
2025-01-17,07:00,26.67,80,1.788,83,3,1012,0
2025-01-17,08:00,27.22,75,1.341,93,100,1013,0
2025-01-17,09:00,28.33,70,2.235,78,307,1014,0
2025-01-17,10:00,28.89,74,2.682,82,305,1014,0
2025-01-17,11:00,27.78,83,2.682,88,538,1014,0
2025-01-17,12:00,28.89,76,3.576,81,670,1013,0
2025-01-17,13:00,27.22,89,2.682,97,391,1012,3
2025-01-17,14:00,26.67,88,2.682,87,390,1011,0
2025-01-17,15:00,27.78,82,2.235,77,468,1010,0
2025-01-17,16:00,28.33,78,3.129,101,407,1010,0
2025-01-17,17:00,28.33,83,2.682,90,207,1010,0
2025-01-17,18:00,28.33,76,2.235,103,64,1011,0
2025-01-17,19:00,27.78,76,1.788,115,1,1011,0
2025-01-17,20:00,27.78,77,1.788,108,0,1012,0
2025-01-17,21:00,27.22,78,1.341,99,0,1012,0
2025-01-17,22:00,27.22,78,0.8941,108,0,1013,0
2025-01-17,23:00,27.22,77,1.341,110,0,1013,0
2025-01-18,00:00,26.67,77,1.788,112,0,1013,0
2025-01-18,01:00,26.67,80,1.341,108,0,1012,0
2025-01-18,02:00,26.11,79,0.8941,100,0,1012,0
2025-01-18,03:00,26.11,82,0.8941,105,0,1011,0
2025-01-18,04:00,26.11,81,0.8941,114,0,1011,0
2025-01-18,05:00,25.56,84,0.447,111,0,1011,0
2025-01-18,06:00,25,87,0.447,117,0,1011,0
2025-01-18,07:00,25,88,0.447,198,3,1012,0
2025-01-18,08:00,26.11,80,0.8941,97,67,1012,0
2025-01-18,09:00,27.78,78,2.235,106,166,1013,0
2025-01-18,10:00,28.33,73,3.129,105,455,1013,0
2025-01-18,11:00,28.89,72,3.129,104,668,1012,0
2025-01-18,12:00,29.44,69,3.129,93,784,1012,0
2025-01-18,13:00,29.44,71,3.129,106,749,1011,0
2025-01-18,14:00,29.44,67,3.129,107,804,1011,0
2025-01-18,15:00,30,68,2.682,105,690,1010,0
2025-01-18,16:00,29.44,73,2.682,88,500,1009,0
2025-01-18,17:00,28.89,73,2.235,97,223,1010,0
2025-01-18,18:00,28.33,75,1.788,104,91,1010,0
2025-01-18,19:00,27.78,75,1.341,20,2,1011,0
2025-01-18,20:00,27.22,76,0.8941,96,0,1011,0
2025-01-18,21:00,25.56,84,0.447,79,0,1012,0
2025-01-18,22:00,25,86,0.447,91,0,1012,0
2025-01-18,23:00,24.44,87,0.447,106,0,1012,0
2025-01-19,00:00,24.44,88,0.447,73,0,1012,0
2025-01-19,01:00,25,87,0.447,118,0,1012,0
2025-01-19,02:00,25.56,87,0.447,105,0,1011,0
2025-01-19,03:00,25,88,0.447,108,0,1011,0
2025-01-19,04:00,25,87,0.447,100,0,1010,0
2025-01-19,05:00,25,84,0.8941,76,0,1010,0
2025-01-19,06:00,25,80,0.8941,91,0,1010,0
2025-01-19,07:00,25,86,1.341,95,3,1011,0
2025-01-19,08:00,25.56,80,1.341,91,126,1011,0
2025-01-19,09:00,27.78,69,1.788,89,330,1012,0
2025-01-19,10:00,28.89,61,2.682,89,528,1012,0
2025-01-19,11:00,29.44,65,3.129,96,688,1011,0
2025-01-19,12:00,29.44,65,3.576,91,794,1011,0
2025-01-19,13:00,29.44,63,3.129,95,830,1010,0
2025-01-19,14:00,29.44,61,3.576,95,794,1009,0
2025-01-19,15:00,29.44,63,3.129,96,685,1008,0
2025-01-19,16:00,28.89,72,3.129,97,479,1008,0
2025-01-19,17:00,28.89,70,3.129,99,314,1009,0
2025-01-19,18:00,28.33,72,2.235,100,95,1009,0
2025-01-19,19:00,27.22,75,0.8941,110,2,1010,0
2025-01-19,20:00,27.22,76,1.341,97,0,1011,0
2025-01-19,21:00,27.22,77,1.341,104,0,1011,0
2025-01-19,22:00,26.67,76,1.341,109,0,1011,0
2025-01-19,23:00,26.67,77,1.341,108,0,1011,0
2025-01-20,00:00,26.67,77,1.341,115,0,1011,0
2025-01-20,01:00,26.11,78,0.8941,116,0,1011,0
2025-01-20,02:00,26.11,79,0.8941,116,0,1011,0
2025-01-20,03:00,26.11,79,0.8941,113,0,1010,0
2025-01-20,04:00,26.11,83,0.8941,119,0,1010,0
2025-01-20,05:00,26.67,76,2.235,103,0,1010,0
2025-01-20,06:00,26.67,77,2.235,101,0,1010,0
2025-01-20,07:00,26.67,76,1.788,111,2,1011,0
2025-01-20,08:00,26.67,71,2.235,113,86,1011,0
2025-01-20,09:00,28.33,69,2.682,105,309,1012,0
2025-01-20,10:00,28.89,64,3.129,106,522,1012,0
2025-01-20,11:00,29.44,67,2.682,101,683,1012,0
2025-01-20,12:00,29.44,70,3.129,95,751,1012,0
2025-01-20,13:00,29.44,67,3.129,95,711,1011,0
2025-01-20,14:00,29.44,69,2.682,99,689,1010,0
2025-01-20,15:00,29.44,71,3.129,95,705,1009,0
2025-01-20,16:00,29.44,73,2.682,101,451,1009,0
2025-01-20,17:00,28.33,82,2.682,106,201,1009,0
2025-01-20,18:00,27.78,81,2.682,93,95,1009,0
2025-01-20,19:00,27.78,82,1.788,102,3,1009,0
2025-01-20,20:00,27.78,86,1.788,99,0,1010,0
2025-01-20,21:00,27.22,87,1.341,90,0,1011,0
2025-01-20,22:00,27.22,81,1.341,106,0,1011,0
2025-01-20,23:00,26.67,83,0.8941,102,0,1011,0
2025-01-21,00:00,26.67,85,0.447,102,0,1011,0
2025-01-21,01:00,26.67,84,0.8941,106,0,1011,0
2025-01-21,02:00,26.67,88,0.447,87,0,1011,0
2025-01-21,03:00,26.11,88,0.8941,85,0,1011,0
2025-01-21,04:00,26.67,87,0.447,108,0,1011,0
2025-01-21,05:00,26.67,86,0.447,81,0,1011,0
2025-01-21,06:00,26.11,88,0.447,89,0,1011,0
2025-01-21,07:00,25.56,90,0.447,99,3,1012,0
2025-01-21,08:00,26.11,87,0.447,92,64,1013,0
2025-01-21,09:00,27.78,80,0.447,111,186,1014,0
2025-01-21,10:00,28.89,76,1.788,92,393,1014,0
2025-01-21,11:00,28.89,75,2.235,86,474,1014,0
2025-01-21,12:00,29.44,74,2.682,102,781,1013,0
2025-01-21,13:00,30,71,2.682,89,805,1013,0
2025-01-21,14:00,30,73,2.682,86,765,1012,0
2025-01-21,15:00,30,72,3.129,105,664,1011,0
2025-01-21,16:00,29.44,73,2.235,107,325,1011,0
2025-01-21,17:00,28.89,75,2.235,95,224,1011,0
2025-01-21,18:00,28.89,79,1.788,103,99,1011,0
2025-01-21,19:00,27.78,79,1.341,108,2,1011,0
2025-01-21,20:00,27.22,81,1.341,110,0,1012,0
2025-01-21,21:00,27.22,80,0.8941,108,0,1013,0
2025-01-21,22:00,27.22,80,0.8941,111,0,1013,0
2025-01-21,23:00,27.22,79,1.341,112,0,1013,0
2025-01-22,00:00,26.67,80,0.8941,114,0,1013,0
2025-01-22,01:00,26.67,80,0.8941,107,0,1013,0
2025-01-22,02:00,26.67,78,0.8941,116,0,1013,0
2025-01-22,03:00,26.11,78,0.8941,117,0,1012,0
2025-01-22,04:00,25.56,82,0.447,108,0,1012,0
2025-01-22,05:00,25,82,0.447,136,0,1012,0
2025-01-22,06:00,24.44,86,0.447,74,0,1012,0
2025-01-22,07:00,23.89,84,0.447,114,3,1013,0
2025-01-22,08:00,26.11,75,0.8941,123,100,1014,0
2025-01-22,09:00,28.33,70,2.235,90,323,1014,0
2025-01-22,10:00,28.89,67,3.129,88,522,1015,0
2025-01-22,11:00,29.44,62,3.576,95,596,1014,0
2025-01-22,12:00,30,59,3.129,88,795,1014,0
2025-01-22,13:00,30,63,3.576,96,829,1013,0
2025-01-22,14:00,30,63,3.576,91,788,1013,0
2025-01-22,15:00,29.44,67,3.576,79,623,1012,0
2025-01-22,16:00,29.44,68,3.129,83,472,1012,0
2025-01-22,17:00,28.89,69,3.129,78,276,1012,0
2025-01-22,18:00,28.33,71,2.682,84,93,1012,0
2025-01-22,19:00,27.22,74,1.788,85,2,1012,0
2025-01-22,20:00,27.22,76,1.341,86,0,1013,0
2025-01-22,21:00,27.22,76,1.788,85,0,1013,0
2025-01-22,22:00,27.22,77,1.788,87,0,1013,0
2025-01-22,23:00,27.22,78,2.235,85,0,1013,0
2025-01-23,00:00,27.22,78,2.235,85,0,1013,0
2025-01-23,01:00,27.22,78,1.788,87,0,1013,0
2025-01-23,02:00,26.67,79,1.788,100,0,1013,0
2025-01-23,03:00,26.11,79,1.341,104,0,1013,0
2025-01-23,04:00,26.67,80,1.788,90,0,1012,0
2025-01-23,05:00,26.67,79,2.235,91,0,1012,0
2025-01-23,06:00,26.67,79,1.788,93,0,1012,0
2025-01-23,07:00,26.67,79,2.235,86,2,1013,0
2025-01-23,08:00,27.22,75,3.129,86,52,1013,0
2025-01-23,09:00,28.33,71,2.682,85,246,1014,0
2025-01-23,10:00,28.89,68,3.129,79,433,1014,0
2025-01-23,11:00,29.44,68,3.129,77,585,1014,0
2025-01-23,12:00,29.44,70,4.023,84,519,1013,0
2025-01-23,13:00,29.44,64,4.47,89,688,1013,0
2025-01-23,14:00,30,64,4.47,91,815,1012,0
2025-01-23,15:00,29.44,67,4.023,88,639,1011,0
2025-01-23,16:00,29.44,67,4.023,91,496,1011,0
2025-01-23,17:00,28.89,72,3.129,78,281,1011,0
2025-01-23,18:00,28.33,74,2.235,59,103,1011,0
2025-01-23,19:00,27.78,76,2.235,63,2,1011,0
2025-01-23,20:00,27.78,76,3.129,106,0,1012,0
2025-01-23,21:00,27.78,76,3.129,103,0,1012,0
2025-01-23,22:00,27.78,76,3.129,106,0,1013,0
2025-01-23,23:00,27.78,74,3.129,106,0,1013,0
2025-01-24,00:00,27.78,74,2.235,102,0,1013,0
2025-01-24,01:00,27.78,76,2.235,105,0,1013,0
2025-01-24,02:00,27.22,75,2.235,86,0,1012,0
2025-01-24,03:00,27.22,75,2.235,95,0,1012,0
2025-01-24,04:00,27.22,74,2.682,107,0,1011,0
2025-01-24,05:00,26.67,75,2.235,105,0,1011,0
2025-01-24,06:00,26.67,76,1.788,106,0,1011,0
2025-01-24,07:00,26.67,73,1.788,100,2,1012,0
2025-01-24,08:00,27.22,74,2.682,87,78,1012,0
2025-01-24,09:00,28.33,70,3.129,87,263,1013,0
2025-01-24,10:00,28.89,68,3.576,86,482,1013,0
2025-01-24,11:00,29.44,68,3.576,93,663,1013,0
2025-01-24,12:00,29.44,67,4.023,100,663,1012,0
2025-01-24,13:00,29.44,61,4.47,99,666,1012,0
2025-01-24,14:00,30,63,4.47,97,808,1011,0
2025-01-24,15:00,30,65,4.47,98,699,1010,0
2025-01-24,16:00,29.44,66,3.576,92,537,1010,0
2025-01-24,17:00,29.44,65,3.129,97,327,1010,0
2025-01-24,18:00,28.89,71,2.235,96,107,1010,0
2025-01-24,19:00,27.22,74,1.341,108,2,1011,0
2025-01-24,20:00,27.22,73,1.341,97,0,1011,0
2025-01-24,21:00,27.22,75,1.341,97,0,1012,0
2025-01-24,22:00,26.67,76,0.8941,122,0,1012,0
2025-01-24,23:00,26.11,76,0.8941,118,0,1013,0
2025-01-25,00:00,26.67,73,1.341,94,0,1012,0
2025-01-25,01:00,26.67,72,1.788,90,0,1012,0
2025-01-25,02:00,26.67,71,1.788,92,0,1012,0
2025-01-25,03:00,26.11,75,0.8941,122,0,1011,0
2025-01-25,04:00,25.56,78,0.8941,133,0,1011,0
2025-01-25,05:00,25.56,80,0.8941,144,0,1010,0
2025-01-25,06:00,25.56,80,0.8941,140,0,1011,0
2025-01-25,07:00,25,81,0.447,140,2,1011,0
2025-01-25,08:00,26.11,79,0.8941,132,40,1012,0
2025-01-25,09:00,27.78,74,1.788,93,242,1012,0
2025-01-25,10:00,28.89,73,2.682,83,417,1012,0
2025-01-25,11:00,29.44,74,2.682,78,683,1012,0
2025-01-25,12:00,29.44,68,2.235,67,713,1012,0
2025-01-25,13:00,30.56,59,3.129,85,945,1011,0
2025-01-25,14:00,30.56,64,3.129,94,848,1009,0
2025-01-25,15:00,29.44,70,3.576,102,654,1008,0
2025-01-25,16:00,28.89,70,3.576,108,432,1008,0
2025-01-25,17:00,28.89,72,3.129,97,313,1008,0
2025-01-25,18:00,28.33,76,3.129,100,124,1008,0
2025-01-25,19:00,27.78,81,2.235,96,3,1008,0
2025-01-25,20:00,27.22,79,1.788,110,0,1009,0
2025-01-25,21:00,26.67,79,0.8941,97,0,1009,0
2025-01-25,22:00,26.67,78,1.341,106,0,1009,0
2025-01-25,23:00,27.22,79,1.788,111,0,1009,0
2025-01-26,00:00,27.22,79,2.235,111,0,1009,0
2025-01-26,01:00,26.67,78,1.341,112,0,1008,0
2025-01-26,02:00,26.67,80,0.8941,110,0,1008,0
2025-01-26,03:00,26.67,81,0.8941,114,0,1008,0
2025-01-26,04:00,26.11,82,0.447,118,0,1007,0
2025-01-26,05:00,26.11,83,0.447,141,0,1007,0
2025-01-26,06:00,26.11,82,0.447,150,0,1007,0
2025-01-26,07:00,26.11,82,0.447,148,2,1008,0
2025-01-26,08:00,27.22,75,0.447,84,99,1009,0
2025-01-26,09:00,28.89,71,0.8941,152,341,1009,0
2025-01-26,10:00,30,65,1.788,152,546,1010,0
2025-01-26,11:00,30.56,65,2.235,167,754,1010,0
2025-01-26,12:00,30.56,63,1.788,174,790,1009,0
2025-01-26,13:00,31.11,63,1.788,231,867,1008,0
2025-01-26,14:00,31.11,65,1.788,181,668,1008,0
2025-01-26,15:00,31.11,67,1.341,266,748,1007,0
2025-01-26,16:00,30.56,67,1.341,285,568,1007,0
2025-01-26,17:00,30.56,71,0.8941,283,371,1007,0
2025-01-26,18:00,29.44,73,1.341,141,166,1007,0
2025-01-26,19:00,28.33,77,0.8941,114,3,1008,0
2025-01-26,20:00,27.78,80,0.447,106,0,1008,0
2025-01-26,21:00,26.67,84,0.447,334,0,1009,0
2025-01-26,22:00,26.11,84,0.447,109,0,1009,0
2025-01-26,23:00,26.11,86,0.447,85,0,1010,0
2025-01-27,00:00,26.67,84,0.447,114,0,1010,0
2025-01-27,01:00,26.11,85,0.447,74,0,1009,0
2025-01-27,02:00,25.56,88,0.447,95,0,1009,0
2025-01-27,03:00,25,89,0.447,103,0,1008,0
2025-01-27,04:00,25.56,89,0.447,111,0,1008,0
2025-01-27,05:00,25.56,87,0.447,119,0,1007,0
2025-01-27,06:00,25.56,88,0.447,86,0,1008,0
2025-01-27,07:00,25.56,89,0.447,63,2,1008,0
2025-01-27,08:00,26.67,81,0.447,10,111,1009,0
2025-01-27,09:00,28.89,74,0.8941,50,321,1010,0
2025-01-27,10:00,29.44,74,1.341,38,528,1011,0
2025-01-27,11:00,30.56,67,2.235,87,676,1011,0
2025-01-27,12:00,30,69,2.235,77,437,1010,0
2025-01-27,13:00,29.44,73,1.341,300,242,1009,0
2025-01-27,14:00,29.44,75,0.8941,284,302,1009,0
2025-01-27,15:00,29.44,71,1.341,68,459,1008,0
2025-01-27,16:00,30,65,1.788,111,541,1008,0
2025-01-27,17:00,30,67,1.788,99,327,1008,0
2025-01-27,18:00,29.44,75,1.341,78,110,1009,0
2025-01-27,19:00,28.33,79,1.341,81,3,1009,0
2025-01-27,20:00,27.22,83,0.8941,90,0,1011,0
2025-01-27,21:00,26.67,85,0.447,102,0,1011,0
2025-01-27,22:00,26.67,84,0.8941,106,0,1012,0
2025-01-27,23:00,26.67,86,0.447,88,0,1012,0
2025-01-28,00:00,26.67,88,0.447,105,0,1012,0
2025-01-28,01:00,26.67,85,1.341,94,0,1012,0
2025-01-28,02:00,27.22,83,1.788,86,0,1012,0
2025-01-28,03:00,27.22,81,2.235,84,0,1011,0
2025-01-28,04:00,27.22,79,2.235,88,0,1011,0
2025-01-28,05:00,27.22,79,2.235,95,0,1011,0
2025-01-28,06:00,27.22,80,2.235,88,0,1011,0
2025-01-28,07:00,26.67,80,1.788,83,3,1012,0
2025-01-28,08:00,27.22,78,1.788,83,47,1013,0
2025-01-28,09:00,28.33,73,2.682,90,302,1014,0
2025-01-28,10:00,28.89,71,3.576,92,537,1014,0
2025-01-28,11:00,29.44,68,3.576,93,721,1014,0
2025-01-28,12:00,30,65,3.576,94,837,1013,0
2025-01-28,13:00,30,67,3.576,92,868,1013,0
2025-01-28,14:00,30,66,4.023,92,802,1012,0
2025-01-28,15:00,30,70,3.576,91,690,1011,0
2025-01-28,16:00,29.44,70,3.576,87,480,1011,0
2025-01-28,17:00,29.44,69,3.576,97,357,1011,0
2025-01-28,18:00,28.33,71,2.682,86,105,1012,0
2025-01-28,19:00,27.78,73,2.235,84,3,1013,0
2025-01-28,20:00,27.22,74,1.788,87,0,1013,0
2025-01-28,21:00,27.22,75,1.788,86,0,1014,0
2025-01-28,22:00,27.22,76,1.788,81,0,1014,0
2025-01-28,23:00,27.22,78,1.788,83,0,1015,0
2025-01-29,00:00,27.22,77,1.788,82,0,1015,0
2025-01-29,01:00,27.22,79,1.788,82,0,1015,0
2025-01-29,02:00,27.78,76,2.682,101,0,1015,0
2025-01-29,03:00,27.22,74,2.682,109,0,1014,0
2025-01-29,04:00,27.22,75,2.235,100,0,1014,0
2025-01-29,05:00,26.67,71,2.235,97,0,1014,0
2025-01-29,06:00,26.67,73,1.788,100,0,1014,0
2025-01-29,07:00,26.67,76,0.8941,118,3,1014,0
2025-01-29,08:00,27.22,70,1.788,98,103,1015,0
2025-01-29,09:00,28.33,64,2.682,89,296,1015,0
2025-01-29,10:00,29.44,62,3.576,92,516,1015,0
2025-01-29,11:00,30,54,3.576,88,711,1015,0
2025-01-29,12:00,30,58,3.576,91,815,1014,0
2025-01-29,13:00,30,67,3.129,67,850,1013,0
2025-01-29,14:00,30,69,2.235,59,805,1013,0
2025-01-29,15:00,29.44,66,2.682,62,718,1012,0
2025-01-29,16:00,29.44,70,2.682,67,518,1012,0
2025-01-29,17:00,28.89,72,3.129,75,206,1012,0
2025-01-29,18:00,28.33,70,3.129,77,34,1012,0
2025-01-29,19:00,28.33,74,3.129,79,3,1012,0
2025-01-29,20:00,28.33,74,3.576,81,0,1013,0
2025-01-29,21:00,28.33,76,3.576,77,0,1014,0
2025-01-29,22:00,27.78,84,3.129,90,0,1014,0
2025-01-29,23:00,26.11,92,2.682,104,0,1014,2
2025-01-30,00:00,26.11,85,2.682,85,0,1014,0
2025-01-30,01:00,27.22,83,2.682,86,0,1013,0
2025-01-30,02:00,26.67,81,3.129,86,0,1013,0
2025-01-30,03:00,26.67,82,3.129,86,0,1012,0
2025-01-30,04:00,26.11,90,3.576,82,0,1012,1
2025-01-30,05:00,25,90,2.235,79,0,1012,0
2025-01-30,06:00,25.56,89,2.235,88,0,1012,0
2025-01-30,07:00,25.56,90,3.129,81,2,1012,0
2025-01-30,08:00,26.11,88,3.129,81,45,1013,0
2025-01-30,09:00,25.56,91,3.129,89,131,1014,1
2025-01-30,10:00,25.56,88,3.129,84,335,1014,1
2025-01-30,11:00,27.78,79,3.129,82,578,1014,0
2025-01-30,12:00,28.89,73,3.576,79,749,1013,0
2025-01-30,13:00,29.44,74,3.576,75,743,1012,0
2025-01-30,14:00,28.89,76,3.576,75,473,1012,0
2025-01-30,15:00,29.44,75,3.576,76,576,1011,0
2025-01-30,16:00,28.33,78,3.576,76,360,1010,0
2025-01-30,17:00,28.89,79,3.576,77,249,1011,0
2025-01-30,18:00,28.33,80,3.129,75,100,1011,0
2025-01-30,19:00,27.78,82,3.576,80,2,1011,0
2025-01-30,20:00,27.78,82,3.129,74,0,1012,0
2025-01-30,21:00,27.78,82,3.576,77,0,1013,0
2025-01-30,22:00,27.22,82,3.576,79,0,1013,0
2025-01-30,23:00,27.22,81,4.023,80,0,1013,0
2025-01-31,00:00,27.22,81,4.023,79,0,1013,0
2025-01-31,01:00,26.67,85,3.576,80,0,1013,0
2025-01-31,02:00,26.11,90,3.129,83,0,1012,0
2025-01-31,03:00,25.56,88,2.682,86,0,1012,1
2025-01-31,04:00,25.56,88,2.682,85,0,1011,0
2025-01-31,05:00,26.11,87,2.235,86,0,1011,0
2025-01-31,06:00,26.11,86,2.235,87,0,1011,0
2025-01-31,07:00,26.67,83,2.235,95,5,1012,0
2025-01-31,08:00,27.22,84,2.682,90,64,1012,0
2025-01-31,09:00,27.22,76,3.576,100,226,1013,0
2025-01-31,10:00,28.89,69,4.47,91,550,1014,0
2025-01-31,11:00,29.44,69,4.917,90,719,1014,0
2025-01-31,12:00,29.44,69,4.917,80,710,1013,0
2025-01-31,13:00,30,68,4.917,83,740,1012,0
2025-01-31,14:00,30,67,4.917,83,814,1012,0
2025-01-31,15:00,29.44,69,4.917,78,596,1011,0
2025-01-31,16:00,29.44,68,4.47,80,432,1011,0
2025-01-31,17:00,29.44,72,4.023,80,297,1011,0
2025-01-31,18:00,28.33,78,4.023,78,89,1011,0
2025-01-31,19:00,27.78,77,4.023,80,2,1011,0
2025-01-31,20:00,27.78,78,4.023,79,0,1012,0
2025-01-31,21:00,27.78,80,3.576,80,0,1012,0
2025-01-31,22:00,27.22,84,3.576,81,0,1012,0
2025-01-31,23:00,27.22,80,4.023,81,0,1012,0
2025-02-01,00:00,27.22,82,3.576,83,0,1012,0
2025-02-01,01:00,27.22,83,4.023,83,0,1012,0
2025-02-01,02:00,27.22,79,3.129,83,0,1012,0
2025-02-01,03:00,27.22,80,3.129,84,0,1012,0
2025-02-01,04:00,26.67,81,3.129,86,0,1011,0
2025-02-01,05:00,26.67,81,3.129,84,0,1011,0
2025-02-01,06:00,27.22,79,3.576,84,0,1011,0
2025-02-01,07:00,27.22,75,3.576,84,3,1011,0
2025-02-01,08:00,27.78,73,3.576,87,57,1012,0
2025-02-01,09:00,28.33,75,4.023,80,195,1013,0
2025-02-01,10:00,28.33,75,4.47,78,344,1013,0
2025-02-01,11:00,28.33,73,4.47,79,690,1013,0
2025-02-01,12:00,28.89,72,4.917,81,797,1013,0
2025-02-01,13:00,29.44,67,4.917,83,843,1012,0
2025-02-01,14:00,30,70,4.023,79,747,1011,0
2025-02-01,15:00,29.44,71,4.47,80,616,1010,0
2025-02-01,16:00,29.44,72,3.576,81,538,1009,0
2025-02-01,17:00,28.89,75,4.023,77,257,1009,0
2025-02-01,18:00,27.78,83,3.129,79,73,1010,0
2025-02-01,19:00,27.22,85,3.129,84,3,1010,0
2025-02-01,20:00,27.22,82,3.129,84,0,1011,0
2025-02-01,21:00,26.67,87,2.682,84,0,1012,0
2025-02-01,22:00,26.67,89,2.682,89,0,1012,1
2025-02-01,23:00,25.56,89,2.682,90,0,1012,0
2025-02-02,00:00,25.56,91,2.235,97,0,1012,0
2025-02-02,01:00,26.11,91,2.682,92,0,1011,1
2025-02-02,02:00,25.56,90,2.682,99,0,1011,1
2025-02-02,03:00,26.11,87,2.235,84,0,1011,0
2025-02-02,04:00,26.11,89,2.235,87,0,1010,0
2025-02-02,05:00,26.11,85,2.235,93,0,1010,0
2025-02-02,06:00,26.11,89,2.682,89,0,1010,1
2025-02-02,07:00,26.11,89,2.682,107,3,1010,0
2025-02-02,08:00,26.11,86,2.235,107,51,1011,0
2025-02-02,09:00,27.22,83,2.682,99,212,1012,0
2025-02-02,10:00,27.78,78,3.129,104,405,1012,0
2025-02-02,11:00,28.89,73,3.576,105,629,1012,0
2025-02-02,12:00,27.78,89,4.023,103,390,1012,1
2025-02-02,13:00,27.22,79,2.682,100,698,1011,0
2025-02-02,14:00,28.89,70,3.129,93,817,1010,0
2025-02-02,15:00,29.44,66,3.576,105,706,1009,0
2025-02-02,16:00,29.44,67,3.576,102,539,1009,0
2025-02-02,17:00,29.44,69,3.129,104,319,1009,0
2025-02-02,18:00,28.33,74,2.682,90,114,1009,0
2025-02-02,19:00,27.78,77,1.788,83,3,1009,0
2025-02-02,20:00,27.22,78,1.341,100,0,1010,0
2025-02-02,21:00,27.22,79,0.8941,107,0,1011,0
2025-02-02,22:00,26.67,80,0.8941,89,0,1011,0
2025-02-02,23:00,26.67,81,0.447,107,0,1011,0
2025-02-03,00:00,26.67,80,0.8941,111,0,1011,0
2025-02-03,01:00,26.67,82,0.8941,106,0,1010,0
2025-02-03,02:00,26.67,80,1.341,106,0,1009,0
2025-02-03,03:00,26.67,80,1.341,110,0,1009,0
2025-02-03,04:00,26.67,81,1.341,96,0,1009,0
2025-02-03,05:00,26.67,82,1.341,107,0,1009,0
2025-02-03,06:00,26.67,83,1.341,106,0,1009,0
2025-02-03,07:00,26.67,78,1.788,114,3,1010,0
2025-02-03,08:00,27.22,76,1.788,117,75,1011,0
2025-02-03,09:00,28.33,72,2.235,104,264,1011,0
2025-02-03,10:00,28.89,73,2.682,95,422,1012,0
2025-02-03,11:00,29.44,71,2.682,93,547,1012,0
2025-02-03,12:00,29.44,67,2.682,117,583,1012,0
2025-02-03,13:00,30,66,3.129,118,840,1011,0
2025-02-03,14:00,30,67,3.129,109,797,1010,0
2025-02-03,15:00,30,66,3.129,100,629,1009,0
2025-02-03,16:00,29.44,69,3.129,91,475,1009,0
2025-02-03,17:00,28.89,70,2.682,104,303,1009,0
2025-02-03,18:00,28.33,75,1.788,100,80,1009,0
2025-02-03,19:00,27.22,77,0.8941,73,2,1009,0
2025-02-03,20:00,26.67,83,0.8941,95,0,1010,0
2025-02-03,21:00,26.67,82,1.788,92,0,1011,0
2025-02-03,22:00,26.67,82,1.341,109,0,1011,0
2025-02-03,23:00,26.11,84,0.8941,122,0,1012,0
2025-02-04,00:00,26.11,85,0.8941,115,0,1011,0
2025-02-04,01:00,25.56,88,0.447,108,0,1011,0
2025-02-04,02:00,25,90,0.447,101,0,1010,0
2025-02-04,03:00,25,90,0.447,106,0,1009,0
2025-02-04,04:00,25.56,85,0.8941,84,0,1009,0
2025-02-04,05:00,25.56,84,1.341,98,0,1009,0
2025-02-04,06:00,25.56,81,1.341,82,0,1009,0
2025-02-04,07:00,25.56,80,1.341,107,3,1009,0
2025-02-04,08:00,26.67,74,1.341,114,109,1010,0
2025-02-04,09:00,28.33,67,1.788,91,346,1011,0
2025-02-04,10:00,29.44,62,2.682,84,531,1011,0
2025-02-04,11:00,30,60,2.235,69,698,1011,0
2025-02-04,12:00,30,64,3.129,89,809,1010,0
2025-02-04,13:00,30,66,3.576,97,872,1009,0
2025-02-04,14:00,30,66,3.576,97,826,1008,0
2025-02-04,15:00,30,64,3.576,100,710,1008,0
2025-02-04,16:00,29.44,72,3.129,98,519,1008,0
2025-02-04,17:00,28.89,75,2.682,84,203,1009,0
2025-02-04,18:00,28.33,76,2.682,93,64,1009,0
2025-02-04,19:00,27.78,79,2.235,90,3,1010,0
2025-02-04,20:00,27.78,78,1.788,93,0,1011,0
2025-02-04,21:00,27.22,80,1.341,98,0,1012,0
2025-02-04,22:00,27.22,79,1.788,110,0,1012,0
2025-02-04,23:00,27.22,80,1.341,104,0,1012,0
2025-02-05,00:00,27.22,81,1.341,96,0,1012,0
2025-02-05,01:00,27.22,81,1.788,104,0,1012,0
2025-02-05,02:00,26.67,81,1.341,106,0,1011,0
2025-02-05,03:00,26.67,82,1.341,101,0,1011,0
2025-02-05,04:00,26.11,83,0.8941,103,0,1010,0
2025-02-05,05:00,26.67,83,0.8941,111,0,1011,0
2025-02-05,06:00,25.56,86,0.447,117,0,1011,0
2025-02-05,07:00,25.56,86,0.447,122,2,1011,0
2025-02-05,08:00,25.56,82,0.447,117,63,1012,0
2025-02-05,09:00,27.22,75,1.341,83,196,1013,0
2025-02-05,10:00,28.33,74,2.682,74,314,1013,0
2025-02-05,11:00,28.33,76,2.682,81,351,1013,0
2025-02-05,12:00,28.33,71,2.682,82,366,1013,0
2025-02-05,13:00,28.89,73,2.682,73,331,1012,0
2025-02-05,14:00,28.89,74,2.682,72,387,1012,0
2025-02-05,15:00,28.89,70,3.129,76,397,1011,0
2025-02-05,16:00,28.89,72,3.129,74,483,1011,0
2025-02-05,17:00,28.33,69,3.576,83,222,1011,0
2025-02-05,18:00,28.33,73,3.129,82,109,1011,0
2025-02-05,19:00,27.22,74,2.682,86,5,1011,0
2025-02-05,20:00,27.22,74,2.682,86,0,1012,0
2025-02-05,22:00,27.22,75,2.682,86,0,1013,0
2025-02-05,23:00,27.22,76,3.129,86,0,1013,0
2025-02-06,00:00,27.22,75,2.682,84,0,1012,0
2025-02-06,01:00,26.67,72,2.682,83,0,1012,0
2025-02-06,02:00,26.67,72,2.682,90,0,1012,0
2025-02-06,03:00,26.67,72,2.235,88,0,1012,0
2025-02-06,04:00,26.67,74,1.788,84,0,1012,0
2025-02-06,05:00,26.11,75,1.341,87,0,1012,0
2025-02-06,06:00,26.11,76,1.788,100,0,1012,0
2025-02-06,07:00,26.11,77,1.341,114,3,1013,0
2025-02-06,08:00,26.67,75,1.341,94,96,1013,0
2025-02-06,09:00,27.78,68,2.682,82,290,1014,0
2025-02-06,10:00,28.89,66,2.682,75,485,1015,0
2025-02-06,11:00,28.89,68,2.682,78,534,1015,0
2025-02-06,12:00,28.89,71,2.682,71,473,1014,0
2025-02-06,13:00,28.89,70,2.682,70,425,1013,0
2025-02-06,14:00,28.89,71,2.682,69,449,1012,0
2025-02-06,15:00,28.89,71,3.129,67,534,1012,0
2025-02-06,16:00,28.89,73,3.129,69,499,1011,0
2025-02-06,17:00,28.33,75,3.129,76,192,1011,0
2025-02-06,18:00,28.33,76,3.576,78,84,1012,0
2025-02-06,19:00,27.78,77,3.129,80,3,1012,0
2025-02-06,20:00,27.22,85,3.576,81,0,1012,0
2025-02-06,21:00,26.67,78,3.129,87,0,1013,0
2025-02-06,22:00,27.22,78,3.576,82,0,1013,0
2025-02-06,23:00,27.78,79,3.576,84,0,1013,0
2025-02-07,00:00,27.22,83,3.576,81,0,1012,0
2025-02-07,01:00,26.67,85,3.129,83,0,1012,0
2025-02-07,02:00,26.67,84,2.682,76,0,1011,0
2025-02-07,03:00,26.67,89,3.129,81,0,1011,0
2025-02-07,04:00,26.67,85,2.682,84,0,1010,0
2025-02-07,05:00,26.11,93,3.129,95,0,1010,7
2025-02-07,06:00,26.11,92,2.235,82,0,1011,0
2025-02-07,07:00,26.11,91,2.235,94,2,1011,1
2025-02-07,08:00,25.56,91,1.788,107,71,1012,0
2025-02-07,09:00,26.67,90,1.788,81,306,1013,0
2025-02-07,10:00,26.67,89,1.788,91,344,1013,3
2025-02-07,11:00,28.33,78,2.682,97,646,1013,0
2025-02-07,12:00,27.78,86,2.682,80,441,1013,0
2025-02-07,13:00,26.67,92,2.235,66,329,1012,3
2025-02-07,14:00,27.22,88,2.682,69,400,1011,0
2025-02-07,15:00,27.22,85,2.235,70,350,1011,0
2025-02-07,16:00,27.22,85,2.682,70,339,1010,0
2025-02-07,17:00,27.22,84,2.682,73,198,1011,0
2025-02-07,18:00,27.22,85,2.235,80,79,1011,0
2025-02-07,19:00,27.22,87,2.682,82,4,1011,0
2025-02-07,20:00,26.11,89,2.682,100,0,1011,0
2025-02-07,21:00,26.11,87,1.788,101,0,1012,0
2025-02-07,22:00,26.11,88,2.235,91,0,1012,0
2025-02-07,23:00,25.56,92,1.788,91,0,1012,0
2025-02-08,00:00,25.56,92,0.8941,84,0,1012,0
2025-02-08,01:00,25.56,89,1.341,98,0,1012,0
2025-02-08,02:00,26.11,81,1.341,107,0,1011,0
2025-02-08,03:00,26.11,79,1.788,116,0,1010,0
2025-02-08,04:00,26.11,80,0.8941,111,0,1010,0
2025-02-08,05:00,26.11,80,0.8941,118,0,1009,0
2025-02-08,06:00,25.56,81,0.8941,123,0,1010,0
2025-02-08,07:00,25.56,78,0.8941,109,3,1010,0
2025-02-08,08:00,26.67,76,0.8941,106,67,1011,0
2025-02-08,09:00,28.33,71,0.8941,108,381,1012,0
2025-02-08,10:00,28.89,69,2.235,107,570,1012,0
2025-02-08,11:00,28.89,70,2.235,87,512,1012,0
2025-02-08,12:00,28.89,79,0.8941,31,485,1012,0
2025-02-08,13:00,28.33,82,1.341,359,610,1011,0
2025-02-08,14:00,27.78,81,1.341,25,519,1010,0
2025-02-08,15:00,27.78,83,1.341,339,447,1009,0
2025-02-08,16:00,26.67,84,1.341,344,343,1009,0
2025-02-08,17:00,26.67,84,1.341,185,203,1009,0
2025-02-08,18:00,26.67,84,1.788,104,68,1009,0
2025-02-08,19:00,26.11,86,1.341,81,3,1010,0
2025-02-08,20:00,26.11,87,2.235,87,0,1011,0
2025-02-08,21:00,26.11,86,2.235,81,0,1011,0
2025-02-08,22:00,25.56,92,2.235,82,0,1012,0
2025-02-08,23:00,25.56,91,1.788,85,0,1012,0
2025-02-09,00:00,25,92,1.341,92,0,1012,1
2025-02-09,01:00,24.44,92,0.8941,103,0,1012,0
2025-02-09,02:00,25,91,1.788,97,0,1011,0
2025-02-09,03:00,25,88,2.235,107,0,1011,0
2025-02-09,04:00,25.56,88,0.8941,108,0,1010,0
2025-02-09,05:00,26.11,84,1.341,82,0,1009,0
2025-02-09,06:00,26.67,84,1.341,94,0,1010,0
2025-02-09,07:00,26.11,83,0.8941,102,3,1011,0
2025-02-09,08:00,26.67,80,1.341,90,58,1012,0
2025-02-09,09:00,27.78,75,1.788,101,237,1012,0
2025-02-09,10:00,28.89,75,2.682,98,576,1013,0
2025-02-09,11:00,28.89,79,2.682,89,450,1013,0
2025-02-09,12:00,28.33,81,2.682,88,674,1012,0
2025-02-09,13:00,28.33,73,3.576,101,783,1011,0
2025-02-09,14:00,29.44,65,3.129,85,730,1011,0
2025-02-09,15:00,30,66,3.129,86,730,1010,0
2025-02-09,16:00,28.89,82,2.682,83,428,1010,0
2025-02-09,17:00,26.67,86,2.682,75,183,1010,0
2025-02-09,18:00,26.11,87,2.682,80,62,1011,0
2025-02-09,19:00,25.56,94,2.235,79,2,1012,0
2025-02-09,20:00,25,94,2.235,86,0,1012,1
2025-02-09,21:00,25,91,2.682,82,0,1013,0
2025-02-09,22:00,25.56,91,2.235,81,0,1014,0
2025-02-09,23:00,25.56,93,3.129,80,0,1014,3
2025-02-10,00:00,25.56,90,2.682,81,0,1014,0
2025-02-10,01:00,25.56,90,2.682,76,0,1014,0
2025-02-10,02:00,25.56,87,2.682,74,0,1014,0
2025-02-10,03:00,26.11,87,3.129,78,0,1014,0
2025-02-10,05:00,26.11,85,2.235,64,0,1013,0
2025-02-10,06:00,26.67,81,2.682,64,0,1014,0
2025-02-10,07:00,26.67,78,2.682,67,2,1014,0
2025-02-10,08:00,27.22,77,3.129,74,71,1015,0
2025-02-10,09:00,27.78,75,3.129,74,267,1015,0
2025-02-10,10:00,28.33,76,3.129,74,450,1015,0
2025-02-10,11:00,28.33,74,3.576,72,515,1015,0
2025-02-10,12:00,28.33,74,3.576,73,561,1015,0
2025-02-10,13:00,28.33,75,3.129,69,652,1014,0
2025-02-10,14:00,28.33,76,3.129,67,470,1013,0
2025-02-10,15:00,27.78,74,3.129,69,401,1013,0
2025-02-10,16:00,27.78,75,3.129,71,325,1013,0
2025-02-10,17:00,27.78,76,3.129,69,191,1013,0
2025-02-10,18:00,27.22,76,3.129,75,35,1013,0
2025-02-10,19:00,27.22,76,3.129,76,2,1014,0
2025-02-10,20:00,27.22,76,3.576,81,0,1014,0
2025-02-10,21:00,27.22,75,3.576,81,0,1015,0
2025-02-10,22:00,26.67,75,3.576,81,0,1015,0
2025-02-10,23:00,26.67,74,3.129,82,0,1015,0
2025-02-11,00:00,26.11,74,2.682,89,0,1015,0
2025-02-11,01:00,26.11,72,2.682,85,0,1015,0
2025-02-11,02:00,26.67,72,2.682,85,0,1015,0
2025-02-11,03:00,26.67,74,3.129,82,0,1014,0
2025-02-11,04:00,26.67,71,3.129,81,0,1014,0
2025-02-11,05:00,26.67,69,2.682,78,0,1014,0
2025-02-11,06:00,26.11,72,2.235,89,0,1015,0
2025-02-11,07:00,26.11,72,2.682,82,4,1015,0
2025-02-11,08:00,26.67,69,2.682,90,116,1016,0
2025-02-11,09:00,27.22,68,3.129,77,344,1017,0
2025-02-11,10:00,27.78,65,3.129,74,476,1017,0
2025-02-11,11:00,27.78,66,3.129,70,697,1017,0
2025-02-11,12:00,28.33,65,3.129,64,739,1017,0
2025-02-11,13:00,28.33,64,3.129,68,756,1016,0
2025-02-11,14:00,27.78,67,2.682,65,671,1016,0
2025-02-11,15:00,27.78,66,2.682,65,613,1015,0
2025-02-11,16:00,27.78,65,2.682,69,514,1015,0
2025-02-11,17:00,27.22,67,3.129,69,249,1015,0
2025-02-11,18:00,26.67,69,2.682,71,80,1015,0
2025-02-11,19:00,26.67,69,2.682,70,6,1016,0
2025-02-11,20:00,26.67,69,2.682,71,0,1016,0
2025-02-11,21:00,26.67,67,2.682,76,0,1017,0
2025-02-11,22:00,26.67,68,3.129,80,0,1018,0
2025-02-11,23:00,25.56,69,2.682,88,0,1018,0
2025-02-12,00:00,25.56,69,2.235,88,0,1018,0
2025-02-12,01:00,25.56,70,2.235,90,0,1018,0
2025-02-12,02:00,25.56,70,2.682,89,0,1017,0
2025-02-12,03:00,25.56,70,2.682,88,0,1017,0
2025-02-12,04:00,25.56,70,2.235,88,0,1017,0
2025-02-12,05:00,26.11,70,2.682,87,0,1016,0
2025-02-12,06:00,26.11,69,2.682,87,0,1016,0
2025-02-12,07:00,26.11,67,2.682,86,3,1017,0
2025-02-12,08:00,26.67,69,2.682,84,79,1017,0
2025-02-12,09:00,27.22,65,3.129,82,272,1018,0
2025-02-12,10:00,28.33,66,3.129,73,565,1018,0
2025-02-12,11:00,27.78,68,3.129,72,519,1018,0
2025-02-12,12:00,27.78,70,3.129,70,558,1017,0
2025-02-12,13:00,27.78,69,2.682,70,317,1017,0
2025-02-12,14:00,27.78,66,2.682,71,289,1016,0
2025-02-12,15:00,27.78,69,3.129,74,390,1015,0
2025-02-12,16:00,27.78,69,3.576,78,296,1014,0
2025-02-12,17:00,27.78,68,3.576,82,303,1014,0
2025-02-12,18:00,27.22,71,3.576,80,133,1014,0
2025-02-12,19:00,26.67,73,2.682,85,4,1015,0
2025-02-12,20:00,26.11,73,2.682,85,0,1015,0
2025-02-12,21:00,26.11,71,2.682,84,0,1016,0
2025-02-12,22:00,26.67,77,2.682,82,0,1016,1
2025-02-12,23:00,25.56,80,2.682,86,0,1016,0
2025-02-13,00:00,25,83,3.129,85,0,1016,0
2025-02-13,01:00,25,85,2.235,94,0,1016,0
2025-02-13,02:00,25,87,2.682,99,0,1016,0
2025-02-13,03:00,24.44,85,1.788,113,0,1015,0
2025-02-13,04:00,25,80,1.341,119,0,1015,0
2025-02-13,05:00,25,81,1.341,98,0,1014,0
2025-02-13,06:00,25,81,2.235,97,0,1014,0
2025-02-13,07:00,25,81,1.788,93,3,1015,0
2025-02-13,08:00,25.56,76,1.788,80,104,1015,0
2025-02-13,09:00,27.22,70,2.235,79,351,1016,0
2025-02-13,10:00,27.78,65,2.682,97,551,1017,0
2025-02-13,11:00,28.33,66,3.129,95,703,1016,0
2025-02-13,12:00,28.89,66,3.576,96,884,1016,0
2025-02-13,13:00,28.89,70,3.576,97,939,1015,0
2025-02-13,14:00,28.89,66,2.682,87,651,1014,0
2025-02-13,15:00,27.78,76,2.682,91,535,1013,0
2025-02-13,16:00,26.67,81,2.235,85,244,1013,0
2025-02-13,17:00,26.67,80,0.447,10,179,1013,0
2025-02-13,18:00,27.78,74,2.235,85,137,1013,0
2025-02-13,19:00,26.67,78,1.788,83,5,1013,0
2025-02-13,20:00,25.56,88,1.341,84,0,1013,3
2025-02-13,21:00,25,84,1.341,90,0,1014,0
2025-02-13,22:00,25.56,83,1.341,96,0,1014,0
2025-02-13,23:00,26.11,81,0.8941,120,0,1015,0
2025-02-14,00:00,26.11,77,1.341,80,0,1015,0
2025-02-14,01:00,26.67,74,1.788,80,0,1014,0
2025-02-14,02:00,26.67,77,2.235,87,0,1014,0
2025-02-14,03:00,26.11,79,2.235,93,0,1014,0
2025-02-14,04:00,26.11,78,2.682,84,0,1013,0
2025-02-14,05:00,26.11,74,2.682,84,0,1013,0
2025-02-14,06:00,26.11,72,2.235,78,0,1013,0
2025-02-14,07:00,26.11,77,2.235,79,3,1013,0
2025-02-14,08:00,26.11,73,2.682,74,76,1014,0
2025-02-14,09:00,27.78,72,3.576,88,354,1014,0
2025-02-14,10:00,28.33,64,3.576,89,570,1015,0
2025-02-14,11:00,28.89,65,4.023,85,756,1015,0
2025-02-14,12:00,28.89,63,3.129,72,714,1014,0
2025-02-14,13:00,28.89,67,2.682,63,896,1013,0
2025-02-14,14:00,28.89,65,2.682,62,896,1012,0
2025-02-14,15:00,28.89,66,3.129,64,765,1012,0
2025-02-14,16:00,28.89,64,2.682,67,593,1011,0
2025-02-14,17:00,28.33,66,3.129,72,379,1011,0
2025-02-14,18:00,27.78,68,3.129,75,136,1011,0
2025-02-14,19:00,26.67,73,2.682,86,5,1012,0
2025-02-14,20:00,26.11,72,2.235,87,0,1012,0
2025-02-14,21:00,26.11,72,1.788,87,0,1013,0
2025-02-14,22:00,26.11,72,1.788,92,0,1013,0
2025-02-14,23:00,25.56,74,1.341,92,0,1014,0
2025-02-15,00:00,25.56,73,1.341,97,0,1014,0
2025-02-15,01:00,25.56,74,1.341,97,0,1013,0
2025-02-15,02:00,25.56,74,1.341,109,0,1013,0
2025-02-15,03:00,25.56,75,1.341,105,0,1013,0
2025-02-15,04:00,25.56,75,0.8941,118,0,1012,0
2025-02-15,05:00,25.56,76,0.8941,111,0,1012,0
2025-02-15,06:00,25.56,76,0.8941,103,0,1012,0
2025-02-15,07:00,25.56,75,2.235,89,3,1013,0
2025-02-15,08:00,25.56,80,2.235,79,102,1014,0
2025-02-15,09:00,26.67,74,1.788,72,279,1014,0
2025-02-15,10:00,27.22,74,2.235,75,269,1015,0
2025-02-15,11:00,27.22,74,2.235,74,348,1015,0
2025-02-15,12:00,27.22,69,2.235,68,343,1014,0
2025-02-15,13:00,27.78,68,2.682,68,554,1013,0
2025-02-15,14:00,28.33,67,2.682,68,829,1013,0
2025-02-15,15:00,28.33,67,3.129,67,725,1012,0
2025-02-15,16:00,28.33,65,3.129,73,602,1012,0
2025-02-15,17:00,27.78,66,3.129,75,376,1012,0
2025-02-15,18:00,27.22,66,3.129,81,135,1013,0
2025-02-15,19:00,26.67,68,3.576,82,5,1013,0
2025-02-15,20:00,26.67,70,3.129,83,0,1013,0
2025-02-15,21:00,26.67,68,3.129,87,0,1014,0
2025-02-15,22:00,26.11,68,3.129,86,0,1014,0
2025-02-15,23:00,26.11,67,3.129,84,0,1015,0
2025-02-16,00:00,26.11,67,2.682,85,0,1015,0
2025-02-16,01:00,26.11,70,2.682,85,0,1015,0
2025-02-16,02:00,26.11,71,2.235,87,0,1014,0
2025-02-16,03:00,26.11,73,2.682,88,0,1014,0
2025-02-16,04:00,26.11,73,2.235,88,0,1013,0
2025-02-16,05:00,26.11,73,2.682,85,0,1013,0
2025-02-16,06:00,26.11,74,2.682,87,0,1013,0
2025-02-16,07:00,26.11,75,2.235,86,3,1014,0
2025-02-16,08:00,26.11,79,2.235,84,46,1015,0
2025-02-16,09:00,26.67,73,2.235,79,191,1015,0
2025-02-16,10:00,28.33,67,3.576,87,479,1016,0
2025-02-16,11:00,29.44,65,3.129,81,740,1016,0
2025-02-16,12:00,29.44,75,3.576,87,761,1015,0
2025-02-16,13:00,27.78,74,2.682,93,498,1015,0
2025-02-16,14:00,28.33,73,3.576,100,689,1014,0
2025-02-16,15:00,27.78,72,3.129,98,602,1013,0
2025-02-16,16:00,27.78,81,2.682,84,328,1013,0
2025-02-16,17:00,27.78,68,3.129,92,245,1013,0
2025-02-16,18:00,28.33,70,3.129,91,136,1013,0
2025-02-16,19:00,27.22,71,2.682,89,6,1014,0
2025-02-16,20:00,27.22,72,2.682,88,0,1014,0
2025-02-16,21:00,26.67,75,2.235,93,0,1014,0
2025-02-16,22:00,27.22,76,2.235,89,0,1015,0
2025-02-16,23:00,27.22,77,2.235,91,0,1015,0
2025-02-17,00:00,27.22,81,2.235,93,0,1015,0
2025-02-17,01:00,26.67,79,1.788,92,0,1015,0
2025-02-17,02:00,26.67,79,1.341,95,0,1014,0
2025-02-17,03:00,26.67,82,1.341,105,0,1014,0
2025-02-17,04:00,25.56,83,0.447,338,0,1014,0
2025-02-17,05:00,25,85,0.447,329,0,1014,0
2025-02-17,06:00,25,87,0.447,114,0,1014,0
2025-02-17,07:00,25,88,0.447,109,3,1014,0
2025-02-17,08:00,25.56,84,1.341,89,85,1015,0
2025-02-17,09:00,27.78,74,1.788,80,389,1015,0
2025-02-17,10:00,28.89,75,3.129,94,451,1016,0
2025-02-17,11:00,28.89,73,3.129,98,598,1016,0
2025-02-17,12:00,29.44,71,3.129,98,706,1015,0
2025-02-17,13:00,29.44,73,3.576,105,813,1014,0
2025-02-17,14:00,30,72,3.129,93,757,1014,0
2025-02-17,15:00,29.44,72,3.129,95,594,1013,0
2025-02-17,16:00,29.44,71,3.129,108,524,1013,0
2025-02-17,17:00,28.89,75,3.129,101,288,1013,0
2025-02-17,18:00,28.33,77,2.682,93,62,1013,0
2025-02-17,19:00,27.78,82,1.788,99,6,1013,0
2025-02-17,20:00,27.22,85,1.788,79,0,1014,0
2025-02-17,21:00,26.67,84,1.341,70,0,1014,0
2025-02-17,22:00,26.67,83,1.341,67,0,1015,0
2025-02-17,23:00,26.67,83,1.788,71,0,1015,0
2025-02-18,00:00,27.22,82,1.341,93,0,1015,0
2025-02-18,01:00,26.67,84,1.341,103,0,1014,0
2025-02-18,02:00,26.11,83,0.8941,101,0,1014,0
2025-02-18,03:00,26.11,85,0.8941,81,0,1013,0
2025-02-18,04:00,26.11,87,0.8941,103,0,1013,0
2025-02-18,05:00,25.56,89,0.447,94,0,1013,0
2025-02-18,06:00,25.56,89,0.447,105,0,1013,0
2025-02-18,07:00,25,91,0.447,49,4,1013,0
2025-02-18,08:00,26.11,83,0.8941,108,124,1014,0
2025-02-18,09:00,28.33,73,2.235,94,366,1014,0
2025-02-18,10:00,28.89,68,2.682,98,580,1015,0
2025-02-18,11:00,29.44,68,2.235,96,738,1015,0
2025-02-18,12:00,29.44,74,1.341,27,673,1014,0
2025-02-18,13:00,29.44,75,1.341,34,565,1013,0
2025-02-18,14:00,28.89,75,2.235,57,817,1012,0
2025-02-18,15:00,29.44,73,1.341,29,772,1012,0
2025-02-18,16:00,29.44,74,1.341,31,644,1011,0
2025-02-18,17:00,29.44,74,1.341,47,385,1012,0
2025-02-18,18:00,28.33,76,1.341,61,140,1012,0
2025-02-18,19:00,27.78,77,1.341,69,5,1012,0
2025-02-18,20:00,27.78,80,0.8941,75,0,1013,0
2025-02-18,21:00,27.78,81,1.341,74,0,1013,0
2025-02-18,22:00,26.67,84,2.682,73,0,1014,0
2025-02-18,23:00,26.11,79,1.788,88,0,1014,0
2025-02-19,00:00,26.67,83,1.788,83,0,1014,0
2025-02-19,01:00,26.11,87,2.235,82,0,1013,1
2025-02-19,02:00,25.56,91,1.341,100,0,1013,1
2025-02-19,03:00,25.56,87,1.788,93,0,1012,0
2025-02-19,04:00,26.11,85,1.341,100,0,1012,0
2025-02-19,05:00,26.67,85,1.788,95,0,1012,0
2025-02-19,06:00,27.22,82,2.235,91,0,1012,0
2025-02-19,07:00,27.22,81,2.235,85,5,1013,0
2025-02-19,08:00,27.78,78,2.235,77,113,1014,0
2025-02-19,09:00,28.33,76,2.235,70,280,1014,0
2025-02-19,10:00,28.89,74,2.235,73,537,1015,0
2025-02-19,11:00,28.89,73,2.235,64,716,1015,0
2025-02-19,12:00,28.89,72,2.682,66,845,1014,0
2025-02-19,13:00,28.89,71,2.682,65,840,1014,0
2025-02-19,14:00,28.89,71,2.682,64,857,1013,0
2025-02-19,15:00,28.89,71,2.682,62,750,1012,0
2025-02-19,16:00,27.78,74,2.235,65,195,1012,0
2025-02-19,17:00,28.33,75,1.788,30,212,1012,0
2025-02-19,18:00,27.78,76,1.788,33,63,1012,0
2025-02-19,19:00,27.78,74,1.788,48,3,1013,0
2025-02-19,20:00,27.22,75,1.788,36,0,1013,0
2025-02-19,21:00,27.22,75,2.235,39,0,1014,0
2025-02-19,22:00,27.22,75,1.788,49,0,1014,0
2025-02-19,23:00,27.22,73,1.788,50,0,1014,0
2025-02-20,00:00,26.67,73,1.788,65,0,1014,0
2025-02-20,01:00,26.67,73,2.235,51,0,1014,0
2025-02-20,02:00,26.67,73,2.235,68,0,1014,0
2025-02-20,03:00,26.67,74,1.788,64,0,1014,0
2025-02-20,04:00,26.67,74,2.235,68,0,1013,0
2025-02-20,05:00,26.67,73,1.788,65,0,1013,0
2025-02-20,06:00,26.67,75,2.235,77,0,1014,0
2025-02-20,07:00,26.67,75,2.682,73,5,1014,0
2025-02-20,08:00,27.22,75,2.682,76,76,1015,0
2025-02-20,09:00,27.22,76,2.682,72,195,1015,0
2025-02-20,10:00,27.22,73,2.682,66,366,1016,0
2025-02-20,11:00,28.33,70,3.129,69,628,1016,0
2025-02-20,12:00,27.78,72,2.682,66,473,1015,0
2025-02-20,13:00,28.33,69,2.682,66,521,1015,0
2025-02-20,14:00,28.33,69,2.682,66,823,1014,0
2025-02-20,15:00,28.89,68,2.682,63,749,1013,0
2025-02-20,16:00,28.33,71,2.682,65,506,1013,0
2025-02-20,17:00,27.78,69,3.129,66,353,1013,0
2025-02-20,18:00,27.22,73,3.129,73,141,1014,0
2025-02-20,19:00,27.22,73,2.682,70,6,1014,0
2025-02-20,20:00,26.67,71,3.129,72,0,1015,0
2025-02-20,21:00,27.22,70,3.129,79,0,1015,0
2025-02-20,22:00,27.22,71,3.129,80,0,1016,0
2025-02-20,23:00,26.67,72,3.129,81,0,1016,0
2025-02-21,00:00,26.11,74,2.682,88,0,1016,0
2025-02-21,01:00,26.11,74,2.235,89,0,1016,0
2025-02-21,02:00,26.11,74,2.235,90,0,1015,0
2025-02-21,03:00,26.11,74,2.235,90,0,1015,0
2025-02-21,04:00,26.11,74,2.682,83,0,1015,0
2025-02-21,05:00,26.11,75,3.129,85,0,1015,0
2025-02-21,06:00,26.11,75,3.129,83,0,1015,0
2025-02-21,07:00,26.11,72,3.129,83,4,1016,0
2025-02-21,08:00,26.67,72,3.129,83,73,1016,0
2025-02-21,09:00,27.78,71,3.576,76,265,1017,0
2025-02-21,10:00,27.78,71,3.576,76,365,1017,0
2025-02-21,11:00,27.78,72,4.023,73,423,1017,0
2025-02-21,12:00,27.78,74,3.576,74,459,1016,0
2025-02-21,13:00,27.78,72,3.576,73,309,1015,0
2025-02-21,14:00,27.78,69,3.576,71,447,1015,0
2025-02-21,15:00,27.78,74,3.576,70,339,1014,0
2025-02-21,16:00,27.78,70,3.576,72,428,1014,0
2025-02-21,17:00,27.78,72,4.023,78,276,1015,0
2025-02-21,18:00,27.22,73,3.576,79,134,1015,0
2025-02-21,19:00,27.22,74,3.576,78,6,1016,0
2025-02-21,20:00,26.67,71,3.576,80,0,1016,0
2025-02-21,21:00,26.67,73,4.023,78,0,1017,0
2025-02-21,22:00,26.67,74,4.023,80,0,1017,0
2025-02-21,23:00,26.67,74,3.576,79,0,1017,0
2025-02-22,00:00,26.67,75,3.576,80,0,1018,0
2025-02-22,01:00,26.67,75,3.576,77,0,1017,0
2025-02-22,02:00,25.56,80,3.129,86,0,1017,0
2025-02-22,03:00,26.11,78,3.576,83,0,1017,0
2025-02-22,04:00,26.67,80,3.129,78,0,1016,0
2025-02-22,05:00,26.11,79,3.576,82,0,1016,0
2025-02-22,06:00,26.67,77,3.576,80,0,1016,0
2025-02-22,07:00,26.67,76,4.023,79,6,1017,0
2025-02-22,08:00,26.67,75,4.023,80,86,1018,0
2025-02-22,09:00,27.22,74,3.576,79,222,1018,0
2025-02-22,10:00,27.22,74,3.576,75,319,1019,0
2025-02-22,11:00,27.78,70,4.023,77,515,1018,0
2025-02-22,12:00,27.78,74,3.576,74,306,1018,0
2025-02-22,13:00,27.78,71,3.576,72,422,1017,0
2025-02-22,14:00,27.78,71,3.576,74,350,1016,0
2025-02-22,15:00,27.78,72,3.576,75,395,1015,0
2025-02-22,16:00,27.78,67,4.023,74,271,1015,0
2025-02-22,17:00,27.78,69,4.023,78,333,1015,0
2025-02-22,18:00,27.22,74,3.576,78,92,1015,0
2025-02-22,19:00,27.22,71,3.576,81,5,1016,0
2025-02-22,20:00,27.22,72,3.129,82,0,1016,0
2025-02-22,21:00,26.67,72,3.129,84,0,1017,0
2025-02-22,22:00,26.67,74,3.576,82,0,1017,0
2025-02-22,23:00,26.67,73,3.576,82,0,1017,0
2025-02-23,00:00,26.67,75,3.129,82,0,1017,0
2025-02-23,01:00,26.67,75,3.576,84,0,1017,0
2025-02-23,02:00,26.67,76,3.129,85,0,1016,0
2025-02-23,03:00,26.11,74,3.129,82,0,1016,0
2025-02-23,04:00,26.11,75,3.129,83,0,1015,0
2025-02-23,05:00,26.11,73,3.129,84,0,1015,0
2025-02-23,06:00,26.11,73,3.129,85,0,1015,0
2025-02-23,07:00,26.11,74,3.576,84,6,1016,0
2025-02-23,08:00,26.67,71,3.576,82,83,1017,0
2025-02-23,09:00,27.22,68,4.023,79,280,1017,0
2025-02-23,10:00,28.33,66,4.023,78,575,1018,0
2025-02-23,11:00,28.33,67,4.023,76,692,1018,0
2025-02-23,12:00,27.78,66,4.023,75,505,1018,0
2025-02-23,13:00,27.78,70,3.576,71,496,1017,0
2025-02-23,14:00,27.78,69,3.576,73,328,1016,0
2025-02-23,15:00,27.78,71,3.576,74,410,1015,0
2025-02-23,16:00,27.78,69,4.023,76,517,1015,0
2025-02-23,17:00,27.78,71,4.023,75,412,1015,0
2025-02-23,18:00,27.22,74,4.023,78,159,1015,0
2025-02-23,19:00,27.22,73,4.023,77,7,1016,0
2025-02-23,20:00,26.67,74,4.023,78,0,1017,0
2025-02-23,21:00,27.22,75,4.023,79,0,1017,0
2025-02-23,22:00,26.67,76,4.47,80,0,1018,0
2025-02-23,23:00,26.67,75,3.576,80,0,1018,0
2025-02-24,00:00,26.67,75,3.576,81,0,1018,0
2025-02-24,01:00,26.67,76,3.576,77,0,1017,0
2025-02-24,02:00,26.67,75,3.576,81,0,1017,0
2025-02-24,03:00,26.67,77,3.576,78,0,1016,0
2025-02-24,04:00,26.11,80,3.576,80,0,1016,0
2025-02-24,05:00,25,88,2.682,87,0,1016,2
2025-02-24,06:00,25,86,2.682,91,0,1016,0
2025-02-24,07:00,25.56,81,2.235,88,5,1016,0
2025-02-24,08:00,26.11,78,2.682,85,86,1017,0
2025-02-24,09:00,27.22,75,3.576,83,280,1017,0
2025-02-24,10:00,28.33,70,3.576,81,544,1018,0
2025-02-24,11:00,28.89,68,4.023,82,660,1018,0
2025-02-24,12:00,28.89,70,4.023,83,732,1017,0
2025-02-24,13:00,28.33,68,3.576,73,540,1016,0
2025-02-24,14:00,28.89,69,3.576,74,673,1015,0
2025-02-24,15:00,28.33,73,4.023,82,536,1015,0
2025-02-24,16:00,27.78,72,4.023,85,274,1015,0
2025-02-24,17:00,26.67,80,2.235,75,160,1015,0
2025-02-24,18:00,25.56,87,1.788,92,30,1015,1
2025-02-24,19:00,25.56,81,2.682,87,3,1015,0
2025-02-24,20:00,26.11,80,2.682,88,0,1016,0
2025-02-24,21:00,26.11,83,3.129,85,0,1016,0
2025-02-24,22:00,26.11,80,2.235,88,0,1017,0
2025-02-24,23:00,26.11,80,2.235,85,0,1017,0
2025-02-25,00:00,26.11,86,2.682,81,0,1017,1
2025-02-25,01:00,25.56,84,2.235,87,0,1017,0
2025-02-25,02:00,26.11,81,2.235,87,0,1016,0
2025-02-25,03:00,26.11,80,2.682,86,0,1016,0
2025-02-25,04:00,26.11,80,2.682,83,0,1015,0
2025-02-25,05:00,26.11,78,2.682,85,0,1015,0
2025-02-25,06:00,26.11,78,3.129,86,0,1015,0
2025-02-25,07:00,26.11,77,2.682,89,6,1016,0
2025-02-25,08:00,26.67,75,3.129,82,117,1017,0
2025-02-25,09:00,27.78,73,3.129,76,301,1017,0
2025-02-25,10:00,28.33,71,3.129,77,553,1018,0
2025-02-25,11:00,28.33,71,2.682,70,608,1018,0
2025-02-25,12:00,27.78,73,2.682,66,349,1017,0
2025-02-25,13:00,28.33,66,2.682,68,703,1016,0
2025-02-25,14:00,28.89,67,2.682,60,825,1015,0
2025-02-25,15:00,28.33,68,2.682,61,545,1014,0
2025-02-25,16:00,27.78,67,2.682,60,445,1014,0
2025-02-25,17:00,27.78,72,2.682,63,259,1014,0
2025-02-25,18:00,27.22,71,3.129,65,74,1014,0
2025-02-25,19:00,27.22,70,3.129,68,10,1014,0
2025-02-25,20:00,27.22,71,3.576,70,0,1015,0
2025-02-25,21:00,27.22,69,3.576,73,0,1016,0
2025-02-25,22:00,27.22,70,4.023,74,0,1016,0
2025-02-25,23:00,27.22,67,4.023,73,0,1016,0
2025-02-26,00:00,27.22,69,4.023,75,0,1016,0
2025-02-26,01:00,26.67,72,3.576,72,0,1016,0
2025-02-26,02:00,26.67,75,4.023,77,0,1015,0
2025-02-26,03:00,26.67,74,3.576,77,0,1015,0
2025-02-26,04:00,26.11,76,3.576,80,0,1015,0
2025-02-26,05:00,25.56,79,3.576,76,0,1014,0
2025-02-26,06:00,25.56,79,4.023,80,0,1015,0
2025-02-26,07:00,25.56,83,3.129,78,2,1015,0
2025-02-26,08:00,26.11,75,3.576,80,78,1016,0
2025-02-26,09:00,26.67,75,3.576,76,249,1016,0
2025-02-26,10:00,27.22,77,3.576,77,347,1017,0
2025-02-26,11:00,27.78,77,3.129,74,455,1017,0
2025-02-26,12:00,27.78,75,3.576,73,442,1016,0
2025-02-26,13:00,27.78,76,3.129,70,372,1015,0
2025-02-26,14:00,28.33,74,3.129,72,446,1014,0
2025-02-26,15:00,28.33,78,3.129,70,540,1013,0
2025-02-26,16:00,28.33,76,3.129,71,413,1013,0
2025-02-26,17:00,26.67,90,3.576,78,111,1013,2
2025-02-26,18:00,25.56,87,3.129,84,49,1014,0
2025-02-26,19:00,26.67,83,3.129,84,4,1014,0
2025-02-26,20:00,26.67,83,3.576,82,0,1015,0
2025-02-26,21:00,26.67,88,3.129,81,0,1015,0
2025-02-26,22:00,26.11,88,3.576,80,0,1016,0
2025-02-26,23:00,26.11,87,3.576,81,0,1016,0
2025-02-27,00:00,26.67,89,3.129,78,0,1015,0
2025-02-27,01:00,26.11,87,3.129,79,0,1015,0
2025-02-27,02:00,26.67,84,3.129,83,0,1014,0
2025-02-27,03:00,26.11,89,3.576,81,0,1014,1
2025-02-27,04:00,25.56,90,3.129,75,0,1013,0
2025-02-27,05:00,25.56,92,3.129,82,0,1013,1
2025-02-27,06:00,25.56,89,2.682,85,0,1013,0
2025-02-27,07:00,26.11,88,3.129,81,7,1013,0
2025-02-27,08:00,26.67,85,3.129,77,81,1014,0
2025-02-27,09:00,26.67,85,4.023,78,206,1015,0
2025-02-27,10:00,27.22,81,4.023,77,284,1015,0
2025-02-27,11:00,27.78,81,3.576,76,452,1015,0
2025-02-27,12:00,27.78,82,3.576,69,445,1015,0
2025-02-27,13:00,27.78,82,3.129,71,449,1014,0
2025-02-27,14:00,27.78,82,3.576,73,545,1013,0
2025-02-27,15:00,27.78,84,3.129,69,326,1013,0
2025-02-27,16:00,27.78,81,3.576,76,257,1013,0
2025-02-27,17:00,27.22,83,3.129,79,150,1013,0
2025-02-27,18:00,26.11,87,3.576,80,66,1013,1
2025-02-27,19:00,26.67,84,3.576,82,6,1014,0
2025-02-27,20:00,26.67,83,4.023,80,0,1014,0
2025-02-27,21:00,26.67,84,4.023,80,0,1015,0
2025-02-27,22:00,26.67,79,4.023,78,0,1016,0
2025-02-27,23:00,27.22,83,4.023,81,0,1016,0
2025-02-28,00:00,26.67,78,4.47,76,0,1016,0
2025-02-28,01:00,27.22,77,4.023,78,0,1015,0
2025-02-28,02:00,27.22,80,4.023,79,0,1015,0
2025-02-28,03:00,26.67,81,4.47,76,0,1014,0
2025-02-28,04:00,26.67,81,4.023,78,0,1014,0
2025-02-28,05:00,26.67,81,4.023,76,0,1014,0
2025-02-28,06:00,26.67,83,3.576,78,0,1014,0
2025-02-28,07:00,26.67,82,3.576,79,7,1015,0
2025-02-28,08:00,26.11,81,3.576,81,90,1015,0
2025-02-28,09:00,27.22,77,3.576,81,197,1015,0
2025-02-28,10:00,27.78,75,4.023,76,302,1016,0
2025-02-28,11:00,27.78,78,4.023,74,358,1016,0
2025-02-28,12:00,28.33,72,4.023,75,425,1015,0
2025-02-28,13:00,28.33,71,4.023,76,499,1015,0
2025-02-28,14:00,28.89,68,4.47,82,655,1014,0
2025-02-28,15:00,28.33,72,4.023,77,408,1013,0
2025-02-28,16:00,28.33,74,4.47,78,317,1013,0
2025-02-28,17:00,28.33,73,4.47,76,296,1013,0
2025-02-28,18:00,27.78,74,4.47,80,113,1014,0
2025-02-28,19:00,27.22,74,4.023,81,5,1014,0
2025-02-28,20:00,27.22,74,4.023,82,0,1015,0
2025-02-28,21:00,27.22,75,4.023,80,0,1016,0
2025-02-28,22:00,27.22,75,4.023,81,0,1016,0
2025-02-28,23:00,27.22,73,4.47,78,0,1016,0
2025-03-01,00:00,26.67,72,4.023,77,0,1016,0
2025-03-01,01:00,26.67,73,4.023,79,0,1015,0
2025-03-01,02:00,26.67,71,3.576,82,0,1015,0
2025-03-01,03:00,26.67,72,4.023,78,0,1015,0
2025-03-01,04:00,26.67,72,3.576,78,0,1014,0
2025-03-01,05:00,26.67,73,3.576,79,0,1014,0
2025-03-01,06:00,26.67,76,3.576,77,0,1014,0
2025-03-01,07:00,26.67,75,3.576,78,3,1014,0
2025-03-01,08:00,27.22,76,4.023,77,64,1015,0
2025-03-01,09:00,27.22,73,4.023,77,236,1015,0
2025-03-01,10:00,27.78,72,4.023,76,387,1016,0
2025-03-01,11:00,27.78,77,4.023,74,415,1016,0
2025-03-01,12:00,27.22,77,4.023,75,661,1015,0
2025-03-01,13:00,27.22,80,3.576,70,543,1015,0
2025-03-01,14:00,27.22,79,3.129,73,395,1014,0
2025-03-01,15:00,27.78,76,3.576,73,389,1013,0
2025-03-01,16:00,27.22,79,4.023,77,215,1012,0
2025-03-01,17:00,27.22,76,4.023,77,226,1013,0
2025-03-01,18:00,27.22,77,4.47,76,76,1013,0
2025-03-01,19:00,27.22,78,4.47,80,3,1013,0
2025-03-01,20:00,26.67,82,4.47,77,0,1014,0
2025-03-01,21:00,26.11,81,4.47,81,0,1014,0
2025-03-01,22:00,26.67,83,4.47,81,0,1015,0
2025-03-01,23:00,26.11,86,4.023,80,0,1015,0
2025-03-02,00:00,25.56,92,4.023,82,0,1015,1
2025-03-02,01:00,25.56,90,3.576,81,0,1014,0
2025-03-02,02:00,25.56,92,3.129,85,0,1014,1
2025-03-02,03:00,25,92,3.576,84,0,1014,1
2025-03-02,04:00,25,92,4.023,82,0,1013,0
2025-03-02,05:00,24.44,92,3.129,82,0,1013,0
2025-03-02,06:00,24.44,93,3.129,83,0,1014,2
2025-03-02,07:00,25,89,3.129,86,7,1014,0
2025-03-02,08:00,25.56,85,3.129,83,97,1014,0
2025-03-02,09:00,26.67,76,3.576,83,266,1015,0
2025-03-02,10:00,27.78,79,4.47,83,396,1015,0
2025-03-02,11:00,27.78,74,4.023,85,471,1015,0
2025-03-02,12:00,27.78,71,4.917,86,595,1015,0
2025-03-02,13:00,28.89,69,5.364,82,814,1014,0
2025-03-02,14:00,28.89,68,5.364,81,704,1013,0
2025-03-02,15:00,28.89,68,4.917,80,711,1013,0
2025-03-02,16:00,28.33,72,4.917,82,503,1012,0
2025-03-02,17:00,28.33,71,4.917,83,367,1012,0
2025-03-02,18:00,27.78,72,4.917,80,102,1013,0
2025-03-02,19:00,27.22,75,4.47,83,5,1013,0
2025-03-02,20:00,27.22,76,4.917,86,0,1014,0
2025-03-02,21:00,27.22,76,4.917,86,0,1014,0
2025-03-02,22:00,26.67,81,4.47,88,0,1015,0
2025-03-02,23:00,26.11,79,4.47,86,0,1015,0
2025-03-03,00:00,26.67,77,4.47,87,0,1014,0
2025-03-03,01:00,26.67,76,4.47,82,0,1014,0
2025-03-03,02:00,26.67,74,4.917,87,0,1014,0
2025-03-03,03:00,26.67,73,4.47,89,0,1013,0
2025-03-03,04:00,26.67,74,4.47,89,0,1013,0
2025-03-03,05:00,26.67,71,4.023,90,0,1013,0
2025-03-03,06:00,26.67,70,3.576,88,0,1013,0
2025-03-03,07:00,26.67,72,3.576,84,11,1013,0
2025-03-03,08:00,26.67,67,3.576,86,94,1014,0
2025-03-03,09:00,27.78,67,3.576,85,224,1014,0
2025-03-03,10:00,28.33,67,4.47,89,485,1015,0
2025-03-03,11:00,28.89,65,4.47,85,604,1014,0
2025-03-03,12:00,28.89,64,4.47,84,685,1014,0
2025-03-03,13:00,28.89,69,4.47,84,531,1013,0
2025-03-03,14:00,28.89,65,4.47,81,648,1013,0
2025-03-03,15:00,28.33,67,4.023,86,465,1012,0
2025-03-03,16:00,28.33,69,4.47,81,422,1012,0
2025-03-03,17:00,27.78,71,4.023,82,196,1012,0
2025-03-03,18:00,27.22,71,3.576,82,49,1012,0
2025-03-03,19:00,27.22,71,3.576,82,3,1013,0
2025-03-03,20:00,27.22,71,3.576,81,0,1013,0
2025-03-03,21:00,26.67,69,3.576,87,0,1014,0
2025-03-03,22:00,26.67,69,3.576,86,0,1015,0
2025-03-03,23:00,26.67,74,3.129,87,0,1015,0
2025-03-04,00:00,26.67,76,2.682,88,0,1014,0
2025-03-04,01:00,26.67,76,2.682,83,0,1014,0
2025-03-04,02:00,26.67,77,2.682,84,0,1014,0
2025-03-04,03:00,26.67,82,3.129,84,0,1013,0
2025-03-04,04:00,26.11,87,3.576,97,0,1013,0
2025-03-04,05:00,26.11,85,2.682,90,0,1013,0
2025-03-04,06:00,25.56,88,3.129,88,0,1013,1
2025-03-04,07:00,25.56,84,2.682,86,11,1014,0
2025-03-04,08:00,26.11,80,3.576,84,102,1015,0
2025-03-04,09:00,27.78,73,3.576,83,376,1015,0
2025-03-04,10:00,28.33,71,4.47,93,613,1015,0
2025-03-04,11:00,28.89,69,4.917,92,802,1015,0
2025-03-04,12:00,29.44,61,4.47,94,883,1015,0
2025-03-04,13:00,29.44,68,4.47,91,924,1014,0
2025-03-04,14:00,29.44,64,4.917,92,928,1013,0
2025-03-04,15:00,29.44,67,4.47,98,800,1012,0
2025-03-04,16:00,28.89,68,4.917,91,614,1012,0
2025-03-04,17:00,28.89,70,4.47,88,399,1012,0
2025-03-04,18:00,28.33,72,4.023,92,128,1012,0
2025-03-04,19:00,27.22,72,3.129,85,6,1013,0
2025-03-04,20:00,27.22,75,3.129,88,0,1013,0
2025-03-04,21:00,27.22,76,2.682,86,0,1014,0
2025-03-04,22:00,27.22,76,2.682,81,0,1014,0
2025-03-04,23:00,27.22,81,2.682,80,0,1014,0
2025-03-05,00:00,27.22,82,2.235,77,0,1014,0
2025-03-05,01:00,27.22,80,3.129,83,0,1014,0
2025-03-05,02:00,27.22,81,3.129,81,0,1013,0
2025-03-05,03:00,27.22,83,3.576,84,0,1013,0
2025-03-05,04:00,26.67,84,3.576,104,0,1013,0
2025-03-05,05:00,26.67,83,3.576,87,0,1013,1
2025-03-05,06:00,26.67,83,3.129,87,0,1013,0
2025-03-05,07:00,26.67,81,4.023,91,5,1014,0
2025-03-05,08:00,27.22,79,4.023,93,69,1014,0
2025-03-05,09:00,28.33,75,4.47,92,363,1015,0
2025-03-05,10:00,28.33,74,4.917,93,452,1015,0
2025-03-05,11:00,28.89,70,5.364,92,636,1015,0
2025-03-05,12:00,29.44,66,4.917,91,788,1015,0
2025-03-05,13:00,29.44,69,4.917,90,889,1014,0
2025-03-05,14:00,29.44,68,4.917,91,887,1013,0
2025-03-05,15:00,29.44,69,4.917,87,763,1013,0
2025-03-05,16:00,29.44,71,4.917,91,624,1012,0
2025-03-05,17:00,28.89,73,4.47,88,385,1013,0
2025-03-05,18:00,28.33,75,4.023,83,156,1013,0
2025-03-05,19:00,27.22,77,3.576,82,7,1013,0
2025-03-05,20:00,27.22,78,3.576,80,0,1013,0
2025-03-05,21:00,26.67,79,3.129,81,0,1014,0
2025-03-05,22:00,26.67,79,2.682,83,0,1014,0
2025-03-05,23:00,26.67,82,2.682,85,0,1014,0
2025-03-06,00:00,26.67,83,2.235,86,0,1014,0
2025-03-06,01:00,26.67,85,1.788,82,0,1014,0
2025-03-06,02:00,26.11,86,1.788,89,0,1013,0
2025-03-06,03:00,26.11,84,1.788,94,0,1013,0
2025-03-06,04:00,26.11,85,0.8941,105,0,1012,0
2025-03-06,05:00,26.11,84,1.341,106,0,1012,0
2025-03-06,06:00,26.11,84,0.8941,96,0,1012,0
2025-03-06,07:00,26.67,84,1.788,101,6,1013,0
2025-03-06,08:00,26.11,86,3.129,109,94,1013,0
2025-03-06,09:00,27.22,79,2.235,95,369,1014,0
2025-03-06,10:00,28.33,74,2.682,99,488,1014,0
2025-03-06,11:00,28.33,74,3.129,114,527,1014,0
2025-03-06,12:00,29.44,73,3.576,106,806,1013,0
2025-03-06,13:00,30,71,3.129,108,955,1013,0
2025-03-06,14:00,30,70,3.576,97,758,1012,0
2025-03-06,15:00,30,71,3.129,96,732,1011,0
2025-03-06,16:00,29.44,71,3.129,97,483,1011,0
2025-03-06,17:00,28.89,75,2.682,94,282,1011,0
2025-03-06,18:00,28.89,77,2.235,79,142,1011,0
2025-03-06,19:00,27.78,83,1.341,85,8,1012,0
2025-03-06,20:00,26.67,86,0.8941,68,0,1012,0
2025-03-06,21:00,26.67,86,1.341,81,0,1013,0
2025-03-06,22:00,26.67,87,1.341,99,0,1013,0
2025-03-06,23:00,26.67,87,0.8941,83,0,1013,0
2025-03-07,00:00,26.67,85,1.341,95,0,1013,0
2025-03-07,01:00,26.67,86,0.8941,77,0,1013,0
2025-03-07,02:00,26.67,86,0.447,39,0,1012,0
2025-03-07,03:00,26.67,86,0.8941,89,0,1012,0
2025-03-07,04:00,26.67,87,0.447,60,0,1012,0
2025-03-07,05:00,26.11,88,0.447,66,0,1012,0
2025-03-07,06:00,26.11,87,0.447,114,0,1012,0
2025-03-07,07:00,26.11,88,0.447,84,7,1012,0
2025-03-07,08:00,26.67,84,1.341,88,150,1013,0
2025-03-07,09:00,28.33,78,2.235,93,306,1014,0
2025-03-07,10:00,28.89,73,2.682,101,487,1014,0
2025-03-07,11:00,29.44,71,2.682,94,581,1014,0
2025-03-07,12:00,30,67,3.129,95,881,1013,0
2025-03-07,13:00,30,67,3.129,85,914,1012,0
2025-03-07,14:00,30.56,68,2.682,86,809,1012,0
2025-03-07,15:00,30,68,2.682,89,633,1011,0
2025-03-07,16:00,29.44,69,2.682,95,363,1011,0
2025-03-07,17:00,29.44,78,2.235,78,356,1011,0
2025-03-07,18:00,27.78,82,1.788,62,193,1012,0
2025-03-07,19:00,27.22,82,0.8941,63,6,1012,0
2025-03-07,20:00,26.67,81,1.341,67,0,1013,0
2025-03-07,21:00,26.11,82,0.8941,51,0,1013,0
2025-03-07,22:00,26.11,82,0.447,81,0,1014,0
2025-03-07,23:00,26.11,81,0.447,102,0,1014,0
2025-03-08,00:00,25,85,0.447,99,0,1014,0
2025-03-08,01:00,24.44,86,0.8941,123,0,1014,0
2025-03-08,02:00,24.44,88,0.447,101,0,1014,0
2025-03-08,03:00,24.44,89,0.447,97,0,1013,0
2025-03-08,04:00,24.44,90,0.447,82,0,1013,0
2025-03-08,05:00,23.89,91,0.447,103,0,1013,0
2025-03-08,06:00,23.89,92,0.447,90,0,1013,0
2025-03-08,07:00,24.44,90,0.8941,104,10,1014,0
2025-03-08,08:00,25.56,86,0.8941,114,69,1014,0
2025-03-08,09:00,27.22,71,2.682,88,354,1015,0
2025-03-08,10:00,28.89,69,2.682,86,543,1015,0
2025-03-08,11:00,28.89,68,2.682,71,704,1015,0
2025-03-08,12:00,29.44,59,3.129,75,924,1015,0
2025-03-08,13:00,30,61,3.576,91,978,1014,0
2025-03-08,14:00,30.56,59,3.576,90,899,1013,0
2025-03-08,15:00,30,66,3.576,91,779,1013,0
2025-03-08,16:00,29.44,70,3.576,86,574,1012,0
2025-03-08,17:00,29.44,70,3.129,92,374,1013,0
2025-03-08,18:00,28.89,73,2.682,87,165,1013,0
2025-03-08,19:00,27.78,77,2.235,86,12,1014,0
2025-03-08,20:00,27.78,78,2.235,85,0,1014,0
2025-03-08,21:00,27.22,83,1.341,85,0,1015,0
2025-03-08,22:00,26.67,83,0.8941,101,0,1015,0
2025-03-08,23:00,26.67,88,1.788,84,0,1015,4
2025-03-09,00:00,25.56,92,0.8941,96,0,1015,1
2025-03-09,01:00,25.56,91,0.8941,118,0,1015,0
2025-03-09,02:00,26.11,91,0.8941,110,0,1015,0
2025-03-09,03:00,26.11,91,0.8941,95,0,1014,0
2025-03-09,04:00,26.11,91,0.8941,105,0,1014,0
2025-03-09,05:00,26.11,90,0.8941,92,0,1014,0
2025-03-09,06:00,25.56,92,0.8941,108,0,1015,4
2025-03-09,07:00,25,93,0.8941,82,15,1015,4
2025-03-09,08:00,25.56,91,0.8941,80,166,1016,0
2025-03-09,09:00,27.78,84,1.788,82,386,1016,0
2025-03-09,10:00,28.89,74,2.682,84,554,1017,0
2025-03-09,11:00,29.44,72,3.129,94,698,1017,0
2025-03-09,12:00,29.44,71,3.129,95,784,1016,0
2025-03-09,13:00,30,69,3.129,90,935,1015,0
2025-03-09,14:00,30,68,3.576,88,791,1015,0
2025-03-09,15:00,30,67,3.129,89,686,1014,0
2025-03-09,16:00,29.44,71,3.129,92,570,1014,0
2025-03-09,17:00,29.44,73,3.129,88,373,1014,0
2025-03-09,18:00,28.89,74,2.682,87,138,1014,0
2025-03-09,19:00,27.78,76,2.235,84,8,1014,0
2025-03-09,20:00,27.22,79,1.788,85,0,1015,0
2025-03-09,21:00,27.22,81,1.341,101,0,1016,0
2025-03-09,22:00,27.22,83,1.341,93,0,1016,0
2025-03-09,23:00,27.22,81,1.788,104,0,1016,0
2025-03-10,00:00,27.22,81,1.788,107,0,1016,0
2025-03-10,01:00,26.67,82,1.341,108,0,1016,0
2025-03-10,02:00,26.67,84,0.447,89,0,1015,0
2025-03-10,03:00,26.11,84,0.8941,86,0,1015,0
2025-03-10,04:00,26.11,85,0.447,68,0,1014,0
2025-03-10,05:00,26.11,86,0.8941,77,0,1014,0
2025-03-10,06:00,25.56,88,0.8941,95,0,1015,0
2025-03-10,07:00,25.56,88,0.8941,97,18,1015,0
2025-03-10,08:00,26.67,83,1.341,87,131,1016,0
2025-03-10,09:00,27.78,75,2.682,95,306,1016,0
2025-03-10,10:00,28.89,74,2.682,98,505,1016,0
2025-03-10,11:00,29.44,67,3.129,96,808,1016,0
2025-03-10,12:00,30,66,3.129,88,845,1016,0
2025-03-10,13:00,29.44,74,2.235,72,679,1015,0
2025-03-10,14:00,28.89,76,1.788,79,261,1014,0
2025-03-10,15:00,28.89,75,2.235,73,308,1014,0
2025-03-10,16:00,28.89,74,2.235,66,567,1013,0
2025-03-10,17:00,28.89,73,2.235,65,442,1013,0
2025-03-10,18:00,28.33,76,2.235,69,169,1014,0
2025-03-10,19:00,27.78,77,2.235,78,9,1014,0
2025-03-10,20:00,27.78,78,2.235,85,0,1015,0
2025-03-10,21:00,27.22,79,2.235,88,0,1015,0
2025-03-10,22:00,26.67,79,2.235,88,0,1016,0
2025-03-10,23:00,26.67,78,2.235,86,0,1016,0
2025-03-11,00:00,26.67,80,2.235,89,0,1015,0
2025-03-11,01:00,26.67,79,2.235,89,0,1015,0
2025-03-11,02:00,26.11,79,2.235,90,0,1014,0
2025-03-11,03:00,26.11,82,1.341,98,0,1014,0
2025-03-11,04:00,26.11,82,1.341,94,0,1013,0
2025-03-11,05:00,25.56,81,1.341,93,0,1013,0
2025-03-11,06:00,26.11,81,1.341,98,0,1013,0
2025-03-11,07:00,26.11,85,1.788,91,11,1013,0
2025-03-11,08:00,26.67,81,2.682,80,155,1014,0
2025-03-11,09:00,27.78,80,2.682,75,272,1014,0
2025-03-11,10:00,28.33,72,2.682,74,540,1014,0
2025-03-11,11:00,28.89,73,3.129,76,661,1014,0
2025-03-11,12:00,28.33,79,2.682,69,379,1014,0
2025-03-11,13:00,27.78,80,2.682,65,397,1013,0
2025-03-11,14:00,27.78,84,2.235,47,530,1012,0
2025-03-11,15:00,27.78,80,2.682,73,365,1012,0
2025-03-11,16:00,28.33,78,2.682,67,543,1011,0
2025-03-11,17:00,28.33,80,2.682,71,468,1011,0
2025-03-11,18:00,27.78,81,3.129,77,118,1012,0
2025-03-11,19:00,27.22,82,3.129,79,7,1012,0
2025-03-11,20:00,27.22,83,3.129,82,0,1013,0
2025-03-11,21:00,25.56,91,2.682,93,0,1014,1
2025-03-11,22:00,25,92,2.235,102,0,1014,0
2025-03-11,23:00,25.56,89,2.682,88,0,1014,0
2025-03-12,00:00,25.56,92,2.682,84,0,1014,2
2025-03-12,01:00,25,92,2.682,88,0,1014,1
2025-03-12,02:00,25,92,2.682,97,0,1013,0
2025-03-12,03:00,25,93,2.235,106,0,1013,1
2025-03-12,04:00,25,92,1.788,90,0,1012,0
2025-03-12,05:00,25,92,1.788,84,0,1012,0
2025-03-12,06:00,25,93,1.788,83,0,1013,1
2025-03-12,07:00,25,93,1.788,95,7,1013,0
2025-03-12,08:00,26.11,88,1.341,81,182,1014,0
2025-03-12,09:00,27.22,83,1.341,73,274,1014,0
2025-03-12,10:00,27.78,84,1.788,100,445,1014,0
2025-03-12,11:00,28.33,74,2.235,101,560,1014,0
2025-03-12,12:00,28.89,73,3.129,104,605,1014,0
2025-03-12,13:00,29.44,67,3.129,103,886,1013,0
2025-03-12,14:00,29.44,71,3.576,95,795,1012,0
2025-03-12,15:00,29.44,75,3.129,98,566,1011,0
2025-03-12,16:00,29.44,70,3.129,86,626,1011,0
2025-03-12,17:00,28.89,77,2.682,90,300,1011,0
2025-03-12,18:00,27.78,83,2.235,86,67,1012,0
2025-03-12,19:00,27.22,82,1.788,87,8,1012,0
2025-03-12,20:00,27.22,82,1.341,101,0,1013,0
2025-03-12,21:00,27.22,83,0.8941,100,0,1013,0
2025-03-12,22:00,26.67,85,1.788,85,0,1014,0
2025-03-12,23:00,26.67,85,1.788,81,0,1014,0
2025-03-13,00:00,26.67,85,1.341,86,0,1014,0
2025-03-13,01:00,25.56,91,2.682,83,0,1013,1
2025-03-13,02:00,25,92,2.235,92,0,1013,0
2025-03-13,03:00,24.44,90,0.8941,92,0,1012,1
2025-03-13,04:00,25,92,2.235,85,0,1012,1
2025-03-13,05:00,25,92,2.235,79,0,1012,0
2025-03-13,06:00,25.56,90,1.788,72,0,1012,0
2025-03-13,07:00,25,92,2.235,83,3,1013,4
2025-03-13,08:00,24.44,92,1.788,71,76,1014,1
2025-03-13,09:00,25.56,87,1.341,75,256,1014,0
2025-03-13,10:00,27.22,77,2.235,85,508,1015,0
2025-03-13,11:00,28.89,77,3.129,88,782,1014,0
2025-03-13,12:00,28.89,75,3.576,88,576,1014,0
2025-03-13,13:00,28.89,75,3.576,91,622,1013,0
2025-03-13,14:00,28.89,72,3.576,92,814,1013,0
2025-03-13,15:00,29.44,74,3.129,90,750,1012,0
2025-03-13,16:00,28.89,75,3.129,88,591,1012,0
2025-03-13,17:00,27.22,87,2.682,93,99,1012,2
2025-03-13,18:00,26.11,89,2.682,105,51,1012,1
2025-03-13,19:00,25,88,2.235,110,6,1013,0
2025-03-13,20:00,24.44,91,2.682,98,0,1013,2
2025-03-13,22:00,26.11,87,2.235,113,0,1014,0
2025-03-13,23:00,25,92,1.341,109,0,1014,1
2025-03-14,00:00,25,93,0.8941,70,0,1014,5
2025-03-14,01:00,25.56,92,0.8941,102,0,1014,0
2025-03-14,02:00,25.56,91,0.8941,110,0,1013,0
2025-03-14,03:00,26.11,91,0.8941,105,0,1013,0
2025-03-14,04:00,26.11,87,1.788,97,0,1013,0
2025-03-14,05:00,26.11,84,1.788,93,0,1013,0
2025-03-14,06:00,26.67,83,1.788,89,0,1013,0
2025-03-14,07:00,26.67,87,2.235,91,9,1013,0
2025-03-14,08:00,26.11,86,2.235,95,91,1014,1
2025-03-14,09:00,27.78,77,3.129,91,366,1015,0
2025-03-14,10:00,28.89,76,4.023,87,534,1015,0
2025-03-14,11:00,28.89,73,4.023,89,617,1015,0
2025-03-14,12:00,29.44,72,4.47,90,872,1014,0
2025-03-14,13:00,29.44,74,4.47,94,868,1014,0
2025-03-14,14:00,29.44,74,4.023,86,710,1013,0
2025-03-14,15:00,29.44,71,4.47,95,730,1012,0
2025-03-14,16:00,29.44,75,4.023,90,543,1012,0
2025-03-14,17:00,28.89,79,4.023,92,406,1012,1
2025-03-14,18:00,27.22,83,2.682,100,125,1013,0
2025-03-14,19:00,27.22,81,2.682,97,9,1013,0
2025-03-14,20:00,27.22,83,2.682,88,0,1014,0
2025-03-14,21:00,26.11,86,2.682,105,0,1014,2
2025-03-14,22:00,26.11,86,2.682,97,0,1015,0
2025-03-14,23:00,26.67,87,2.235,110,0,1015,0
2025-03-15,00:00,27.22,82,2.235,106,0,1015,0
2025-03-15,01:00,27.22,83,2.235,104,0,1015,0
2025-03-15,02:00,27.22,82,2.682,92,0,1014,0
2025-03-15,03:00,27.22,82,2.682,92,0,1013,0
2025-03-15,04:00,27.22,83,2.682,101,0,1013,0
2025-03-15,05:00,27.22,81,2.682,89,0,1013,0
2025-03-15,06:00,27.22,80,3.129,97,0,1013,0
2025-03-15,07:00,27.22,81,3.129,96,16,1013,0
2025-03-15,08:00,27.78,78,4.023,93,109,1014,0
2025-03-15,09:00,28.33,75,4.47,99,344,1014,0
2025-03-15,10:00,28.89,74,4.917,96,492,1014,0
2025-03-15,11:00,29.44,72,4.917,95,747,1014,0
2025-03-15,12:00,29.44,73,4.917,97,822,1013,0
2025-03-15,13:00,29.44,72,5.364,94,923,1013,0
2025-03-15,14:00,29.44,73,4.917,95,802,1012,0
2025-03-15,15:00,29.44,72,4.47,89,706,1012,0
2025-03-15,16:00,29.44,73,4.47,87,586,1011,0
2025-03-15,17:00,29.44,74,4.023,98,409,1011,0
2025-03-15,18:00,28.89,75,4.023,90,165,1012,0
2025-03-15,19:00,28.33,77,3.129,87,13,1012,0
2025-03-15,20:00,27.78,80,2.682,95,0,1013,0
2025-03-15,21:00,27.78,80,3.129,99,0,1013,0
2025-03-15,22:00,27.78,81,2.682,96,0,1013,0
2025-03-15,23:00,27.22,80,3.129,103,0,1013,0
2025-03-16,00:00,27.22,81,3.129,103,0,1013,0
2025-03-16,01:00,27.22,82,2.235,103,0,1013,0
2025-03-16,02:00,27.22,83,2.235,103,0,1012,0
2025-03-16,03:00,27.22,83,1.788,107,0,1011,0
2025-03-16,04:00,27.22,88,1.788,103,0,1011,1
2025-03-16,05:00,26.11,89,1.788,97,0,1011,0
2025-03-16,06:00,26.11,87,1.788,97,0,1011,0
2025-03-16,07:00,26.67,85,1.788,104,16,1012,0
2025-03-16,08:00,27.22,78,2.682,105,155,1013,0
2025-03-16,09:00,28.33,75,3.129,102,368,1013,0
2025-03-16,10:00,28.89,76,3.576,100,450,1013,0
2025-03-16,11:00,28.89,74,4.023,102,608,1013,0
2025-03-16,12:00,29.44,75,4.023,100,719,1013,0
2025-03-16,13:00,29.44,72,4.47,97,924,1012,0
2025-03-16,14:00,29.44,72,4.023,93,803,1011,0
2025-03-16,15:00,29.44,73,4.023,99,679,1011,0
2025-03-16,16:00,29.44,72,4.023,100,614,1010,0
2025-03-16,17:00,29.44,75,4.023,103,385,1010,0
2025-03-16,18:00,28.89,76,3.129,108,175,1011,0
2025-03-16,19:00,28.33,77,2.682,104,16,1011,0
2025-03-16,20:00,27.78,80,2.235,104,0,1011,0
2025-03-16,21:00,27.78,83,2.235,110,0,1012,0
2025-03-16,22:00,27.22,84,2.235,113,0,1012,0
2025-03-16,23:00,27.22,83,2.235,107,0,1013,0
2025-03-17,00:00,27.22,82,1.788,113,0,1012,0
2025-03-17,01:00,27.22,82,2.235,112,0,1012,0
2025-03-17,02:00,27.22,83,1.788,112,0,1011,0
2025-03-17,03:00,27.22,83,1.788,102,0,1011,0
2025-03-17,04:00,26.67,84,1.341,98,0,1011,0
2025-03-17,05:00,26.67,85,1.341,98,0,1010,0
2025-03-17,06:00,26.67,86,0.8941,90,0,1010,0
2025-03-17,07:00,26.67,87,0.8941,81,18,1011,0
2025-03-17,08:00,27.22,84,1.341,80,107,1011,0
2025-03-17,09:00,28.33,79,2.235,95,274,1012,0
2025-03-17,10:00,28.89,78,2.682,101,625,1012,0
2025-03-17,11:00,27.78,80,1.788,57,440,1012,0
2025-03-17,12:00,29.44,72,2.682,95,782,1011,0
2025-03-17,13:00,29.44,79,3.129,100,519,1011,0
2025-03-17,14:00,28.89,72,2.235,77,531,1010,0
2025-03-17,15:00,29.44,73,2.682,115,522,1010,0
2025-03-17,16:00,28.89,75,1.788,103,282,1010,0
2025-03-17,17:00,28.89,74,1.788,111,195,1010,0
2025-03-17,18:00,28.33,77,1.788,118,77,1011,0
2025-03-17,19:00,27.78,80,1.341,99,8,1011,0
2025-03-17,20:00,27.22,83,0.8941,63,0,1012,0
2025-03-17,21:00,27.22,85,0.447,72,0,1013,0
2025-03-17,22:00,26.67,88,0.447,51,0,1013,0
2025-03-17,23:00,26.11,87,0.447,109,0,1014,0
2025-03-18,00:00,25.56,85,0.447,7,0,1013,0
2025-03-18,01:00,26.11,84,0.447,67,0,1013,0
2025-03-18,02:00,25.56,85,0.447,91,0,1013,0
2025-03-18,03:00,25,87,0.8941,106,0,1012,0
2025-03-18,04:00,25,86,0.447,122,0,1012,0
2025-03-18,05:00,24.44,88,0.447,110,0,1011,0
2025-03-18,06:00,24.44,89,0.447,123,0,1011,0
2025-03-18,07:00,25,86,0.447,112,21,1012,0
2025-03-18,08:00,26.67,79,1.341,105,151,1012,0
2025-03-18,09:00,28.33,75,2.235,90,380,1013,0
2025-03-18,10:00,28.33,82,2.235,101,362,1013,0
2025-03-18,11:00,28.89,75,3.129,93,558,1013,0
2025-03-18,12:00,28.89,74,3.576,97,607,1012,0
2025-03-18,13:00,29.44,69,3.576,105,807,1012,0
2025-03-18,14:00,29.44,70,3.576,99,814,1011,0
2025-03-18,15:00,29.44,69,3.576,108,720,1011,0
2025-03-18,16:00,29.44,72,3.576,107,603,1011,0
2025-03-18,17:00,29.44,72,3.576,108,423,1011,0
2025-03-18,18:00,28.89,73,3.129,112,165,1011,0
2025-03-18,19:00,27.78,75,2.235,112,12,1012,0
2025-03-18,20:00,27.78,75,1.788,111,0,1013,0
2025-03-18,21:00,27.78,77,1.788,107,0,1014,0
2025-03-18,22:00,27.22,77,1.788,111,0,1014,0
2025-03-18,23:00,27.22,77,1.788,108,0,1015,0
2025-03-19,00:00,26.67,79,0.8941,95,0,1015,0
2025-03-19,01:00,26.67,82,0.8941,96,0,1014,0
2025-03-19,02:00,26.67,82,0.8941,101,0,1014,0
2025-03-19,03:00,26.67,83,0.8941,100,0,1014,0
2025-03-19,04:00,26.67,85,0.8941,102,0,1014,0
2025-03-19,05:00,26.67,86,0.8941,115,0,1013,0
2025-03-19,06:00,26.67,87,1.341,103,0,1013,0
2025-03-19,07:00,27.22,84,1.788,96,20,1014,0
2025-03-19,08:00,27.78,79,2.235,93,104,1014,0
2025-03-19,09:00,28.33,74,3.129,107,309,1015,0
2025-03-19,10:00,28.89,75,3.576,104,437,1015,0
2025-03-19,11:00,29.44,72,4.023,100,799,1015,0
2025-03-19,12:00,29.44,70,4.023,107,897,1014,0
2025-03-19,13:00,30,69,3.576,103,975,1014,0
2025-03-19,14:00,30,69,3.576,94,910,1013,0
2025-03-19,15:00,30,69,3.129,96,819,1013,0
2025-03-19,16:00,29.44,70,3.129,94,554,1013,0
2025-03-19,17:00,29.44,72,3.129,90,417,1013,0
2025-03-19,20:00,27.78,81,0.8941,75,0,1014,0
2025-03-19,21:00,27.22,83,0.8941,105,0,1015,0
2025-03-19,22:00,27.22,83,1.341,92,0,1016,0
2025-03-19,23:00,27.22,83,1.788,107,0,1016,0
2025-03-20,00:00,27.22,82,1.341,112,0,1016,0
2025-03-20,01:00,26.67,85,0.8941,120,0,1015,0
2025-03-20,02:00,26.67,88,1.341,97,0,1015,0
2025-03-20,03:00,26.11,91,0.8941,76,0,1014,2
2025-03-20,04:00,25.56,92,1.341,75,0,1014,1
2025-03-20,05:00,26.11,92,1.341,97,0,1014,0
2025-03-20,06:00,26.11,91,0.8941,100,0,1014,0
2025-03-20,07:00,26.67,89,1.788,87,15,1014,0
2025-03-20,08:00,27.22,86,1.788,83,127,1015,0
2025-03-20,09:00,27.22,85,2.682,88,375,1015,0
2025-03-20,10:00,28.33,82,2.682,88,677,1015,0
2025-03-20,11:00,28.89,74,2.682,106,592,1015,0
2025-03-20,12:00,28.89,80,2.682,109,458,1015,1
2025-03-20,13:00,28.89,74,2.682,109,485,1014,0
2025-03-20,14:00,29.44,72,3.129,112,621,1013,0
2025-03-20,15:00,28.89,79,3.129,108,429,1013,0
2025-03-20,16:00,28.33,83,3.129,105,316,1013,0
2025-03-20,17:00,26.67,85,1.788,108,137,1013,0
2025-03-20,18:00,27.22,84,0.8941,62,76,1013,0
2025-03-20,19:00,26.11,87,0.8941,78,4,1013,0
2025-03-20,20:00,26.11,86,0.8941,100,0,1014,0
2025-03-20,21:00,26.67,86,0.8941,115,0,1014,0
2025-03-20,22:00,26.67,82,1.341,110,0,1015,0
2025-03-20,23:00,27.22,79,2.235,108,0,1015,0
2025-03-21,00:00,26.67,75,2.682,111,0,1015,0
2025-03-21,01:00,26.11,76,0.8941,94,0,1014,0
2025-03-21,02:00,25.56,81,0.447,109,0,1014,0
2025-03-21,03:00,25.56,82,0.8941,120,0,1013,0
2025-03-21,04:00,26.11,83,0.8941,121,0,1013,0
2025-03-21,05:00,26.11,84,0.8941,93,0,1013,0
2025-03-21,06:00,26.67,80,1.788,87,0,1013,0
2025-03-21,07:00,26.67,80,1.788,88,19,1014,0
2025-03-21,08:00,27.22,77,1.788,86,142,1015,0
2025-03-21,09:00,27.78,76,2.682,97,246,1015,0
2025-03-21,10:00,28.33,73,2.682,100,370,1015,0
2025-03-21,11:00,28.89,69,4.023,97,714,1015,0
2025-03-21,12:00,29.44,68,3.576,101,818,1015,0
2025-03-21,13:00,30,65,3.576,94,963,1014,0
2025-03-21,14:00,30,67,3.576,97,829,1013,0
2025-03-21,15:00,30,69,3.129,101,724,1012,0
2025-03-21,16:00,29.44,68,3.129,99,557,1012,0
2025-03-21,17:00,28.89,72,2.682,92,287,1013,0
2025-03-21,18:00,28.33,72,2.235,89,124,1013,0
2025-03-21,19:00,27.78,75,1.341,92,9,1013,0
2025-03-21,20:00,27.78,76,1.341,89,0,1014,0
2025-03-21,21:00,27.22,78,1.788,92,0,1014,0
2025-03-21,22:00,27.22,77,1.788,105,0,1015,0
2025-03-21,23:00,27.22,75,1.788,105,0,1015,0
2025-03-22,00:00,27.22,78,1.788,106,0,1015,0
2025-03-22,01:00,26.67,80,0.8941,111,0,1015,0
2025-03-22,02:00,26.11,80,0.8941,113,0,1014,0
2025-03-22,03:00,26.11,81,0.8941,119,0,1014,0
2025-03-22,04:00,26.11,84,0.447,110,0,1013,0
2025-03-22,05:00,25.56,85,0.8941,95,0,1013,0
2025-03-22,06:00,26.11,81,1.341,96,0,1013,0
2025-03-22,07:00,26.11,82,0.8941,96,19,1014,0
2025-03-22,08:00,26.67,84,0.8941,97,84,1014,0
2025-03-22,09:00,27.22,76,1.788,104,224,1015,0
2025-03-22,10:00,28.33,73,2.682,104,324,1015,0
2025-03-22,11:00,28.89,71,3.129,109,497,1015,0
2025-03-22,12:00,28.89,70,3.576,107,522,1014,0
2025-03-22,13:00,28.89,71,3.576,94,558,1013,0
2025-03-22,14:00,28.89,70,3.129,92,662,1013,0
2025-03-22,15:00,29.44,70,3.129,100,605,1012,0
2025-03-22,16:00,29.44,69,2.682,101,483,1012,0
2025-03-22,17:00,28.89,71,2.682,93,278,1012,0
2025-03-22,18:00,28.33,74,2.235,85,98,1013,0
2025-03-22,19:00,27.78,76,2.235,84,11,1013,0
2025-03-22,20:00,27.22,78,2.235,94,0,1014,0
2025-03-22,21:00,27.22,77,2.235,103,0,1014,0
2025-03-22,22:00,27.22,77,2.235,88,0,1015,0
2025-03-22,23:00,26.67,78,1.788,95,0,1015,0
2025-03-23,00:00,26.67,79,1.788,94,0,1015,0
2025-03-23,01:00,26.67,80,1.788,95,0,1014,0
2025-03-23,02:00,26.11,82,1.341,93,0,1014,0
2025-03-23,03:00,26.67,81,1.341,86,0,1013,0
2025-03-23,04:00,26.67,81,2.235,86,0,1013,0
2025-03-23,05:00,26.11,81,1.788,77,0,1012,0
2025-03-23,06:00,26.11,77,2.682,87,0,1013,0
2025-03-23,07:00,26.67,79,2.235,88,13,1013,0
2025-03-23,08:00,26.11,86,2.682,82,137,1014,0
2025-03-23,09:00,27.22,81,2.682,72,311,1015,0
2025-03-23,10:00,28.33,78,2.682,77,511,1015,0
2025-03-23,11:00,28.33,81,2.235,77,490,1015,0
2025-03-23,12:00,28.33,81,2.682,71,606,1014,0
2025-03-23,13:00,28.33,76,3.129,85,465,1013,0
2025-03-23,14:00,28.33,78,2.682,90,342,1012,0
2025-03-23,15:00,27.22,84,2.235,82,263,1012,0
2025-03-23,16:00,27.78,81,2.682,80,236,1012,0
2025-03-23,17:00,28.33,76,3.129,90,222,1012,0
2025-03-23,18:00,27.78,83,2.682,92,102,1012,0
2025-03-23,19:00,27.22,82,1.788,109,10,1013,0
2025-03-23,20:00,27.22,81,1.788,115,0,1013,0
2025-03-23,21:00,27.22,82,1.788,99,0,1014,0
2025-03-23,22:00,27.22,85,2.682,107,0,1014,0
2025-03-23,23:00,27.22,82,3.129,109,0,1014,0
2025-03-24,00:00,27.22,82,1.788,112,0,1014,0
2025-03-24,01:00,27.22,82,2.235,114,0,1013,0
2025-03-24,02:00,27.22,78,2.235,109,0,1012,0
2025-03-24,03:00,26.67,81,1.341,106,0,1012,0
2025-03-24,04:00,26.67,83,1.788,107,0,1012,0
2025-03-24,05:00,26.67,77,1.788,104,0,1012,0
2025-03-24,06:00,26.67,77,1.788,104,0,1012,0
2025-03-24,07:00,27.22,76,2.235,97,27,1012,0
2025-03-24,08:00,27.78,73,3.129,111,172,1013,0
2025-03-24,09:00,28.33,70,3.129,110,425,1013,0
2025-03-24,10:00,29.44,68,3.576,108,650,1014,0
2025-03-24,11:00,29.44,66,4.023,102,831,1013,0
2025-03-24,12:00,29.44,67,4.47,100,880,1013,0
2025-03-24,13:00,30,68,4.023,99,965,1013,0
2025-03-24,14:00,30,63,4.023,98,930,1012,0
2025-03-24,15:00,30,65,3.576,100,796,1012,0
2025-03-24,16:00,29.44,68,3.576,95,610,1011,0
2025-03-24,17:00,29.44,67,3.576,96,417,1011,0
2025-03-24,18:00,28.89,71,3.129,89,178,1012,0
2025-03-24,19:00,27.78,73,2.235,103,13,1012,0
2025-03-24,20:00,27.22,76,1.341,104,0,1012,0
2025-03-24,21:00,27.22,76,1.341,108,0,1012,0
2025-03-24,22:00,27.22,77,1.341,116,0,1013,0
2025-03-24,23:00,27.22,75,1.341,109,0,1013,0
2025-03-25,00:00,26.67,77,0.8941,119,0,1013,0
2025-03-25,01:00,26.67,78,0.8941,118,0,1013,0
2025-03-25,02:00,26.11,79,0.8941,114,0,1012,0
2025-03-25,03:00,25.56,80,0.8941,123,0,1012,0
2025-03-25,04:00,25.56,86,0.8941,104,0,1011,0
2025-03-25,05:00,25,85,0.8941,112,0,1011,0
2025-03-25,06:00,25,79,1.341,116,0,1011,0
2025-03-25,07:00,25.56,76,1.341,116,35,1012,0
2025-03-25,08:00,27.22,68,2.682,102,203,1012,0
2025-03-25,09:00,28.33,64,3.576,92,429,1013,0
2025-03-25,10:00,28.89,64,3.576,94,641,1013,0
2025-03-25,11:00,28.89,66,3.576,97,759,1013,0
2025-03-25,12:00,29.44,63,3.576,90,902,1012,0
2025-03-25,13:00,29.44,63,3.576,91,876,1011,0
2025-03-25,14:00,29.44,65,3.129,95,764,1010,0
2025-03-25,15:00,29.44,66,3.129,99,789,1010,0
2025-03-25,16:00,28.33,74,3.129,109,301,1009,0
2025-03-25,17:00,28.33,73,2.682,97,279,1010,0
2025-03-25,18:00,28.33,79,2.235,97,139,1010,0
2025-03-25,19:00,25.56,90,1.788,79,7,1011,1
2025-03-25,20:00,25,89,0.8941,76,0,1011,0
2025-03-25,21:00,26.11,88,0.8941,114,0,1012,0
2025-03-25,23:00,26.11,85,0.8941,113,0,1013,0
2025-03-26,00:00,25.56,83,0.8941,83,0,1012,0
2025-03-26,01:00,25.56,81,0.8941,105,0,1012,0
2025-03-26,02:00,25.56,78,0.8941,93,0,1012,0
2025-03-26,03:00,25.56,77,1.341,106,0,1011,0
2025-03-26,04:00,25,78,0.8941,101,0,1011,0
2025-03-26,05:00,25,79,0.447,100,0,1011,0
2025-03-26,06:00,24.44,81,0.8941,106,0,1011,0
2025-03-26,07:00,25,74,0.8941,113,36,1012,0
2025-03-26,08:00,27.22,72,1.341,100,193,1012,0
2025-03-26,09:00,28.33,66,2.682,95,444,1013,0
2025-03-26,10:00,28.89,65,3.129,95,675,1013,0
2025-03-26,11:00,29.44,66,3.129,101,839,1012,0
2025-03-26,12:00,29.44,66,3.129,98,943,1012,0
2025-03-26,13:00,30,64,3.129,98,976,1011,0
2025-03-26,14:00,30,62,3.129,96,884,1011,0
2025-03-26,15:00,30,65,3.129,91,774,1010,0
2025-03-26,16:00,30,60,2.682,86,560,1010,0
2025-03-26,17:00,29.44,65,2.235,80,381,1010,0
2025-03-26,18:00,28.89,70,2.235,81,193,1011,0
2025-03-26,19:00,27.78,74,2.235,81,15,1011,0
2025-03-26,20:00,27.22,77,1.788,82,0,1012,0
2025-03-26,21:00,27.22,81,1.788,82,0,1012,0
2025-03-26,22:00,26.67,83,1.788,88,0,1013,0
2025-03-26,23:00,26.67,81,1.341,89,0,1012,0
2025-03-27,00:00,27.22,81,1.788,89,0,1012,0
2025-03-27,02:00,26.67,81,1.788,90,0,1012,0
2025-03-27,03:00,26.67,81,1.341,99,0,1011,0
2025-03-27,04:00,26.67,82,0.8941,93,0,1011,0
2025-03-27,05:00,26.67,82,1.341,96,0,1011,0
2025-03-27,06:00,26.67,81,1.788,91,0,1011,0
2025-03-27,07:00,26.67,81,1.788,100,17,1012,0
2025-03-27,08:00,27.78,78,2.682,85,184,1012,0
2025-03-27,09:00,28.33,74,3.129,93,388,1012,0
2025-03-27,10:00,28.89,73,4.023,93,606,1013,0
2025-03-27,11:00,29.44,72,3.576,91,714,1013,0
2025-03-27,12:00,29.44,67,3.576,91,852,1012,0
2025-03-27,13:00,29.44,69,4.023,87,796,1012,0
2025-03-27,14:00,29.44,65,3.576,94,773,1011,0
2025-03-27,15:00,29.44,78,3.576,104,699,1010,0
2025-03-27,16:00,28.89,74,3.576,93,620,1010,0
2025-03-27,17:00,28.89,72,3.576,93,406,1010,0
2025-03-27,18:00,28.89,72,3.129,90,164,1010,0
2025-03-27,19:00,27.78,75,2.235,103,12,1011,0
2025-03-27,20:00,27.78,77,2.235,104,0,1011,0
2025-03-27,21:00,27.78,76,2.235,97,0,1012,0
2025-03-27,22:00,27.22,77,2.235,99,0,1013,0
2025-03-27,23:00,27.22,77,1.788,94,0,1013,0
2025-03-28,00:00,27.22,78,1.788,93,0,1013,0
2025-03-28,01:00,27.22,78,1.788,103,0,1013,0
2025-03-28,02:00,27.22,79,1.341,108,0,1013,0
2025-03-28,03:00,26.67,83,1.341,105,0,1012,0
2025-03-28,04:00,26.11,86,1.788,92,0,1012,0
2025-03-28,05:00,26.11,86,1.341,101,0,1012,0
2025-03-28,06:00,26.67,83,1.788,101,0,1012,0
2025-03-28,07:00,26.11,89,1.341,108,28,1013,4
2025-03-28,08:00,26.11,87,1.788,111,169,1013,0
2025-03-28,09:00,27.22,85,2.235,90,216,1014,0
2025-03-28,10:00,27.22,79,2.682,80,387,1014,0
2025-03-28,11:00,28.33,74,3.129,88,555,1014,0
2025-03-28,12:00,28.89,80,3.129,82,558,1014,0
2025-03-28,13:00,28.89,73,4.023,93,763,1013,0
2025-03-28,14:00,28.89,73,4.023,94,773,1012,0
2025-03-28,15:00,29.44,73,4.47,89,737,1011,0
2025-03-28,16:00,29.44,72,4.023,94,599,1011,0
2025-03-28,17:00,28.89,75,3.576,92,374,1011,0
2025-03-28,18:00,28.89,74,3.576,91,144,1011,0
2025-03-28,19:00,27.78,76,2.682,85,13,1012,0
2025-03-28,20:00,27.78,76,2.235,86,0,1013,0
2025-03-28,21:00,27.78,77,2.235,89,0,1013,0
2025-03-28,22:00,27.22,77,1.788,102,0,1014,0
2025-03-28,23:00,27.22,81,1.341,108,0,1014,0
2025-03-29,00:00,26.67,82,0.8941,113,0,1014,0
2025-03-29,01:00,26.67,82,1.341,108,0,1014,0
2025-03-29,02:00,26.67,79,2.235,91,0,1014,0
2025-03-29,03:00,26.67,81,1.788,91,0,1013,0
2025-03-29,04:00,27.22,80,2.682,87,0,1013,0
2025-03-29,05:00,27.22,78,3.129,87,0,1013,0
2025-03-29,06:00,27.22,80,2.682,85,0,1013,0
2025-03-29,07:00,27.22,77,3.129,85,27,1014,0
2025-03-29,08:00,27.78,74,3.576,89,173,1015,0
2025-03-29,09:00,28.33,73,4.023,91,407,1015,0
2025-03-29,10:00,28.89,72,4.47,87,515,1015,0
2025-03-29,11:00,29.44,68,4.023,89,789,1015,0
2025-03-29,12:00,29.44,71,4.023,86,604,1015,0
2025-03-29,13:00,28.89,68,4.023,81,559,1014,0
2025-03-29,14:00,29.44,62,4.023,86,769,1013,0
2025-03-29,15:00,29.44,65,4.47,89,553,1013,0
2025-03-29,16:00,29.44,66,4.47,93,573,1012,0
2025-03-29,17:00,28.89,69,3.576,96,311,1012,0
2025-03-29,18:00,28.33,71,3.576,96,102,1013,0
2025-03-29,19:00,27.78,72,3.129,100,8,1013,0
2025-03-29,20:00,27.78,72,3.129,93,0,1014,0
2025-03-29,21:00,27.78,72,3.129,92,0,1014,0
2025-03-29,22:00,27.22,72,3.576,86,0,1015,0
2025-03-29,23:00,27.22,73,2.682,90,0,1015,0
2025-03-30,00:00,27.22,74,2.682,88,0,1015,0
2025-03-30,01:00,27.22,75,2.682,83,0,1014,0
2025-03-30,02:00,27.22,72,3.129,85,0,1014,0
2025-03-30,03:00,27.22,75,2.682,85,0,1014,0
2025-03-30,04:00,27.22,76,2.682,82,0,1013,0
2025-03-30,05:00,27.22,77,3.129,91,0,1013,0
2025-03-30,06:00,26.67,74,3.129,99,0,1014,0
2025-03-30,07:00,27.22,74,2.682,89,24,1014,0
2025-03-30,08:00,27.78,73,3.129,87,175,1015,0
2025-03-30,09:00,28.89,69,3.576,91,511,1015,0
2025-03-30,10:00,28.89,71,4.023,92,341,1016,0
2025-03-30,11:00,28.33,85,4.917,104,540,1015,1
2025-03-30,12:00,28.33,73,4.023,107,862,1015,0
2025-03-30,13:00,29.44,69,4.47,106,906,1014,0
2025-03-30,14:00,29.44,72,4.47,97,741,1013,0
2025-03-30,15:00,29.44,70,4.023,92,597,1012,0
2025-03-30,16:00,29.44,72,4.47,95,530,1012,0
2025-03-30,17:00,29.44,72,4.47,97,344,1012,0
2025-03-30,18:00,28.89,75,3.576,95,125,1012,0
2025-03-30,19:00,28.33,77,3.576,96,16,1013,0
2025-03-30,20:00,27.78,75,3.129,107,0,1013,0
2025-03-30,21:00,27.78,76,3.576,97,0,1014,0
2025-03-30,22:00,27.78,75,3.576,98,0,1014,0
2025-03-30,23:00,27.78,76,3.576,98,0,1014,0
2025-03-31,00:00,27.78,77,4.023,101,0,1013,0
2025-03-31,01:00,27.78,76,4.023,105,0,1013,0
2025-03-31,02:00,27.78,77,3.576,104,0,1013,0
2025-03-31,03:00,27.78,76,3.576,100,0,1012,0
2025-03-31,04:00,27.22,77,3.129,102,0,1012,0
2025-03-31,05:00,27.22,76,3.576,103,0,1012,0
2025-03-31,06:00,27.22,78,3.129,101,0,1013,0
2025-03-31,07:00,27.22,77,3.129,103,26,1013,0
2025-03-31,08:00,27.78,73,4.023,101,149,1014,0
2025-03-31,09:00,28.89,73,4.47,98,348,1014,0
2025-03-31,10:00,29.44,68,4.917,96,646,1014,0
2025-03-31,11:00,29.44,67,4.917,99,693,1014,0
2025-03-31,12:00,30,65,4.917,98,950,1014,0
2025-03-31,13:00,30,64,4.917,95,971,1013,0
2025-03-31,14:00,30,66,4.917,90,809,1012,0
2025-03-31,15:00,30,67,4.917,91,783,1012,0
2025-03-31,16:00,29.44,68,4.47,91,538,1012,0
2025-03-31,17:00,28.89,68,4.47,89,315,1011,0
2025-03-31,18:00,28.33,73,4.023,86,150,1011,0
2025-03-31,19:00,27.78,74,3.129,88,10,1012,0
2025-03-31,20:00,27.78,75,3.129,81,0,1013,0
2025-03-31,21:00,27.78,72,3.576,92,0,1013,0
2025-03-31,22:00,27.22,72,3.576,92,0,1013,0
2025-03-31,23:00,27.22,70,3.576,96,0,1014,0
2025-04-01,00:00,27.22,73,3.129,92,0,1014,0
2025-04-01,01:00,26.67,74,2.682,84,0,1013,0
2025-04-01,02:00,26.67,75,2.235,79,0,1013,0
2025-04-01,03:00,26.67,74,2.682,81,0,1012,0
2025-04-01,04:00,26.67,77,3.129,85,0,1012,0
2025-04-01,05:00,26.11,84,3.129,108,0,1012,0
2025-04-01,06:00,25.56,86,2.235,102,0,1012,0
2025-04-01,07:00,26.11,75,2.682,88,29,1012,0
2025-04-01,08:00,27.78,74,3.576,84,198,1013,0
2025-04-01,09:00,28.33,75,4.023,84,383,1013,0
2025-04-01,10:00,28.33,72,4.917,91,706,1014,0
2025-04-01,11:00,28.89,68,4.917,95,824,1013,0
2025-04-01,12:00,29.44,72,4.917,95,866,1013,0
2025-04-01,13:00,29.44,67,4.917,94,981,1012,0
2025-04-01,14:00,30,65,4.47,101,783,1012,0
2025-04-01,15:00,29.44,68,4.47,94,602,1012,0
2025-04-01,16:00,29.44,68,4.023,97,507,1011,0
2025-04-01,17:00,28.89,69,4.47,100,364,1011,0
2025-04-01,18:00,28.89,69,4.023,95,179,1012,0
2025-04-01,19:00,27.78,72,3.129,97,12,1012,0
2025-04-01,20:00,27.78,71,3.129,92,0,1013,0
2025-04-01,23:00,27.22,75,2.682,93,0,1014,0
2025-04-02,00:00,27.22,75,2.682,91,0,1014,0
2025-04-02,01:00,27.22,74,3.129,95,0,1014,0
2025-04-02,02:00,27.22,75,2.682,99,0,1014,0
2025-04-02,03:00,26.67,76,1.341,96,0,1014,0
2025-04-02,04:00,26.11,85,1.788,99,0,1013,3
2025-04-02,05:00,25,83,2.235,106,0,1013,0
2025-04-02,06:00,26.11,78,1.788,91,0,1013,0
2025-04-02,07:00,26.11,81,1.341,85,25,1014,0
2025-04-02,08:00,27.22,73,2.235,91,190,1014,0
2025-04-02,09:00,28.89,69,3.129,83,484,1014,0
2025-04-02,10:00,28.89,70,4.47,93,675,1014,0
2025-04-02,11:00,29.44,72,4.47,99,799,1014,0
2025-04-02,12:00,29.44,65,4.023,100,919,1014,0
2025-04-02,13:00,30,63,3.576,92,976,1014,0
2025-04-02,14:00,30,65,3.576,95,957,1013,0
2025-04-02,15:00,30,66,3.129,90,663,1013,0
2025-04-02,16:00,28.33,74,3.129,98,448,1012,0
2025-04-02,17:00,28.89,69,2.682,91,362,1012,0
2025-04-02,20:00,27.78,77,2.235,82,0,1013,0
2025-04-02,21:00,27.22,79,2.235,79,0,1014,0
2025-04-02,22:00,27.22,81,1.788,93,0,1014,0
2025-04-02,23:00,27.22,82,1.788,85,0,1014,0
2025-04-03,00:00,26.67,84,0.8941,98,0,1014,0
2025-04-03,01:00,26.11,87,0.8941,102,0,1014,0
2025-04-03,02:00,26.11,88,0.447,98,0,1014,0
2025-04-03,03:00,26.11,87,0.447,105,0,1013,0
2025-04-03,04:00,26.11,87,0.8941,108,0,1013,0
2025-04-03,05:00,26.67,86,2.235,80,0,1013,0
2025-04-03,06:00,26.11,86,2.682,96,0,1013,0
2025-04-03,07:00,26.11,80,2.682,106,18,1014,0
2025-04-03,08:00,26.67,81,2.682,110,153,1014,0
2025-04-03,09:00,27.78,76,2.682,111,517,1015,0
2025-04-03,10:00,28.89,73,3.129,116,717,1015,0
2025-04-03,11:00,29.44,70,3.129,120,758,1015,0
2025-04-03,12:00,30,69,4.023,115,976,1014,0
2025-04-03,13:00,30,66,3.576,109,972,1013,0
2025-04-03,14:00,30,69,3.129,99,785,1013,0
2025-04-03,15:00,29.44,71,3.576,99,617,1012,0
2025-04-03,16:00,29.44,68,3.576,97,538,1012,0
2025-04-03,17:00,29.44,67,3.129,97,361,1012,0
2025-04-03,18:00,28.89,71,2.682,105,149,1012,0
2025-04-03,19:00,27.78,75,1.788,95,9,1012,0
2025-04-03,20:00,27.78,76,1.788,84,0,1013,0
2025-04-03,21:00,27.22,78,1.341,97,0,1013,0
2025-04-03,22:00,27.22,80,0.8941,113,0,1014,0
2025-04-03,23:00,27.22,82,1.341,95,0,1014,0
2025-04-04,00:00,27.22,81,1.788,97,0,1014,0
2025-04-04,01:00,27.22,81,2.235,108,0,1013,0
2025-04-04,02:00,27.22,81,1.788,113,0,1013,0
2025-04-04,03:00,27.22,82,1.788,107,0,1013,0
2025-04-04,04:00,26.67,83,0.8941,97,0,1013,0
2025-04-04,05:00,26.11,87,0.8941,101,0,1013,0
2025-04-04,06:00,25.56,87,0.447,67,0,1013,0
2025-04-04,07:00,25.56,84,0.447,88,56,1013,0
2025-04-04,08:00,27.78,73,2.235,109,250,1013,0
2025-04-04,09:00,28.89,69,3.129,104,476,1014,0
2025-04-04,10:00,29.44,65,3.129,111,669,1014,0
2025-04-04,11:00,30,64,3.129,120,833,1014,0
2025-04-04,12:00,30,67,3.129,118,965,1014,0
2025-04-04,13:00,30.56,64,3.129,111,1010,1013,0
2025-04-04,14:00,31.11,62,2.682,105,947,1012,0
2025-04-04,15:00,30.56,65,2.682,109,730,1012,0
2025-04-04,16:00,30,70,2.682,105,536,1012,0
2025-04-04,17:00,30,71,2.682,96,474,1012,0
2025-04-04,18:00,28.89,75,2.682,95,213,1012,0
2025-04-04,19:00,27.78,84,2.235,92,11,1013,1
2025-04-04,20:00,26.67,87,0.8941,85,0,1013,0
2025-04-04,21:00,26.67,87,0.447,66,0,1014,0
2025-04-04,22:00,26.67,87,0.447,85,0,1014,0
2025-04-04,23:00,26.67,86,0.447,81,0,1014,0
2025-04-05,00:00,26.67,86,0.447,69,0,1014,0
2025-04-05,01:00,26.11,86,0.447,95,0,1014,0
2025-04-05,02:00,26.11,89,0.447,64,0,1013,0
2025-04-05,03:00,25.56,92,0.447,104,0,1013,0
2025-04-05,04:00,25.56,92,0.447,100,0,1013,0
2025-04-05,05:00,25.56,92,0.447,41,0,1013,0
2025-04-05,06:00,25.56,92,0.447,114,0,1013,0
2025-04-05,07:00,25.56,89,0.447,89,46,1013,0
2025-04-05,08:00,27.22,80,1.341,95,197,1014,0
2025-04-05,09:00,28.33,75,2.682,102,439,1014,0
2025-04-05,10:00,28.89,74,3.129,93,606,1014,0
2025-04-05,11:00,29.44,70,3.129,96,724,1014,0
2025-04-05,12:00,30,68,3.576,96,983,1014,0
2025-04-05,13:00,30,65,3.129,81,880,1013,0
2025-04-05,14:00,30.56,68,3.576,98,884,1012,0
2025-04-05,15:00,30,66,4.023,104,781,1012,0
2025-04-05,16:00,29.44,68,3.576,95,614,1012,0
2025-04-05,17:00,29.44,69,3.129,89,309,1012,0
2025-04-05,18:00,28.89,72,3.129,87,161,1012,0
2025-04-05,19:00,27.78,75,2.682,84,13,1012,0
2025-04-05,20:00,27.78,76,2.235,85,0,1013,0
2025-04-05,21:00,27.22,76,2.235,86,0,1014,0
2025-04-05,22:00,27.22,77,2.235,103,0,1014,0
2025-04-05,23:00,27.22,77,1.788,111,0,1014,0
2025-04-06,00:00,27.22,78,1.788,97,0,1014,0
2025-04-06,01:00,27.22,79,1.341,88,0,1014,0
2025-04-06,02:00,27.22,80,1.788,94,0,1013,0
2025-04-06,03:00,27.22,79,1.788,107,0,1013,0
2025-04-06,04:00,27.22,79,1.341,112,0,1013,0
2025-04-06,05:00,27.22,78,1.788,110,0,1013,0
2025-04-06,06:00,27.22,80,1.341,103,0,1013,0
2025-04-06,07:00,26.67,81,1.341,111,15,1014,0
2025-04-06,08:00,27.78,73,2.682,94,230,1015,0
2025-04-06,09:00,28.89,72,3.576,98,478,1015,0
2025-04-06,10:00,29.44,69,3.576,94,619,1016,0
2025-04-06,11:00,30,63,4.023,94,861,1015,0
2025-04-06,12:00,30,66,4.023,99,776,1015,0
2025-04-06,13:00,30,69,4.47,100,854,1014,0
2025-04-06,14:00,30,71,3.576,101,865,1014,0
2025-04-06,15:00,30,68,4.023,95,647,1013,0
2025-04-06,16:00,30,71,3.576,101,525,1013,0
2025-04-06,17:00,29.44,71,3.576,91,412,1012,0
2025-04-06,18:00,28.89,74,3.129,96,165,1013,0
2025-04-06,19:00,28.33,75,2.682,100,15,1013,0
2025-04-06,20:00,27.78,73,2.682,105,0,1014,0
2025-04-06,23:00,27.78,74,2.682,108,0,1015,0
2025-04-07,00:00,27.78,75,2.682,108,0,1015,0
2025-04-07,01:00,27.22,76,1.788,108,0,1014,0
2025-04-07,02:00,27.22,76,2.235,113,0,1014,0
2025-04-07,03:00,27.22,74,2.682,113,0,1014,0
2025-04-07,04:00,27.22,76,1.788,105,0,1014,0
2025-04-07,05:00,27.22,77,0.8941,115,0,1014,0
2025-04-07,06:00,27.22,75,1.341,154,0,1014,0
2025-04-07,07:00,27.22,75,1.341,129,45,1015,0
2025-04-07,08:00,28.33,73,2.235,113,199,1015,0
2025-04-07,09:00,28.89,72,3.129,117,431,1015,0
2025-04-07,10:00,29.44,65,3.129,118,685,1016,0
2025-04-07,11:00,30,60,3.129,114,843,1016,0
2025-04-07,12:00,30.56,61,3.576,110,935,1015,0
2025-04-07,13:00,30.56,60,3.129,104,985,1015,0
2025-04-07,14:00,31.11,59,2.682,108,934,1014,0
2025-04-07,15:00,30.56,59,2.682,83,814,1013,0
2025-04-07,16:00,30.56,63,3.129,83,642,1013,0
2025-04-07,17:00,30,67,2.682,86,422,1013,0
2025-04-07,18:00,28.89,70,2.235,90,184,1013,0
2025-04-07,19:00,28.33,74,1.341,91,14,1014,0
2025-04-07,20:00,27.78,76,0.8941,81,0,1015,0
2025-04-07,21:00,27.22,78,0.447,63,0,1015,0
2025-04-07,22:00,26.67,79,0.447,57,0,1016,0
2025-04-07,23:00,26.67,81,0.8941,95,0,1016,0
2025-04-08,00:00,26.67,82,0.8941,88,0,1016,0
2025-04-08,01:00,26.11,81,0.447,43,0,1016,0
2025-04-08,02:00,26.67,82,0.8941,49,0,1015,0
2025-04-08,03:00,26.11,85,0.8941,80,0,1015,0
2025-04-08,04:00,25.56,87,0.447,79,0,1014,0
2025-04-08,05:00,25.56,86,0.8941,94,0,1014,0
2025-04-08,06:00,25.56,86,0.8941,88,0,1014,0
2025-04-08,07:00,25.56,84,0.8941,103,43,1015,0
2025-04-08,08:00,27.78,74,1.341,83,233,1015,0
2025-04-08,09:00,28.33,73,1.341,67,298,1015,0
2025-04-08,10:00,29.44,61,2.235,76,755,1015,0
2025-04-08,11:00,30,67,2.235,66,838,1015,0
2025-04-08,12:00,30.56,53,1.788,73,909,1014,0
2025-04-08,13:00,30.56,60,3.129,92,1001,1013,0
2025-04-08,14:00,30.56,59,3.129,95,982,1013,0
2025-04-08,15:00,30.56,56,2.682,100,823,1012,0
2025-04-08,16:00,30.56,57,2.235,91,625,1012,0
2025-04-08,17:00,29.44,64,2.682,97,366,1012,0
2025-04-08,18:00,28.89,69,2.235,99,183,1012,0
2025-04-08,19:00,28.33,73,1.788,84,17,1013,0
2025-04-08,20:00,27.22,75,0.8941,86,0,1013,0
2025-04-08,21:00,27.22,75,0.447,40,0,1014,0
2025-04-08,22:00,26.67,76,0.447,2,0,1014,0
2025-04-08,23:00,26.11,78,0.447,57,0,1015,0
2025-04-09,00:00,25.56,82,0.447,71,0,1014,0
2025-04-09,01:00,25,85,0.447,103,0,1014,0
2025-04-09,02:00,24.44,87,0.447,88,0,1014,0
2025-04-09,03:00,24.44,87,0.447,100,0,1013,0
2025-04-09,04:00,25,87,0.447,126,0,1013,0
2025-04-09,05:00,25,86,0.447,129,0,1012,0
2025-04-09,06:00,25,85,0.447,110,0,1012,0
2025-04-09,07:00,25.56,81,0.8941,111,56,1013,0
2025-04-09,08:00,27.78,72,0.8941,99,260,1013,0
2025-04-09,09:00,28.89,67,2.235,107,491,1013,0
2025-04-09,10:00,29.44,64,2.235,111,732,1014,0
2025-04-09,11:00,30.56,63,1.788,122,786,1013,0
2025-04-09,12:00,30.56,64,1.788,126,789,1013,0
2025-04-09,13:00,30.56,69,1.341,316,601,1012,0
2025-04-09,14:00,30,64,1.341,305,589,1011,0
2025-04-09,15:00,30.56,70,1.788,77,707,1011,0
2025-04-09,16:00,29.44,69,2.235,90,330,1011,0
2025-04-09,17:00,28.89,67,1.788,105,110,1011,0
2025-04-09,18:00,28.89,73,1.788,110,112,1011,0
2025-04-09,19:00,27.78,75,0.8941,101,7,1012,0
2025-04-09,20:00,27.22,77,0.8941,68,0,1012,0
2025-04-09,21:00,26.67,82,0.447,104,0,1013,0
2025-04-09,22:00,26.11,82,0.447,102,0,1013,0
2025-04-09,23:00,26.11,83,0.447,113,0,1014,0
2025-04-10,00:00,26.11,83,0.447,100,0,1014,0
2025-04-10,01:00,26.11,86,0.447,91,0,1013,0
2025-04-10,02:00,25.56,87,0.447,116,0,1013,0
2025-04-10,03:00,25,87,0.447,117,0,1013,0
2025-04-10,04:00,25,87,0.447,124,0,1012,0
2025-04-10,05:00,24.44,88,0.447,111,0,1012,0
2025-04-10,06:00,25,87,0.447,123,0,1012,0
2025-04-10,07:00,25.56,85,0.447,110,36,1013,0
2025-04-10,08:00,27.22,76,0.8941,78,171,1013,0
2025-04-10,09:00,28.33,70,1.788,72,415,1014,0
2025-04-10,10:00,29.44,64,2.682,92,607,1013,0
2025-04-10,11:00,30,60,3.129,93,680,1013,0
2025-04-10,12:00,30.56,60,3.129,88,939,1013,0
2025-04-10,13:00,30.56,64,3.129,84,928,1012,0
2025-04-10,14:00,30.56,61,3.576,99,946,1011,0
2025-04-10,15:00,30.56,63,3.129,96,824,1011,0
2025-04-10,16:00,30,64,3.129,90,654,1010,0
2025-04-10,17:00,29.44,69,3.129,92,418,1010,0
2025-04-10,18:00,28.89,71,3.129,90,185,1010,0
2025-04-10,19:00,28.33,74,2.235,98,10,1011,0
2025-04-10,20:00,27.78,75,1.788,91,0,1011,0
2025-04-10,21:00,27.78,76,1.788,85,0,1012,0
2025-04-10,22:00,27.78,77,1.788,85,0,1012,0
2025-04-10,23:00,27.78,78,2.235,84,0,1013,0
2025-04-11,00:00,27.78,78,2.235,91,0,1013,0
2025-04-11,01:00,27.78,79,1.788,97,0,1012,0
2025-04-11,02:00,27.22,80,1.788,86,0,1012,0
2025-04-11,03:00,27.22,79,1.788,85,0,1011,0
2025-04-11,04:00,27.22,80,1.788,81,0,1011,0
2025-04-11,05:00,27.22,80,1.788,77,0,1011,0
2025-04-11,06:00,26.67,88,1.341,72,0,1011,0
2025-04-11,07:00,26.67,86,1.341,69,56,1012,0
2025-04-11,08:00,27.78,86,2.235,76,169,1012,1
2025-04-11,09:00,27.22,82,2.682,104,481,1013,0
2025-04-11,10:00,29.44,76,3.129,93,645,1013,0
2025-04-11,11:00,30,73,3.576,87,679,1013,0
2025-04-11,12:00,30,72,3.576,96,783,1013,0
2025-04-11,13:00,30,72,3.129,113,820,1012,0
2025-04-11,14:00,30.56,71,3.129,111,718,1011,0
2025-04-11,15:00,30.56,68,3.129,113,792,1011,0
2025-04-11,16:00,30.56,72,3.129,110,505,1010,0
2025-04-11,17:00,30,75,3.129,114,227,1010,0
2025-04-11,18:00,29.44,75,2.235,117,133,1011,0
2025-04-11,19:00,28.89,79,1.788,114,18,1011,0
2025-04-11,20:00,28.33,81,1.341,105,0,1012,0
2025-04-11,21:00,28.33,82,1.341,72,0,1013,0
2025-04-11,22:00,27.78,83,1.341,88,0,1014,0
2025-04-11,23:00,27.78,85,0.8941,100,0,1014,0
2025-04-12,00:00,27.78,85,1.788,103,0,1014,0
2025-04-12,01:00,27.78,87,1.341,96,0,1013,0
2025-04-12,02:00,27.22,87,0.8941,99,0,1013,0
2025-04-12,03:00,27.22,86,1.341,96,0,1013,0
2025-04-12,04:00,27.22,84,1.788,110,0,1012,0
2025-04-12,05:00,27.22,83,1.788,114,0,1012,0
2025-04-12,06:00,27.22,82,1.341,130,0,1012,0
2025-04-12,07:00,27.22,80,1.341,128,35,1013,0
2025-04-12,08:00,28.33,75,1.788,140,167,1014,0
2025-04-12,09:00,28.89,74,2.682,136,255,1014,0
2025-04-12,10:00,29.44,64,2.682,143,345,1014,0
2025-04-12,11:00,31.11,57,2.235,136,897,1014,0
2025-04-12,12:00,31.67,61,2.235,148,787,1014,0
2025-04-12,13:00,31.67,60,1.788,135,820,1013,0
2025-04-12,14:00,31.67,53,2.235,114,754,1012,0
2025-04-12,15:00,31.67,62,1.788,94,574,1012,0
2025-04-12,16:00,31.67,64,1.341,106,489,1011,0
2025-04-12,17:00,31.67,60,0.8941,298,425,1011,0
2025-04-12,18:00,30.56,69,1.788,119,181,1012,0
2025-04-12,19:00,28.89,74,1.788,100,10,1012,0
2025-04-12,20:00,28.33,75,0.8941,98,0,1013,0
2025-04-12,21:00,28.33,78,0.8941,49,0,1013,0
2025-04-12,22:00,27.78,82,0.447,92,0,1014,0
2025-04-12,23:00,27.22,84,0.447,85,0,1015,0
2025-04-13,00:00,26.67,86,0.447,53,0,1014,0
2025-04-13,01:00,26.67,86,0.447,104,0,1014,0
2025-04-13,02:00,27.22,84,0.8941,103,0,1013,0
2025-04-13,03:00,27.22,86,0.8941,93,0,1013,0
2025-04-13,04:00,26.11,86,0.8941,95,0,1013,0
2025-04-13,05:00,26.11,85,0.8941,93,0,1013,0
2025-04-13,06:00,26.11,89,0.8941,90,0,1013,3
2025-04-13,07:00,26.11,91,0.8941,91,54,1014,0
2025-04-13,08:00,27.22,85,0.8941,93,270,1015,0
2025-04-13,09:00,28.89,77,1.341,80,405,1015,0
2025-04-13,10:00,29.44,74,2.682,100,556,1015,0
2025-04-13,11:00,30,66,2.682,101,600,1014,0
2025-04-13,12:00,30.56,67,2.682,113,863,1014,0
2025-04-13,13:00,30.56,61,2.682,103,818,1013,0
2025-04-13,14:00,31.11,57,3.129,94,879,1012,0
2025-04-13,15:00,30.56,64,3.129,93,809,1011,0
2025-04-13,16:00,30.56,58,2.682,86,627,1011,0
2025-04-13,17:00,30,67,2.682,98,411,1011,0
2025-04-13,18:00,29.44,71,2.235,94,184,1011,0
2025-04-13,19:00,28.33,75,1.788,82,10,1012,0
2025-04-13,20:00,27.78,75,1.788,84,0,1012,0
2025-04-13,21:00,27.22,77,1.788,84,0,1013,0
2025-04-13,22:00,27.22,77,1.788,88,0,1013,0
2025-04-13,23:00,27.22,78,1.788,88,0,1013,0
2025-04-14,00:00,27.22,79,1.788,84,0,1013,0
2025-04-14,01:00,26.67,80,0.8941,101,0,1013,0
2025-04-14,02:00,26.67,78,0.8941,89,0,1012,0
2025-04-14,03:00,26.11,80,0.8941,112,0,1012,0
2025-04-14,04:00,26.11,79,0.8941,91,0,1011,0
2025-04-14,05:00,26.11,80,0.8941,90,0,1012,0
2025-04-14,06:00,26.11,80,0.8941,92,0,1012,0
2025-04-14,07:00,26.67,75,1.341,87,64,1012,0
2025-04-14,08:00,28.33,72,1.788,79,271,1013,0
2025-04-14,09:00,29.44,69,2.682,84,491,1014,0
2025-04-14,10:00,30,69,3.129,89,657,1014,0
2025-04-14,11:00,30.56,68,3.129,85,767,1013,0
2025-04-14,12:00,30.56,63,3.576,92,929,1013,0
2025-04-14,13:00,31.11,65,3.576,99,987,1012,0
2025-04-14,14:00,30.56,69,3.576,92,851,1012,0
2025-04-14,15:00,30.56,69,3.129,92,718,1011,0
2025-04-14,16:00,30.56,70,3.129,95,575,1010,0
2025-04-14,17:00,30,74,3.129,89,367,1011,0
2025-04-14,18:00,29.44,75,2.682,96,138,1011,0
2025-04-14,19:00,28.89,78,2.235,82,10,1011,0
2025-04-14,20:00,28.33,80,2.235,84,0,1012,0
2025-04-14,21:00,27.78,81,2.235,85,0,1012,0
2025-04-14,22:00,27.78,81,2.235,86,0,1013,0
2025-04-14,23:00,27.78,82,2.235,85,0,1013,0
2025-04-15,00:00,27.78,81,2.235,89,0,1012,0
2025-04-15,01:00,27.78,81,2.235,82,0,1012,0
2025-04-15,02:00,27.78,82,2.235,87,0,1012,0
2025-04-15,03:00,27.78,81,2.235,88,0,1011,0
2025-04-15,04:00,27.78,82,1.788,85,0,1011,0
2025-04-15,05:00,27.22,88,2.682,88,0,1011,0
2025-04-15,06:00,26.67,89,2.235,105,0,1012,0
2025-04-15,07:00,27.22,87,2.235,106,33,1012,0
2025-04-15,08:00,28.33,80,2.682,97,207,1012,0
2025-04-15,09:00,28.89,76,3.576,98,434,1013,0
2025-04-15,10:00,29.44,78,3.129,102,612,1013,0
2025-04-15,11:00,28.89,85,3.129,107,778,1013,1
2025-04-15,12:00,28.89,85,3.129,108,734,1013,0
2025-04-15,13:00,28.33,80,3.129,104,436,1012,0
2025-04-15,14:00,29.44,78,3.129,100,628,1012,0
2025-04-15,15:00,30,77,3.129,101,827,1011,0
2025-04-15,16:00,29.44,74,3.129,119,525,1011,0
2025-04-15,17:00,29.44,77,2.682,97,354,1011,0
2025-04-15,18:00,29.44,76,2.235,106,113,1011,0
2025-04-15,19:00,28.89,79,2.235,113,9,1011,0
2025-04-15,21:00,27.78,80,1.341,99,0,1013,0
2025-04-15,22:00,27.78,79,1.341,103,0,1013,0
2025-04-15,23:00,27.78,80,1.341,88,0,1014,0
2025-04-16,00:00,27.78,81,1.341,102,0,1014,0
2025-04-16,01:00,27.78,80,1.341,108,0,1013,0
2025-04-16,02:00,27.22,79,1.788,111,0,1013,0
2025-04-16,03:00,27.78,80,1.788,114,0,1013,0
2025-04-16,04:00,27.22,81,1.341,109,0,1013,0
2025-04-16,05:00,27.22,80,0.8941,109,0,1013,0
2025-04-16,06:00,27.22,80,1.341,102,1,1013,0
2025-04-16,07:00,27.78,78,1.341,105,47,1014,0
2025-04-16,08:00,28.89,74,1.788,100,179,1014,0
2025-04-16,09:00,29.44,69,2.682,98,442,1015,0
2025-04-16,10:00,30,66,3.129,106,668,1015,0
2025-04-16,11:00,30.56,67,3.129,106,855,1015,0
2025-04-16,12:00,31.11,65,3.576,96,921,1014,0
2025-04-16,13:00,31.11,69,3.129,103,858,1013,0
2025-04-16,14:00,30.56,71,3.129,111,706,1012,0
2025-04-16,15:00,30.56,68,3.576,100,741,1012,0
2025-04-16,16:00,30.56,70,3.576,101,648,1012,0
2025-04-16,17:00,30.56,71,3.129,97,427,1012,0
2025-04-16,18:00,29.44,74,3.129,92,167,1012,0
2025-04-16,19:00,28.33,83,2.235,99,23,1013,1
2025-04-16,20:00,27.78,80,2.235,87,0,1013,0
2025-04-16,21:00,27.78,76,2.682,87,0,1014,0
2025-04-16,22:00,27.78,76,2.235,80,0,1014,0
2025-04-16,23:00,28.33,78,2.235,83,0,1015,0
2025-04-17,00:00,27.78,81,2.682,85,0,1014,0
2025-04-17,01:00,27.78,81,3.129,83,0,1014,0
2025-04-17,02:00,27.78,82,2.682,84,0,1013,0
2025-04-17,03:00,27.78,84,2.682,82,0,1013,0
2025-04-17,04:00,27.78,84,2.682,80,0,1013,0
2025-04-17,05:00,27.22,87,2.682,88,0,1013,0
2025-04-17,06:00,26.67,88,2.682,95,0,1013,1
2025-04-17,07:00,26.67,85,2.235,94,37,1014,0
2025-04-17,08:00,27.78,87,2.235,94,143,1015,0
2025-04-17,09:00,27.78,79,2.682,95,348,1015,1
2025-04-17,10:00,29.44,73,4.023,90,592,1015,0
2025-04-17,11:00,30,70,4.47,95,826,1015,0
2025-04-17,12:00,30.56,69,4.023,94,833,1014,0
2025-04-17,13:00,30.56,68,4.47,95,890,1013,0
2025-04-17,14:00,31.11,69,4.023,95,821,1013,0
2025-04-17,15:00,30.56,67,4.023,96,773,1012,0
2025-04-17,16:00,30.56,70,4.023,96,617,1012,0
2025-04-17,17:00,30,71,3.576,92,389,1012,0
2025-04-17,18:00,29.44,75,3.129,88,151,1012,0
2025-04-17,22:00,27.22,81,1.341,107,0,1014,0
2025-04-18,00:00,27.78,78,1.788,92,0,1014,0
2025-04-18,01:00,27.22,79,1.788,97,0,1014,0
2025-04-18,02:00,27.22,80,1.788,87,0,1013,0
2025-04-18,03:00,27.22,80,1.788,86,0,1013,0
2025-04-18,04:00,26.67,85,1.788,81,0,1012,0
2025-04-18,05:00,26.67,85,1.788,91,0,1012,0
2025-04-18,06:00,27.22,84,2.235,85,0,1013,0
2025-04-18,07:00,26.67,85,2.682,103,44,1013,0
2025-04-18,08:00,27.78,77,2.682,92,215,1014,0
2025-04-18,09:00,28.89,73,3.129,93,482,1015,0
2025-04-18,10:00,29.44,71,3.576,95,658,1015,0
2025-04-18,11:00,30,68,4.023,100,853,1014,0
2025-04-18,12:00,30.56,67,3.576,99,889,1014,0
2025-04-18,13:00,30.56,70,3.576,102,910,1013,0
2025-04-18,14:00,30,72,3.576,98,723,1012,0
2025-04-18,15:00,30.56,69,3.576,94,710,1011,0
2025-04-18,16:00,30,72,3.129,79,320,1011,0
2025-04-18,17:00,29.44,73,3.129,80,240,1011,0
2025-04-18,18:00,29.44,74,3.129,82,139,1011,0
2025-04-18,19:00,28.33,76,2.682,84,11,1011,0
2025-04-18,20:00,28.33,76,2.682,83,0,1012,0
2025-04-18,21:00,27.78,74,2.682,86,0,1012,0
2025-04-18,22:00,27.78,75,2.682,87,0,1012,0
2025-04-18,23:00,27.78,74,2.682,90,0,1013,0
2025-04-19,00:00,27.78,75,2.235,98,0,1013,0
2025-04-19,01:00,27.78,76,2.235,99,0,1012,0
2025-04-19,02:00,27.78,80,1.788,105,0,1012,0
2025-04-19,03:00,26.67,85,1.788,97,0,1012,0
2025-04-19,04:00,27.22,83,1.788,98,0,1011,0
2025-04-19,05:00,27.22,82,2.235,91,0,1012,0
2025-04-19,06:00,27.22,81,2.682,89,0,1012,0
2025-04-19,07:00,27.78,80,2.682,83,42,1013,0
2025-04-19,08:00,28.33,75,3.129,85,187,1013,0
2025-04-19,09:00,29.44,74,3.129,89,361,1014,0
2025-04-19,10:00,30,71,3.576,91,607,1014,0
2025-04-19,11:00,30.56,66,3.576,92,849,1013,0
2025-04-19,12:00,30.56,65,3.576,97,971,1013,0
2025-04-19,13:00,31.11,64,3.576,95,984,1012,0
2025-04-19,14:00,31.11,67,3.129,91,798,1011,0
2025-04-19,15:00,30.56,65,3.576,93,783,1010,0
2025-04-19,16:00,30.56,71,3.129,97,520,1010,0
2025-04-19,17:00,29.44,73,2.682,89,252,1010,0
2025-04-19,18:00,29.44,74,2.682,94,124,1011,0
2025-04-19,19:00,28.89,76,2.235,88,17,1011,0
2025-04-19,20:00,28.33,78,1.341,92,0,1012,0
2025-04-19,21:00,27.78,80,1.341,94,0,1013,0
2025-04-19,22:00,27.78,80,1.341,95,0,1013,0
2025-04-19,23:00,27.78,81,0.8941,82,0,1014,0
2025-04-20,00:00,27.22,82,0.447,91,0,1013,0
2025-04-20,01:00,27.22,82,0.447,103,0,1013,0
2025-04-20,02:00,26.67,83,0.447,93,0,1013,0
2025-04-20,03:00,26.67,85,0.447,55,0,1012,0
2025-04-20,04:00,27.22,85,0.8941,94,0,1012,0
2025-04-20,05:00,26.67,84,0.8941,121,0,1012,0
2025-04-20,06:00,26.67,83,0.8941,101,0,1012,0
2025-04-20,07:00,26.67,85,0.8941,69,63,1012,0
2025-04-20,08:00,28.33,74,1.788,92,259,1013,0
2025-04-20,09:00,29.44,73,2.682,101,464,1013,0
2025-04-20,10:00,30,67,2.682,99,650,1013,0
2025-04-20,11:00,31.11,61,2.682,96,907,1013,0
2025-04-20,12:00,31.11,63,2.682,97,916,1012,0
2025-04-20,13:00,31.67,60,2.682,86,1061,1012,0
2025-04-20,14:00,31.67,61,2.682,89,964,1011,0
2025-04-20,15:00,30.56,70,2.235,73,565,1011,0
2025-04-20,16:00,30,68,2.682,80,324,1011,0
2025-04-20,17:00,30,73,2.682,94,263,1011,0
2025-04-20,18:00,28.89,72,2.682,84,103,1011,0
2025-04-20,19:00,28.33,76,2.235,82,12,1012,0
2025-04-20,20:00,27.78,77,1.788,87,0,1012,0
2025-04-20,21:00,27.78,78,1.788,94,0,1013,0
2025-04-20,22:00,27.22,80,1.341,100,0,1013,0
2025-04-20,23:00,27.22,82,1.341,103,0,1014,0
2025-04-21,00:00,27.22,83,0.8941,83,0,1014,0
2025-04-21,01:00,27.22,84,0.447,84,0,1013,0
2025-04-21,02:00,26.67,85,0.447,106,0,1013,0
2025-04-21,03:00,26.67,85,0.447,327,0,1012,0
2025-04-21,04:00,26.11,84,0.447,90,0,1012,0
2025-04-21,05:00,26.11,87,0.447,76,0,1012,0
2025-04-21,06:00,26.11,87,0.447,96,1,1012,0
2025-04-21,07:00,27.22,83,0.447,87,74,1013,0
2025-04-21,08:00,28.89,75,1.341,74,239,1013,0
2025-04-21,09:00,28.89,72,2.235,87,390,1014,0
2025-04-21,10:00,30,72,2.682,91,592,1014,0
2025-04-21,11:00,31.11,73,3.129,98,880,1013,0
2025-04-21,12:00,30.56,65,3.129,101,784,1013,0
2025-04-21,13:00,31.11,60,3.129,95,882,1012,0
2025-04-21,14:00,31.67,59,3.129,94,974,1012,0
2025-04-21,15:00,31.67,64,2.682,100,735,1011,0
2025-04-21,16:00,30,72,2.682,101,219,1011,0
2025-04-21,17:00,30,72,2.235,105,278,1011,0
2025-04-21,18:00,29.44,74,2.235,87,170,1012,0
2025-04-21,19:00,28.89,76,1.788,79,11,1012,0
2025-04-21,20:00,28.33,76,1.341,82,0,1013,0
2025-04-21,21:00,28.33,83,1.341,94,0,1013,0
2025-04-21,22:00,26.67,89,0.8941,86,0,1014,0
2025-04-21,23:00,26.11,89,0.447,75,0,1014,0
2025-04-22,00:00,26.11,90,0.447,91,0,1014,0
2025-04-22,01:00,26.11,89,0.447,105,0,1013,0
2025-04-22,02:00,26.11,89,0.447,96,0,1013,0
2025-04-22,03:00,26.11,89,0.447,87,0,1012,0
2025-04-22,04:00,25.56,88,0.447,97,0,1012,0
2025-04-22,05:00,26.11,87,0.8941,104,0,1012,0
2025-04-22,06:00,26.11,86,0.8941,109,1,1012,0
2025-04-22,07:00,26.67,80,0.8941,92,72,1012,0
2025-04-22,08:00,28.33,72,1.788,81,255,1013,0
2025-04-22,09:00,29.44,71,2.682,96,527,1013,0
2025-04-22,10:00,30,67,3.129,90,651,1013,0
2025-04-22,11:00,30.56,65,3.129,92,843,1013,0
2025-04-22,12:00,31.11,60,3.129,97,922,1013,0
2025-04-22,13:00,31.67,59,2.682,88,970,1012,0
2025-04-22,14:00,31.11,59,2.682,89,852,1011,0
2025-04-22,15:00,31.11,65,2.682,94,808,1011,0
2025-04-22,16:00,30.56,64,2.682,91,632,1010,0
2025-04-22,17:00,30,69,2.682,95,354,1010,0
2025-04-22,18:00,29.44,71,2.682,88,161,1010,0
2025-04-22,19:00,28.33,74,1.788,86,14,1011,0
2025-04-22,20:00,28.33,76,1.341,89,0,1012,0
2025-04-22,21:00,27.78,77,1.341,88,0,1012,0
2025-04-22,22:00,27.78,79,0.8941,91,0,1012,0
2025-04-22,23:00,27.78,80,1.341,86,0,1012,0
2025-04-23,00:00,27.78,86,1.341,94,0,1012,1
2025-04-23,01:00,26.67,89,0.8941,96,0,1012,0
2025-04-23,02:00,26.67,88,0.8941,105,0,1011,0
2025-04-23,03:00,26.67,89,0.8941,100,0,1011,0
2025-04-23,04:00,26.11,90,0.8941,108,0,1011,0
2025-04-23,05:00,26.11,89,0.8941,88,0,1011,0
2025-04-23,06:00,25.56,90,0.8941,79,0,1011,0
2025-04-23,07:00,25,91,1.341,103,10,1011,3
2025-04-23,08:00,25.56,90,1.341,79,90,1012,0
2025-04-23,09:00,26.67,87,1.788,103,250,1013,1
2025-04-23,10:00,26.11,85,1.341,131,262,1013,1
2025-04-23,11:00,26.67,83,1.788,124,349,1013,1
2025-04-23,12:00,26.67,81,1.788,117,383,1012,0
2025-04-23,13:00,28.33,73,1.341,73,787,1011,0
2025-04-23,14:00,30,71,1.788,88,856,1010,0
2025-04-23,15:00,30.56,68,2.235,95,778,1010,0
2025-04-23,16:00,30,75,2.235,75,571,1009,0
2025-04-23,17:00,28.89,79,1.341,54,329,1009,0
2025-04-23,18:00,27.78,88,0.8941,107,79,1009,1
2025-04-23,19:00,27.22,89,0.8941,99,18,1010,0
2025-04-23,20:00,27.22,88,0.8941,86,0,1011,0
2025-04-23,21:00,27.22,86,0.8941,91,0,1012,0
2025-04-23,22:00,27.22,85,0.8941,112,0,1012,0
2025-04-23,23:00,27.22,84,1.341,125,0,1012,0
2025-04-24,00:00,27.22,82,1.341,122,0,1012,0
2025-04-24,01:00,27.22,83,1.341,120,0,1012,0
2025-04-24,02:00,27.22,82,1.341,117,0,1011,0
2025-04-24,03:00,27.22,81,1.341,118,0,1011,0
2025-04-24,04:00,27.22,81,1.341,119,0,1011,0
2025-04-24,05:00,27.22,81,1.341,118,0,1011,0
2025-04-24,06:00,26.67,84,0.8941,114,1,1011,0
2025-04-24,07:00,26.67,80,0.8941,120,42,1012,0
2025-04-24,08:00,28.89,73,1.341,118,274,1012,0
2025-04-24,09:00,29.44,73,1.788,123,330,1013,0
2025-04-24,10:00,30,65,2.235,121,670,1013,0
2025-04-24,11:00,31.11,65,2.682,113,916,1013,0
2025-04-24,12:00,31.11,67,2.682,110,996,1013,0
2025-04-24,13:00,30,74,2.682,110,873,1012,0
2025-04-24,14:00,30.56,64,3.129,109,933,1011,0
2025-04-24,15:00,31.11,69,2.682,116,787,1011,0
2025-04-24,16:00,30.56,68,2.235,102,523,1011,0
2025-04-24,17:00,30,71,1.788,112,294,1010,0
2025-04-24,18:00,30,72,1.788,98,165,1011,0
2025-04-24,19:00,28.89,76,1.788,95,22,1011,0
2025-04-24,20:00,28.33,78,1.341,95,0,1012,0
2025-04-24,21:00,28.33,81,1.341,98,0,1013,0
2025-04-24,22:00,28.33,80,1.341,107,0,1013,0
2025-04-24,23:00,28.33,82,1.788,109,0,1013,0
2025-04-25,00:00,27.78,83,1.341,108,0,1013,0
2025-04-25,01:00,27.78,87,1.341,101,0,1013,1
2025-04-25,02:00,26.67,86,1.341,100,0,1012,0
2025-04-25,03:00,26.67,86,0.8941,105,0,1012,0
2025-04-25,04:00,27.22,84,1.341,108,0,1012,0
2025-04-25,05:00,27.22,85,1.341,108,0,1012,0
2025-04-25,06:00,27.22,84,1.341,116,1,1012,0
2025-04-25,07:00,27.22,81,1.341,98,55,1013,0
2025-04-25,08:00,28.89,76,2.235,95,233,1013,0
2025-04-25,09:00,30,74,2.682,98,461,1014,0
2025-04-25,10:00,30.56,71,3.129,96,648,1014,0
2025-04-25,11:00,30.56,69,3.576,101,882,1013,0
2025-04-25,12:00,31.11,71,3.576,97,824,1013,0
2025-04-25,13:00,31.11,67,3.576,89,962,1013,0
2025-04-25,14:00,31.11,68,3.576,95,840,1012,0
2025-04-25,15:00,31.11,69,3.576,89,726,1011,0
2025-04-25,16:00,30.56,71,3.576,88,554,1011,0
2025-04-25,17:00,30,73,3.129,92,211,1011,0
2025-04-25,18:00,29.44,73,2.682,87,104,1011,0
2025-04-25,19:00,28.89,76,2.235,84,21,1012,0
2025-04-25,20:00,28.33,77,2.235,83,0,1013,0
2025-04-25,22:00,28.33,85,1.788,84,0,1014,1
2025-04-25,23:00,26.67,89,0.8941,117,0,1014,0
2025-04-26,00:00,26.67,87,1.788,106,0,1014,0
2025-04-26,01:00,26.67,86,0.8941,110,0,1013,0
2025-04-26,02:00,27.22,86,0.8941,103,0,1013,0
2025-04-26,03:00,27.22,83,1.341,93,0,1012,0
2025-04-26,04:00,27.22,82,1.341,109,0,1012,0
2025-04-26,05:00,27.22,83,0.8941,111,0,1012,0
2025-04-26,06:00,27.22,83,0.8941,95,1,1012,0
2025-04-26,07:00,27.78,79,1.341,96,60,1013,0
2025-04-26,08:00,28.89,73,2.235,85,265,1013,0
2025-04-26,09:00,29.44,72,2.682,92,432,1014,0
2025-04-26,10:00,30,68,3.129,91,699,1014,0
2025-04-26,11:00,31.11,66,3.129,86,823,1013,0
2025-04-26,12:00,31.11,65,3.129,90,876,1013,0
2025-04-26,13:00,31.11,69,3.129,90,825,1012,0
2025-04-26,14:00,31.11,67,2.682,84,591,1011,0
2025-04-26,15:00,30.56,66,2.682,77,479,1011,0
2025-04-26,16:00,30.56,70,3.129,90,495,1011,0
2025-04-26,17:00,30,74,3.129,84,234,1011,0
2025-04-26,18:00,28.89,77,2.682,91,143,1011,0
2025-04-26,19:00,27.78,86,1.788,75,14,1012,2
2025-04-26,20:00,26.67,90,0.8941,61,0,1013,1
2025-04-26,22:00,27.22,89,1.341,88,0,1013,0
2025-04-27,00:00,27.22,86,1.341,98,0,1013,0
2025-04-27,01:00,27.22,84,1.341,105,0,1013,0
2025-04-27,02:00,26.11,84,1.788,111,0,1012,0
2025-04-27,03:00,26.67,85,0.8941,88,0,1012,0
2025-04-27,04:00,26.11,86,0.447,105,0,1012,0
2025-04-27,05:00,26.67,86,0.447,107,0,1012,0
2025-04-27,06:00,26.67,86,0.8941,106,1,1012,0
2025-04-27,07:00,27.22,82,1.341,100,62,1012,0
2025-04-27,08:00,28.89,73,2.682,85,272,1012,0
2025-04-27,09:00,30,74,2.682,94,493,1013,0
2025-04-27,10:00,30,69,3.129,88,669,1013,0
2025-04-27,11:00,30,72,3.129,85,655,1013,0
2025-04-27,12:00,30.56,69,3.576,86,902,1012,0
2025-04-27,13:00,30.56,80,3.129,97,774,1012,1
2025-04-27,14:00,30,72,3.129,91,894,1011,0
2025-04-27,15:00,30.56,72,3.129,95,535,1010,0
2025-04-27,16:00,30.56,69,2.682,92,474,1010,0
2025-04-27,17:00,30,72,3.129,85,295,1009,0
2025-04-27,18:00,29.44,74,2.682,87,138,1010,0
2025-04-27,19:00,28.89,76,2.682,85,18,1011,0
2025-04-27,20:00,28.33,78,2.235,86,0,1011,0
2025-04-27,21:00,28.33,83,1.788,94,0,1012,1
2025-04-27,22:00,27.22,85,1.341,111,0,1012,0
2025-04-27,23:00,27.22,89,1.341,99,0,1013,2
2025-04-28,00:00,27.22,87,1.341,101,0,1013,0
2025-04-28,01:00,27.22,85,1.341,89,0,1012,0
2025-04-28,02:00,27.22,84,1.788,95,0,1011,0
2025-04-28,03:00,27.78,81,2.235,102,0,1011,0
2025-04-28,04:00,27.78,81,1.341,106,0,1010,0
2025-04-28,05:00,27.78,82,1.788,98,0,1010,0
2025-04-28,06:00,27.78,80,1.788,107,1,1010,0
2025-04-28,07:00,27.78,79,2.235,103,55,1011,0
2025-04-28,08:00,28.89,74,3.129,98,217,1011,0
2025-04-28,09:00,29.44,72,3.129,98,391,1012,0
2025-04-28,10:00,30,68,3.576,100,698,1012,0
2025-04-28,11:00,30.56,67,3.576,99,839,1012,0
2025-04-28,12:00,30.56,72,3.576,97,748,1012,0
2025-04-28,13:00,30.56,77,3.129,99,656,1011,0
2025-04-28,14:00,30.56,69,3.129,95,816,1011,0
2025-04-28,15:00,30.56,69,3.576,98,779,1010,0
2025-04-28,16:00,30.56,67,3.129,92,558,1009,0
2025-04-28,17:00,30,70,2.682,110,312,1009,0
2025-04-28,18:00,29.44,73,2.682,107,122,1010,0
2025-04-28,20:00,28.33,76,1.341,112,0,1011,0
2025-04-28,21:00,28.33,76,1.341,112,0,1012,0
2025-04-28,22:00,28.33,79,0.8941,95,0,1012,0
2025-04-28,23:00,27.78,79,1.341,102,0,1013,0
2025-04-29,00:00,27.78,78,1.788,105,0,1013,0
2025-04-29,01:00,27.78,76,1.788,115,0,1012,0
2025-04-29,02:00,27.78,79,1.341,115,0,1012,0
2025-04-29,03:00,27.78,77,1.341,115,0,1011,0
2025-04-29,04:00,27.78,78,1.341,113,0,1011,0
2025-04-29,05:00,27.78,78,1.341,115,0,1011,0
2025-04-29,06:00,27.78,79,1.788,110,1,1011,0
2025-04-29,07:00,27.78,77,1.341,108,61,1012,0
2025-04-29,08:00,28.89,73,2.235,110,234,1012,0
2025-04-29,09:00,29.44,71,2.682,100,399,1013,0
2025-04-29,10:00,30,67,2.682,101,635,1013,0
2025-04-29,11:00,30.56,67,3.129,105,699,1013,0
2025-04-29,12:00,30.56,67,3.129,96,764,1013,0
2025-04-29,13:00,31.11,66,3.129,101,886,1012,0
2025-04-29,14:00,31.11,68,2.682,113,801,1011,0
2025-04-29,15:00,31.11,70,2.682,109,601,1011,0
2025-04-29,16:00,30.56,67,3.129,112,516,1011,0
2025-04-29,17:00,30.56,71,3.129,112,413,1011,0
2025-04-29,18:00,30,74,2.682,112,100,1011,0
2025-04-29,19:00,28.89,75,2.235,111,14,1012,0
2025-04-29,20:00,28.89,77,1.788,112,0,1013,0
2025-04-29,21:00,28.33,81,1.341,105,0,1013,0
2025-04-29,22:00,27.78,87,1.341,95,0,1014,1
2025-04-29,23:00,27.22,88,1.341,98,0,1014,0
2025-04-30,00:00,27.22,86,1.341,107,0,1014,0
2025-04-30,01:00,27.22,86,1.788,111,0,1014,1
2025-04-30,02:00,27.22,84,1.788,111,0,1013,0
2025-04-30,03:00,27.22,86,1.788,107,0,1013,0
2025-04-30,04:00,27.22,83,2.235,107,0,1012,0
2025-04-30,05:00,27.22,80,2.235,106,0,1012,0
2025-04-30,06:00,27.78,77,2.235,108,1,1013,0
2025-04-30,07:00,27.78,74,2.682,107,66,1013,0
2025-04-30,08:00,28.89,71,3.129,104,290,1013,0
2025-04-30,09:00,30,71,3.129,102,519,1014,0
2025-04-30,10:00,30,68,4.023,106,691,1014,0
2025-04-30,11:00,30.56,69,3.576,104,807,1013,0
2025-04-30,12:00,30.56,67,3.576,99,886,1013,0
2025-04-30,13:00,31.11,66,3.576,101,932,1013,0
2025-04-30,14:00,31.11,65,3.129,103,858,1012,0
2025-04-30,15:00,31.11,67,3.129,92,733,1012,0
2025-04-30,16:00,31.11,69,3.129,101,589,1012,0
2025-04-30,17:00,30,72,2.682,102,277,1012,0
2025-04-30,18:00,29.44,75,2.682,91,125,1012,0
2025-04-30,19:00,28.89,76,2.235,85,12,1013,0
2025-04-30,20:00,28.33,77,2.235,87,0,1014,0
2025-04-30,21:00,28.33,76,1.788,88,0,1014,0
2025-04-30,22:00,28.33,80,1.788,85,0,1015,0
2025-04-30,23:00,27.78,81,1.788,98,0,1015,0
2025-05-01,00:00,27.78,81,1.788,96,0,1015,0
2025-05-01,01:00,27.78,82,1.788,89,0,1014,0
2025-05-01,02:00,27.78,79,1.788,97,0,1014,0
2025-05-01,03:00,27.78,79,1.788,94,0,1013,0
2025-05-01,04:00,27.78,79,1.788,95,0,1013,0
2025-05-01,05:00,27.78,78,1.788,100,0,1013,0
2025-05-01,06:00,27.78,78,1.788,103,1,1013,0
2025-05-01,07:00,27.78,77,1.788,107,43,1014,0
2025-05-01,08:00,28.89,71,2.682,94,256,1014,0
2025-05-01,09:00,30,68,3.129,103,512,1014,0
2025-05-01,10:00,30.56,71,3.129,101,671,1014,0
2025-05-01,11:00,30.56,67,3.576,100,819,1014,0
2025-05-01,12:00,30.56,70,4.023,104,814,1014,0
2025-05-01,13:00,31.11,72,3.576,106,876,1013,0
2025-05-01,14:00,30,71,3.129,104,854,1013,0
2025-05-01,15:00,30.56,69,3.576,94,758,1012,0
2025-05-01,16:00,30.56,69,3.129,98,576,1011,0
2025-05-01,17:00,30,73,3.129,94,298,1011,0
2025-05-01,18:00,29.44,74,2.682,97,91,1012,0
2025-05-01,19:00,28.89,76,1.788,95,8,1012,0
2025-05-01,20:00,28.89,76,2.235,89,0,1013,0
2025-05-01,21:00,28.33,77,1.788,91,0,1013,0
2025-05-01,22:00,28.33,79,2.235,94,0,1014,0
2025-05-01,23:00,27.22,81,1.788,106,0,1014,0
2025-05-02,00:00,26.67,86,1.788,100,0,1014,0
2025-05-02,01:00,26.67,85,1.341,100,0,1014,0
2025-05-02,02:00,27.22,82,2.235,106,0,1013,0
2025-05-02,03:00,27.78,81,2.235,106,0,1013,0
2025-05-02,04:00,27.78,82,1.788,104,0,1012,0
2025-05-02,05:00,27.78,80,1.788,107,0,1012,0
2025-05-02,06:00,27.78,78,2.235,101,1,1013,0
2025-05-02,07:00,26.67,85,1.788,91,66,1013,1
2025-05-02,08:00,28.33,77,2.235,91,244,1013,0
2025-05-02,09:00,29.44,72,2.682,95,493,1014,0
2025-05-02,10:00,30,72,3.129,100,576,1014,0
2025-05-02,11:00,30.56,68,3.129,102,743,1013,0
2025-05-02,12:00,30.56,68,3.129,98,822,1013,0
2025-05-02,13:00,31.11,67,3.576,101,881,1012,0
2025-05-02,14:00,30.56,67,3.129,97,712,1012,0
2025-05-02,15:00,30.56,65,3.129,100,623,1011,0
2025-05-02,16:00,30.56,68,3.129,103,600,1011,0
2025-05-02,17:00,30.56,69,3.129,113,397,1011,0
2025-05-02,18:00,30,70,2.235,109,179,1011,0
2025-05-02,19:00,29.44,73,1.788,120,16,1012,0
2025-05-02,20:00,28.89,75,1.341,118,0,1013,0
2025-05-02,21:00,28.33,76,1.341,108,0,1013,0
2025-05-02,22:00,28.33,76,0.8941,96,0,1014,0
2025-05-02,23:00,27.78,81,0.447,60,0,1014,0
2025-05-03,00:00,27.22,82,0.8941,104,0,1014,0
2025-05-03,01:00,27.22,82,0.447,39,0,1013,0
2025-05-03,02:00,27.22,82,0.8941,51,0,1013,0
2025-05-03,03:00,27.22,83,0.447,41,0,1012,0
2025-05-03,04:00,27.22,82,0.447,27,0,1012,0
2025-05-03,05:00,27.22,82,0.8941,117,0,1012,0
2025-05-03,06:00,27.22,81,0.8941,115,1,1012,0
2025-05-03,07:00,27.78,77,0.8941,112,68,1013,0
2025-05-03,08:00,29.44,74,1.788,96,275,1013,0
2025-05-03,09:00,30,70,2.682,96,523,1013,0
2025-05-03,10:00,30.56,69,3.129,95,725,1014,0
2025-05-03,11:00,31.11,63,3.129,90,865,1013,0
2025-05-03,12:00,31.11,68,3.129,103,849,1013,0
2025-05-03,13:00,31.11,66,2.682,105,863,1013,0
2025-05-03,14:00,31.11,65,2.682,101,762,1012,0
2025-05-03,15:00,31.11,69,2.235,102,596,1012,0
2025-05-03,16:00,31.11,64,2.682,96,561,1012,0
2025-05-03,17:00,30.56,69,2.235,97,327,1011,0
2025-05-03,18:00,30,72,2.235,89,147,1012,0
2025-05-03,19:00,29.44,75,1.788,106,15,1013,0
2025-05-03,21:00,28.89,77,0.8941,104,0,1014,0
2025-05-03,22:00,28.33,82,1.341,76,0,1014,0
2025-05-03,23:00,27.78,81,1.341,93,0,1014,0
2025-05-04,00:00,27.78,81,1.341,93,0,1014,0
2025-05-04,01:00,27.78,78,1.788,100,0,1013,0
2025-05-04,02:00,27.78,77,1.788,105,0,1013,0
2025-05-04,03:00,27.78,78,1.788,111,0,1012,0
2025-05-04,04:00,27.78,79,1.341,113,0,1012,0
2025-05-04,05:00,27.22,80,1.341,110,0,1013,0
2025-05-04,06:00,27.22,78,1.341,102,1,1013,0
2025-05-04,07:00,27.78,75,1.341,100,82,1014,0
2025-05-04,08:00,28.89,71,2.235,91,303,1014,0
2025-05-04,09:00,29.44,72,2.682,98,411,1014,0
2025-05-04,10:00,30,68,3.576,94,667,1014,0
2025-05-04,11:00,30.56,60,3.129,93,842,1013,0
2025-05-04,12:00,31.11,66,3.129,99,938,1013,0
2025-05-04,13:00,31.11,67,3.576,97,943,1012,0
2025-05-04,14:00,31.11,69,3.129,94,782,1011,0
2025-05-04,15:00,30.56,65,3.576,94,737,1011,0
2025-05-04,16:00,30.56,69,3.129,98,602,1011,0
2025-05-04,17:00,30,71,3.129,90,413,1010,0
2025-05-04,18:00,29.44,77,3.129,100,149,1011,0
2025-05-04,19:00,28.33,77,2.235,111,12,1012,0
2025-05-04,20:00,28.33,77,1.788,108,0,1012,0
2025-05-04,21:00,28.33,77,1.788,109,0,1013,0
2025-05-04,22:00,28.33,76,1.788,107,0,1013,0
2025-05-04,23:00,28.33,77,1.788,109,0,1014,0
2025-05-05,00:00,27.78,77,1.341,97,0,1014,0
2025-05-05,01:00,27.22,81,0.447,90,0,1013,0
2025-05-05,02:00,27.22,80,1.341,91,0,1013,0
2025-05-05,03:00,27.78,78,1.341,106,0,1012,0
2025-05-05,04:00,27.78,76,1.788,108,0,1012,0
2025-05-05,05:00,27.78,78,1.341,102,0,1012,0
2025-05-05,06:00,27.78,76,1.788,95,1,1013,0
2025-05-05,07:00,27.78,73,1.788,96,98,1013,0
2025-05-05,08:00,28.89,67,2.682,97,307,1014,0
2025-05-05,09:00,29.44,66,3.129,99,524,1014,0
2025-05-05,10:00,30,65,3.129,96,708,1014,0
2025-05-05,11:00,30.56,63,3.576,98,806,1013,0
2025-05-05,12:00,30.56,66,3.129,106,880,1013,0
2025-05-05,13:00,30.56,71,3.576,101,807,1012,0
2025-05-05,14:00,30.56,67,3.576,100,780,1012,0
2025-05-05,15:00,30.56,68,3.129,103,790,1011,0
2025-05-05,16:00,30.56,68,2.682,107,582,1011,0
2025-05-05,17:00,30,69,2.682,93,358,1011,0
2025-05-05,18:00,29.44,75,2.682,88,152,1011,0
2025-05-05,19:00,28.89,76,2.235,86,20,1011,0
2025-05-05,20:00,28.33,77,1.788,81,0,1012,0
2025-05-05,21:00,28.33,79,1.788,86,0,1013,0
2025-05-05,22:00,28.33,80,1.788,86,0,1013,0
2025-05-05,23:00,27.78,75,2.235,107,0,1013,0
2025-05-06,00:00,27.78,78,2.235,102,0,1013,0
2025-05-06,01:00,27.22,81,1.788,90,0,1013,0
2025-05-06,02:00,27.22,85,1.341,85,0,1012,0
2025-05-06,03:00,27.22,82,1.788,94,0,1012,0
2025-05-06,04:00,27.22,81,1.788,96,0,1011,0
2025-05-06,05:00,27.22,81,2.235,106,0,1012,0
2025-05-06,06:00,27.22,79,2.235,107,2,1012,0
2025-05-06,07:00,27.78,77,2.235,105,62,1012,0
2025-05-06,08:00,29.44,74,2.235,90,279,1013,0
2025-05-06,09:00,30,67,2.682,95,524,1013,0
2025-05-06,10:00,30.56,64,3.129,98,673,1013,0
2025-05-06,11:00,30.56,64,3.129,96,825,1013,0
2025-05-06,12:00,31.11,61,3.129,92,906,1012,0
2025-05-06,13:00,31.11,66,3.129,91,808,1012,0
2025-05-06,14:00,31.11,66,3.129,91,815,1011,0
2025-05-06,15:00,31.11,64,3.129,89,701,1010,0
2025-05-06,16:00,31.11,63,3.129,94,586,1010,0
2025-05-06,17:00,30.56,72,2.682,80,367,1010,0
2025-05-06,18:00,28.33,83,1.788,78,121,1010,1
2025-05-06,19:00,28.33,79,2.235,85,10,1011,0
2025-05-06,20:00,28.33,79,2.235,86,0,1012,0
2025-05-06,21:00,28.33,77,1.788,86,0,1012,0
2025-05-06,22:00,28.33,76,1.788,92,0,1013,0
2025-05-06,23:00,28.33,75,1.788,99,0,1014,0
2025-05-07,00:00,28.33,77,1.788,101,0,1014,0
2025-05-07,01:00,27.78,81,1.788,95,0,1013,0
2025-05-07,02:00,27.78,80,1.341,99,0,1013,0
2025-05-07,03:00,27.22,81,1.788,94,0,1012,0
2025-05-07,04:00,27.22,82,1.341,100,0,1012,0
2025-05-07,05:00,27.22,80,1.788,100,0,1011,0
2025-05-07,06:00,27.22,78,2.235,106,1,1011,0
2025-05-07,07:00,27.78,74,2.235,104,63,1012,0
2025-05-07,08:00,28.89,71,2.235,108,197,1012,0
2025-05-07,09:00,30,66,2.682,101,514,1013,0
2025-05-07,10:00,30.56,64,3.129,103,679,1013,0
2025-05-07,11:00,31.11,65,3.576,102,878,1012,0
2025-05-07,12:00,31.11,62,3.129,98,970,1012,0
2025-05-07,13:00,31.11,67,3.576,94,980,1011,0
2025-05-07,14:00,31.11,64,3.576,95,903,1011,0
2025-05-07,15:00,31.11,67,3.576,95,803,1010,0
2025-05-07,16:00,31.11,66,3.129,90,620,1010,0
2025-05-07,17:00,30.56,71,3.576,89,334,1010,0
2025-05-07,18:00,29.44,74,3.576,89,121,1011,0
2025-05-07,19:00,28.89,75,2.682,89,15,1011,0
2025-05-07,20:00,28.33,73,2.235,84,0,1012,0
2025-05-07,22:00,28.89,72,2.235,84,0,1013,0
2025-05-07,23:00,28.89,75,2.682,84,0,1013,0
2025-05-08,00:00,28.89,77,2.235,86,0,1013,0
2025-05-08,01:00,27.78,78,1.788,95,0,1013,0
2025-05-08,02:00,27.22,84,1.788,86,0,1012,0
2025-05-08,03:00,27.22,83,1.341,95,0,1012,0
2025-05-08,04:00,27.78,81,1.341,91,0,1012,0
2025-05-08,05:00,27.78,81,1.788,85,0,1012,0
2025-05-08,06:00,27.78,79,1.788,87,3,1012,0
2025-05-08,07:00,28.33,78,1.341,93,72,1013,0
2025-05-08,08:00,29.44,74,2.235,84,296,1013,0
2025-05-08,09:00,30,69,2.682,90,456,1014,0
2025-05-08,10:00,30.56,66,3.129,93,688,1014,0
2025-05-08,11:00,31.11,66,3.129,96,832,1013,0
2025-05-08,12:00,31.11,64,3.129,98,948,1013,0
2025-05-08,13:00,31.11,61,3.129,89,936,1012,0
2025-05-08,14:00,31.67,62,3.129,91,868,1011,0
2025-05-08,15:00,31.11,62,3.129,89,663,1011,0
2025-05-08,16:00,31.11,65,2.682,94,611,1010,0
2025-05-08,17:00,30.56,68,2.682,81,350,1010,0
2025-05-08,18:00,30,73,2.235,85,206,1011,0
2025-05-08,19:00,28.89,75,2.235,80,13,1012,0
2025-05-08,20:00,28.33,76,1.788,83,0,1012,0
2025-05-08,21:00,28.33,76,2.235,84,0,1013,0
2025-05-08,22:00,28.33,76,2.235,85,0,1014,0
2025-05-08,23:00,28.33,76,2.235,85,0,1014,0
2025-05-09,00:00,28.33,76,1.788,84,0,1014,0
2025-05-09,01:00,28.33,78,1.788,81,0,1013,0
2025-05-09,02:00,27.78,81,1.788,84,0,1013,0
2025-05-09,03:00,27.78,81,1.341,86,0,1012,0
2025-05-09,04:00,27.78,80,1.341,87,0,1012,0
2025-05-09,05:00,27.78,79,1.341,93,0,1012,0
2025-05-09,06:00,27.78,82,1.341,88,2,1012,0
2025-05-09,07:00,28.33,77,1.341,96,79,1013,0
2025-05-09,08:00,29.44,72,2.235,95,296,1013,0
2025-05-09,09:00,30,67,2.682,90,514,1013,0
2025-05-09,10:00,31.11,67,3.129,85,731,1013,0
2025-05-09,11:00,31.11,64,3.129,87,852,1013,0
2025-05-09,12:00,31.67,63,3.129,89,890,1012,0
2025-05-09,13:00,31.67,64,3.129,92,831,1012,0
2025-05-09,14:00,31.67,62,3.129,82,673,1012,0
2025-05-09,15:00,31.67,64,3.129,91,581,1011,0
2025-05-09,16:00,31.11,66,2.682,87,496,1011,0
2025-05-09,17:00,30.56,70,2.682,84,286,1011,0
2025-05-09,18:00,30,72,2.682,82,174,1011,0
2025-05-09,19:00,29.44,76,2.235,86,15,1011,0
2025-05-09,20:00,28.89,76,2.235,86,0,1012,0
2025-05-09,23:00,28.33,78,2.235,84,0,1013,0
2025-05-10,00:00,28.33,80,2.235,83,0,1013,0
2025-05-10,01:00,28.33,79,2.235,86,0,1012,0
2025-05-10,02:00,28.33,78,1.788,86,0,1012,0
2025-05-10,03:00,28.33,80,1.788,86,0,1011,0
2025-05-10,04:00,27.78,80,2.235,84,0,1011,0
2025-05-10,05:00,27.78,80,1.788,87,0,1011,0
2025-05-10,06:00,27.22,80,1.341,84,2,1011,0
2025-05-10,07:00,27.78,76,1.341,86,73,1012,0
2025-05-10,08:00,28.89,71,2.235,77,268,1012,0
2025-05-10,09:00,29.44,70,1.788,72,450,1013,0
2025-05-10,10:00,30.56,67,2.235,76,582,1012,0
2025-05-10,11:00,31.11,60,2.682,79,708,1012,0
2025-05-10,12:00,31.11,63,3.129,90,784,1011,0
2025-05-10,13:00,31.11,64,3.129,94,837,1010,0
2025-05-10,14:00,31.11,65,3.129,91,868,1009,0
2025-05-10,15:00,31.11,65,3.576,96,752,1009,0
2025-05-10,16:00,31.11,65,3.129,97,551,1008,0
2025-05-10,17:00,30.56,68,3.129,95,427,1008,0
2025-05-10,18:00,30,74,2.682,90,150,1009,0
2025-05-10,19:00,28.89,75,1.788,84,21,1009,0
2025-05-10,20:00,28.33,76,1.788,83,0,1010,0
2025-05-10,21:00,28.89,76,1.788,92,0,1011,0
2025-05-10,22:00,28.33,76,1.788,97,0,1012,0
2025-05-10,23:00,28.33,77,1.788,94,0,1012,0
2025-05-11,00:00,28.33,79,1.788,92,0,1012,0
2025-05-11,01:00,27.78,81,1.788,90,0,1011,0
2025-05-11,03:00,27.78,79,1.788,106,0,1010,0
2025-05-11,04:00,27.78,79,1.788,86,0,1010,0
2025-05-11,05:00,27.78,80,2.235,85,0,1010,0
2025-05-11,06:00,27.78,78,1.788,95,2,1010,0
2025-05-11,07:00,28.33,78,1.788,90,76,1011,0
2025-05-11,08:00,28.89,73,2.682,97,289,1011,0
2025-05-11,09:00,30,74,3.129,93,469,1012,0
2025-05-11,10:00,30.56,69,3.129,97,631,1012,0
2025-05-11,11:00,31.11,68,3.129,96,815,1011,0
2025-05-11,12:00,31.11,67,3.576,98,862,1011,0
2025-05-11,13:00,31.11,66,3.576,96,875,1010,0
2025-05-11,14:00,31.11,69,3.576,90,881,1009,0
2025-05-11,15:00,31.11,68,3.576,95,770,1009,0
2025-05-11,16:00,30.56,69,3.129,91,482,1009,0
2025-05-11,17:00,30.56,73,3.129,94,360,1009,0
2025-05-11,18:00,29.44,75,2.682,100,149,1009,0
2025-05-11,19:00,28.89,76,2.682,94,13,1009,0
2025-05-11,20:00,28.89,77,2.682,108,0,1010,0
2025-05-11,22:00,28.33,77,2.235,109,0,1012,0
2025-05-11,23:00,28.33,80,2.682,112,0,1012,0
2025-05-12,00:00,28.33,79,2.235,111,0,1012,0
2025-05-12,01:00,28.33,79,1.788,110,0,1012,0
2025-05-12,02:00,28.33,78,2.235,109,0,1012,0
2025-05-12,03:00,28.33,80,1.788,109,0,1011,0
2025-05-12,04:00,27.78,80,1.788,110,0,1011,0
2025-05-12,05:00,27.78,79,1.341,102,0,1011,0
2025-05-12,06:00,27.78,80,0.8941,89,2,1012,0
2025-05-12,07:00,27.78,76,1.341,107,65,1013,0
2025-05-12,08:00,29.44,70,2.235,98,308,1013,0
2025-05-12,09:00,30.56,68,2.235,95,488,1014,0
2025-05-12,10:00,30.56,71,2.682,90,532,1014,0
2025-05-12,11:00,31.11,61,2.682,92,655,1014,0
2025-05-12,12:00,31.11,65,2.682,105,834,1013,0
2025-05-12,13:00,31.67,63,3.129,96,905,1013,0
2025-05-12,14:00,31.11,79,3.129,92,610,1012,0
2025-05-12,15:00,30.56,67,3.129,96,677,1011,0
2025-05-12,16:00,31.11,71,3.129,93,550,1011,0
2025-05-12,17:00,30,75,3.129,86,328,1011,0
2025-05-12,18:00,29.44,76,2.682,89,128,1011,0
2025-05-12,19:00,29.44,77,2.235,98,17,1012,0
2025-05-12,20:00,28.89,75,2.235,101,0,1012,0
2025-05-12,21:00,28.33,75,1.788,107,0,1013,0
2025-05-12,22:00,28.33,76,1.788,101,0,1014,0
2025-05-12,23:00,28.33,83,1.788,105,0,1014,0
2025-05-13,00:00,27.78,78,1.788,103,0,1014,0
2025-05-13,01:00,27.78,75,1.788,102,0,1013,0
2025-05-13,02:00,27.78,74,1.788,110,0,1013,0
2025-05-13,03:00,27.78,76,1.788,113,0,1013,0
2025-05-13,04:00,27.78,75,1.788,108,0,1013,0
2025-05-13,05:00,27.78,75,1.788,102,0,1012,0
2025-05-13,06:00,27.78,76,1.788,89,1,1013,0
2025-05-13,07:00,28.33,73,2.235,91,89,1013,0
2025-05-13,08:00,29.44,70,2.682,99,258,1013,0
2025-05-13,09:00,30,69,3.576,95,493,1014,0
2025-05-13,10:00,30.56,67,3.129,93,614,1014,0
2025-05-13,11:00,31.11,70,3.129,99,738,1014,0
2025-05-13,12:00,31.11,63,3.576,98,895,1014,0
2025-05-13,13:00,31.11,68,3.576,101,855,1013,0
2025-05-13,14:00,31.11,62,3.129,99,920,1013,0
2025-05-13,15:00,31.11,64,3.129,93,692,1012,0
2025-05-13,16:00,31.11,63,2.682,83,614,1012,0
2025-05-13,17:00,30,66,2.682,83,379,1012,0
2025-05-13,18:00,29.44,68,2.235,87,154,1012,0
2025-05-13,19:00,28.89,73,2.235,85,20,1013,0
2025-05-13,20:00,28.33,76,1.788,84,0,1013,0
2025-05-13,21:00,28.33,76,1.341,91,0,1014,0
2025-05-13,22:00,28.33,77,1.788,84,0,1014,0
2025-05-13,23:00,28.33,78,1.788,82,0,1015,0
2025-05-14,00:00,28.33,77,1.788,86,0,1014,0
2025-05-14,01:00,28.33,77,1.788,86,0,1014,0
2025-05-14,02:00,27.78,78,1.788,87,0,1014,0
2025-05-14,03:00,27.78,79,1.788,88,0,1013,0
2025-05-14,04:00,27.78,78,1.788,88,0,1013,0
2025-05-14,05:00,27.78,77,2.235,85,0,1013,0
2025-05-14,06:00,27.78,76,1.788,90,2,1013,0
2025-05-14,07:00,28.33,75,2.235,91,86,1014,0
2025-05-14,08:00,29.44,70,2.682,87,296,1014,0
2025-05-14,09:00,30,71,3.129,89,455,1014,0
2025-05-14,10:00,30.56,70,3.576,92,693,1014,0
2025-05-14,11:00,30.56,70,3.576,93,753,1014,0
2025-05-14,12:00,31.11,69,3.576,96,914,1013,0
2025-05-14,13:00,31.11,80,3.576,102,676,1013,3
2025-05-14,14:00,30,73,4.023,101,905,1012,0
2025-05-14,15:00,30.56,73,4.023,100,784,1012,0
2025-05-14,16:00,30.56,69,4.023,98,597,1011,0
2025-05-14,17:00,30.56,73,3.576,98,410,1011,0
2025-05-14,18:00,29.44,75,3.576,87,153,1011,0
2025-05-14,19:00,29.44,76,2.682,91,14,1012,0
2025-05-14,20:00,28.89,77,2.235,92,0,1013,0
2025-05-14,21:00,28.89,77,2.235,92,0,1013,0
2025-05-14,22:00,28.89,79,1.788,93,0,1014,0
2025-05-14,23:00,28.33,80,2.235,93,0,1014,0
2025-05-15,00:00,28.33,80,1.341,105,0,1014,0
2025-05-15,01:00,28.33,78,1.788,104,0,1014,0
2025-05-15,02:00,27.78,82,0.8941,96,0,1013,0
2025-05-15,03:00,27.78,84,1.341,89,0,1013,0
2025-05-15,04:00,27.78,83,1.788,106,0,1013,0
2025-05-15,05:00,27.78,83,1.788,104,0,1013,0
2025-05-15,06:00,27.22,89,1.341,96,3,1013,0
2025-05-15,07:00,27.78,82,1.341,103,100,1014,0
2025-05-15,08:00,29.44,77,2.235,98,282,1014,0
2025-05-15,09:00,29.44,76,2.235,106,406,1014,1
2025-05-15,10:00,30,74,2.682,99,565,1014,0
2025-05-15,11:00,30.56,67,3.129,94,707,1014,0
2025-05-15,12:00,31.11,66,3.129,101,860,1014,0
2025-05-15,13:00,31.11,67,3.129,95,831,1013,0
2025-05-15,14:00,31.11,65,3.129,93,841,1013,0
2025-05-15,15:00,31.11,62,3.129,92,770,1012,0
2025-05-15,16:00,31.11,67,2.682,94,483,1012,0
2025-05-15,17:00,30.56,70,2.235,90,393,1012,0
2025-05-15,18:00,30,75,2.235,88,197,1012,0
2025-05-15,19:00,29.44,76,1.788,86,17,1013,0
2025-05-15,20:00,28.33,80,1.788,81,0,1013,0
2025-05-15,21:00,28.33,84,1.341,77,0,1014,0
2025-05-15,22:00,27.78,84,1.788,84,0,1014,0
2025-05-15,23:00,28.33,83,1.788,82,0,1015,0
2025-05-16,00:00,28.33,83,1.788,84,0,1015,0
2025-05-16,01:00,28.33,82,1.341,94,0,1014,0
2025-05-16,02:00,27.78,83,0.8941,97,0,1014,0
2025-05-16,03:00,27.78,83,0.8941,105,0,1013,0
2025-05-16,04:00,27.22,89,0.8941,94,0,1013,0
2025-05-16,05:00,26.67,90,0.447,83,0,1014,0
2025-05-16,06:00,27.22,89,0.8941,102,2,1014,0
2025-05-16,07:00,27.22,82,1.341,100,113,1014,0
2025-05-16,08:00,28.89,78,1.788,96,251,1014,0
2025-05-16,09:00,30,72,2.235,102,514,1014,0
2025-05-16,10:00,31.11,69,2.235,99,671,1014,0
2025-05-16,11:00,30.56,69,2.682,85,646,1014,0
2025-05-16,12:00,31.11,68,3.129,95,780,1014,0
2025-05-16,13:00,31.11,71,3.129,96,858,1013,0
2025-05-16,14:00,31.11,64,2.682,99,606,1013,0
2025-05-16,15:00,29.44,80,2.682,107,388,1013,0
2025-05-16,16:00,27.78,82,1.788,103,328,1013,4
2025-05-16,17:00,27.22,88,1.788,89,151,1013,1
2025-05-16,18:00,26.67,89,0.8941,85,58,1013,2
2025-05-16,19:00,27.22,89,1.341,96,9,1013,0
2025-05-16,20:00,27.22,88,0.8941,118,0,1013,0
2025-05-16,21:00,27.22,84,1.341,92,0,1014,0
2025-05-16,22:00,27.78,81,1.788,101,0,1014,0
2025-05-16,23:00,27.78,82,1.788,100,0,1015,0
2025-05-17,00:00,27.78,82,1.788,98,0,1014,0
2025-05-17,01:00,27.78,82,1.788,89,0,1014,0
2025-05-17,02:00,27.22,87,1.341,95,0,1013,0
2025-05-17,03:00,27.22,83,1.788,89,0,1013,0
2025-05-17,04:00,27.78,82,1.788,89,0,1013,0
2025-05-17,05:00,27.78,85,1.788,90,0,1013,0
2025-05-17,06:00,27.78,84,1.341,93,3,1013,0
2025-05-17,07:00,28.33,80,1.788,94,79,1014,0
2025-05-17,08:00,29.44,78,2.235,100,231,1014,0
2025-05-17,09:00,28.33,79,2.235,92,468,1014,0
2025-05-17,10:00,30,73,3.129,93,617,1014,0
2025-05-17,11:00,30.56,69,3.129,96,818,1014,0
2025-05-17,12:00,31.11,65,3.129,96,931,1014,0
2025-05-17,13:00,31.11,65,3.576,95,912,1014,0
2025-05-17,14:00,31.11,68,3.129,94,814,1013,0
2025-05-17,15:00,31.11,66,3.129,95,716,1013,0
2025-05-17,16:00,31.11,69,3.129,90,595,1012,0
2025-05-17,17:00,30.56,71,2.682,93,396,1012,0
2025-05-17,18:00,30,73,2.682,95,152,1013,0
2025-05-17,19:00,29.44,75,1.788,88,16,1013,0
2025-05-17,20:00,28.89,76,1.788,88,0,1014,0
2025-05-17,21:00,28.89,76,1.788,91,0,1014,0
2025-05-17,22:00,28.89,78,1.341,100,0,1014,0
2025-05-17,23:00,28.89,79,1.788,101,0,1015,0
2025-05-18,00:00,28.33,81,1.788,92,0,1015,0
2025-05-18,01:00,28.33,80,1.788,90,0,1014,0
2025-05-18,02:00,28.33,78,1.788,101,0,1014,0
2025-05-18,03:00,28.33,78,1.788,102,0,1013,0
2025-05-18,04:00,27.78,81,1.788,94,0,1013,0
2025-05-18,05:00,27.78,81,1.788,88,0,1013,0
2025-05-18,06:00,27.78,81,1.788,85,3,1013,0
2025-05-18,07:00,27.78,80,1.341,86,53,1013,0
2025-05-18,08:00,29.44,73,2.235,80,285,1014,0
2025-05-18,09:00,30,72,2.682,84,416,1014,0
2025-05-18,10:00,30.56,66,3.129,90,688,1014,0
2025-05-18,11:00,31.11,67,3.129,92,768,1014,0
2025-05-18,12:00,31.11,66,3.129,78,672,1013,0
2025-05-18,13:00,31.11,68,3.129,81,606,1013,0
2025-05-18,14:00,31.11,68,3.576,93,797,1012,0
2025-05-18,15:00,31.11,69,3.129,89,740,1012,0
2025-05-18,16:00,31.11,71,3.129,95,578,1011,0
2025-05-18,17:00,30.56,75,3.129,86,328,1011,0
2025-05-18,18:00,29.44,75,2.682,89,74,1012,0
2025-05-18,19:00,29.44,76,2.235,88,14,1012,0
2025-05-18,20:00,28.89,78,2.235,87,0,1012,0
2025-05-18,21:00,28.89,79,2.235,88,0,1013,0
2025-05-18,22:00,28.89,78,2.235,89,0,1014,0
2025-05-18,23:00,28.33,81,2.235,84,0,1014,0
2025-05-19,00:00,28.33,79,2.235,89,0,1014,0
2025-05-19,01:00,28.33,80,1.788,89,0,1014,0
2025-05-19,02:00,28.33,86,1.788,88,0,1013,0
2025-05-19,03:00,27.78,84,1.788,87,0,1013,0
2025-05-19,04:00,27.78,84,1.788,89,0,1012,0
2025-05-19,05:00,27.78,81,1.341,88,0,1013,0
2025-05-19,06:00,27.78,82,1.788,83,2,1013,0
2025-05-19,07:00,28.33,80,1.788,79,75,1013,0
2025-05-19,08:00,29.44,75,2.235,84,241,1013,0
2025-05-19,09:00,30,74,2.682,85,440,1014,0
2025-05-19,10:00,30.56,68,3.129,90,730,1014,0
2025-05-19,11:00,31.11,67,3.129,92,742,1013,0
2025-05-19,12:00,31.11,66,3.576,88,906,1013,0
2025-05-19,13:00,31.67,66,3.576,91,900,1012,0
2025-05-19,14:00,31.11,66,3.129,91,728,1012,0
2025-05-19,15:00,31.11,67,3.129,92,766,1011,0
2025-05-19,16:00,31.11,72,2.682,97,398,1011,0
2025-05-19,17:00,29.44,83,2.235,93,229,1011,0
2025-05-19,18:00,28.33,83,2.235,87,143,1011,0
2025-05-19,19:00,28.89,80,2.235,97,34,1012,0
2025-05-19,20:00,28.33,83,1.788,104,0,1012,0
2025-05-19,21:00,28.33,87,1.341,94,0,1013,0
2025-05-19,22:00,27.78,85,1.788,103,0,1013,0
2025-05-19,23:00,27.78,85,1.788,104,0,1014,0
2025-05-20,00:00,27.78,83,1.788,103,0,1013,0
2025-05-20,01:00,27.78,84,1.341,95,0,1013,0
2025-05-20,02:00,27.78,83,1.788,87,0,1013,0
2025-05-20,03:00,27.78,83,1.788,85,0,1012,0
2025-05-20,04:00,27.78,83,1.788,97,0,1012,0
2025-05-20,05:00,27.78,81,1.788,105,0,1012,0
2025-05-20,06:00,27.78,83,1.788,91,2,1013,0
2025-05-20,07:00,28.33,80,1.788,92,86,1013,0
2025-05-20,08:00,29.44,75,2.235,95,303,1014,0
2025-05-20,09:00,30,72,2.682,97,529,1014,0
2025-05-20,10:00,30.56,68,3.129,96,737,1014,0
2025-05-20,11:00,31.11,67,3.129,99,822,1014,0
2025-05-20,12:00,31.11,66,3.129,90,930,1013,0
2025-05-20,13:00,31.67,66,3.129,105,936,1013,0
2025-05-20,14:00,31.67,64,3.129,102,864,1012,0
2025-05-20,15:00,31.67,68,3.129,93,696,1012,0
2025-05-20,16:00,30.56,66,3.129,91,399,1011,0
2025-05-20,17:00,30.56,71,2.682,90,366,1011,0
2025-05-20,18:00,30,74,2.235,94,186,1011,0
2025-05-20,19:00,28.89,82,1.788,87,16,1012,0
2025-05-20,20:00,28.33,83,1.341,89,0,1012,0
2025-05-20,21:00,28.33,80,1.341,86,0,1013,0
2025-05-20,22:00,28.33,81,1.788,83,0,1013,0
2025-05-20,23:00,27.78,84,1.341,86,0,1013,0
2025-05-21,00:00,27.78,88,1.341,78,0,1013,1
2025-05-21,01:00,27.22,89,0.8941,94,0,1012,0
2025-05-21,02:00,27.22,88,0.8941,107,0,1012,0
2025-05-21,03:00,27.22,88,0.447,122,0,1011,0
2025-05-21,04:00,27.22,88,0.8941,95,0,1011,0
2025-05-21,05:00,27.22,86,0.8941,89,0,1011,0
2025-05-21,06:00,27.22,86,0.8941,103,2,1011,0
2025-05-21,07:00,27.78,82,1.341,90,84,1012,0
2025-05-21,08:00,29.44,74,2.235,80,315,1012,0
2025-05-21,09:00,30,71,2.235,87,517,1012,0
2025-05-21,10:00,30.56,68,2.235,86,581,1012,0
2025-05-21,11:00,31.11,67,2.682,86,584,1012,0
2025-05-21,12:00,31.67,62,3.129,92,967,1011,0
2025-05-21,13:00,31.67,64,3.129,94,893,1011,0
2025-05-21,14:00,31.67,70,2.682,87,801,1010,0
2025-05-21,15:00,31.11,76,2.235,75,391,1009,0
2025-05-21,16:00,30.56,71,2.235,79,301,1009,0
2025-05-21,17:00,29.44,81,1.788,85,156,1009,1
2025-05-21,18:00,28.89,77,2.235,84,137,1009,0
2025-05-21,19:00,28.89,79,1.788,87,15,1009,0
2025-05-21,20:00,28.33,82,1.341,87,0,1010,0
2025-05-21,21:00,28.33,81,1.788,86,0,1011,0
2025-05-21,22:00,27.78,79,1.788,87,0,1011,0
2025-05-21,23:00,27.78,78,1.788,91,0,1011,0
2025-05-22,00:00,27.22,81,0.8941,96,0,1011,0
2025-05-22,01:00,26.67,82,0.447,80,0,1010,0
2025-05-22,02:00,26.67,83,0.447,118,0,1009,0
2025-05-22,03:00,26.67,85,0.447,103,0,1008,0
2025-05-22,04:00,26.67,85,0.8941,112,0,1008,0
2025-05-22,05:00,26.11,86,0.447,132,0,1008,0
2025-05-22,06:00,25.56,88,0.447,107,3,1008,0
2025-05-22,07:00,26.67,83,0.447,107,98,1009,0
2025-05-22,08:00,28.89,72,0.8941,53,305,1010,0
2025-05-22,09:00,30,70,0.8941,27,520,1010,0
2025-05-22,10:00,30.56,67,1.341,348,708,1010,0
2025-05-22,11:00,31.11,68,1.341,339,850,1010,0
2025-05-22,12:00,30.56,68,1.341,329,933,1009,0
2025-05-22,13:00,30.56,68,1.341,324,955,1009,0
2025-05-22,14:00,31.11,66,1.341,324,929,1008,0
2025-05-22,15:00,31.11,67,1.341,322,743,1008,0
2025-05-22,16:00,31.11,67,1.341,346,587,1007,0
2025-05-22,17:00,30.56,70,1.341,311,354,1007,0
2025-05-22,18:00,30.56,71,1.341,290,213,1007,0
2025-05-22,19:00,29.44,73,0.8941,266,17,1008,0
2025-05-22,20:00,28.33,75,0.447,57,0,1008,0
2025-05-22,21:00,28.33,76,0.447,74,0,1009,0
2025-05-22,22:00,28.33,77,0.447,62,0,1009,0
2025-05-22,23:00,27.78,80,0.447,84,0,1009,0
2025-05-23,00:00,27.22,82,0.447,85,0,1010,0
2025-05-23,01:00,27.22,84,0.447,84,0,1009,0
2025-05-23,02:00,26.11,86,0.447,86,0,1009,0
2025-05-23,03:00,26.11,86,0.447,90,0,1008,0
2025-05-23,04:00,25.56,88,0.447,91,0,1008,0
2025-05-23,05:00,25.56,88,0.447,92,0,1008,0
2025-05-23,06:00,25.56,89,0.447,92,2,1009,0
2025-05-23,07:00,26.67,83,0.447,108,100,1009,0
2025-05-23,08:00,29.44,74,0.8941,46,292,1010,0
2025-05-23,09:00,30,72,0.8941,354,456,1011,0
2025-05-23,10:00,30.56,72,1.341,20,501,1011,0
2025-05-23,11:00,30.56,68,1.341,20,819,1011,0
2025-05-23,12:00,31.67,66,1.341,12,975,1011,0
2025-05-23,13:00,31.67,72,0.8941,347,526,1010,0
2025-05-23,14:00,31.11,68,1.341,289,733,1009,0
2025-05-23,15:00,32.22,69,1.341,276,857,1008,0
2025-05-23,16:00,32.22,68,1.341,280,728,1008,0
2025-05-23,17:00,31.67,70,1.341,283,499,1008,0
2025-05-23,18:00,31.11,72,1.341,292,271,1008,0
2025-05-23,19:00,30,74,0.8941,14,37,1009,0
2025-05-23,20:00,28.89,75,0.8941,95,0,1011,0
2025-05-23,21:00,28.33,76,0.447,92,0,1011,0
2025-05-23,22:00,28.33,78,0.447,97,0,1012,0
2025-05-23,23:00,27.78,81,0.447,70,0,1012,0
2025-05-24,00:00,27.22,84,0.447,78,0,1012,0
2025-05-24,01:00,26.67,86,0.447,85,0,1011,0
2025-05-24,02:00,26.11,86,0.447,86,0,1010,0
2025-05-24,03:00,26.11,87,0.447,90,0,1010,0
2025-05-24,04:00,26.11,87,0.447,93,0,1010,0
2025-05-24,05:00,25.56,88,0.447,88,0,1010,0
2025-05-24,06:00,25.56,87,0.447,91,2,1011,0
2025-05-24,07:00,27.22,79,0.447,94,102,1011,0
2025-05-24,08:00,30,75,0.8941,23,306,1011,0
2025-05-24,09:00,30.56,72,0.8941,351,523,1012,0
2025-05-24,10:00,31.11,68,1.341,12,713,1012,0
2025-05-24,11:00,31.67,69,1.341,327,846,1012,0
2025-05-24,12:00,32.22,69,1.341,327,954,1011,0
2025-05-24,13:00,31.67,73,1.341,331,1013,1011,0
2025-05-24,14:00,31.67,70,1.341,19,959,1010,0
2025-05-24,15:00,31.67,69,1.341,26,798,1009,0
2025-05-24,16:00,31.11,73,1.341,333,587,1009,0
2025-05-24,17:00,31.11,75,1.341,326,397,1009,0
2025-05-24,18:00,30,77,0.8941,311,119,1010,0
2025-05-24,19:00,30,76,0.8941,259,20,1010,0
2025-05-24,20:00,28.33,87,1.341,120,0,1011,1
2025-05-24,23:00,27.78,87,1.788,101,0,1012,1
2025-05-25,00:00,27.78,86,2.235,112,0,1012,0
2025-05-25,03:00,27.78,83,0.8941,79,0,1011,0
2025-05-25,04:00,27.78,83,0.8941,54,0,1011,0
2025-05-25,05:00,27.78,83,0.8941,92,0,1011,0
2025-05-25,06:00,27.78,85,1.341,84,3,1011,0
2025-05-25,07:00,27.22,89,1.788,82,89,1011,1
2025-05-25,08:00,27.78,85,1.788,90,152,1012,0
2025-05-25,09:00,28.89,86,2.682,93,408,1012,1
2025-05-25,10:00,27.78,91,3.129,99,445,1012,0
2025-05-25,11:00,27.78,90,2.235,118,313,1012,1
2025-05-25,12:00,26.67,91,1.341,101,90,1012,4
2025-05-25,13:00,26.11,93,0.8941,94,42,1012,10
2025-05-25,14:00,26.67,89,1.788,116,122,1012,0
2025-05-25,15:00,27.78,86,1.341,100,224,1011,0
2025-05-25,16:00,28.33,79,1.788,117,380,1011,0
2025-05-25,17:00,29.44,75,1.788,126,294,1011,0
2025-05-25,18:00,28.89,78,1.788,114,97,1012,0
2025-05-25,19:00,28.33,81,1.341,100,14,1012,0
2025-05-25,20:00,28.33,83,0.447,27,0,1012,0
2025-05-25,21:00,27.78,84,0.447,14,0,1013,0
2025-05-25,22:00,27.78,86,0.447,84,0,1013,0
2025-05-25,23:00,27.22,89,0.447,97,0,1013,0
2025-05-26,00:00,27.22,90,0.447,101,0,1013,0
2025-05-26,01:00,26.67,90,0.8941,99,0,1012,0
2025-05-26,02:00,26.67,89,0.8941,80,0,1012,0
2025-05-26,03:00,26.67,88,1.788,87,0,1012,1
2025-05-26,04:00,26.67,89,0.8941,84,0,1011,0
2025-05-26,05:00,27.22,88,0.8941,91,0,1012,0
2025-05-26,06:00,27.22,91,1.788,87,1,1012,0
2025-05-26,07:00,26.67,90,1.341,91,44,1012,0
2025-05-26,08:00,26.67,91,1.788,88,133,1013,2
2025-05-26,09:00,26.67,89,2.682,99,152,1013,0
2025-05-26,10:00,26.11,89,1.341,100,58,1013,0
2025-05-26,11:00,26.67,90,0.447,311,91,1013,0
2025-05-26,12:00,27.22,90,0.8941,113,127,1013,2
2025-05-26,13:00,28.33,81,0.8941,104,435,1013,0
2025-05-26,14:00,29.44,74,1.788,108,593,1012,0
2025-05-26,15:00,30.56,73,1.788,106,666,1012,0
2025-05-26,16:00,30,73,1.788,100,483,1011,0
2025-05-26,17:00,29.44,75,1.341,103,164,1011,0
2025-05-26,18:00,29.44,76,0.8941,116,76,1012,0
2025-05-26,19:00,28.89,81,0.8941,89,12,1012,0
2025-05-26,20:00,27.78,82,0.8941,103,0,1013,0
2025-05-26,21:00,27.78,83,0.447,108,0,1013,0
2025-05-26,22:00,27.78,87,0.447,74,0,1014,0
2025-05-26,23:00,27.22,88,0.447,318,0,1014,0
2025-05-27,00:00,27.22,89,0.447,25,0,1014,0
2025-05-27,01:00,26.67,90,0.447,121,0,1013,0
2025-05-27,02:00,26.11,91,0.447,89,0,1013,0
2025-05-27,03:00,26.11,91,0,78,0,1012,0
2025-05-27,04:00,26.11,92,0.447,73,0,1012,0
2025-05-27,05:00,26.11,92,0.447,122,0,1012,0
2025-05-27,06:00,25.56,92,0,135,3,1012,0
2025-05-27,07:00,26.67,89,0.447,107,98,1013,0
2025-05-27,08:00,28.89,77,0.8941,77,291,1013,0
2025-05-27,09:00,30.56,72,1.788,75,547,1014,0
2025-05-27,10:00,31.11,66,1.788,85,760,1014,0
2025-05-27,11:00,31.67,66,2.235,93,901,1014,0
2025-05-27,12:00,31.67,67,2.235,91,815,1013,0
2025-05-27,13:00,31.11,74,1.341,261,605,1013,0
2025-05-27,14:00,29.44,79,0.8941,286,280,1012,0
2025-05-27,15:00,30,72,1.341,347,560,1012,0
2025-05-27,16:00,31.11,71,0.8941,20,679,1011,0
2025-05-27,17:00,30.56,73,1.788,86,335,1011,0
2025-05-27,18:00,30,76,1.788,86,145,1011,0
2025-05-27,19:00,28.89,79,1.788,83,17,1012,0
2025-05-27,20:00,28.33,83,1.341,78,0,1012,0
2025-05-27,21:00,28.33,83,1.341,77,0,1013,0
2025-05-27,22:00,28.33,82,1.341,94,0,1013,0
2025-05-27,23:00,28.33,82,1.341,105,0,1013,0
2025-05-28,00:00,28.33,83,0.8941,62,0,1013,0
2025-05-28,01:00,28.33,84,0.8941,49,0,1012,0
2025-05-28,02:00,28.33,84,0.8941,80,0,1012,0
2025-05-28,03:00,27.78,85,0.8941,92,0,1012,1
2025-05-28,04:00,26.11,90,0.8941,89,0,1011,1
2025-05-28,05:00,26.11,88,0.8941,109,0,1012,0
2025-05-28,06:00,26.67,88,0.8941,110,4,1012,0
2025-05-28,07:00,27.78,83,0.447,89,110,1012,0
2025-05-28,08:00,29.44,73,0.8941,113,316,1013,0
2025-05-28,09:00,30.56,68,1.341,41,575,1013,0
2025-05-28,10:00,31.67,70,1.341,84,715,1013,0
2025-05-28,11:00,31.11,73,1.341,299,706,1013,0
2025-05-28,12:00,30.56,76,1.341,298,495,1013,0
2025-05-28,13:00,30,76,0.8941,307,822,1012,1
2025-05-28,14:00,30.56,76,1.341,276,793,1012,0
2025-05-28,15:00,31.11,75,1.341,312,790,1011,0
2025-05-28,16:00,30,78,1.341,105,260,1011,0
2025-05-28,17:00,30,76,0.8941,278,180,1011,0
2025-05-28,18:00,30,76,1.341,78,136,1012,0
2025-05-28,19:00,29.44,80,1.341,103,27,1012,0
2025-05-28,20:00,28.89,83,0.8941,95,0,1013,0
2025-05-28,21:00,28.33,85,0.8941,95,0,1013,0
2025-05-28,22:00,27.78,87,0.8941,58,0,1014,0
2025-05-28,23:00,27.78,88,0.447,69,0,1014,0
2025-05-29,00:00,27.78,89,0.447,76,0,1014,0
2025-05-29,01:00,27.22,89,0.447,85,0,1013,0
2025-05-29,02:00,27.22,89,0.447,51,0,1013,0
2025-05-29,03:00,27.22,90,0.447,82,0,1012,0
2025-05-29,04:00,27.22,90,0.447,111,0,1012,0
2025-05-29,05:00,26.67,91,0.447,74,0,1012,0
2025-05-29,06:00,26.67,92,0.447,113,2,1013,0
2025-05-29,07:00,27.22,89,0.447,76,65,1013,0
2025-05-29,08:00,28.33,81,0.8941,143,152,1014,0
2025-05-29,09:00,28.89,77,1.341,91,408,1014,0
2025-05-29,10:00,30,73,1.788,112,526,1014,0
2025-05-29,11:00,31.11,70,1.341,192,635,1013,0
2025-05-29,12:00,31.67,74,1.341,241,654,1013,0
2025-05-29,13:00,31.11,74,1.341,86,392,1013,0
2025-05-29,14:00,30.56,77,0.8941,310,228,1013,0
2025-05-29,15:00,30,80,1.341,65,170,1012,0
2025-05-29,16:00,29.44,83,0.8941,318,161,1012,0
2025-05-29,17:00,28.89,78,1.341,98,94,1012,0
2025-05-29,18:00,28.33,82,0.8941,79,115,1012,0
2025-05-29,19:00,28.89,83,0.8941,88,17,1012,0
2025-05-29,20:00,28.33,85,0.8941,101,0,1013,0
2025-05-29,21:00,28.33,85,0.8941,109,0,1013,0
2025-05-29,22:00,27.78,89,0.8941,43,0,1014,2
2025-05-29,23:00,27.22,91,0.447,92,0,1014,0
2025-05-30,00:00,27.22,91,0.447,102,0,1014,0
2025-05-30,01:00,27.22,91,0.447,74,0,1013,0
2025-05-30,02:00,26.67,93,0.447,103,0,1013,0
2025-05-30,03:00,26.67,91,0.447,107,0,1013,0
2025-05-30,04:00,26.67,92,0.447,107,0,1012,0
2025-05-30,05:00,26.67,90,0.8941,99,0,1012,0
2025-05-30,06:00,27.22,87,0.8941,95,2,1013,0
2025-05-30,07:00,27.78,85,0.8941,86,73,1013,0
2025-05-30,08:00,29.44,76,1.341,93,294,1014,0
2025-05-30,09:00,30,76,1.788,100,353,1014,0
2025-05-30,10:00,30.56,70,2.235,122,611,1014,0
2025-05-30,11:00,31.11,69,2.682,111,713,1014,0
2025-05-30,12:00,31.67,66,2.682,114,926,1013,0
2025-05-30,13:00,31.67,68,3.129,112,945,1013,0
2025-05-30,14:00,32.22,64,3.129,116,917,1012,0
2025-05-30,15:00,31.67,71,2.682,123,722,1012,0
2025-05-30,16:00,31.67,71,2.682,116,615,1012,0
2025-05-30,17:00,31.11,74,2.235,120,302,1012,0
2025-05-30,18:00,30.56,75,1.788,119,153,1012,0
2025-05-30,19:00,30,76,1.788,118,32,1013,0
2025-05-30,20:00,29.44,82,1.341,111,0,1013,0
2025-05-30,21:00,28.89,83,0.8941,98,0,1014,0
2025-05-30,22:00,28.33,86,1.788,122,0,1014,0
2025-05-30,23:00,27.78,88,0.447,56,0,1014,0
2025-05-31,00:00,27.78,89,0.447,33,0,1014,0
2025-05-31,01:00,28.33,87,0.8941,112,0,1014,0
2025-05-31,02:00,28.33,87,0.447,75,0,1013,0
2025-05-31,03:00,27.78,86,0.447,92,0,1013,0
2025-05-31,04:00,27.78,87,0.447,104,0,1013,0
2025-05-31,05:00,28.33,86,0.8941,118,0,1013,0
2025-05-31,06:00,28.33,86,0.8941,107,2,1014,0
2025-05-31,07:00,28.89,83,0.8941,102,84,1014,0
2025-05-31,08:00,28.33,87,1.788,142,125,1015,2
2025-05-31,09:00,27.22,88,0.8941,45,101,1015,0
2025-05-31,10:00,28.33,83,1.341,105,351,1015,0
2025-05-31,11:00,31.11,73,2.235,120,893,1014,1
2025-05-31,12:00,29.44,81,2.235,107,713,1014,0
2025-05-31,13:00,31.11,75,2.682,114,979,1013,0
2025-05-31,14:00,30.56,75,2.682,118,666,1013,0
2025-05-31,15:00,31.67,69,2.682,122,822,1012,0
2025-05-31,16:00,31.67,71,2.682,106,578,1012,0
2025-05-31,17:00,31.11,73,2.235,103,330,1012,0
2025-05-31,18:00,30.56,75,1.788,116,185,1012,0
2025-05-31,19:00,30,77,1.788,113,17,1013,0
2025-05-31,20:00,29.44,81,1.341,113,0,1013,0
2025-05-31,21:00,29.44,81,0.8941,124,0,1014,0
2025-05-31,22:00,28.89,82,0.8941,121,0,1014,0
2025-05-31,23:00,28.89,82,0.447,112,0,1015,0
2025-06-01,00:00,28.33,83,0.447,79,0,1015,0
2025-06-01,01:00,28.33,84,0.447,102,0,1014,0
2025-06-01,02:00,28.33,85,0.447,80,0,1014,0
2025-06-01,03:00,28.33,83,0.8941,123,0,1013,0
2025-06-01,04:00,28.33,84,0.8941,117,0,1013,0
2025-06-01,05:00,28.33,84,0.8941,129,0,1013,0
2025-06-01,06:00,28.33,84,0.8941,113,4,1014,0
2025-06-01,07:00,28.33,81,0.8941,123,86,1014,0
2025-06-01,08:00,30,76,1.341,160,266,1014,0
2025-06-01,09:00,30.56,72,2.235,153,463,1015,0
2025-06-01,10:00,31.11,73,2.235,151,605,1015,0
2025-06-01,11:00,32.22,65,2.235,162,846,1014,0
2025-06-01,12:00,32.22,61,2.235,159,913,1014,0
2025-06-01,13:00,32.78,65,2.235,162,918,1013,0
2025-06-01,14:00,32.78,61,2.235,166,884,1013,0
2025-06-01,15:00,32.78,60,2.235,153,846,1012,0
2025-06-01,16:00,31.67,66,2.235,124,414,1012,0
2025-06-01,17:00,32.22,68,1.788,138,463,1011,0
2025-06-01,18:00,31.11,73,1.788,111,210,1012,0
2025-06-01,19:00,30,75,1.341,111,23,1012,0
2025-06-01,20:00,29.44,77,0.8941,96,0,1013,0
2025-06-01,21:00,28.89,80,0.447,73,0,1013,0
2025-06-01,22:00,28.33,84,0.447,90,0,1014,0
2025-06-01,23:00,28.33,83,0.447,91,0,1014,0
2025-06-02,00:00,28.33,84,0.447,106,0,1014,0
2025-06-02,01:00,28.33,85,0.447,60,0,1013,0
2025-06-02,02:00,27.78,87,0.447,78,0,1013,0
2025-06-02,03:00,27.22,87,0.447,79,0,1012,0
2025-06-02,04:00,27.22,87,0.447,114,0,1012,0
2025-06-02,05:00,27.22,87,0.447,74,0,1012,0
2025-06-02,06:00,27.22,87,0.447,103,2,1013,0
2025-06-02,07:00,27.78,87,0.447,81,38,1013,0
2025-06-02,08:00,28.89,82,0.8941,94,291,1013,3
2025-06-02,09:00,30,77,2.235,102,381,1013,0
2025-06-02,10:00,30.56,71,2.235,98,652,1013,0
2025-06-02,11:00,31.11,70,2.682,102,792,1013,0
2025-06-02,12:00,31.67,68,2.682,95,936,1013,0
2025-06-02,13:00,31.11,77,2.235,95,497,1012,0
2025-06-02,14:00,30,73,1.788,69,421,1011,0
2025-06-02,15:00,30.56,76,2.235,86,297,1011,0
2025-06-02,16:00,30,72,2.235,79,405,1011,0
2025-06-02,17:00,30.56,74,2.682,88,342,1010,0
2025-06-02,18:00,30,76,2.235,94,100,1010,0
2025-06-02,19:00,29.44,78,1.341,90,17,1010,0
2025-06-02,20:00,28.89,78,1.341,107,0,1011,0
2025-06-02,21:00,28.89,80,1.788,108,0,1011,0
2025-06-03,00:00,28.89,81,1.341,107,0,1012,0
2025-06-03,01:00,28.89,80,1.341,114,0,1012,0
2025-06-03,02:00,28.89,82,1.341,112,0,1011,0
2025-06-03,03:00,28.33,85,1.341,112,0,1010,0
2025-06-03,04:00,28.33,83,1.341,119,0,1010,0
2025-06-03,05:00,28.33,84,0.8941,99,0,1010,0
2025-06-03,06:00,27.78,85,0.8941,102,2,1011,0
2025-06-03,07:00,27.78,86,1.341,123,63,1011,1
2025-06-03,08:00,28.33,84,0.8941,116,242,1012,0
2025-06-03,09:00,29.44,75,1.788,135,467,1012,0
2025-06-03,10:00,30.56,70,2.235,112,708,1012,0
2025-06-03,11:00,31.11,67,2.235,96,837,1012,0
2025-06-03,12:00,31.11,66,2.235,94,531,1012,0
2025-06-03,13:00,31.11,75,2.235,83,369,1012,0
2025-06-03,14:00,28.33,75,1.341,79,208,1011,0
2025-06-03,15:00,29.44,76,0.8941,37,205,1011,0
2025-06-03,16:00,28.89,81,0.8941,311,154,1011,0
2025-06-03,17:00,28.33,85,0.8941,40,88,1011,0
2025-06-03,18:00,27.78,86,0.8941,51,93,1010,0
2025-06-03,19:00,28.33,83,1.341,67,15,1011,0
2025-06-03,20:00,28.33,86,1.788,84,0,1011,0
2025-06-03,21:00,28.89,82,2.682,89,0,1011,0
2025-06-03,22:00,28.89,81,2.682,99,0,1012,0
2025-06-03,23:00,28.89,83,2.682,92,0,1012,0
2025-06-04,00:00,28.89,81,2.235,97,0,1012,0
2025-06-04,01:00,28.89,81,1.788,95,0,1012,0
2025-06-04,02:00,28.89,82,2.235,108,0,1011,0
2025-06-04,03:00,28.89,80,2.235,107,0,1011,0
2025-06-04,04:00,28.33,81,1.341,105,0,1010,0
2025-06-04,05:00,28.33,83,1.341,108,0,1011,0
2025-06-04,06:00,28.33,83,1.341,111,2,1011,0
2025-06-04,07:00,28.89,78,1.341,100,99,1012,0
2025-06-04,08:00,30,74,1.788,89,296,1012,0
2025-06-04,09:00,30.56,74,2.235,97,486,1012,0
2025-06-04,10:00,31.11,71,3.129,92,644,1013,0
2025-06-04,11:00,31.67,72,3.129,94,725,1013,0
2025-06-04,12:00,31.11,73,3.576,101,632,1012,0
2025-06-04,13:00,31.11,74,3.129,89,783,1012,0
2025-06-04,14:00,31.11,73,3.129,95,743,1011,0
2025-06-04,15:00,31.11,73,3.129,100,672,1011,0
2025-06-04,16:00,31.67,73,3.129,116,521,1011,0
2025-06-04,17:00,30.56,75,2.682,113,343,1011,0
2025-06-04,18:00,30.56,76,2.235,107,144,1011,0
2025-06-04,19:00,28.89,85,1.341,110,17,1012,1
2025-06-04,20:00,28.33,85,1.341,125,0,1012,1
2025-06-04,21:00,27.22,90,0.8941,57,0,1013,1
2025-06-04,22:00,27.78,90,0.447,133,0,1013,0
2025-06-04,23:00,27.78,91,0.447,79,0,1013,0
2025-06-05,00:00,27.22,91,0.8941,134,0,1014,7
2025-06-05,01:00,26.67,91,0.8941,119,0,1013,0
2025-06-05,02:00,26.11,92,0.447,89,0,1013,0
2025-06-05,03:00,26.11,93,0.447,90,0,1012,0
2025-06-05,04:00,26.67,94,0.447,54,0,1012,0
2025-06-05,05:00,26.67,93,0.447,104,0,1012,0
2025-06-05,06:00,26.67,90,0.8941,58,3,1012,0
2025-06-05,07:00,27.22,91,0.8941,108,60,1013,0
2025-06-05,08:00,28.33,81,1.788,105,313,1013,0
2025-06-05,09:00,30,74,2.235,102,460,1013,0
2025-06-05,10:00,30.56,74,2.682,96,665,1013,0
2025-06-05,11:00,30.56,69,2.682,100,797,1013,0
2025-06-05,12:00,31.11,71,2.682,105,849,1013,0
2025-06-05,13:00,31.67,70,2.682,100,819,1012,0
2025-06-05,14:00,31.11,71,2.682,102,812,1011,0
2025-06-05,15:00,31.11,66,3.129,98,716,1011,0
2025-06-05,16:00,31.11,71,3.129,95,604,1011,0
2025-06-05,17:00,30.56,73,2.682,101,335,1011,0
2025-06-05,18:00,30.56,76,2.682,109,220,1011,0
2025-06-05,19:00,29.44,77,2.235,117,30,1012,0
2025-06-05,20:00,28.89,79,1.788,115,0,1012,0
2025-06-05,21:00,28.89,80,1.341,120,0,1013,0
2025-06-05,22:00,27.78,85,0.8941,71,0,1014,0
2025-06-05,23:00,27.78,85,0.8941,127,0,1014,0
2025-06-06,00:00,27.78,83,1.341,123,0,1013,0
2025-06-06,01:00,27.78,82,0.8941,124,0,1013,0
2025-06-06,02:00,27.78,83,0.8941,118,0,1012,0
2025-06-06,03:00,27.78,82,0.8941,119,0,1012,0
2025-06-06,04:00,27.78,83,0.8941,107,0,1012,0
2025-06-06,05:00,27.78,84,0.447,105,0,1012,0
2025-06-06,06:00,27.78,85,0.447,103,2,1012,0
2025-06-06,07:00,27.78,81,0.447,96,75,1013,0
2025-06-06,08:00,29.44,74,2.235,113,293,1013,0
2025-06-06,09:00,29.44,80,1.788,123,422,1014,3
2025-06-06,10:00,30,75,2.682,107,672,1014,0
2025-06-06,11:00,30.56,73,3.129,114,733,1014,0
2025-06-06,12:00,31.11,66,3.129,117,902,1013,0
2025-06-06,13:00,31.67,61,3.129,113,896,1013,0
2025-06-06,14:00,31.11,64,3.129,118,673,1013,0
2025-06-06,15:00,31.67,64,2.682,129,696,1012,0
2025-06-06,16:00,30.56,72,3.129,113,392,1012,0
2025-06-06,17:00,29.44,77,3.129,121,197,1012,0
2025-06-06,18:00,27.78,76,2.235,118,85,1012,0
2025-06-06,19:00,28.33,76,1.341,116,17,1012,0
2025-06-06,20:00,27.78,77,1.341,118,0,1013,0
2025-06-06,21:00,28.33,80,0.8941,121,0,1013,0
2025-06-06,22:00,27.78,81,0.8941,80,0,1013,0
2025-06-06,23:00,27.78,83,0.447,50,0,1014,0
2025-06-07,00:00,27.78,84,0.447,9,0,1014,0
2025-06-07,01:00,27.78,83,0.8941,92,0,1013,0
2025-06-07,02:00,27.78,85,0.8941,119,0,1012,0
2025-06-07,03:00,27.78,84,0.8941,112,0,1012,0
2025-06-07,04:00,27.78,83,0.8941,121,0,1012,0
2025-06-07,05:00,27.78,83,0.8941,106,0,1012,0
2025-06-07,06:00,27.78,83,1.341,89,3,1012,0
2025-06-07,07:00,28.33,79,1.788,84,89,1013,0
2025-06-07,08:00,29.44,74,2.235,76,250,1013,0
2025-06-07,09:00,30,74,2.682,81,427,1013,0
2025-06-07,10:00,30.56,69,3.129,86,590,1013,0
2025-06-07,11:00,30.56,71,4.023,92,646,1013,0
2025-06-07,12:00,30.56,73,4.023,97,772,1013,0
2025-06-07,13:00,30.56,71,3.576,100,728,1012,0
2025-06-07,14:00,30.56,72,3.576,93,514,1012,0
2025-06-07,15:00,30,82,3.129,95,331,1012,5
2025-06-07,16:00,27.78,86,1.341,67,214,1011,1
2025-06-07,17:00,28.89,84,2.235,85,147,1011,0
2025-06-07,18:00,28.33,84,3.129,92,82,1011,0
2025-06-07,19:00,27.78,83,2.235,103,21,1011,0
2025-06-07,20:00,28.33,78,1.788,85,0,1012,0
2025-06-07,21:00,28.33,81,2.235,104,0,1012,0
2025-06-07,22:00,28.33,84,2.235,104,0,1012,0
2025-06-07,23:00,28.33,84,1.788,113,0,1012,0
2025-06-08,00:00,27.78,88,1.341,110,0,1012,2
2025-06-08,01:00,27.22,88,1.341,94,0,1012,0
2025-06-08,02:00,27.22,84,2.235,105,0,1011,0
2025-06-08,03:00,27.22,85,2.235,86,0,1010,0
2025-06-08,04:00,27.78,82,2.682,95,0,1010,0
2025-06-08,05:00,27.78,83,2.682,93,0,1010,0
2025-06-08,06:00,27.78,79,2.682,91,4,1010,0
2025-06-08,07:00,28.33,76,2.682,97,23,1011,0
2025-06-08,08:00,28.33,75,3.129,97,34,1011,0
2025-06-08,09:00,28.89,73,3.129,97,161,1011,0
2025-06-08,10:00,29.44,73,3.129,91,285,1011,0
2025-06-08,11:00,29.44,75,3.129,84,250,1011,0
2025-06-08,12:00,29.44,74,3.576,88,403,1011,0
2025-06-08,13:00,30,73,3.576,85,374,1011,0
2025-06-08,14:00,30,68,3.576,89,421,1010,0
2025-06-08,15:00,29.44,70,2.682,83,301,1010,0
2025-06-08,16:00,29.44,68,2.682,89,253,1009,0
2025-06-08,17:00,29.44,71,2.235,87,153,1009,0
2025-06-08,18:00,28.89,73,1.788,88,84,1010,0
2025-06-08,19:00,28.33,75,0.8941,92,18,1010,0
2025-06-08,20:00,28.33,77,1.341,88,0,1011,0
2025-06-08,21:00,28.33,80,1.788,83,0,1010,0
2025-06-08,22:00,28.33,81,1.788,82,0,1011,0
2025-06-08,23:00,28.33,81,2.682,84,0,1010,0
2025-06-09,00:00,28.33,80,3.576,82,0,1009,0
2025-06-09,01:00,28.33,80,3.576,82,0,1009,0
2025-06-09,02:00,28.33,79,3.129,90,0,1009,0
2025-06-09,03:00,28.33,80,2.682,95,0,1009,0
2025-06-09,04:00,28.33,85,2.235,99,0,1009,1
2025-06-09,05:00,26.67,90,1.341,105,0,1010,1
2025-06-09,06:00,26.67,89,1.788,120,6,1010,1
2025-06-09,07:00,26.67,87,1.341,101,98,1010,0
2025-06-09,08:00,28.89,81,1.788,102,254,1011,0
2025-06-09,09:00,29.44,77,2.235,87,413,1011,0
2025-06-09,10:00,30,78,3.576,92,628,1011,0
2025-06-09,11:00,29.44,83,3.129,94,702,1011,0
2025-06-09,12:00,30,75,4.023,91,898,1011,0
2025-06-09,13:00,30.56,72,3.576,95,812,1011,0
2025-06-09,14:00,30.56,70,3.129,102,795,1010,0
2025-06-09,15:00,31.11,72,3.576,91,798,1009,0
2025-06-09,16:00,30.56,70,3.576,88,629,1009,0
2025-06-09,17:00,30.56,74,3.129,89,387,1008,0
2025-06-09,18:00,30,76,2.682,89,191,1009,0
2025-06-09,19:00,28.89,83,2.235,77,24,1009,0
2025-06-09,20:00,28.33,85,1.788,84,0,1009,0
2025-06-09,21:00,28.33,84,1.788,91,0,1010,0
2025-06-09,22:00,28.33,80,2.235,100,0,1010,0
2025-06-09,23:00,28.89,80,2.235,113,0,1011,0
2025-06-10,00:00,28.33,77,1.788,110,0,1010,0
2025-06-10,01:00,28.33,79,2.235,114,0,1010,0
2025-06-10,02:00,28.33,80,2.235,109,0,1010,0
2025-06-10,03:00,28.33,79,2.235,107,0,1009,0
2025-06-10,04:00,27.78,81,1.341,111,0,1009,0
2025-06-10,05:00,27.78,82,0.8941,349,0,1010,0
2025-06-10,06:00,27.78,82,0.8941,22,2,1010,0
2025-06-10,07:00,28.33,78,0.447,8,100,1011,0
2025-06-10,08:00,30,73,1.341,65,325,1011,0
2025-06-10,09:00,30.56,71,2.235,93,460,1011,0
2025-06-10,10:00,30.56,70,2.682,105,556,1011,0
2025-06-10,11:00,31.11,69,2.235,107,569,1011,0
2025-06-10,12:00,31.11,70,2.235,111,724,1011,0
2025-06-10,13:00,31.11,65,3.129,84,828,1011,0
2025-06-10,14:00,31.67,67,2.682,101,778,1011,0
2025-06-10,15:00,31.67,66,2.682,99,757,1010,0
2025-06-10,16:00,31.11,67,2.235,104,581,1010,0
2025-06-10,17:00,30.56,71,2.235,104,308,1010,0
2025-06-10,18:00,30,75,2.235,93,156,1010,0
2025-06-10,19:00,29.44,78,1.788,87,14,1011,0
2025-06-10,20:00,28.89,82,1.341,91,0,1011,0
2025-06-10,21:00,28.33,83,0.8941,94,0,1012,0
2025-06-10,22:00,28.33,83,0.8941,99,0,1012,0
2025-06-10,23:00,28.33,85,0.8941,83,0,1012,0
2025-06-11,00:00,28.33,86,0.8941,61,0,1012,0
2025-06-11,01:00,27.78,86,0.8941,85,0,1012,0
2025-06-11,02:00,27.78,83,0.8941,91,0,1011,0
2025-06-11,03:00,27.78,85,0.447,80,0,1011,0
2025-06-11,04:00,27.78,87,0.447,32,0,1011,0
2025-06-11,05:00,27.22,87,0.8941,86,0,1011,0
2025-06-11,06:00,27.22,87,0.447,55,2,1011,0
2025-06-11,07:00,27.78,85,0.447,94,83,1012,0
2025-06-11,08:00,29.44,79,1.341,84,300,1013,0
2025-06-11,09:00,30,74,2.235,108,496,1013,0
2025-06-11,10:00,31.11,68,2.235,119,823,1013,0
2025-06-11,11:00,29.44,78,2.235,192,479,1013,1
2025-06-11,12:00,28.89,83,1.341,355,345,1013,2
2025-06-11,13:00,28.89,82,1.341,289,397,1012,0
2025-06-11,14:00,30,79,1.341,210,378,1012,0
2025-06-11,15:00,30,75,1.788,145,315,1011,0
2025-06-11,16:00,29.44,81,0.8941,237,177,1011,1
2025-06-11,17:00,28.33,84,1.341,261,127,1012,0
2025-06-11,18:00,28.33,86,0.8941,315,88,1012,0
2025-06-11,19:00,28.33,87,0.447,292,14,1013,0
2025-06-11,20:00,27.78,88,0.447,354,0,1013,0
2025-06-11,21:00,27.78,88,0.8941,102,0,1014,0
2025-06-11,22:00,27.22,89,0.447,36,0,1014,0
2025-06-11,23:00,27.78,90,1.341,135,0,1015,1
2025-06-12,00:00,27.22,91,0.447,12,0,1015,0
2025-06-12,01:00,27.22,90,0.8941,62,0,1014,0
2025-06-12,02:00,27.22,88,1.341,95,0,1014,0
2025-06-12,03:00,27.22,88,1.341,117,0,1013,0
2025-06-12,04:00,27.22,87,0.8941,317,0,1013,0
2025-06-12,05:00,27.22,87,0.8941,100,0,1013,0
2025-06-12,06:00,27.78,87,1.788,109,2,1014,0
2025-06-12,07:00,27.78,86,0.8941,118,52,1014,0
2025-06-12,08:00,28.89,81,1.341,109,163,1015,0
2025-06-12,09:00,30,75,2.682,110,405,1015,0
2025-06-12,10:00,30.56,73,3.129,112,650,1015,0
2025-06-12,11:00,31.11,69,3.129,118,778,1015,0
2025-06-12,12:00,30.56,80,3.129,126,685,1015,1
2025-06-12,13:00,28.89,82,2.682,99,642,1015,0
2025-06-12,14:00,29.44,77,2.235,94,761,1014,1
2025-06-12,15:00,31.11,72,3.129,118,798,1014,0
2025-06-12,16:00,31.11,73,3.129,106,580,1013,0
2025-06-12,17:00,31.11,75,3.129,117,432,1013,0
2025-06-12,18:00,30.56,76,2.682,108,201,1013,0
2025-06-12,19:00,30,79,2.235,113,21,1014,0
2025-06-12,20:00,29.44,80,1.341,109,0,1015,0
2025-06-12,21:00,29.44,82,1.788,112,0,1015,0
2025-06-12,22:00,28.89,83,1.341,114,0,1015,0
2025-06-12,23:00,28.89,85,1.341,95,0,1016,0
2025-06-13,00:00,28.33,85,0.8941,60,0,1016,0
2025-06-13,01:00,28.33,87,0.8941,64,0,1015,0
2025-06-13,02:00,27.78,87,0.447,57,0,1015,0
2025-06-13,03:00,27.78,86,0.8941,93,0,1015,0
2025-06-13,04:00,27.78,87,0.447,78,0,1015,0
2025-06-13,05:00,26.67,88,1.341,83,0,1015,0
2025-06-13,06:00,26.11,91,0.447,56,4,1015,0
2025-06-13,07:00,27.22,88,0.8941,81,90,1015,0
2025-06-13,08:00,28.89,84,1.341,74,220,1015,0
2025-06-13,09:00,30,75,2.682,78,466,1016,0
2025-06-13,10:00,30,74,2.235,104,510,1016,0
2025-06-13,11:00,31.11,71,3.129,92,714,1016,0
2025-06-13,12:00,31.11,71,2.682,87,776,1015,0
2025-06-13,13:00,31.11,66,3.576,94,958,1015,0
2025-06-13,14:00,31.67,66,3.129,94,892,1014,0
2025-06-13,15:00,31.11,71,3.129,93,446,1014,0
2025-06-13,16:00,31.11,74,3.129,97,527,1014,0
2025-06-13,17:00,30.56,73,3.129,84,397,1013,0
2025-06-13,18:00,30.56,73,2.682,94,209,1013,0
2025-06-13,19:00,30,76,1.788,89,26,1013,0
2025-06-13,20:00,29.44,77,1.341,85,0,1014,0
2025-06-13,21:00,28.89,86,0.8941,107,0,1014,1
2025-06-13,22:00,27.78,89,0.8941,80,0,1014,0
2025-06-13,23:00,27.22,89,0.447,64,0,1014,0
2025-06-14,00:00,27.22,88,0.447,105,0,1014,0
2025-06-14,01:00,27.22,89,0.447,110,0,1013,0
2025-06-14,02:00,27.22,89,0.8941,128,0,1013,0
2025-06-14,03:00,27.78,87,1.341,101,0,1013,0
2025-06-14,04:00,27.22,85,0.8941,107,0,1012,0
2025-06-14,05:00,27.22,85,0.8941,115,0,1013,0
2025-06-14,06:00,27.22,84,1.341,106,3,1013,0
2025-06-14,07:00,28.33,77,1.341,98,103,1013,0
2025-06-14,08:00,29.44,75,2.235,79,267,1013,0
2025-06-14,09:00,30,71,2.682,93,465,1014,0
2025-06-14,10:00,30.56,72,3.129,95,628,1014,0
2025-06-14,11:00,30.56,68,3.576,104,764,1014,0
2025-06-14,12:00,31.11,69,3.576,93,840,1013,0
2025-06-14,13:00,31.11,69,3.129,103,709,1013,0
2025-06-14,14:00,31.11,65,3.576,91,782,1012,0
2025-06-14,15:00,31.11,67,3.129,108,606,1012,0
2025-06-14,16:00,31.11,70,3.129,102,456,1011,0
2025-06-14,17:00,30.56,67,2.682,98,333,1011,0
2025-06-14,18:00,30,72,1.788,80,128,1011,0
2025-06-14,19:00,29.44,75,2.235,80,36,1012,0
2025-06-14,20:00,28.89,76,1.788,82,0,1012,0
2025-06-14,21:00,28.89,80,1.341,91,0,1013,0
2025-06-14,22:00,28.33,81,1.341,88,0,1013,0
2025-06-14,23:00,28.33,82,1.341,98,0,1013,0
2025-06-15,00:00,27.78,83,0.8941,126,0,1013,0
2025-06-15,01:00,27.78,84,0.447,120,0,1013,0
2025-06-15,02:00,27.78,85,0.447,112,0,1012,0
2025-06-15,03:00,27.22,84,0.447,54,0,1012,0
2025-06-15,04:00,27.22,84,0.447,97,0,1012,0
2025-06-15,05:00,27.22,85,0.447,97,0,1012,0
2025-06-15,06:00,27.22,85,0.8941,101,2,1012,0
2025-06-15,07:00,28.33,80,1.341,93,103,1012,0
2025-06-15,08:00,29.44,74,1.788,78,262,1012,0
2025-06-15,09:00,30,71,2.235,81,436,1012,0
2025-06-15,10:00,31.11,67,2.682,92,682,1012,0
2025-06-15,11:00,31.67,68,2.682,84,787,1012,0
2025-06-15,12:00,31.67,71,3.129,98,790,1012,0
2025-06-15,13:00,31.67,58,3.129,99,959,1011,0
2025-06-15,14:00,31.67,59,3.129,95,894,1011,0
2025-06-15,15:00,31.67,65,3.129,90,793,1011,0
2025-06-15,16:00,31.11,70,2.682,100,376,1011,0
2025-06-15,17:00,30.56,68,2.682,90,307,1011,0
2025-06-15,18:00,30.56,74,2.235,91,213,1011,0
2025-06-15,19:00,30,75,1.788,85,24,1012,0
2025-06-15,20:00,29.44,76,1.341,94,0,1012,0
2025-06-15,21:00,28.89,80,0.8941,112,0,1013,0
2025-06-15,22:00,28.33,82,1.341,98,0,1013,0
2025-06-15,23:00,28.33,83,1.341,100,0,1013,0
2025-06-16,00:00,28.33,84,0.8941,95,0,1013,0
2025-06-16,01:00,28.33,84,0.8941,107,0,1013,0
2025-06-16,02:00,27.78,85,0.447,96,0,1013,0
2025-06-16,03:00,27.78,85,0.8941,89,0,1012,0
2025-06-16,04:00,27.78,83,0.8941,123,0,1012,0
2025-06-16,05:00,27.78,84,0.447,114,0,1012,0
2025-06-16,06:00,27.22,85,0.447,79,3,1012,0
2025-06-16,07:00,28.33,78,0.8941,91,102,1013,0
2025-06-16,08:00,30,78,1.788,76,235,1013,0
2025-06-16,09:00,30.56,73,2.235,78,478,1013,0
2025-06-16,10:00,31.11,68,2.682,83,677,1014,0
2025-06-16,11:00,30.56,74,2.235,76,462,1014,0
2025-06-16,12:00,31.11,75,2.235,76,512,1013,0
2025-06-16,13:00,30.56,76,1.788,80,446,1013,0
2025-06-16,14:00,30.56,73,2.235,71,419,1012,0
2025-06-16,15:00,30.56,75,2.235,91,340,1012,0
2025-06-16,16:00,30.56,74,1.788,87,398,1012,0
2025-06-16,17:00,31.11,67,2.235,72,411,1012,0
2025-06-16,18:00,31.11,72,1.788,69,247,1012,0
2025-06-16,19:00,30,77,1.788,80,33,1012,0
2025-06-16,20:00,29.44,80,1.341,84,0,1013,0
2025-06-16,21:00,28.89,83,1.341,88,0,1013,0
2025-06-16,22:00,28.89,83,1.341,90,0,1014,0
2025-06-16,23:00,28.33,87,1.788,91,0,1014,0
2025-06-17,00:00,28.33,87,1.341,89,0,1014,0
2025-06-17,01:00,27.78,89,0.8941,104,0,1014,0
2025-06-17,02:00,27.78,87,0.8941,102,0,1013,0
2025-06-17,03:00,27.78,86,1.341,104,0,1013,0
2025-06-17,04:00,27.78,86,0.8941,98,0,1013,0
2025-06-17,05:00,27.78,88,0.8941,114,0,1013,0
2025-06-17,06:00,26.11,90,1.341,102,3,1013,6
2025-06-17,07:00,27.22,88,0.8941,73,119,1013,0
2025-06-17,08:00,28.89,83,1.788,107,261,1013,0
2025-06-17,09:00,30,75,2.682,108,491,1014,0
2025-06-17,10:00,30.56,74,2.682,104,602,1014,0
2025-06-17,11:00,31.11,70,2.682,109,709,1013,0
2025-06-17,12:00,31.11,68,3.129,112,925,1013,0
2025-06-17,13:00,31.67,67,3.129,104,919,1013,0
2025-06-17,14:00,31.67,67,2.682,103,679,1013,0
2025-06-17,15:00,31.67,65,2.235,105,501,1012,0
2025-06-17,16:00,31.11,69,2.235,100,381,1012,0
2025-06-17,17:00,31.11,71,1.788,91,369,1012,0
2025-06-17,18:00,30.56,74,1.788,80,203,1012,0
2025-06-17,19:00,30,76,1.341,95,19,1013,0
2025-06-17,20:00,29.44,78,0.8941,105,0,1013,0
2025-06-17,21:00,28.89,81,0.447,74,0,1014,0
2025-06-17,22:00,28.89,82,0.8941,99,0,1014,0
2025-06-17,23:00,28.33,83,0.8941,101,0,1015,0
2025-06-18,00:00,27.78,86,0.447,73,0,1014,0
2025-06-18,01:00,27.78,89,0.8941,115,0,1014,0
2025-06-18,02:00,26.67,89,0.8941,96,0,1013,1
2025-06-18,03:00,26.11,90,0.8941,104,0,1013,0
2025-06-18,04:00,26.67,90,0.447,91,0,1013,0
2025-06-18,05:00,26.67,90,0.447,82,0,1013,0
2025-06-18,06:00,26.67,91,0.447,119,2,1013,0
2025-06-18,07:00,27.78,89,0.447,87,65,1013,0
2025-06-18,08:00,28.33,87,0.8941,103,170,1014,3
2025-06-18,09:00,28.89,83,0.8941,80,357,1014,0
2025-06-18,10:00,30.56,73,2.235,99,664,1014,0
2025-06-18,11:00,31.11,71,2.235,99,784,1013,0
2025-06-18,12:00,31.11,68,2.682,100,835,1013,0
2025-06-18,13:00,31.67,68,2.682,107,897,1013,0
2025-06-18,14:00,31.67,64,2.682,98,803,1012,0
2025-06-18,15:00,31.67,70,2.682,102,642,1012,0
2025-06-18,16:00,31.11,69,2.682,108,499,1011,0
2025-06-18,17:00,31.11,71,2.682,93,396,1011,0
2025-06-18,18:00,30.56,74,2.235,104,97,1011,0
2025-06-18,19:00,30,76,1.788,94,31,1012,0
2025-06-18,20:00,28.89,85,0.8941,75,0,1012,0
2025-06-18,21:00,28.33,86,0.8941,101,0,1013,0
2025-06-18,22:00,28.33,85,0.8941,104,0,1013,0
2025-06-18,23:00,28.33,85,0.447,98,0,1013,0
2025-06-19,00:00,28.33,85,0.8941,103,0,1013,0
2025-06-19,01:00,27.78,86,0.447,104,0,1012,0
2025-06-19,02:00,27.78,87,0.447,93,0,1012,0
2025-06-19,03:00,27.78,89,0.8941,108,0,1011,0
2025-06-19,04:00,27.22,91,0.8941,118,0,1011,0
2025-06-19,05:00,27.22,91,0.447,109,0,1011,0
2025-06-19,06:00,27.22,91,0.8941,104,2,1011,1
2025-06-19,07:00,27.22,92,0.447,81,99,1012,0
2025-06-19,08:00,28.89,82,1.788,97,273,1012,0
2025-06-19,09:00,29.44,82,2.235,97,282,1012,0
2025-06-19,10:00,30.56,73,2.682,104,585,1012,0
2025-06-19,11:00,31.11,66,3.129,117,769,1012,0
2025-06-19,12:00,31.67,61,3.129,111,864,1012,0
2025-06-19,13:00,32.22,64,3.129,112,876,1011,0
2025-06-19,14:00,32.22,67,2.682,116,764,1011,0
2025-06-19,15:00,32.22,66,2.235,115,624,1010,0
2025-06-19,16:00,31.67,68,2.682,124,410,1010,0
2025-06-19,17:00,31.11,71,2.235,132,342,1010,0
2025-06-19,18:00,31.11,72,1.788,114,208,1010,0
2025-06-19,19:00,30,76,1.788,105,34,1011,0
2025-06-19,20:00,29.44,77,0.8941,95,0,1011,0
2025-06-19,21:00,28.89,82,0.8941,92,0,1012,0
2025-06-19,22:00,28.89,83,0.8941,104,0,1012,0
2025-06-19,23:00,28.89,82,0.8941,111,0,1012,0
2025-06-20,00:00,28.33,84,0.8941,99,0,1013,0
2025-06-20,01:00,28.33,86,0.447,91,0,1012,0
2025-06-20,02:00,28.33,87,0.447,110,0,1012,0
2025-06-20,03:00,27.78,87,0.447,65,0,1011,0
2025-06-20,04:00,27.78,88,0.447,95,0,1011,0
2025-06-20,05:00,27.22,89,0.447,85,0,1011,0
2025-06-20,06:00,27.22,89,0.447,89,1,1010,0
2025-06-20,07:00,27.78,84,0.8941,86,66,1011,0
2025-06-20,08:00,29.44,79,0.8941,122,177,1012,0
2025-06-20,09:00,30,74,1.788,129,329,1012,0
2025-06-20,10:00,30.56,72,1.788,146,351,1012,0
2025-06-20,11:00,31.11,67,2.235,160,512,1012,0
2025-06-20,12:00,31.67,64,1.788,165,588,1012,0
2025-06-20,13:00,31.67,64,2.235,172,630,1011,0
2025-06-20,14:00,32.22,62,2.235,169,803,1011,0
2025-06-20,15:00,32.22,62,2.235,172,657,1011,0
2025-06-20,16:00,32.22,66,2.235,148,555,1011,0
2025-06-20,17:00,31.11,72,2.235,138,200,1011,0
2025-06-20,18:00,30.56,72,1.788,131,190,1011,0
2025-06-20,19:00,30,72,1.341,133,35,1011,0
2025-06-20,20:00,29.44,75,0.8941,118,0,1012,0
2025-06-20,21:00,28.89,74,0.8941,104,0,1012,0
2025-06-20,22:00,28.89,75,0.8941,58,0,1013,0
2025-06-20,23:00,28.33,77,0.8941,36,0,1013,0
2025-06-21,00:00,28.33,78,0.447,45,0,1013,0
2025-06-21,01:00,27.78,81,0.447,50,0,1012,0
2025-06-21,02:00,27.78,81,0.447,62,0,1012,0
2025-06-21,03:00,27.78,82,0.447,84,0,1012,0
2025-06-21,04:00,27.22,82,0.8941,104,0,1012,0
2025-06-21,05:00,27.22,84,0.8941,103,0,1012,0
2025-06-21,06:00,26.67,85,0.8941,113,4,1012,0
2025-06-21,07:00,27.78,75,0.8941,154,107,1012,0
2025-06-21,08:00,30,73,1.341,168,254,1012,0
2025-06-21,09:00,30.56,68,1.341,191,468,1012,0
2025-06-21,10:00,31.67,62,1.788,160,678,1013,0
2025-06-21,11:00,31.67,63,2.235,154,746,1012,0
2025-06-21,12:00,32.22,67,1.788,186,841,1012,0
2025-06-21,13:00,32.22,58,1.788,186,811,1011,0
2025-06-21,14:00,32.22,68,1.341,179,660,1011,0
2025-06-21,15:00,31.67,67,1.341,148,224,1010,0
2025-06-21,16:00,31.11,74,0.8941,344,126,1010,0
2025-06-21,17:00,31.11,70,1.341,340,400,1010,0
2025-06-21,18:00,31.11,73,0.8941,10,157,1010,0
2025-06-21,19:00,30,76,1.341,98,18,1011,0
2025-06-21,20:00,29.44,77,0.8941,106,0,1012,0
2025-06-21,21:00,28.89,81,0.8941,91,0,1012,0
2025-06-21,22:00,28.33,84,0.8941,90,0,1013,0
2025-06-21,23:00,27.78,84,0.8941,97,0,1013,0
2025-06-22,00:00,27.78,83,0.447,102,0,1012,0
2025-06-22,01:00,27.78,85,0.447,69,0,1012,0
2025-06-22,02:00,27.78,86,0.447,95,0,1011,0
2025-06-22,03:00,27.78,86,0.447,64,0,1011,0
2025-06-22,04:00,28.33,85,0.447,53,0,1011,0
2025-06-22,05:00,27.78,87,0.447,79,0,1011,0
2025-06-22,06:00,27.22,88,0.447,76,2,1011,0
2025-06-22,07:00,27.78,85,0.447,72,42,1011,0
2025-06-22,08:00,28.89,79,0.8941,145,132,1012,0
2025-06-22,09:00,30.56,71,1.788,162,340,1013,0
2025-06-22,10:00,31.67,66,1.788,161,648,1012,0
2025-06-22,11:00,32.22,66,1.341,203,837,1012,0
2025-06-22,12:00,31.11,75,1.341,278,661,1012,0
2025-06-22,13:00,31.11,76,1.341,282,702,1012,0
2025-06-22,14:00,31.11,74,1.341,258,603,1011,0
2025-06-22,15:00,31.11,75,1.341,286,669,1011,0
2025-06-22,16:00,31.11,68,1.341,280,653,1011,0
2025-06-22,17:00,30.56,70,1.788,130,370,1011,0
2025-06-22,18:00,30.56,73,0.8941,256,151,1011,0
2025-06-22,19:00,30,76,0.8941,124,35,1011,0
2025-06-22,20:00,29.44,79,0.8941,93,0,1012,0
2025-06-22,22:00,28.33,84,0.447,50,0,1013,0
2025-06-22,23:00,28.33,84,0.447,79,0,1013,0
2025-06-23,00:00,28.33,83,0.8941,142,0,1013,0
2025-06-23,01:00,27.78,84,0.447,106,0,1012,0
2025-06-23,02:00,27.78,86,0.8941,88,0,1011,0
2025-06-23,03:00,27.78,86,0.447,108,0,1011,0
2025-06-23,04:00,27.78,84,0.447,108,0,1011,0
2025-06-23,05:00,27.78,82,0.8941,141,0,1011,0
2025-06-23,06:00,27.78,81,0.8941,135,2,1011,0
2025-06-23,07:00,28.89,77,0.8941,137,89,1011,0
2025-06-23,08:00,29.44,77,1.341,119,161,1012,0
2025-06-23,09:00,30,74,1.788,123,248,1012,0
2025-06-23,10:00,30.56,80,2.682,130,526,1012,0
2025-06-23,11:00,30,77,2.682,115,661,1012,1
2025-06-23,12:00,31.11,72,3.129,114,806,1012,0
2025-06-23,13:00,31.67,67,4.023,113,945,1011,0
2025-06-23,14:00,32.22,68,4.023,113,961,1011,0
2025-06-23,15:00,30.56,83,3.129,112,489,1010,0
2025-06-23,16:00,29.44,79,2.235,120,303,1010,0
2025-06-23,17:00,29.44,77,1.788,125,96,1010,0
2025-06-23,18:00,29.44,76,1.788,126,70,1010,0
2025-06-23,19:00,28.89,81,1.788,120,21,1011,0
2025-06-23,20:00,28.33,80,1.341,120,0,1011,0
2025-06-23,21:00,28.89,81,1.341,115,0,1012,0
2025-06-23,22:00,28.89,78,1.341,122,0,1012,0
2025-06-23,23:00,28.89,82,1.341,103,0,1013,0
2025-06-24,00:00,28.89,80,1.341,117,0,1013,0
2025-06-24,01:00,28.89,80,1.788,115,0,1012,0
2025-06-24,02:00,28.89,82,1.341,122,0,1012,0
2025-06-24,03:00,28.33,81,1.341,125,0,1011,0
2025-06-24,04:00,28.33,81,1.788,119,0,1011,0
2025-06-24,05:00,28.33,82,1.341,118,0,1011,0
2025-06-24,06:00,28.33,83,1.341,124,2,1011,0
2025-06-24,07:00,28.33,82,1.341,114,45,1012,0
2025-06-24,08:00,29.44,77,1.341,111,174,1012,0
2025-06-24,09:00,30.56,71,2.682,97,404,1013,0
2025-06-24,10:00,31.11,71,2.682,97,600,1013,0
2025-06-24,11:00,31.11,64,2.682,90,470,1013,0
2025-06-24,12:00,31.11,73,3.576,98,696,1013,0
2025-06-24,13:00,29.44,78,2.682,96,526,1012,6
2025-06-24,14:00,30.56,70,3.129,104,901,1012,0
2025-06-24,15:00,30.56,72,3.129,102,409,1012,0
2025-06-24,16:00,30.56,74,3.129,97,486,1011,0
2025-06-24,17:00,29.44,77,3.576,93,249,1011,0
2025-06-24,18:00,28.89,75,2.235,103,114,1011,0
2025-06-24,19:00,28.89,85,1.341,78,19,1012,0
2025-06-24,20:00,28.33,86,0.8941,89,0,1012,0
2025-06-24,21:00,27.22,85,1.788,103,0,1013,0
2025-06-24,22:00,26.67,85,2.235,122,0,1013,0
2025-06-24,23:00,26.67,89,2.235,105,0,1014,10
2025-06-25,00:00,25.56,92,3.129,100,0,1014,8
2025-06-25,01:00,26.11,91,2.235,112,0,1013,0
2025-06-25,02:00,26.11,89,0.8941,100,0,1013,0
2025-06-25,03:00,26.11,89,0.8941,60,0,1012,0
2025-06-25,04:00,25.56,88,1.341,72,0,1012,2
2025-06-25,05:00,25,90,0.447,279,0,1012,0
2025-06-25,06:00,25.56,91,0.447,349,1,1012,0
2025-06-25,07:00,26.11,91,0.447,82,17,1013,0
2025-06-25,08:00,26.11,92,0.8941,105,30,1013,5
2025-06-25,09:00,26.67,92,0.447,125,78,1014,0
2025-06-25,10:00,26.67,93,0.447,7,75,1014,1
2025-06-25,11:00,26.11,94,2.682,62,54,1014,20
2025-06-25,12:00,24.44,94,2.682,76,36,1014,9
2025-06-25,13:00,25,91,1.788,77,125,1013,1
2025-06-25,14:00,26.67,87,2.235,88,194,1012,0
2025-06-25,15:00,27.78,84,3.129,107,232,1012,0
2025-06-25,16:00,26.67,83,4.023,124,186,1012,0
2025-06-25,17:00,27.22,77,4.023,126,119,1012,0
2025-06-25,18:00,27.22,80,4.023,126,63,1012,0
2025-06-25,19:00,27.22,80,4.023,137,17,1012,0
2025-06-25,20:00,27.78,77,3.576,140,0,1012,0
2025-06-25,21:00,27.22,79,2.682,136,0,1013,0
2025-06-25,22:00,27.22,78,2.235,126,0,1012,0
2025-06-25,23:00,27.78,79,2.682,122,0,1013,0
2025-06-26,00:00,27.78,79,2.235,134,0,1013,0
2025-06-26,01:00,27.78,78,1.341,130,0,1013,0
2025-06-26,02:00,27.78,79,1.341,129,0,1012,0
2025-06-26,03:00,27.22,81,1.341,114,0,1012,0
2025-06-26,04:00,26.11,88,1.788,143,0,1012,8
2025-06-26,05:00,25,92,0.8941,79,0,1012,0
2025-06-26,06:00,26.11,90,1.788,96,1,1012,0
2025-06-26,07:00,26.11,86,1.788,105,40,1012,0
2025-06-26,08:00,26.11,86,3.576,108,106,1013,0
2025-06-26,09:00,27.78,79,2.682,100,402,1013,0
2025-06-26,10:00,28.89,73,2.682,127,475,1013,0
2025-06-26,11:00,30,82,3.129,118,650,1013,7
2025-06-26,12:00,25,93,2.682,172,77,1013,34
2025-06-26,13:00,24.44,93,1.788,160,41,1014,22
2025-06-26,14:00,25,92,3.129,131,38,1013,7
2025-06-26,15:00,24.44,91,2.235,130,95,1013,2
2025-06-26,16:00,25,91,1.788,122,94,1013,2
2025-06-26,17:00,25,90,1.788,135,39,1013,1
2025-06-26,18:00,25,91,1.341,139,19,1013,4
2025-06-26,19:00,25,89,1.341,144,4,1014,0
2025-06-26,20:00,25.56,90,1.341,201,0,1014,1
2025-06-26,21:00,25.56,90,2.682,187,0,1014,0
2025-06-26,22:00,25.56,88,2.235,165,0,1014,0
2025-06-26,23:00,25.56,85,2.235,148,0,1014,0
2025-06-27,00:00,26.11,82,1.788,130,0,1014,0
2025-06-27,01:00,26.11,83,2.682,140,0,1013,0
2025-06-27,02:00,26.67,83,1.788,137,0,1012,0
2025-06-27,03:00,26.11,83,1.788,141,0,1011,0
2025-06-27,04:00,26.67,77,1.341,279,0,1011,0
2025-06-27,05:00,26.11,85,0.8941,134,0,1011,0
2025-06-27,06:00,25,89,0.447,134,4,1011,0
2025-06-27,07:00,25.56,86,0.447,155,102,1012,0
2025-06-27,08:00,28.33,75,0.8941,48,293,1012,0
2025-06-27,09:00,28.89,72,1.788,102,486,1012,0
2025-06-27,10:00,30,67,2.682,108,729,1013,0
2025-06-27,11:00,30,68,2.682,109,810,1012,0
2025-06-27,12:00,30,70,2.682,106,532,1012,0
2025-06-27,13:00,30,69,2.235,92,562,1012,0
2025-06-27,14:00,30,69,2.235,105,520,1011,0
2025-06-27,15:00,30,67,2.682,95,601,1011,0
2025-06-27,16:00,30.56,68,3.129,99,638,1010,0
2025-06-27,17:00,29.44,72,2.682,97,278,1009,0
2025-06-27,18:00,29.44,76,2.235,89,138,1010,0
2025-06-27,19:00,28.33,77,1.788,85,26,1010,0
2025-06-27,20:00,27.78,81,0.8941,92,0,1011,0
2025-06-27,21:00,27.78,81,0.8941,104,0,1011,0
2025-06-27,22:00,27.78,82,0.447,103,0,1012,0
2025-06-27,23:00,27.22,83,0.447,84,0,1012,0
2025-06-28,00:00,27.22,84,0.8941,97,0,1011,0
2025-06-28,01:00,27.22,85,0.8941,89,0,1011,0
2025-06-28,02:00,27.22,86,0.8941,68,0,1010,0
2025-06-28,03:00,27.22,84,0.8941,80,0,1009,0
2025-06-28,04:00,27.22,84,0.8941,95,0,1009,0
2025-06-28,05:00,27.78,82,0.8941,99,0,1009,0
2025-06-28,06:00,27.22,83,0.8941,79,2,1009,0
2025-06-28,07:00,27.78,84,0.447,82,48,1009,0
2025-06-28,08:00,28.33,78,1.788,103,202,1010,0
2025-06-28,09:00,28.89,75,2.235,110,295,1010,0
2025-06-28,10:00,27.22,89,2.682,121,221,1011,5
2025-06-28,11:00,27.78,77,1.788,82,674,1010,0
2025-06-28,12:00,28.89,77,1.788,130,425,1009,0
2025-06-28,13:00,29.44,74,1.341,152,435,1009,0
2025-06-28,14:00,28.89,73,1.788,134,290,1008,0
2025-06-28,15:00,29.44,74,1.788,162,303,1008,0
2025-06-28,16:00,27.78,82,2.682,171,190,1008,0
2025-06-28,17:00,27.78,75,1.341,163,127,1008,0
2025-06-28,18:00,27.78,79,0.8941,106,68,1008,0
2025-06-28,19:00,27.22,83,0.8941,136,14,1009,0
2025-06-28,20:00,26.67,85,1.341,156,0,1009,0
2025-06-28,21:00,26.11,88,0.447,67,0,1009,0
2025-06-28,22:00,26.11,89,0.447,101,0,1009,0
2025-06-28,23:00,26.11,89,0.447,110,0,1010,0
2025-06-29,00:00,26.11,90,0.447,83,0,1009,0
2025-06-29,01:00,26.11,91,0.447,97,0,1009,0
2025-06-29,02:00,25.56,91,0.447,123,0,1008,0
2025-06-29,03:00,25.56,91,0.447,110,0,1008,0
2025-06-29,04:00,25.56,92,0.447,107,0,1008,0
2025-06-29,05:00,25.56,92,0.447,114,0,1008,0
2025-06-29,06:00,26.11,91,0.447,116,0,1008,0
2025-06-29,07:00,26.11,91,0.447,130,24,1009,0
2025-06-29,08:00,27.22,86,0.8941,90,190,1009,0
2025-06-29,09:00,28.89,75,2.235,94,433,1009,0
2025-06-29,10:00,30,73,1.788,86,650,1009,0
2025-06-29,11:00,30.56,74,1.341,26,737,1008,0
2025-06-29,12:00,30.56,74,1.341,263,766,1008,0
2025-06-29,13:00,30,72,1.341,258,366,1008,0
2025-06-29,14:00,30.56,69,1.788,109,445,1008,0
2025-06-29,15:00,30,72,1.788,115,252,1007,0
2025-06-29,16:00,30.56,66,2.235,170,693,1007,0
2025-06-29,17:00,30.56,68,2.235,156,435,1007,0
2025-06-29,18:00,30,72,2.235,154,232,1008,0
2025-06-29,19:00,29.44,76,1.788,159,27,1008,0
2025-06-29,20:00,28.89,78,1.341,142,0,1009,0
2025-06-29,21:00,28.33,81,0.8941,122,0,1009,0
2025-06-29,22:00,28.33,82,1.341,156,0,1009,0
2025-06-29,23:00,27.78,83,0.8941,140,0,1010,0
2025-06-30,00:00,27.78,80,0.8941,133,0,1009,0
2025-06-30,01:00,27.78,84,1.341,163,0,1009,0
2025-06-30,02:00,27.22,83,0.8941,148,0,1009,0
2025-06-30,03:00,27.22,86,0.447,98,0,1008,0
2025-06-30,04:00,26.67,88,0.447,92,0,1008,0
2025-06-30,05:00,26.67,89,0.447,107,0,1008,0
2025-06-30,06:00,27.22,88,0.8941,162,1,1008,0
2025-06-30,07:00,27.78,84,1.341,172,60,1008,0
2025-06-30,08:00,29.44,76,1.341,186,304,1009,0
2025-06-30,09:00,30,74,1.341,207,500,1010,0
2025-06-30,10:00,30.56,76,1.341,280,678,1010,0
2025-06-30,11:00,30,77,1.341,272,415,1010,0
2025-06-30,12:00,30,78,1.341,285,337,1010,0
2025-06-30,13:00,29.44,81,1.788,309,465,1009,0
2025-06-30,14:00,27.78,85,1.341,67,291,1009,0
2025-06-30,15:00,27.22,89,1.341,92,177,1009,6
2025-06-30,16:00,27.22,88,0.8941,105,263,1009,0
2025-06-30,17:00,28.33,84,1.341,129,306,1009,0
2025-06-30,18:00,28.33,83,1.341,111,155,1009,0
2025-06-30,19:00,27.78,85,1.341,157,51,1009,0
2025-06-30,20:00,27.22,87,0.8941,90,0,1010,0
2025-06-30,21:00,27.22,86,0.8941,175,0,1011,0
2025-06-30,22:00,27.78,85,0.8941,196,0,1011,0
2025-06-30,23:00,27.78,86,1.341,168,0,1011,0
2025-07-01,00:00,27.78,87,1.341,169,0,1011,0
2025-07-01,01:00,27.22,88,1.788,185,0,1010,0
2025-07-01,02:00,27.22,88,1.788,182,0,1010,0
2025-07-01,03:00,27.22,88,2.235,182,0,1010,0
2025-07-01,04:00,27.22,88,1.788,178,0,1010,0
2025-07-01,05:00,27.22,87,1.341,167,0,1010,0
2025-07-01,06:00,27.22,88,1.341,156,1,1010,0
2025-07-01,07:00,27.22,84,0.8941,173,74,1010,0
2025-07-01,08:00,28.33,81,1.341,180,170,1011,0
2025-07-01,09:00,28.89,79,1.341,191,385,1011,0
2025-07-01,10:00,29.44,79,0.8941,251,507,1011,0
2025-07-01,11:00,30.56,75,1.341,270,811,1011,0
2025-07-01,12:00,29.44,79,1.341,214,802,1011,0
2025-07-01,13:00,30.56,77,1.341,271,805,1011,0
2025-07-01,14:00,30.56,82,1.341,282,634,1010,1
2025-07-01,15:00,27.22,87,1.788,191,182,1010,2
2025-07-01,16:00,27.22,90,1.788,279,95,1010,1.8
2025-07-01,17:00,27.22,88,1.788,281,94,1010,0
2025-07-01,18:00,27.78,87,1.788,287,76,1010,0
2025-07-01,19:00,27.78,85,0.447,256,23,1010,0
2025-07-01,20:00,27.78,87,0.8941,138,0,1011,0
2025-07-01,21:00,27.78,88,0.8941,136,0,1012,0
2025-07-01,22:00,27.22,89,0.8941,130,0,1012,0
2025-07-01,23:00,27.22,89,0.8941,146,0,1012,0
2025-07-02,00:00,27.22,88,0.8941,153,0,1011,0
2025-07-02,01:00,27.22,87,1.341,156,0,1011,0
2025-07-02,02:00,27.22,88,1.341,166,0,1011,0
2025-07-02,03:00,27.22,88,1.341,162,0,1010,0
2025-07-02,04:00,27.22,86,1.788,167,0,1010,0
2025-07-02,05:00,27.22,87,1.341,155,0,1010,0
2025-07-02,06:00,27.22,87,1.341,148,1,1010,0
2025-07-02,07:00,27.78,84,1.341,164,74,1011,0
2025-07-02,08:00,28.89,82,1.788,179,231,1011,0
2025-07-02,09:00,28.89,80,2.235,184,361,1011,0
2025-07-02,10:00,30,81,2.235,186,536,1011,0.5
2025-07-02,11:00,27.78,83,1.341,183,364,1011,2
2025-07-02,12:00,28.89,79,2.235,188,558,1011,0
2025-07-02,13:00,30,74,2.235,189,889,1011,0
2025-07-02,14:00,30.56,70,1.341,192,656,1010,0
2025-07-02,15:00,31.11,74,1.341,228,698,1010,0
2025-07-02,16:00,31.67,74,1.341,271,624,1009,0
2025-07-02,17:00,29.44,79,1.341,235,304,1010,1
2025-07-02,18:00,30.56,77,0.8941,262,249,1010,0
2025-07-02,19:00,30,81,0.8941,262,44,1010,0
2025-07-02,20:00,28.89,84,0.8941,142,0,1011,0
2025-07-02,21:00,28.33,85,0.8941,131,0,1012,0
2025-07-02,22:00,28.33,85,0.8941,153,0,1012,0
2025-07-02,23:00,27.78,88,0.447,91,0,1012,0
2025-07-03,00:00,27.22,89,0.447,70,0,1012,0
2025-07-03,01:00,27.22,90,0.447,98,0,1012,0
2025-07-03,02:00,27.22,89,0.447,101,0,1011,0
2025-07-03,03:00,27.22,87,1.341,140,0,1011,0
2025-07-03,04:00,26.11,92,0.8941,131,0,1011,6.9
2025-07-03,05:00,26.11,94,0.447,93,0,1011,0
2025-07-03,06:00,26.11,94,0.447,118,1,1011,0
2025-07-03,07:00,26.67,93,0.447,120,104,1011,0
2025-07-03,08:00,28.33,88,0.8941,159,259,1012,1
2025-07-03,09:00,28.89,82,1.341,200,492,1012,0
2025-07-03,10:00,30,77,0.8941,269,667,1012,0
2025-07-03,11:00,30,75,1.788,219,713,1012,0
2025-07-03,12:00,29.44,67,2.235,195,841,1012,0
2025-07-03,13:00,30.56,73,1.788,190,590,1012,0
2025-07-03,14:00,29.44,74,2.235,145,836,1012,0
2025-07-03,15:00,29.44,76,1.788,200,390,1011,0
2025-07-03,16:00,29.44,74,0.8941,349,238,1011,0
2025-07-03,17:00,30,75,1.341,286,359,1011,0
2025-07-03,18:00,30,76,1.341,117,163,1011,0
2025-07-03,19:00,28.89,81,1.341,106,26,1011,0
2025-07-03,20:00,28.33,83,1.788,106,0,1012,0
2025-07-03,21:00,28.33,82,1.341,104,0,1012,0
2025-07-03,22:00,27.78,84,0.8941,72,0,1012,0
2025-07-03,23:00,27.78,86,0.8941,82,0,1013,0
2025-07-04,00:00,27.78,85,0.8941,95,0,1012,0
2025-07-04,01:00,28.33,86,0.8941,117,0,1012,0
2025-07-04,02:00,27.78,86,0.8941,100,0,1011,0
2025-07-04,03:00,27.78,86,0.8941,104,0,1011,0
2025-07-04,04:00,27.78,86,0.8941,109,0,1011,0
2025-07-04,05:00,27.78,87,0.447,0,0,1011,0
2025-07-04,06:00,27.22,89,0.447,20,1,1012,0
2025-07-04,07:00,27.78,84,0.447,117,74,1012,0
2025-07-04,08:00,30,75,1.341,144,267,1012,0
2025-07-04,09:00,30.56,74,1.788,142,370,1012,0
2025-07-04,10:00,30.56,72,2.235,144,550,1012,0
2025-07-04,11:00,31.67,66,2.235,136,846,1012,0
2025-07-04,12:00,31.67,71,1.788,148,726,1012,0
2025-07-04,13:00,31.67,67,2.682,128,820,1012,0
2025-07-04,14:00,31.67,75,2.682,119,640,1012,0
2025-07-04,15:00,31.11,70,2.235,113,568,1011,0
2025-07-04,16:00,31.67,67,1.788,144,556,1011,0
2025-07-04,17:00,31.67,63,1.788,161,434,1011,0
2025-07-04,18:00,31.11,71,1.788,145,236,1011,0
2025-07-04,19:00,30.56,75,1.788,146,44,1011,0
2025-07-04,20:00,29.44,78,0.8941,103,0,1012,0
2025-07-04,21:00,28.89,81,0.8941,98,0,1012,0
2025-07-04,22:00,28.33,84,0.447,89,0,1013,0
2025-07-04,23:00,28.33,85,0.447,91,0,1013,0
2025-07-05,00:00,28.33,83,0.8941,120,0,1013,0
2025-07-05,01:00,28.33,85,0.447,68,0,1013,0
2025-07-05,02:00,27.78,84,0.8941,100,0,1012,0
2025-07-05,03:00,27.78,87,0.447,79,0,1011,0
2025-07-05,04:00,27.78,86,0.447,101,0,1011,0
2025-07-05,05:00,27.78,88,0.8941,107,0,1011,0
2025-07-05,06:00,26.67,89,0.447,94,1,1011,0
2025-07-05,07:00,27.22,85,0.8941,140,42,1012,0
2025-07-05,08:00,29.44,75,0.8941,175,259,1013,0
2025-07-05,09:00,30,78,0.8941,278,279,1013,0
2025-07-05,10:00,28.33,83,1.341,115,220,1013,0.3
2025-07-05,11:00,28.89,75,0.8941,55,473,1013,0
2025-07-05,12:00,30.56,73,1.341,348,918,1013,0
2025-07-05,13:00,28.33,86,1.788,69,225,1013,4.1
2025-07-05,14:00,27.78,81,1.788,151,408,1012,0
2025-07-05,15:00,29.44,71,1.341,218,512,1012,0
2025-07-05,16:00,30,76,0.8941,356,418,1012,0
2025-07-05,17:00,30,76,0.8941,13,254,1012,0
2025-07-05,18:00,29.44,75,0.8941,49,121,1012,0
2025-07-05,19:00,29.44,79,0.8941,84,24,1012,0
2025-07-05,20:00,28.33,84,0.8941,103,0,1013,0
2025-07-05,21:00,27.78,83,0.447,107,0,1013,0
2025-07-05,22:00,27.78,83,0.8941,99,0,1013,0
2025-07-05,23:00,27.78,85,0.447,73,0,1013,0
2025-07-06,00:00,27.78,86,0.447,95,0,1013,0
2025-07-06,01:00,27.78,88,0.447,100,0,1012,0
2025-07-06,02:00,27.22,90,0.447,94,0,1012,0
2025-07-06,03:00,26.67,89,0.447,126,0,1011,0
2025-07-06,04:00,27.22,89,0.8941,135,0,1011,0
2025-07-06,05:00,27.22,89,0.447,101,0,1011,0
2025-07-06,06:00,26.67,89,0.447,121,1,1011,0
2025-07-06,07:00,27.22,89,0.447,111,42,1012,0
2025-07-06,08:00,28.33,85,0.447,95,101,1013,0
2025-07-06,09:00,28.89,80,0.447,283,201,1013,0
2025-07-06,10:00,29.44,80,0.8941,296,262,1013,0
2025-07-06,11:00,29.44,80,0.8941,285,345,1012,0
2025-07-06,12:00,30,78,0.8941,303,483,1012,0
2025-07-06,13:00,30,78,0.8941,295,502,1012,0
2025-07-06,14:00,30,80,0.8941,273,347,1011,0
2025-07-06,15:00,30,77,0.8941,271,364,1011,0
2025-07-06,16:00,30,77,1.341,290,391,1010,0
2025-07-06,17:00,30,74,0.8941,253,227,1010,0
2025-07-06,18:00,30,76,0.8941,273,88,1010,0
2025-07-06,19:00,29.44,77,0.8941,293,23,1010,0
2025-07-06,20:00,28.89,83,0.447,29,0,1011,0
2025-07-06,21:00,28.33,83,0.8941,114,0,1012,0
2025-07-06,22:00,27.22,88,1.341,36,0,1012,11.9
2025-07-06,23:00,25.56,89,0.8941,272,0,1012,0.5
2025-07-07,00:00,25.56,91,0.447,115,0,1012,0
2025-07-07,01:00,26.11,92,0.447,124,0,1011,0
2025-07-07,02:00,26.11,93,0.447,108,0,1010,0
2025-07-07,03:00,26.11,92,0.8941,111,0,1010,0
2025-07-07,04:00,26.67,87,1.341,167,0,1009,0
2025-07-07,05:00,26.67,84,1.788,172,0,1009,0
2025-07-07,06:00,26.11,80,0.8941,174,0,1010,0
2025-07-07,07:00,27.22,83,1.341,165,16,1010,0
2025-07-07,08:00,27.78,86,0.8941,172,29,1011,0
2025-07-07,09:00,27.78,86,1.341,213,32,1011,0
2025-07-07,10:00,26.67,91,0.8941,179,54,1011,7.4
2025-07-07,11:00,25.56,92,1.788,185,157,1011,5.6
2025-07-07,12:00,26.11,89,0.8941,196,172,1011,0.3
2025-07-07,13:00,27.22,89,0.8941,270,185,1010,0
2025-07-07,14:00,27.78,82,0.8941,265,558,1009,0
2025-07-07,15:00,28.89,77,0.8941,223,531,1008,0
2025-07-07,16:00,29.44,79,0.8941,263,489,1008,0
2025-07-07,17:00,28.33,83,2.235,203,203,1009,0
2025-07-07,18:00,27.22,88,1.341,201,58,1009,0.3
2025-07-07,19:00,26.67,86,0.8941,189,20,1009,0
2025-07-07,20:00,27.22,87,0.8941,176,0,1009,0
2025-07-07,21:00,27.22,84,1.341,164,0,1010,0
2025-07-07,22:00,27.22,84,1.341,164,0,1010,0
2025-07-07,23:00,27.22,84,1.341,157,0,1011,0
2025-07-08,00:00,27.22,85,1.341,154,0,1010,0
2025-07-08,01:00,26.67,87,0.8941,132,0,1010,0
2025-07-08,02:00,26.11,90,0.447,105,0,1009,0
2025-07-08,03:00,26.11,91,0.447,114,0,1009,0
2025-07-08,04:00,25.56,91,0.447,110,0,1009,0
2025-07-08,05:00,26.11,92,0.447,51,0,1009,0
2025-07-08,06:00,26.11,91,0.447,83,1,1009,0
2025-07-08,07:00,26.11,89,1.341,182,23,1009,5.6
2025-07-08,08:00,25.56,92,0.8941,124,61,1010,0.5
2025-07-08,09:00,27.22,88,1.341,213,284,1010,0
2025-07-08,10:00,28.33,86,2.235,182,420,1011,0.8
2025-07-08,11:00,28.33,75,1.788,180,561,1010,0.3
2025-07-08,12:00,30.56,75,2.682,182,645,1009,0
2025-07-08,13:00,30,75,2.682,157,404,1008,0
2025-07-08,14:00,30.56,76,2.682,170,460,1008,0
2025-07-08,15:00,30.56,76,2.682,158,420,1008,0
2025-07-08,16:00,30,77,2.235,161,289,1007,0
2025-07-08,17:00,30,76,2.682,170,245,1007,0
2025-07-08,18:00,29.44,79,2.235,162,85,1007,0
2025-07-08,19:00,29.44,80,1.788,150,24,1007,0
2025-07-08,20:00,28.89,81,1.341,141,0,1008,0
2025-07-08,21:00,28.89,81,1.341,142,0,1008,0
2025-07-08,22:00,28.89,85,1.788,156,0,1009,0
2025-07-08,23:00,28.33,86,1.341,150,0,1009,0
2025-07-09,00:00,28.33,82,1.788,135,0,1009,0
2025-07-09,01:00,28.33,84,1.341,140,0,1008,0
2025-07-09,02:00,27.78,89,2.682,139,0,1008,2.3
2025-07-09,03:00,26.67,89,1.788,129,0,1007,0
2025-07-09,04:00,27.22,87,1.341,126,0,1007,0
2025-07-09,05:00,27.22,87,1.788,166,0,1008,0
2025-07-09,06:00,26.11,89,2.682,171,0,1008,0.3
2025-07-09,07:00,26.11,91,1.341,206,49,1009,0.5
2025-07-09,08:00,25,93,3.129,182,22,1010,13
2025-07-09,09:00,25.56,93,2.235,182,49,1010,1.8
2025-07-09,11:00,27.22,89,1.788,184,272,1011,2.5
2025-07-09,12:00,25.56,90,1.788,219,95,1011,0.8
2025-07-09,13:00,26.11,85,0.8941,160,180,1009,0
2025-07-09,14:00,26.67,82,0.8941,220,162,1009,0
2025-07-09,15:00,27.22,81,0.8941,185,178,1009,0
2025-07-09,16:00,27.22,81,0.8941,97,148,1008,0
2025-07-09,17:00,27.22,83,0.8941,80,88,1007,0
2025-07-09,18:00,27.22,81,0.8941,72,61,1007,0
2025-07-09,19:00,27.22,85,1.788,110,17,1008,0
2025-07-09,20:00,27.22,85,1.341,75,0,1008,0
2025-07-09,21:00,27.22,87,0.8941,20,0,1009,0
2025-07-09,22:00,27.22,87,0.8941,92,0,1009,0
2025-07-09,23:00,26.67,86,0.8941,113,0,1009,0
2025-07-10,00:00,27.22,86,1.341,123,0,1009,0
2025-07-10,01:00,27.22,85,0.8941,176,0,1009,0
2025-07-10,02:00,26.67,89,0.447,120,0,1008,0
2025-07-10,03:00,26.11,91,0.447,125,0,1008,0
2025-07-10,04:00,25.56,91,0.8941,117,0,1008,0
2025-07-10,05:00,27.22,86,0.8941,141,0,1008,0
2025-07-10,06:00,26.67,88,0.447,92,1,1008,0
2025-07-10,07:00,27.22,86,0.447,232,47,1008,0
2025-07-10,08:00,28.89,81,0.8941,130,226,1009,0
2025-07-10,09:00,29.44,78,1.788,118,287,1009,0
2025-07-10,10:00,30,76,2.235,111,555,1009,0
2025-07-10,11:00,30.56,75,2.682,112,680,1009,0
2025-07-10,12:00,30.56,75,2.682,108,860,1009,0
2025-07-10,13:00,30.56,74,3.129,110,690,1008,0
2025-07-10,14:00,30.56,76,3.129,113,689,1008,0
2025-07-10,15:00,30.56,74,3.576,109,709,1008,0
2025-07-10,16:00,30.56,71,3.129,122,625,1008,0
2025-07-10,17:00,30.56,75,3.129,113,428,1008,0
2025-07-10,18:00,30,76,2.235,113,206,1008,0
2025-07-10,19:00,30,81,1.788,117,36,1008,0
2025-07-10,20:00,28.89,83,1.341,119,0,1009,0
2025-07-10,21:00,28.89,83,1.341,111,0,1010,0
2025-07-10,22:00,28.33,85,0.8941,127,0,1011,0
2025-07-10,23:00,27.78,90,0.8941,162,0,1011,5.8
2025-07-11,00:00,27.22,92,0.8941,77,0,1011,6.1
2025-07-11,01:00,27.22,93,0.447,349,0,1011,0
2025-07-11,02:00,26.67,93,0.8941,207,0,1010,2.5
2025-07-11,03:00,26.11,94,0.447,33,0,1009,0
2025-07-11,04:00,26.67,94,0.447,227,0,1009,0
2025-07-11,05:00,26.67,94,0.447,67,0,1009,0
2025-07-11,06:00,26.67,94,0.447,208,1,1009,0
2025-07-11,07:00,26.67,93,0.447,10,46,1009,0
2025-07-11,08:00,27.22,92,0.8941,84,151,1010,2.5
2025-07-11,09:00,28.33,86,1.341,119,344,1011,0
2025-07-11,10:00,28.89,79,2.235,135,412,1011,0
2025-07-11,11:00,30,75,2.235,140,707,1011,0
2025-07-11,12:00,30.56,74,2.682,143,655,1011,0
2025-07-11,13:00,29.44,83,2.235,159,330,1011,0.3
2025-07-11,14:00,30,73,2.235,164,541,1010,0
2025-07-11,15:00,30,86,2.682,167,561,1010,0.5
2025-07-11,16:00,28.33,83,2.682,160,311,1010,0
2025-07-11,17:00,28.89,82,1.788,181,263,1009,0
2025-07-11,18:00,28.89,81,1.341,162,109,1010,0
2025-07-11,19:00,28.89,84,0.8941,76,13,1011,0
2025-07-11,20:00,28.33,86,0.8941,102,0,1012,0.8
2025-07-11,21:00,26.67,91,0.447,351,0,1012,3.3
2025-07-11,22:00,26.67,93,1.788,80,0,1013,0
2025-07-11,23:00,26.11,93,1.341,83,0,1013,1.3
2025-07-12,00:00,26.11,93,0.8941,48,0,1013,0
2025-07-12,01:00,26.67,92,0.8941,161,0,1013,0
2025-07-12,02:00,25.56,93,2.235,189,0,1013,12.2
2025-07-12,03:00,24.44,92,0.8941,12,0,1012,0.3
2025-07-12,04:00,25,93,0.447,87,0,1011,0.2
2025-07-12,05:00,25.56,93,0.8941,44,0,1011,0
2025-07-12,06:00,25.56,93,1.788,108,0,1012,2.8
2025-07-12,07:00,26.11,93,0.8941,63,26,1012,0.3
2025-07-12,08:00,26.67,91,0.8941,101,109,1012,0
2025-07-12,09:00,27.78,90,0.8941,158,219,1013,0.5
2025-07-12,10:00,27.78,85,2.235,139,193,1013,0
2025-07-12,11:00,28.89,79,2.235,139,319,1013,0
2025-07-12,12:00,30,76,2.682,145,734,1013,0
2025-07-12,13:00,30,76,2.235,123,417,1012,0
2025-07-12,14:00,30,75,1.788,154,297,1012,0
2025-07-12,15:00,30,74,1.341,161,258,1012,0
2025-07-12,16:00,30,79,0.8941,71,158,1011,0
2025-07-12,17:00,28.89,79,0.447,275,114,1011,0
2025-07-12,18:00,28.89,83,0.8941,84,66,1011,0
2025-07-12,19:00,28.89,86,1.788,109,13,1011,0
2025-07-12,20:00,28.33,86,1.788,109,0,1012,0
2025-07-12,21:00,28.33,82,1.788,113,0,1012,0
2025-07-12,22:00,28.89,80,2.235,127,0,1012,0
2025-07-12,23:00,28.89,80,1.788,123,0,1013,0
2025-07-13,00:00,28.89,81,1.788,122,0,1012,0
2025-07-13,01:00,28.89,82,1.788,124,0,1012,0
2025-07-13,02:00,28.89,82,1.788,127,0,1011,0
2025-07-13,03:00,28.89,81,1.788,126,0,1011,0
2025-07-13,04:00,28.89,83,1.788,126,0,1011,0
2025-07-13,05:00,28.33,83,1.341,124,0,1010,0
2025-07-13,06:00,27.22,86,1.341,111,0,1011,0
2025-07-13,07:00,28.33,82,1.341,123,21,1011,0
2025-07-13,08:00,29.44,78,1.788,131,144,1011,0
2025-07-13,09:00,29.44,80,2.235,144,211,1011,0
2025-07-13,10:00,29.44,79,2.235,138,323,1012,0
2025-07-13,11:00,30,76,2.682,157,374,1011,0
2025-07-13,12:00,31.11,69,3.129,149,943,1011,0
2025-07-13,13:00,31.11,71,2.682,144,590,1010,0
2025-07-13,14:00,31.11,64,2.682,149,628,1010,0
2025-07-13,15:00,31.11,66,2.682,156,579,1009,0
2025-07-13,16:00,30.56,71,2.235,129,309,1009,0
2025-07-13,17:00,30,73,1.788,117,168,1009,0
2025-07-13,18:00,30,74,0.8941,120,70,1010,0
2025-07-13,19:00,29.44,75,0.8941,97,12,1010,0
2025-07-13,20:00,28.89,76,0.8941,102,0,1011,0
2025-07-13,21:00,28.33,79,0.447,95,0,1011,0
2025-07-13,22:00,28.33,80,0.447,105,0,1012,0
2025-07-13,23:00,27.22,84,0.447,99,0,1012,0
2025-07-14,00:00,26.67,86,0.447,28,0,1012,0
2025-07-14,01:00,27.22,85,0.447,176,0,1012,0
2025-07-14,02:00,27.22,86,0.447,327,0,1011,0
2025-07-14,03:00,27.78,82,0.8941,135,0,1011,0
2025-07-14,04:00,26.67,86,0.447,35,0,1010,0
2025-07-14,05:00,26.67,88,0.447,113,0,1010,0
2025-07-14,06:00,26.67,90,0.447,69,1,1010,0
2025-07-14,07:00,27.22,87,0.447,35,65,1010,0
2025-07-14,08:00,29.44,78,0.8941,137,232,1011,0
2025-07-14,09:00,30,76,1.788,122,386,1011,0
2025-07-14,10:00,30,77,1.788,113,400,1011,0
2025-07-14,11:00,30,76,2.682,112,411,1011,0
2025-07-14,12:00,30,76,2.235,112,388,1011,0
2025-07-14,13:00,30,74,3.129,108,639,1010,0
2025-07-14,14:00,30.56,74,2.682,110,606,1009,0
2025-07-14,15:00,30.56,73,3.129,108,713,1009,0
2025-07-14,16:00,30.56,76,3.129,117,555,1009,0
2025-07-14,17:00,30.56,76,2.682,113,288,1009,0
2025-07-14,18:00,30,77,2.235,109,122,1009,0
2025-07-14,19:00,29.44,78,1.788,105,28,1010,0
2025-07-14,20:00,28.89,78,1.788,119,0,1011,0
2025-07-14,21:00,28.89,81,2.235,116,0,1011,0
2025-07-14,22:00,28.89,80,1.788,126,0,1011,0
2025-07-14,23:00,28.89,81,1.788,128,0,1011,0
2025-07-15,00:00,28.89,81,1.788,121,0,1011,0
2025-07-15,01:00,28.33,82,1.788,126,0,1010,0
2025-07-15,02:00,28.33,82,1.341,122,0,1009,0
2025-07-15,03:00,28.33,84,0.8941,99,0,1009,0
2025-07-15,04:00,27.78,86,0.447,74,0,1009,0
2025-07-15,05:00,27.78,86,0.447,45,0,1010,0
2025-07-15,06:00,27.78,84,0.8941,125,2,1010,0
2025-07-15,07:00,28.33,81,0.8941,122,70,1011,0
2025-07-15,08:00,30,76,0.8941,52,258,1011,0
2025-07-15,09:00,30,76,2.235,102,422,1012,0
2025-07-15,10:00,30,75,2.682,90,639,1012,0
2025-07-15,11:00,30.56,72,2.682,99,814,1011,0
2025-07-15,12:00,31.11,67,2.682,100,917,1011,0
2025-07-15,13:00,31.11,70,3.129,94,932,1011,0
2025-07-15,14:00,31.11,74,3.129,94,879,1010,0
2025-07-15,15:00,29.44,86,3.129,93,421,1010,3.8
2025-07-15,16:00,28.89,80,1.788,70,432,1009,0
2025-07-15,17:00,29.44,80,2.235,86,349,1010,0
2025-07-15,18:00,28.89,79,2.235,84,163,1010,0
2025-07-15,19:00,28.89,82,1.788,86,32,1010,0
2025-07-15,20:00,28.33,84,1.341,94,0,1011,0
2025-07-15,21:00,27.78,80,1.341,96,0,1011,0
2025-07-15,22:00,27.78,83,2.235,110,0,1012,0
2025-07-15,23:00,27.78,83,2.235,116,0,1012,0
2025-07-16,00:00,27.78,86,1.341,103,0,1012,0
2025-07-16,01:00,27.78,84,2.235,114,0,1011,0
2025-07-16,02:00,27.78,83,1.788,113,0,1011,0
2025-07-16,03:00,28.33,84,1.788,118,0,1011,0
2025-07-16,04:00,27.78,82,1.788,120,0,1011,0
2025-07-16,05:00,27.78,86,1.341,118,0,1011,0
2025-07-16,06:00,27.22,87,0.8941,93,1,1011,0
2025-07-16,07:00,27.78,83,1.341,95,76,1011,0
2025-07-16,08:00,29.44,78,2.682,92,249,1011,0
2025-07-16,09:00,29.44,77,3.129,97,377,1012,0
2025-07-16,10:00,30,74,3.129,105,607,1012,0
2025-07-16,11:00,30.56,75,3.129,101,667,1012,0
2025-07-16,12:00,30,82,3.129,95,581,1012,0.3
2025-07-16,13:00,29.44,77,4.023,102,808,1012,0
2025-07-16,14:00,30,68,3.576,98,980,1011,0
2025-07-16,15:00,30.56,71,3.129,99,798,1011,0
2025-07-16,16:00,30.56,71,3.129,108,604,1010,0
2025-07-16,17:00,30.56,71,2.682,109,435,1010,0
2025-07-16,18:00,28.33,85,2.235,127,163,1011,8.3
2025-07-16,19:00,26.67,87,1.788,122,28,1011,0.3
2025-07-16,20:00,27.22,86,1.341,64,0,1012,0
2025-07-16,21:00,27.22,86,1.341,121,0,1012,0
2025-07-16,22:00,27.78,88,0.8941,99,0,1013,0
2025-07-16,23:00,27.78,87,0.447,37,0,1012,0
2025-07-17,00:00,27.78,89,0.447,52,0,1012,0
2025-07-17,01:00,27.22,90,0.8941,98,0,1012,0
2025-07-17,02:00,27.22,90,0.8941,58,0,1011,0
2025-07-17,03:00,27.22,89,0.447,93,0,1011,0
2025-07-17,04:00,27.22,89,0.447,101,0,1011,0
2025-07-17,05:00,27.22,88,0.8941,125,0,1011,0
2025-07-17,06:00,27.22,90,0.447,162,1,1011,0
2025-07-17,07:00,27.78,85,0.8941,67,107,1011,0
2025-07-17,08:00,28.89,78,1.341,91,224,1012,0
2025-07-17,09:00,30,75,2.235,104,440,1011,0
2025-07-17,10:00,30,75,2.682,103,531,1012,0
2025-07-17,11:00,30.56,75,3.129,103,761,1011,0
2025-07-17,12:00,30.56,74,3.576,100,846,1011,0
2025-07-17,13:00,31.11,73,3.129,101,880,1011,0
2025-07-17,14:00,31.11,74,3.129,99,819,1010,0
2025-07-17,15:00,31.11,74,3.129,107,621,1010,0
2025-07-17,16:00,31.11,74,3.129,102,613,1010,0
2025-07-17,17:00,30.56,76,2.682,107,319,1010,0
2025-07-17,18:00,29.44,77,1.788,95,147,1009,0
2025-07-17,19:00,29.44,80,1.341,109,24,1011,0
2025-07-17,20:00,28.89,80,1.788,108,0,1011,0
2025-07-17,21:00,28.33,80,1.788,108,0,1012,0
2025-07-17,22:00,28.33,79,2.682,114,0,1012,0
2025-07-17,23:00,28.33,79,2.235,109,0,1012,0
2025-07-18,00:00,28.33,83,1.341,129,0,1012,0
2025-07-18,01:00,28.33,84,1.341,116,0,1011,0
2025-07-18,02:00,27.78,83,0.8941,119,0,1011,0
2025-07-18,03:00,27.78,85,0.447,341,0,1010,0
2025-07-18,04:00,27.78,84,0.8941,61,0,1009,0
2025-07-18,05:00,27.78,83,0.447,126,0,1009,0
2025-07-18,06:00,27.78,84,0.447,69,0,1009,0
2025-07-18,07:00,27.78,85,0.447,44,42,1010,0
2025-07-18,08:00,28.89,83,0.8941,91,155,1011,0
2025-07-18,09:00,29.44,80,1.788,93,220,1011,0
2025-07-18,10:00,29.44,79,1.788,99,267,1011,0
2025-07-18,11:00,29.44,79,1.788,89,234,1011,0
2025-07-18,12:00,30,78,1.788,85,337,1011,0
2025-07-18,13:00,29.44,78,2.235,78,293,1011,0
2025-07-18,14:00,28.33,89,2.235,92,91,1011,0.8
2025-07-18,15:00,27.22,90,1.788,79,133,1010,0.7
2025-07-18,16:00,27.78,86,1.341,74,193,1009,0
2025-07-18,17:00,28.33,84,2.235,79,219,1009,0
2025-07-18,18:00,28.33,86,2.235,83,65,1009,0
2025-07-18,19:00,27.78,88,1.788,87,6,1010,0
2025-07-18,20:00,27.78,88,1.788,91,0,1010,0
2025-07-18,21:00,27.22,84,3.576,81,0,1011,0
2025-07-18,22:00,26.67,85,3.576,83,0,1011,0
2025-07-18,23:00,26.67,91,2.682,79,0,1011,0.5
2025-07-19,00:00,26.67,91,1.788,89,0,1011,0
2025-07-19,01:00,26.67,91,1.341,96,0,1010,0.3
2025-07-19,02:00,26.67,92,1.341,100,0,1009,0.7
2025-07-19,03:00,26.67,91,1.788,86,0,1008,0.3
2025-07-19,04:00,27.22,88,1.788,94,0,1008,0
2025-07-19,05:00,27.22,87,1.788,89,0,1008,0
2025-07-19,06:00,27.78,86,1.788,89,0,1008,0
2025-07-19,07:00,27.78,84,1.788,86,38,1009,0
2025-07-19,08:00,28.33,84,1.788,78,125,1009,0
2025-07-19,09:00,29.44,78,2.682,86,300,1010,0
2025-07-19,10:00,30,76,3.129,93,482,1010,0
2025-07-19,11:00,31.11,76,3.129,96,813,1010,0
2025-07-19,12:00,31.11,76,2.682,85,701,1009,0
2025-07-19,13:00,30.56,75,3.129,80,478,1009,0
2025-07-19,14:00,30,85,2.682,82,367,1008,0
2025-07-19,15:00,29.44,82,2.235,85,230,1008,0
2025-07-19,16:00,29.44,83,2.235,90,132,1007,0
2025-07-19,17:00,28.89,87,1.788,85,91,1008,0.5
2025-07-19,18:00,28.33,87,1.788,91,63,1008,0
2025-07-19,19:00,28.33,87,2.235,102,11,1008,0
2025-07-19,20:00,27.78,86,1.341,106,0,1009,0
2025-07-19,21:00,27.78,87,1.788,104,0,1009,0
2025-07-19,22:00,27.78,87,1.341,98,0,1009,0
2025-07-19,23:00,28.33,88,1.341,91,0,1010,0
2025-07-20,00:00,27.78,86,1.341,82,0,1009,0
2025-07-20,01:00,27.78,89,1.788,84,0,1009,0.3
2025-07-20,02:00,27.78,87,1.341,83,0,1008,0
2025-07-20,03:00,27.78,88,1.341,84,0,1008,0
2025-07-20,04:00,27.78,89,1.341,85,0,1007,0
2025-07-20,05:00,27.22,88,0.8941,106,0,1007,0
2025-07-20,06:00,27.78,87,1.341,113,1,1008,0
2025-07-20,07:00,27.78,88,1.341,95,73,1008,0.2
2025-07-20,08:00,27.22,88,2.235,107,164,1009,1.3
2025-07-20,09:00,26.67,91,1.341,211,47,1011,12.7
2025-07-20,10:00,25,94,1.341,95,21,1011,28.4
2025-07-20,11:00,25,94,0.8941,108,42,1011,0.3
2025-07-20,12:00,25,94,0.8941,83,62,1011,1
2025-07-20,13:00,26.11,93,1.788,72,170,1010,0.5
2025-07-20,14:00,26.11,92,2.682,88,181,1009,0.3
2025-07-20,15:00,26.67,89,2.235,84,209,1008,0
2025-07-20,16:00,27.22,86,2.235,74,243,1008,0
2025-07-20,17:00,27.78,85,2.235,91,187,1008,0
2025-07-20,18:00,27.78,85,2.235,114,100,1008,0
2025-07-20,19:00,27.78,85,0.8941,66,30,1008,0
2025-07-20,20:00,27.22,87,0.447,91,0,1009,0
2025-07-20,21:00,27.22,89,0.447,77,0,1009,0
2025-07-20,22:00,27.22,90,0.447,76,0,1010,0
2025-07-20,23:00,27.22,89,0.8941,95,0,1010,0
2025-07-21,00:00,27.22,87,0.8941,10,0,1010,0
2025-07-21,01:00,27.22,88,0.447,111,0,1009,0
2025-07-21,02:00,26.67,91,0.447,114,0,1009,0.2
2025-07-21,03:00,26.67,90,0.8941,128,0,1009,0
2025-07-21,04:00,26.67,89,0.447,87,0,1009,0
2025-07-21,05:00,26.67,88,0.8941,100,0,1009,0
2025-07-21,06:00,26.67,88,0.447,127,1,1009,0
2025-07-21,07:00,27.22,86,0.8941,121,40,1010,0
2025-07-21,08:00,28.33,86,1.341,113,114,1010,0
2025-07-21,09:00,28.89,80,1.788,111,278,1011,0.3
2025-07-21,10:00,29.44,84,2.682,122,477,1011,0
2025-07-21,11:00,29.44,77,2.682,132,665,1011,0
2025-07-21,12:00,30,75,3.129,117,901,1010,0
2025-07-21,13:00,30.56,77,2.682,111,623,1010,0
2025-07-21,14:00,30,77,2.235,125,245,1009,0
2025-07-21,15:00,29.44,78,2.235,117,273,1009,0
2025-07-21,16:00,30,76,1.788,112,444,1008,0
2025-07-21,17:00,30.56,78,2.682,111,487,1008,0
2025-07-21,18:00,29.44,82,2.235,112,172,1009,0
2025-07-21,19:00,29.44,82,2.235,104,58,1009,0
2025-07-21,20:00,28.89,83,1.788,112,0,1010,0
2025-07-21,21:00,28.89,82,1.788,117,0,1011,0
2025-07-21,22:00,28.89,82,1.341,117,0,1011,0
2025-07-21,23:00,28.89,83,1.788,113,0,1011,0
2025-07-22,00:00,28.89,83,1.341,116,0,1011,0
2025-07-22,01:00,28.33,84,1.788,116,0,1011,0
2025-07-22,02:00,27.78,90,2.235,126,0,1010,3.3
2025-07-22,03:00,26.67,89,1.341,161,0,1009,0
2025-07-22,04:00,26.67,88,1.788,163,0,1010,0
2025-07-22,05:00,26.67,88,0.8941,138,0,1009,0
2025-07-22,06:00,26.11,90,0.8941,33,0,1010,0.2
2025-07-22,07:00,26.11,90,0.8941,72,18,1010,0
2025-07-22,08:00,27.22,91,0.8941,44,55,1011,0
2025-07-22,09:00,27.22,90,1.341,69,109,1011,0
2025-07-22,10:00,27.78,88,0.8941,67,225,1011,0
2025-07-22,11:00,28.89,81,1.788,87,420,1011,0
2025-07-22,12:00,29.44,84,2.235,94,432,1010,0.3
2025-07-22,13:00,30,80,2.235,103,336,1010,0
2025-07-22,14:00,30,77,3.129,109,597,1009,0
2025-07-22,15:00,29.44,77,3.129,106,507,1009,0
2025-07-22,16:00,30,80,3.576,112,571,1008,0
2025-07-22,17:00,28.33,88,2.235,97,222,1008,1.8
2025-07-22,18:00,28.33,85,3.129,105,182,1009,0
2025-07-22,19:00,28.33,86,2.682,111,12,1009,0
2025-07-22,20:00,28.33,83,2.682,115,0,1009,0
2025-07-22,21:00,28.33,81,2.682,111,0,1010,0
2025-07-22,22:00,28.33,80,3.129,114,0,1010,0
2025-07-22,23:00,28.33,81,2.682,113,0,1011,0
2025-07-23,00:00,28.33,85,2.682,105,0,1010,0.2
2025-07-23,01:00,27.78,90,2.682,113,0,1009,1.8
2025-07-23,02:00,27.22,86,2.682,107,0,1009,0
2025-07-23,03:00,27.22,86,3.576,108,0,1008,0
2025-07-23,04:00,27.78,84,3.576,109,0,1008,0
2025-07-23,05:00,27.78,83,3.129,109,0,1008,0.2
2025-07-23,06:00,27.22,86,2.235,110,0,1008,2.1
2025-07-23,07:00,27.22,89,2.235,112,23,1009,1.8
2025-07-23,08:00,27.22,86,3.129,117,126,1009,2
2025-07-23,09:00,26.67,86,3.129,117,228,1010,0.5
2025-07-23,10:00,28.33,88,3.576,108,205,1010,1.5
2025-07-23,11:00,27.78,83,3.576,109,280,1009,0
2025-07-23,12:00,28.89,81,4.47,115,370,1009,0
2025-07-23,13:00,28.89,82,4.47,111,406,1009,0
2025-07-23,14:00,27.78,85,4.47,117,323,1008,1.8
2025-07-23,15:00,27.78,82,4.47,113,358,1008,0
2025-07-23,16:00,28.33,83,3.576,112,329,1007,0
2025-07-23,17:00,28.33,84,3.129,109,167,1007,0
2025-07-23,18:00,27.22,90,3.129,104,52,1007,1
2025-07-23,19:00,27.78,86,2.682,107,13,1007,0
2025-07-23,20:00,27.78,88,2.682,110,0,1008,0.3
2025-07-23,21:00,27.22,87,2.682,114,0,1008,0
2025-07-23,22:00,27.78,85,2.682,111,0,1008,0
2025-07-23,23:00,27.22,90,3.129,112,0,1008,1.2
2025-07-24,00:00,27.22,90,3.129,107,0,1008,0.3
2025-07-24,01:00,27.22,88,2.235,119,0,1008,0
2025-07-24,02:00,26.67,87,2.682,132,0,1007,0.8
2025-07-24,03:00,27.22,86,2.235,125,0,1007,0
2025-07-24,04:00,26.67,89,2.682,122,0,1006,1.2
2025-07-24,05:00,27.22,89,2.682,109,0,1006,0
2025-07-24,06:00,27.22,90,3.129,124,0,1006,2.3
2025-07-24,07:00,27.22,89,3.129,130,30,1007,0.8
2025-07-24,08:00,27.78,86,4.023,139,112,1007,0
2025-07-24,09:00,27.22,89,4.47,148,141,1008,0.2
2025-07-24,10:00,27.78,86,4.47,151,316,1008,0.3
2025-07-24,11:00,28.33,81,4.47,176,562,1008,0
2025-07-24,12:00,28.33,85,3.576,187,418,1008,0
2025-07-24,13:00,28.33,87,3.576,189,360,1007,0.5
2025-07-24,14:00,27.78,84,3.576,187,477,1007,0
2025-07-24,15:00,27.78,85,3.576,187,422,1007,0.2
2025-07-24,16:00,27.78,85,3.129,188,319,1007,0
2025-07-24,17:00,28.33,82,2.235,187,194,1007,0
2025-07-24,18:00,27.78,85,1.788,178,50,1007,0
2025-07-24,19:00,26.11,92,2.682,180,6,1008,7.9
2025-07-24,20:00,26.67,87,1.788,174,0,1008,0
2025-07-24,21:00,27.22,83,2.235,179,0,1008,0
2025-07-24,22:00,26.67,89,2.235,181,0,1009,0.3
2025-07-25,00:00,26.67,86,2.682,179,0,1009,1
2025-07-25,01:00,26.67,87,2.235,172,0,1008,0
2025-07-25,02:00,26.67,86,3.129,183,0,1008,0
2025-07-25,03:00,26.67,86,3.576,184,0,1008,1.5
2025-07-25,04:00,26.67,88,3.129,180,0,1008,1.3
2025-07-25,05:00,26.67,84,2.682,181,0,1007,0
2025-07-25,06:00,27.22,89,3.129,179,0,1007,2
2025-07-25,07:00,26.11,88,3.129,179,16,1008,0.3
2025-07-25,08:00,26.11,87,3.129,176,83,1008,1.2
2025-07-25,09:00,26.11,93,3.129,188,117,1009,11.7
2025-07-25,10:00,25,92,3.576,187,52,1009,5.1
2025-07-25,11:00,26.67,89,3.576,186,234,1009,0.3
2025-07-25,12:00,26.11,93,3.576,188,94,1009,15.2
2025-07-25,13:00,25,93,4.023,186,52,1009,9.4
2025-07-25,14:00,25.56,93,4.47,185,119,1008,4.3
2025-07-25,15:00,26.11,90,4.023,178,177,1008,1.3
2025-07-25,16:00,27.22,84,3.129,171,152,1007,0
2025-07-25,17:00,27.22,82,2.235,160,88,1007,0
2025-07-25,18:00,27.22,81,2.235,286,44,1007,0
2025-07-25,19:00,27.22,86,2.235,283,4,1008,0.7
2025-07-25,20:00,26.67,87,1.788,295,0,1008,0.3
2025-07-25,21:00,26.67,85,2.235,285,0,1009,1.5
2025-07-25,22:00,26.67,84,2.235,265,0,1009,0.5
2025-07-25,23:00,27.22,81,3.576,172,0,1009,0
2025-07-26,00:00,26.67,89,4.023,180,0,1009,5.4
2025-07-26,01:00,26.67,83,2.682,253,0,1008,0.2
2025-07-26,02:00,26.11,91,3.129,174,0,1008,4.8
2025-07-26,03:00,26.11,85,3.129,201,0,1007,1.1
2025-07-26,04:00,26.67,80,4.023,162,0,1007,0
2025-07-26,05:00,27.22,88,4.023,174,0,1007,2.2
2025-07-26,06:00,25.56,90,3.576,186,0,1007,5.9
2025-07-26,07:00,26.67,82,4.917,167,5,1007,0.2
2025-07-26,08:00,27.78,84,4.023,167,15,1007,1.1
2025-07-26,09:00,27.22,86,4.917,170,39,1007,0.5
2025-07-26,10:00,27.22,86,4.023,184,42,1007,0.5
2025-07-26,11:00,26.67,86,4.023,186,51,1007,1.2
2025-07-26,12:00,27.22,86,4.47,185,73,1006,0.8
2025-07-26,13:00,27.22,87,4.47,183,74,1006,1.3
2025-07-26,14:00,27.22,84,4.023,185,81,1005,0.5
2025-07-26,15:00,27.22,83,4.47,187,94,1005,0.2
2025-07-26,16:00,26.67,92,4.917,180,36,1005,5.4
2025-07-26,17:00,27.22,80,4.47,176,38,1004,0
2025-07-26,18:00,26.67,86,3.576,176,10,1005,1.2
2025-07-26,19:00,27.22,85,3.576,219,3,1006,0.6
2025-07-26,20:00,27.78,84,3.129,224,0,1006,0
2025-07-26,21:00,27.78,81,3.129,279,0,1006,0
2025-07-26,22:00,28.33,82,2.682,201,0,1006,0
2025-07-26,23:00,28.33,79,3.576,166,0,1007,0
2025-07-27,00:00,28.33,84,4.023,168,0,1006,0
2025-07-27,01:00,27.78,81,3.129,176,0,1005,0
2025-07-27,02:00,28.33,83,2.682,219,0,1005,0
2025-07-27,03:00,27.22,83,2.682,256,0,1005,0
2025-07-27,04:00,27.78,79,2.682,176,0,1006,0
2025-07-27,05:00,27.22,88,3.129,198,0,1005,0.2
2025-07-27,06:00,27.78,83,2.682,169,0,1005,0
2025-07-27,07:00,28.33,81,2.682,169,9,1005,0
2025-07-27,08:00,28.33,84,3.129,161,33,1006,0
2025-07-27,09:00,27.78,83,2.235,268,51,1006,0
2025-07-27,10:00,27.22,88,2.682,278,95,1007,2.8
2025-07-27,12:00,28.33,82,2.235,283,162,1007,0.3
2025-07-27,13:00,28.33,84,2.682,231,159,1006,0
2025-07-27,14:00,27.78,86,3.129,270,124,1006,0
2025-07-27,15:00,27.78,86,2.235,222,191,1006,0
2025-07-27,16:00,27.22,89,2.235,286,139,1006,2.5
2025-07-27,17:00,27.22,87,2.235,287,108,1006,0
2025-07-27,18:00,27.78,87,2.682,165,36,1006,0
2025-07-27,19:00,27.78,84,2.235,160,7,1007,0
2025-07-27,20:00,27.78,84,2.682,166,0,1007,0.2
2025-07-27,21:00,28.33,86,2.682,180,0,1008,0
2025-07-27,22:00,27.78,87,2.682,184,0,1008,0
2025-07-27,23:00,27.78,84,3.129,183,0,1008,0
2025-07-28,00:00,27.78,86,2.235,185,0,1008,0
2025-07-28,01:00,27.78,87,2.682,185,0,1008,0.6
2025-07-28,02:00,27.22,90,2.682,210,0,1008,7.1
2025-07-28,03:00,27.22,86,2.235,198,0,1007,0.5
2025-07-28,04:00,27.78,85,2.235,180,0,1007,0
2025-07-28,05:00,27.78,87,2.682,182,0,1007,0
2025-07-28,06:00,28.33,80,2.682,163,0,1008,0.2
2025-07-28,07:00,28.89,80,1.788,155,31,1008,0
2025-07-28,08:00,28.89,84,2.682,180,99,1009,0
2025-07-28,09:00,28.89,80,2.235,184,263,1009,0
2025-07-28,10:00,29.44,77,2.235,186,450,1009,0
2025-07-28,11:00,30,75,2.682,192,674,1009,0
2025-07-28,12:00,30,77,2.682,170,667,1009,0
2025-07-28,13:00,30,78,3.129,169,602,1009,0
2025-07-28,14:00,30,76,2.682,165,678,1009,0
2025-07-28,15:00,30,79,3.129,171,452,1008,0
2025-07-28,16:00,29.44,79,2.682,162,295,1008,0
2025-07-28,17:00,29.44,82,3.129,179,188,1008,0.3
2025-07-28,18:00,27.22,88,1.788,181,98,1008,1
2025-07-28,21:00,27.78,85,2.682,176,0,1009,0
2025-07-28,22:00,28.33,86,2.682,169,0,1010,0
2025-07-28,23:00,27.78,86,1.788,178,0,1010,0
2025-07-29,01:00,27.78,88,1.788,189,0,1010,0
2025-07-29,02:00,28.33,89,1.788,185,0,1010,0
2025-07-29,03:00,27.78,88,1.788,183,0,1009,0
2025-07-29,04:00,27.78,89,2.235,181,0,1009,0
2025-07-29,05:00,27.78,89,1.788,183,0,1009,0
2025-07-29,06:00,27.78,88,2.235,181,0,1009,0
2025-07-29,07:00,27.78,85,1.788,186,68,1010,0
2025-07-29,08:00,28.89,83,1.788,188,239,1011,0
2025-07-29,09:00,29.44,81,1.788,187,390,1012,0
2025-07-29,10:00,30,77,1.788,173,516,1011,0
2025-07-29,11:00,30.56,77,1.788,173,872,1012,0
2025-07-29,12:00,30.56,75,1.788,170,861,1012,0
2025-07-29,13:00,31.11,76,2.235,184,864,1011,0
2025-07-29,14:00,31.11,74,1.788,185,875,1011,0
2025-07-29,15:00,31.11,75,2.235,190,632,1010,0
2025-07-29,16:00,31.11,77,1.788,185,467,1010,0
2025-07-29,17:00,30.56,79,1.341,163,197,1010,0
2025-07-29,18:00,30,83,1.788,167,81,1011,0
2025-07-29,19:00,29.44,84,1.788,187,24,1011,0
2025-07-29,20:00,29.44,85,1.341,189,0,1011,0
2025-07-29,21:00,28.89,86,1.341,189,0,1012,0
2025-07-29,22:00,28.89,87,1.788,184,0,1013,0
2025-07-29,23:00,28.89,87,1.788,181,0,1013,0
2025-07-30,00:00,28.89,88,1.788,174,0,1013,0
2025-07-30,01:00,28.33,88,1.788,174,0,1012,0
2025-07-30,02:00,28.33,89,2.235,178,0,1012,0
2025-07-30,03:00,28.33,89,1.788,186,0,1011,0
2025-07-30,04:00,28.33,89,1.788,186,0,1011,0
2025-07-30,05:00,28.33,89,2.235,186,0,1011,0
2025-07-30,06:00,28.33,89,1.788,181,0,1011,0
2025-07-30,07:00,28.33,89,1.788,186,35,1011,0
2025-07-30,08:00,28.89,86,1.341,197,207,1011,0
2025-07-30,09:00,29.44,81,1.341,187,401,1010,0
2025-07-30,10:00,30,83,1.341,276,422,1010,0
2025-07-30,11:00,30,81,0.8941,268,481,1011,0
2025-07-30,12:00,30.56,81,1.341,268,737,1011,0
2025-07-30,13:00,30.56,80,1.341,262,716,1011,0
2025-07-30,14:00,30.56,80,1.341,288,679,1010,0
2025-07-30,15:00,30.56,81,1.341,284,360,1010,0
2025-07-30,16:00,30,80,1.341,273,344,1010,0
2025-07-30,17:00,30,82,1.341,289,181,1011,0
2025-07-30,18:00,29.44,82,0.8941,283,107,1011,0
2025-07-30,19:00,29.44,84,0.8941,275,16,1011,0
2025-07-30,20:00,28.89,88,0.8941,73,0,1011,0.5
2025-07-30,21:00,27.78,91,0.8941,112,0,1012,0.3
2025-07-30,22:00,27.78,92,0.447,85,0,1012,0
2025-07-30,23:00,27.22,91,0.447,120,0,1012,0
2025-07-31,00:00,27.22,90,0.447,80,0,1012,0
2025-07-31,01:00,26.67,84,0.8941,107,0,1012,0
2025-07-31,02:00,27.78,75,1.788,122,0,1011,0
2025-07-31,03:00,28.33,79,1.341,143,0,1011,0
2025-07-31,04:00,27.78,85,0.8941,153,0,1011,0
2025-07-31,05:00,27.78,85,0.8941,171,0,1011,0
2025-07-31,06:00,27.78,84,1.341,172,0,1011,0
2025-07-31,07:00,28.33,83,0.8941,96,60,1011,0
2025-07-31,08:00,29.44,78,0.8941,302,256,1011,0
2025-07-31,09:00,30,73,1.341,199,491,1012,0
2025-07-31,10:00,30.56,70,1.788,176,615,1012,0
2025-07-31,11:00,31.11,73,1.341,282,686,1012,0
2025-07-31,12:00,31.11,73,1.788,288,892,1011,0
2025-07-31,13:00,31.11,72,1.341,313,744,1011,0
2025-07-31,14:00,31.11,70,1.341,333,564,1010,0
2025-07-31,15:00,31.11,70,1.341,342,693,1009,0
2025-07-31,16:00,30.56,73,1.341,11,269,1009,0
2025-07-31,17:00,31.11,70,1.341,317,363,1009,0
2025-07-31,18:00,30,74,1.788,100,178,1010,0
2025-07-31,19:00,29.44,77,1.341,99,21,1010,0
2025-07-31,20:00,28.89,80,0.8941,70,0,1011,0
2025-07-31,21:00,28.33,81,0.8941,71,0,1011,0
2025-07-31,22:00,27.78,83,0.447,31,0,1012,0
2025-07-31,23:00,27.78,84,0.447,110,0,1013,0
2025-08-01,00:00,27.78,86,1.341,164,0,1013,0
2025-08-01,01:00,26.67,90,0.8941,140,0,1012,4.5
2025-08-01,02:00,26.67,91,0.8941,105,0,1011,0
2025-08-01,03:00,26.11,93,0.447,112,0,1011,0
2025-08-01,04:00,26.11,93,0.8941,110,0,1011,0
2025-08-01,05:00,26.11,93,0.8941,109,0,1011,3.3
2025-08-01,06:00,26.11,92,1.341,91,0,1011,0
2025-08-01,07:00,26.67,89,1.341,84,43,1011,0
2025-08-01,08:00,27.78,85,1.341,77,244,1012,0
2025-08-01,09:00,29.44,83,1.788,87,379,1012,0
2025-08-01,10:00,29.44,83,1.788,93,315,1012,0
2025-08-01,11:00,29.44,81,1.341,100,422,1013,0
2025-08-01,12:00,30.56,80,1.341,36,629,1012,0
2025-08-01,13:00,30.56,78,1.341,13,796,1011,0
2025-08-01,14:00,30.56,79,1.341,47,694,1010,0
2025-08-01,15:00,30.56,78,1.341,31,716,1010,0
2025-08-01,16:00,30,80,1.341,47,379,1010,0
2025-08-01,17:00,30,78,1.788,66,285,1009,0
2025-08-01,18:00,29.44,80,1.788,75,143,1009,0
2025-08-01,19:00,28.89,84,1.788,80,17,1010,0
2025-08-01,20:00,27.78,87,1.788,87,0,1011,0
2025-08-01,21:00,27.78,88,1.341,95,0,1011,0
2025-08-01,22:00,27.78,86,1.341,93,0,1012,0
2025-08-01,23:00,28.33,85,1.341,102,0,1012,0
2025-08-02,00:00,28.33,86,1.341,92,0,1011,0
2025-08-02,01:00,27.78,89,1.341,105,0,1011,0
2025-08-02,02:00,27.78,90,1.341,91,0,1011,0
2025-08-02,03:00,27.78,90,0.8941,97,0,1011,0
2025-08-02,04:00,27.78,91,0.8941,80,0,1010,0
2025-08-02,05:00,27.78,91,0.447,71,0,1010,0
2025-08-02,06:00,27.22,92,0.447,120,1,1011,4.1
2025-08-02,07:00,26.67,93,0.447,52,38,1011,0
2025-08-02,08:00,28.33,89,0.8941,83,273,1011,0
2025-08-02,09:00,29.44,80,2.235,95,475,1012,0
2025-08-02,10:00,30.56,74,2.235,88,656,1011,0
2025-08-02,11:00,30.56,74,2.235,96,811,1011,0
2025-08-02,12:00,31.11,75,2.682,96,927,1011,0
2025-08-02,13:00,31.11,74,2.682,101,876,1010,0
2025-08-02,14:00,31.11,73,3.129,96,892,1010,0
2025-08-02,15:00,31.11,73,2.682,96,776,1009,0
2025-08-02,16:00,30.56,75,2.235,93,309,1009,0
2025-08-02,17:00,30.56,77,2.682,96,308,1009,0
2025-08-02,18:00,30,80,2.235,107,172,1009,0
2025-08-02,19:00,28.89,84,1.788,106,31,1010,0.5
2025-08-02,20:00,28.89,85,1.341,114,0,1010,0
2025-08-02,21:00,28.33,86,1.341,116,0,1011,0
2025-08-02,22:00,27.78,90,0.8941,85,0,1011,0.3
2025-08-02,23:00,27.78,89,1.341,128,0,1012,0
2025-08-03,00:00,27.78,88,1.341,125,0,1012,0
2025-08-03,01:00,27.78,87,1.341,126,0,1011,0
2025-08-03,02:00,27.22,87,0.8941,116,0,1011,0
2025-08-03,03:00,27.22,87,0.8941,115,0,1010,0
2025-08-03,04:00,27.78,86,1.341,112,0,1010,0
2025-08-03,05:00,27.78,87,1.341,122,0,1010,0
2025-08-03,06:00,27.22,89,0.8941,127,1,1011,0
2025-08-03,07:00,27.22,87,1.341,132,43,1011,0
2025-08-03,08:00,28.33,80,1.788,149,239,1012,0
2025-08-03,09:00,28.89,80,2.235,151,431,1012,0
2025-08-03,10:00,29.44,75,3.129,132,642,1012,0
2025-08-03,11:00,30.56,71,2.682,135,729,1012,0
2025-08-03,12:00,30.56,70,2.682,144,596,1012,0
2025-08-03,13:00,30.56,79,2.682,131,488,1011,0.7
2025-08-03,14:00,30,73,3.129,124,825,1011,0
2025-08-03,15:00,30.56,75,3.129,121,623,1011,0
2025-08-03,16:00,30.56,74,3.129,122,598,1011,0
2025-08-03,17:00,30,77,2.682,114,336,1011,0
2025-08-03,18:00,30,78,2.682,118,185,1011,0
2025-08-03,19:00,28.89,83,1.788,125,18,1012,0
2025-08-03,20:00,28.89,83,1.788,124,0,1012,0
2025-08-03,23:00,28.33,85,1.341,105,0,1013,0
2025-08-04,00:00,28.33,83,1.788,106,0,1013,0
2025-08-04,01:00,28.33,84,1.341,96,0,1012,0
2025-08-04,02:00,27.78,87,0.447,20,0,1012,0
2025-08-04,03:00,27.78,88,0.8941,87,0,1011,0
2025-08-04,04:00,27.78,85,1.341,112,0,1012,0
2025-08-04,05:00,27.78,86,0.8941,94,0,1012,0
2025-08-04,06:00,27.78,89,1.341,93,0,1012,0
2025-08-04,07:00,27.78,85,1.341,84,55,1012,0
2025-08-04,08:00,28.89,82,1.788,82,141,1013,0
2025-08-04,09:00,28.89,80,2.682,94,435,1013,0.3
2025-08-04,10:00,29.44,79,3.129,85,585,1013,0
2025-08-04,11:00,30,77,4.023,88,809,1013,0
2025-08-04,12:00,30,77,4.47,89,889,1012,0
2025-08-04,13:00,30.56,76,4.023,98,938,1012,0
2025-08-04,14:00,30.56,77,3.576,95,727,1011,0
2025-08-04,15:00,30,80,3.576,98,398,1011,0
2025-08-04,16:00,30,78,3.576,98,468,1011,0
2025-08-04,17:00,30,78,3.129,107,329,1011,0
2025-08-04,18:00,30,82,3.576,103,206,1011,0.2
2025-08-04,19:00,28.33,87,2.235,110,12,1011,0
2025-08-04,20:00,28.33,87,1.788,98,0,1012,0
2025-08-04,21:00,28.33,88,1.788,101,0,1013,0.5
2025-08-04,22:00,28.33,87,1.788,105,0,1013,0
2025-08-04,23:00,27.78,90,1.341,112,0,1013,7.9
2025-08-05,00:00,26.67,92,0.8941,104,0,1013,0
2025-08-05,01:00,26.11,92,2.235,95,0,1013,8.1
2025-08-05,02:00,26.11,93,0.8941,318,0,1012,0.3
2025-08-05,03:00,26.11,93,0.447,152,0,1012,0
2025-08-05,04:00,26.11,94,0.447,70,0,1011,0.2
2025-08-05,05:00,26.67,95,0.447,115,0,1011,0
2025-08-05,06:00,26.67,94,0.447,93,0,1012,0
2025-08-05,07:00,26.67,94,0.447,87,13,1012,0
2025-08-05,08:00,27.22,91,2.235,86,33,1013,0
2025-08-05,09:00,26.67,91,1.341,97,66,1013,0.3
2025-08-05,10:00,28.33,85,1.788,86,449,1013,0
2025-08-05,11:00,30,80,2.682,94,712,1013,0
2025-08-05,12:00,30.56,78,3.129,96,840,1013,0
2025-08-05,13:00,30.56,74,3.129,96,797,1012,0
2025-08-05,14:00,30.56,76,3.129,100,612,1011,0
2025-08-05,15:00,30.56,77,3.129,89,669,1010,0
2025-08-05,16:00,30.56,77,3.129,85,522,1009,0
2025-08-05,17:00,30,78,3.576,81,352,1009,0
2025-08-05,18:00,28.89,82,2.682,85,112,1010,0
2025-08-05,19:00,28.33,81,2.682,93,35,1011,0
2025-08-05,20:00,28.33,80,1.788,83,0,1012,0
2025-08-05,21:00,27.78,72,0.8941,114,0,1012,0
2025-08-05,22:00,28.33,77,0.8941,76,0,1013,0
2025-08-05,23:00,28.33,80,2.235,111,0,1013,0
2025-08-06,00:00,28.33,83,2.682,107,0,1013,0
2025-08-06,01:00,27.78,84,2.235,105,0,1012,0
2025-08-06,02:00,26.67,86,2.682,123,0,1012,0.3
2025-08-06,03:00,26.11,87,2.682,105,0,1011,0
2025-08-06,04:00,26.11,84,1.341,4,0,1011,0
2025-08-06,05:00,26.67,84,0.8941,49,0,1011,0
2025-08-06,06:00,26.67,84,1.341,59,0,1011,0
2025-08-06,07:00,27.22,84,0.8941,90,73,1011,0
2025-08-06,08:00,28.89,79,0.8941,84,284,1012,0
2025-08-06,09:00,30.56,76,1.341,83,472,1012,0
2025-08-06,10:00,30.56,73,1.341,252,576,1012,0
2025-08-06,11:00,31.11,73,2.235,103,823,1012,0
2025-08-06,12:00,31.67,70,1.788,135,868,1011,0
2025-08-06,13:00,31.67,69,1.788,130,560,1011,0
2025-08-06,14:00,29.44,79,1.341,274,137,1011,0
2025-08-06,15:00,29.44,82,1.341,61,303,1011,0
2025-08-06,16:00,29.44,83,1.341,62,143,1010,0
2025-08-06,17:00,28.33,88,1.341,42,49,1011,12.1
2025-08-06,18:00,26.67,90,0.8941,2,63,1011,2.3
2025-08-06,19:00,27.22,92,0.8941,87,20,1011,0.3
2025-08-06,20:00,27.22,92,0.8941,113,0,1011,0
2025-08-06,22:00,26.67,90,0.8941,115,0,1012,0
2025-08-06,23:00,27.22,90,0.8941,107,0,1012,0
2025-08-07,00:00,27.22,90,0.8941,118,0,1012,0
2025-08-07,01:00,26.67,91,0.447,84,0,1012,0
2025-08-07,02:00,26.67,92,0.447,117,0,1011,0
2025-08-07,03:00,26.11,92,0.447,133,0,1011,0
2025-08-07,04:00,26.11,92,0.447,126,0,1010,0
2025-08-07,05:00,26.67,92,0.447,119,0,1010,0
2025-08-07,06:00,26.67,92,0.447,111,0,1011,0
2025-08-07,07:00,26.67,91,0.447,143,20,1011,0
2025-08-07,08:00,27.22,88,0.447,155,107,1011,0
2025-08-07,09:00,28.33,85,0.447,214,219,1012,0
2025-08-07,10:00,28.89,81,0.8941,275,388,1012,0
2025-08-07,11:00,29.44,79,1.341,284,475,1012,0
2025-08-07,12:00,30,77,1.341,281,686,1012,0
2025-08-07,13:00,30,76,1.341,283,531,1011,0
2025-08-07,14:00,30,76,0.8941,278,329,1011,0
2025-08-07,15:00,30,75,0.8941,278,528,1011,0
2025-08-07,16:00,30,75,0.8941,279,426,1011,0
2025-08-07,17:00,30,75,1.341,282,386,1011,0
2025-08-07,18:00,30,77,0.8941,310,165,1011,0
2025-08-07,19:00,29.44,81,0.8941,317,43,1011,0
2025-08-07,20:00,28.89,83,0.8941,340,0,1012,0
2025-08-07,21:00,28.33,86,0.447,70,0,1013,0
2025-08-07,22:00,27.78,88,0.447,89,0,1013,0
2025-08-07,23:00,27.78,89,0.447,104,0,1013,0
2025-08-08,00:00,27.78,89,0.447,112,0,1013,0
2025-08-08,01:00,27.78,89,0.447,105,0,1013,0
2025-08-08,02:00,27.22,89,0.447,117,0,1012,0
2025-08-08,03:00,27.22,89,0.447,123,0,1012,0
2025-08-08,04:00,27.22,89,0.447,107,0,1011,0
2025-08-08,05:00,26.67,88,0.447,122,0,1011,0
2025-08-08,06:00,26.67,87,0.447,115,0,1011,0
2025-08-08,07:00,26.67,87,0.447,74,42,1012,0
2025-08-08,08:00,28.33,80,0.8941,199,235,1012,0
2025-08-08,09:00,30,73,1.341,155,470,1012,0
2025-08-08,10:00,30.56,68,1.788,169,591,1013,0
2025-08-08,11:00,31.67,66,1.788,174,794,1013,0
2025-08-08,12:00,31.11,74,1.341,127,338,1013,0
2025-08-08,13:00,30,76,1.341,338,288,1012,0
2025-08-08,14:00,30.56,70,1.341,17,411,1011,0
2025-08-08,15:00,30.56,72,2.235,114,456,1011,0
2025-08-08,16:00,30.56,75,2.235,106,461,1011,0
2025-08-08,17:00,30,76,2.235,111,210,1011,0
2025-08-08,18:00,30,77,1.341,121,114,1012,0
2025-08-08,19:00,29.44,81,0.8941,84,22,1013,0
2025-08-08,20:00,28.89,83,0.8941,118,0,1013,0
2025-08-08,21:00,28.33,84,0.8941,98,0,1014,0
2025-08-08,22:00,28.33,85,0.447,79,0,1014,0
2025-08-08,23:00,27.22,86,0.447,86,0,1015,0
2025-08-09,00:00,27.22,87,0.447,341,0,1015,0
2025-08-09,01:00,27.22,88,0.447,116,0,1014,0
2025-08-09,02:00,26.67,90,0.447,108,0,1013,0
2025-08-09,03:00,26.11,92,1.341,94,0,1013,11.9
2025-08-09,04:00,25.56,93,0.447,124,0,1012,0
2025-08-09,05:00,25.56,94,0.447,100,0,1013,0
2025-08-09,06:00,26.11,95,0.447,125,1,1013,0
2025-08-09,07:00,26.67,93,0.8941,109,82,1013,0
2025-08-09,08:00,28.33,89,1.341,77,276,1014,0
2025-08-09,09:00,28.89,82,1.341,58,378,1014,0
2025-08-09,10:00,29.44,80,1.341,69,484,1014,0
2025-08-09,11:00,30,79,1.788,65,776,1014,0
2025-08-09,12:00,30.56,72,2.235,97,915,1013,0
2025-08-09,13:00,31.11,73,2.682,94,937,1013,0
2025-08-09,14:00,31.11,66,3.129,105,898,1012,0
2025-08-09,15:00,31.11,65,2.682,104,773,1012,0
2025-08-09,16:00,31.11,64,2.235,115,621,1012,0
2025-08-09,17:00,31.11,68,2.235,97,435,1011,0
2025-08-09,18:00,30.56,74,1.788,87,196,1011,0
2025-08-09,19:00,29.44,81,1.341,83,26,1012,3.1
2025-08-09,20:00,28.33,86,0.8941,98,0,1013,0
2025-08-09,21:00,26.67,87,1.341,110,0,1013,3.5
2025-08-09,22:00,26.11,90,0.447,116,0,1013,0
2025-08-09,23:00,25.56,92,2.235,110,0,1014,10.4
2025-08-10,00:00,25.56,92,1.341,81,0,1013,0
2025-08-10,01:00,25.56,91,2.235,88,0,1012,0.3
2025-08-10,02:00,26.67,90,2.235,86,0,1011,0
2025-08-10,03:00,27.22,89,2.682,79,0,1010,0
2025-08-10,04:00,27.22,87,3.129,83,0,1009,0
2025-08-10,05:00,27.78,87,3.129,81,0,1009,0
2025-08-10,06:00,28.33,86,2.682,83,0,1009,0
2025-08-10,07:00,28.33,84,1.788,85,24,1010,0
2025-08-10,08:00,29.44,80,2.235,100,250,1010,0
2025-08-10,09:00,30,77,3.129,98,456,1011,0
2025-08-10,10:00,28.89,86,2.682,97,248,1011,3.3
2025-08-10,11:00,30,79,2.235,108,779,1011,0
2025-08-10,12:00,30,80,3.129,111,621,1011,1
2025-08-10,13:00,28.89,78,3.129,105,299,1010,0
2025-08-10,14:00,28.89,79,2.682,127,381,1010,0
2025-08-10,15:00,29.44,79,0.8941,163,162,1010,0
2025-08-10,16:00,28.89,85,0.8941,257,119,1010,0
2025-08-10,17:00,27.78,87,1.341,288,73,1009,0.8
2025-08-10,18:00,27.78,88,0.8941,301,86,1009,0
2025-08-10,19:00,27.22,90,0.8941,59,9,1010,0.5
2025-08-10,20:00,25.56,88,2.235,146,0,1011,0.5
2025-08-10,21:00,25.56,88,0.8941,22,0,1011,0.5
2025-08-10,22:00,25.56,89,0.447,140,0,1011,0
2025-08-10,23:00,25.56,88,0.447,91,0,1012,0
2025-08-11,00:00,26.11,87,0.447,88,0,1012,0
2025-08-11,01:00,26.67,88,0.8941,113,0,1011,0
2025-08-11,02:00,26.67,87,0.8941,140,0,1011,0
2025-08-11,03:00,26.67,89,0.8941,100,0,1009,0
2025-08-11,04:00,26.67,91,0.447,122,0,1009,0
2025-08-11,05:00,26.67,91,0.8941,109,0,1009,0
2025-08-11,06:00,26.67,89,1.341,81,0,1009,0
2025-08-11,07:00,26.67,88,0.447,21,30,1010,0
2025-08-11,08:00,27.22,82,1.341,99,170,1011,0
2025-08-11,09:00,28.89,75,2.235,106,464,1011,0
2025-08-11,10:00,29.44,76,2.235,96,637,1011,0
2025-08-11,11:00,30,76,1.341,80,558,1011,0
2025-08-11,12:00,30,78,1.341,318,632,1010,0
2025-08-11,13:00,30,75,1.341,341,504,1010,0
2025-08-11,14:00,30,75,2.235,84,469,1009,0
2025-08-11,15:00,30,74,2.682,99,649,1009,0
2025-08-11,16:00,30,75,2.682,89,518,1009,0
2025-08-11,17:00,29.44,72,2.235,105,253,1009,0
2025-08-11,18:00,28.89,74,2.235,77,118,1009,0
2025-08-11,21:00,28.33,79,2.235,116,0,1011,0
2025-08-11,22:00,27.78,79,2.682,119,0,1011,0
2025-08-11,23:00,27.78,82,2.682,116,0,1012,0
2025-08-12,00:00,27.78,84,3.129,112,0,1012,0
2025-08-12,01:00,27.78,83,2.682,116,0,1011,0
2025-08-12,02:00,27.78,83,2.235,114,0,1010,0
2025-08-12,03:00,27.78,84,0.8941,98,0,1009,0
2025-08-12,04:00,27.22,84,0.447,1,0,1009,0
2025-08-12,05:00,27.22,86,0.447,47,0,1010,0
2025-08-12,06:00,27.22,84,0.8941,93,0,1010,0
2025-08-12,07:00,27.78,82,1.341,124,29,1011,0
2025-08-12,08:00,27.78,84,1.341,102,29,1011,0
2025-08-12,09:00,27.22,82,2.235,97,88,1012,0
2025-08-12,10:00,28.33,75,3.129,110,520,1012,0
2025-08-12,11:00,28.33,86,3.576,101,289,1012,9.4
2025-08-12,12:00,26.11,90,2.682,84,383,1012,4.1
2025-08-12,13:00,27.78,80,2.682,95,744,1011,0.2
2025-08-12,14:00,28.89,80,3.129,100,545,1011,0
2025-08-12,15:00,28.89,82,2.682,95,413,1011,0
2025-08-12,16:00,28.33,80,1.788,80,295,1011,0
2025-08-12,17:00,28.33,80,1.341,51,183,1011,0
2025-08-12,18:00,28.33,83,1.341,89,75,1011,0
2025-08-12,19:00,27.78,83,1.341,105,8,1011,0
2025-08-12,20:00,27.78,84,0.8941,98,0,1011,0
2025-08-12,21:00,27.22,87,0.447,77,0,1012,0
2025-08-12,22:00,27.22,87,1.341,76,0,1012,0
2025-08-12,23:00,27.22,87,0.8941,82,0,1012,0
2025-08-13,00:00,27.22,87,0.8941,70,0,1012,0
2025-08-13,01:00,27.22,87,0.8941,102,0,1012,0
2025-08-13,02:00,27.22,87,0.8941,99,0,1011,0
2025-08-13,03:00,27.22,88,0.8941,29,0,1011,0
2025-08-13,04:00,26.67,89,0.447,75,0,1011,0
2025-08-13,05:00,26.11,87,2.235,105,0,1011,0
2025-08-13,06:00,26.11,83,1.341,69,0,1011,0
2025-08-13,07:00,26.11,80,0.8941,90,17,1012,0
2025-08-13,08:00,27.78,82,1.341,79,209,1012,0
2025-08-13,09:00,28.89,78,1.341,63,478,1012,0
2025-08-13,10:00,29.44,80,2.235,60,610,1013,0
2025-08-13,11:00,30,74,2.235,79,820,1012,0
2025-08-13,12:00,30.56,76,2.682,87,891,1012,0
2025-08-13,13:00,30,73,3.576,88,958,1011,0
2025-08-13,14:00,30.56,76,1.788,41,888,1011,0
2025-08-13,15:00,30,77,1.788,56,663,1010,0
2025-08-13,16:00,30,75,2.235,85,602,1009,0
2025-08-13,17:00,30,75,1.788,71,457,1009,0
2025-08-13,18:00,29.44,77,1.788,77,118,1010,0
2025-08-13,19:00,28.33,82,1.788,80,12,1010,0
2025-08-13,22:00,27.78,83,1.341,84,0,1012,0
2025-08-13,23:00,27.78,84,1.341,87,0,1012,0
2025-08-14,00:00,27.22,85,0.8941,88,0,1011,0
2025-08-14,01:00,27.22,86,1.341,88,0,1011,0
2025-08-14,02:00,27.22,86,0.8941,76,0,1011,0
2025-08-14,03:00,27.22,86,0.8941,96,0,1010,0
2025-08-14,04:00,27.22,87,0.8941,103,0,1010,0
2025-08-14,05:00,27.22,88,0.8941,91,0,1010,0
2025-08-14,06:00,26.67,87,0.8941,106,0,1010,0
2025-08-14,07:00,27.22,88,0.8941,88,24,1010,0
2025-08-14,08:00,29.44,79,0.8941,76,267,1011,0
2025-08-14,09:00,29.44,84,2.235,96,380,1011,0
2025-08-14,10:00,30,76,2.682,98,683,1012,0
2025-08-14,11:00,30.56,74,2.682,112,836,1011,0
2025-08-14,12:00,30.56,71,3.129,111,901,1011,0
2025-08-14,13:00,30.56,72,3.129,101,879,1011,0
2025-08-14,14:00,31.11,65,2.682,111,939,1010,0
2025-08-14,15:00,31.11,72,1.788,106,350,1009,0
2025-08-14,16:00,31.11,76,1.341,314,423,1009,0
2025-08-14,17:00,31.11,75,1.341,306,440,1009,0
2025-08-14,18:00,30,76,1.341,41,165,1009,0
2025-08-14,19:00,29.44,78,1.341,73,34,1009,0
2025-08-14,20:00,28.89,82,1.341,98,0,1010,0
2025-08-14,21:00,28.33,84,0.8941,109,0,1011,0
2025-08-14,22:00,28.33,85,0.8941,105,0,1011,0
2025-08-14,23:00,27.78,85,0.8941,108,0,1012,0
2025-08-15,00:00,27.78,85,0.8941,121,0,1012,0
2025-08-15,01:00,27.78,86,0.8941,110,0,1011,0
2025-08-15,02:00,27.22,85,0.8941,114,0,1011,0
2025-08-15,03:00,27.22,82,1.341,112,0,1011,0
2025-08-15,04:00,27.22,85,0.8941,40,0,1010,0
2025-08-15,05:00,27.22,86,0.8941,56,0,1009,0
2025-08-15,06:00,27.22,87,0.447,111,0,1009,0
2025-08-15,07:00,27.78,84,0.8941,118,46,1009,0
2025-08-15,08:00,28.89,80,0.8941,86,140,1010,0
2025-08-15,09:00,29.44,77,0.8941,114,252,1011,0
2025-08-15,10:00,30.56,73,1.788,101,100,1011,0
2025-08-15,11:00,30.56,77,1.788,262,296,1011,0
2025-08-15,12:00,30,76,1.341,328,252,1010,0
2025-08-15,13:00,30.56,75,2.235,98,319,1010,0
2025-08-15,14:00,30,74,2.235,104,247,1009,0
2025-08-15,15:00,30,77,2.235,107,213,1009,0
2025-08-15,16:00,28.33,87,1.788,118,66,1009,4.6
2025-08-15,17:00,27.78,90,0.8941,101,45,1009,0
2025-08-15,18:00,27.78,89,0.8941,73,105,1009,0
2025-08-15,19:00,28.33,89,0.8941,87,45,1010,0
2025-08-15,20:00,27.78,91,0.447,86,0,1011,0
2025-08-15,21:00,27.22,91,0.447,312,0,1012,0
2025-08-15,22:00,27.22,91,0.447,178,0,1012,0
2025-08-15,23:00,27.22,91,0.447,321,0,1012,0
2025-08-16,00:00,27.22,91,0.447,337,0,1012,0
2025-08-16,01:00,27.22,91,0.447,27,0,1012,1.8
2025-08-16,02:00,26.11,93,0.447,56,0,1011,0
2025-08-16,03:00,26.67,94,0.447,93,0,1011,0
2025-08-16,04:00,26.11,94,0.447,98,0,1011,0.2
2025-08-16,05:00,26.11,94,0.447,66,0,1011,0
2025-08-16,06:00,26.11,95,0.447,133,0,1011,0
2025-08-16,07:00,26.67,94,0.447,109,60,1011,0
2025-08-16,08:00,28.89,85,0.447,111,284,1012,0
2025-08-16,09:00,30,77,1.341,99,417,1012,0
2025-08-16,10:00,30.56,78,1.341,42,373,1013,0
2025-08-16,11:00,30.56,78,0.8941,311,283,1013,0
2025-08-16,12:00,31.11,75,0.8941,307,249,1013,0
2025-08-16,13:00,30.56,77,1.341,279,257,1012,0
2025-08-16,14:00,31.11,73,1.788,75,133,1012,0
2025-08-16,15:00,30,80,1.341,174,188,1012,0
2025-08-16,16:00,29.44,82,1.341,275,250,1012,0.3
2025-08-16,17:00,28.89,82,0.8941,239,190,1012,0
2025-08-16,18:00,28.89,85,0.8941,130,91,1012,0
2025-08-16,19:00,28.33,87,0.8941,102,15,1013,0.2
2025-08-16,20:00,27.78,88,0.8941,118,0,1013,0
2025-08-16,22:00,27.78,89,0.8941,80,0,1014,0
2025-08-16,23:00,28.33,88,1.341,83,0,1014,0
2025-08-17,00:00,27.78,88,1.341,99,0,1014,0
2025-08-17,01:00,28.33,88,1.341,88,0,1013,0.3
2025-08-17,02:00,27.78,89,1.341,108,0,1013,0
2025-08-17,03:00,27.78,88,1.341,97,0,1012,0
2025-08-17,04:00,27.78,87,1.341,84,0,1012,0
2025-08-17,05:00,28.33,87,1.788,85,0,1012,0
2025-08-17,06:00,27.78,89,1.341,100,0,1012,0
2025-08-17,07:00,28.33,86,1.788,90,64,1013,0
2025-08-17,08:00,29.44,80,2.682,83,249,1013,0
2025-08-17,09:00,30.56,77,3.129,93,528,1014,0
2025-08-17,10:00,31.11,75,3.576,91,488,1014,0
2025-08-17,11:00,31.11,75,3.576,90,676,1014,0
2025-08-17,12:00,31.11,74,3.129,93,465,1014,0
2025-08-17,13:00,31.67,72,3.129,88,605,1013,0
2025-08-17,14:00,31.67,75,3.129,94,671,1013,0
2025-08-17,15:00,31.67,73,3.129,86,773,1013,0
2025-08-17,16:00,31.67,76,3.129,92,605,1012,0
2025-08-17,17:00,31.11,76,3.129,99,408,1012,0
2025-08-17,18:00,31.11,76,2.682,96,149,1013,0
2025-08-17,19:00,29.44,85,1.788,92,15,1014,1
2025-08-17,21:00,28.33,89,1.341,101,0,1014,2.5
2025-08-17,22:00,27.78,88,2.235,105,0,1014,0.5
2025-08-17,23:00,28.33,90,1.341,101,0,1015,0
2025-08-18,00:00,28.33,91,1.341,101,0,1014,0
2025-08-18,01:00,28.33,89,1.788,94,0,1014,0
2025-08-18,02:00,28.33,88,1.341,102,0,1013,0
2025-08-18,03:00,28.33,86,1.788,103,0,1013,0
2025-08-18,04:00,27.78,88,1.788,103,0,1013,0
2025-08-18,05:00,27.22,90,1.788,104,0,1013,0.6
2025-08-18,06:00,27.78,88,1.788,111,0,1013,0
2025-08-18,07:00,28.33,85,2.235,101,48,1014,0
2025-08-18,08:00,29.44,81,2.682,94,193,1014,0.2
2025-08-18,09:00,30,80,2.235,111,321,1014,0
2025-08-18,10:00,30.56,78,3.129,86,591,1014,0
2025-08-18,11:00,30,75,3.129,95,675,1014,0
2025-08-18,12:00,31.11,75,2.235,76,529,1014,0
2025-08-18,13:00,31.11,76,2.235,79,699,1013,0
2025-08-18,14:00,31.11,75,2.682,77,597,1013,0
2025-08-18,15:00,31.11,76,3.129,78,612,1012,0
2025-08-18,16:00,31.11,76,3.576,91,438,1012,0
2025-08-18,17:00,31.11,77,3.576,96,347,1012,0
2025-08-18,18:00,30.56,77,3.129,89,144,1013,0
2025-08-18,20:00,28.89,82,2.235,92,0,1014,0
2025-08-18,21:00,28.89,83,2.682,100,0,1014,0
2025-08-18,22:00,29.44,81,3.129,111,0,1015,0
2025-08-18,23:00,28.33,88,3.129,120,0,1015,1
2025-08-19,00:00,27.22,88,2.682,139,0,1015,0
2025-08-19,01:00,27.22,86,2.235,124,0,1014,0
2025-08-19,02:00,27.22,86,1.341,114,0,1013,0
2025-08-19,03:00,27.22,85,1.788,115,0,1013,0
2025-08-19,04:00,27.78,85,1.341,121,0,1012,0
2025-08-19,05:00,27.22,88,1.341,130,0,1013,3.3
2025-08-19,06:00,27.22,88,0.8941,120,0,1013,0
2025-08-19,07:00,27.22,88,0.447,91,63,1013,0
2025-08-19,08:00,28.89,81,0.447,124,230,1014,0
2025-08-19,09:00,29.44,77,0.8941,58,327,1014,0
2025-08-19,10:00,30,79,1.341,75,407,1014,0
2025-08-19,11:00,30,74,1.788,95,452,1015,0
2025-08-19,12:00,30,74,2.682,87,594,1014,0
2025-08-19,13:00,30.56,73,3.129,90,728,1014,0
2025-08-19,14:00,30.56,72,2.682,82,757,1013,0
2025-08-19,15:00,30.56,76,2.682,77,614,1012,0
2025-08-19,16:00,30,77,1.788,91,310,1012,0
2025-08-19,17:00,29.44,81,1.788,91,152,1012,0
2025-08-19,18:00,28.89,84,2.235,83,58,1012,0
2025-08-19,19:00,28.33,83,2.235,85,8,1013,0
2025-08-19,21:00,28.33,79,2.682,104,0,1014,0
2025-08-19,22:00,28.33,81,2.235,103,0,1014,0
2025-08-19,23:00,28.89,80,0.8941,96,0,1015,0
2025-08-20,00:00,28.33,81,0.8941,110,0,1015,0
2025-08-20,01:00,28.33,79,0.8941,107,0,1014,0
2025-08-20,02:00,28.33,80,0.8941,103,0,1013,0
2025-08-20,03:00,28.33,78,1.341,112,0,1013,0
2025-08-20,04:00,27.78,81,0.8941,106,0,1012,0
2025-08-20,05:00,27.22,85,0.447,106,0,1012,0
2025-08-20,06:00,26.67,87,0.447,120,0,1012,0
2025-08-20,07:00,27.22,84,0.8941,106,56,1012,0
2025-08-20,08:00,29.44,77,1.341,77,202,1012,0
2025-08-20,09:00,30,75,2.235,72,176,1013,0
2025-08-20,10:00,30.56,73,2.682,94,6,1013,0
2025-08-20,11:00,31.11,68,2.682,92,41,1013,0
2025-08-20,12:00,31.11,70,3.129,97,480,1013,0
2025-08-20,13:00,31.11,69,3.129,99,678,1012,0
2025-08-20,14:00,31.11,69,3.129,94,573,1011,0
2025-08-20,15:00,31.11,71,3.129,92,590,1011,0
2025-08-20,16:00,30,73,2.682,92,359,1011,0
2025-08-20,17:00,28.89,78,2.682,92,443,1011,0.3
2025-08-20,18:00,29.44,79,1.788,90,152,1011,0
2025-08-20,19:00,28.89,83,1.341,96,18,1012,0
2025-08-20,20:00,28.33,83,1.341,85,0,1012,0
2025-08-20,21:00,28.33,83,1.341,89,0,1013,0
2025-08-20,22:00,28.33,83,1.788,93,0,1013,0
2025-08-20,23:00,28.33,83,1.788,93,0,1013,0
2025-08-21,00:00,28.33,83,1.788,89,0,1013,0
2025-08-21,01:00,28.33,84,1.788,87,0,1012,0
2025-08-21,02:00,28.33,84,1.788,87,0,1012,0
2025-08-21,03:00,26.67,90,1.788,99,0,1012,2
2025-08-21,04:00,26.67,91,0.8941,108,0,1011,0.3
2025-08-21,05:00,26.67,92,1.341,108,0,1011,0.5
2025-08-21,06:00,26.67,90,1.341,105,1,1012,0
2025-08-21,07:00,27.22,90,1.341,104,31,1012,0
2025-08-21,08:00,28.33,83,2.235,78,212,1013,0
2025-08-21,09:00,29.44,75,2.235,72,128,1013,0
2025-08-21,10:00,29.44,76,2.235,71,218,1013,0
2025-08-21,11:00,30,76,1.788,64,29,1013,0
2025-08-21,12:00,30,74,1.788,72,102,1012,0
2025-08-21,13:00,30.56,75,1.788,64,29,1011,0
2025-08-21,14:00,30.56,74,1.788,71,92,1011,0
2025-08-21,15:00,30.56,71,2.235,88,189,1011,0
2025-08-21,16:00,30.56,71,2.235,84,280,1011,0
2025-08-21,17:00,30.56,72,2.235,93,288,1010,0
2025-08-21,18:00,30,75,2.235,85,169,1010,0
2025-08-21,19:00,29.44,77,1.788,85,11,1010,0
2025-08-21,20:00,28.89,79,1.788,85,0,1011,0
2025-08-21,21:00,28.89,79,1.788,85,0,1011,0
2025-08-21,23:00,28.89,81,1.788,87,0,1012,0
2025-08-22,00:00,28.33,82,1.788,86,0,1012,0
2025-08-22,01:00,28.33,83,1.788,98,0,1011,0
2025-08-22,02:00,27.22,90,2.682,108,0,1010,11.4
2025-08-22,03:00,26.11,91,2.235,95,0,1010,5.6
2025-08-22,04:00,26.67,89,1.788,84,0,1010,0
2025-08-22,05:00,27.22,89,1.341,102,0,1010,0
2025-08-22,06:00,27.22,89,1.788,86,0,1010,0
2025-08-22,07:00,26.11,86,2.235,84,10,1010,0
2025-08-22,08:00,26.67,86,1.341,89,36,1011,0
2025-08-22,09:00,27.22,87,1.341,101,64,1011,0
2025-08-22,10:00,27.78,89,0.8941,156,56,1012,0.5
2025-08-22,11:00,27.78,88,0.8941,163,51,1012,0
2025-08-22,12:00,27.22,89,1.341,175,98,1011,0.5
2025-08-22,13:00,27.78,84,1.788,155,438,1011,0
2025-08-22,14:00,29.44,78,2.235,110,965,1009,0
2025-08-22,15:00,28.89,82,2.682,102,370,1010,0
2025-08-22,16:00,28.89,81,1.788,117,307,1010,0
2025-08-22,17:00,28.89,80,1.788,104,246,1009,0
2025-08-22,18:00,28.33,83,1.341,91,97,1009,0
2025-08-22,19:00,28.33,85,0.8941,72,8,1010,0
2025-08-22,21:00,27.22,87,0.8941,65,0,1011,0
2025-08-22,22:00,27.22,87,0.8941,93,0,1012,0
2025-08-22,23:00,27.22,86,0.8941,82,0,1012,0
2025-08-23,00:00,27.78,86,0.447,179,0,1012,0
2025-08-23,01:00,27.78,87,0.447,41,0,1011,0
2025-08-23,02:00,27.22,88,0.8941,101,0,1011,0
2025-08-23,03:00,27.22,89,0.447,123,0,1010,0
2025-08-23,04:00,27.22,89,0.447,99,0,1009,0
2025-08-23,05:00,26.67,87,1.788,108,0,1010,0.5
2025-08-23,06:00,25.56,88,3.576,106,0,1010,0
2025-08-23,07:00,25.56,87,2.235,84,12,1010,0
2025-08-23,08:00,26.67,88,1.341,63,142,1011,0
2025-08-23,09:00,27.78,84,1.341,65,287,1011,0
2025-08-23,10:00,28.89,77,1.788,88,543,1011,0
2025-08-23,11:00,29.44,77,2.235,87,459,1011,0
2025-08-23,12:00,30,75,2.235,93,91,1011,0
2025-08-23,13:00,28.89,78,4.023,106,395,1011,0
2025-08-23,14:00,28.33,80,1.788,88,259,1010,0
2025-08-23,15:00,28.33,82,1.341,81,256,1010,0
2025-08-23,16:00,28.33,84,1.788,85,236,1010,0
2025-08-23,17:00,28.33,83,1.788,85,266,1009,0
2025-08-23,18:00,28.33,85,1.788,95,80,1009,0
2025-08-23,19:00,27.78,87,1.341,93,9,1010,0
2025-08-23,20:00,27.78,87,1.341,77,0,1011,0
2025-08-23,21:00,27.78,87,1.341,78,0,1011,0
2025-08-23,22:00,27.78,87,0.8941,77,0,1011,0
2025-08-23,23:00,28.33,86,0.8941,75,0,1011,0
2025-08-24,00:00,28.33,86,0.8941,109,0,1011,0
2025-08-24,01:00,27.78,87,0.447,119,0,1011,0
2025-08-24,02:00,27.78,86,1.341,104,0,1010,0
2025-08-24,03:00,27.78,86,1.341,85,0,1010,0
2025-08-24,04:00,27.78,84,1.788,87,0,1009,0
2025-08-24,05:00,27.78,84,1.788,88,0,1009,0
2025-08-24,06:00,27.78,86,1.788,105,0,1009,0
2025-08-24,07:00,27.78,83,1.341,93,61,1010,0
2025-08-24,08:00,28.89,79,2.235,83,153,1011,0
2025-08-24,09:00,30,76,2.682,77,120,1011,0
2025-08-24,10:00,30.56,74,3.129,78,65,1011,0
2025-08-24,11:00,31.11,74,3.129,77,0,1011,0
2025-08-24,12:00,31.11,72,3.129,90,0,1011,0
2025-08-24,13:00,31.11,72,3.129,87,0,1011,0
2025-08-24,14:00,31.11,71,3.129,84,9,1010,0
2025-08-24,15:00,31.11,73,2.682,75,38,1009,0
2025-08-24,16:00,30,75,2.235,101,194,1009,0
2025-08-24,17:00,30.56,76,2.682,87,232,1009,0
2025-08-24,18:00,30,78,3.129,92,170,1009,0
2025-08-24,19:00,28.33,81,2.682,97,13,1010,0
2025-08-24,21:00,28.33,80,0.8941,60,0,1011,0
2025-08-24,22:00,28.33,83,0.8941,66,0,1011,0
2025-08-24,23:00,28.33,86,0.8941,67,0,1011,0
2025-08-25,00:00,28.33,87,0.8941,118,0,1011,0
2025-08-25,01:00,27.78,88,0.447,120,0,1011,0
2025-08-25,02:00,26.11,89,0.8941,120,0,1010,1.8
2025-08-25,03:00,26.67,91,0.447,88,0,1009,0
2025-08-25,04:00,26.67,91,0.447,95,0,1009,0
2025-08-25,05:00,27.22,91,0.8941,96,0,1009,0
2025-08-25,06:00,27.22,90,0.8941,111,0,1009,0
2025-08-25,07:00,27.22,90,0.8941,107,39,1009,0
2025-08-25,08:00,27.78,88,1.788,91,108,1010,0
2025-08-25,09:00,28.89,84,1.341,74,400,1011,0
2025-08-25,10:00,30,79,1.788,62,584,1011,0
2025-08-25,11:00,30.56,77,2.235,68,259,1011,0
2025-08-25,12:00,30.56,78,2.235,67,219,1011,0
2025-08-25,13:00,30.56,80,2.235,70,201,1010,0
2025-08-25,14:00,30,80,2.682,74,108,1009,0
2025-08-25,15:00,30,78,2.682,82,242,1008,0
2025-08-25,16:00,29.44,81,3.129,89,226,1008,0
2025-08-25,17:00,30,75,2.682,92,27,1008,0
2025-08-25,18:00,30,79,2.682,90,113,1008,0
2025-08-25,19:00,28.89,82,2.235,81,19,1008,0
2025-08-25,20:00,28.89,83,1.788,82,0,1009,0
2025-08-25,22:00,28.89,83,2.235,88,0,1009,0
2025-08-25,23:00,28.89,86,2.235,111,0,1010,0
2025-08-26,00:00,28.33,80,2.682,124,0,1010,0.3
2025-08-26,01:00,28.89,80,2.235,123,0,1009,0
2025-08-26,02:00,28.89,78,2.682,124,0,1009,0
2025-08-26,03:00,27.78,84,1.788,148,0,1008,0
2025-08-26,04:00,28.33,79,1.788,144,0,1008,0
2025-08-26,05:00,28.89,84,1.788,144,0,1008,1.2
2025-08-26,06:00,27.22,86,2.235,155,0,1008,1
2025-08-26,07:00,27.22,89,1.341,126,13,1008,5.4
2025-08-26,08:00,25,90,3.576,130,30,1009,11.4
2025-08-26,09:00,25,91,3.129,125,16,1010,4.1
2025-08-26,10:00,25,91,0.8941,285,30,1010,1.2
2025-08-26,11:00,25.56,92,0.447,308,45,1011,1.1
2025-08-26,12:00,26.11,91,0.8941,96,119,1011,0
2025-08-26,13:00,27.22,87,0.447,42,309,1009,0
2025-08-26,14:00,28.33,84,0.8941,51,404,1009,0
2025-08-26,15:00,28.89,82,1.341,50,309,1009,0
2025-08-26,16:00,29.44,79,1.341,43,402,1009,0
2025-08-26,17:00,29.44,81,1.341,67,228,1009,0
2025-08-26,18:00,28.89,84,1.788,83,46,1009,1
2025-08-26,19:00,27.22,91,1.788,103,3,1010,11.4
2025-08-26,20:00,26.11,90,1.788,74,0,1011,0
2025-08-26,22:00,26.67,88,0.8941,114,0,1012,0
2025-08-26,23:00,26.67,86,1.341,69,0,1012,0
2025-08-27,00:00,27.22,87,2.235,106,0,1011,0
2025-08-27,01:00,27.78,85,2.235,114,0,1011,0
2025-08-27,02:00,27.78,83,1.788,109,0,1010,0
2025-08-27,03:00,27.78,82,1.788,102,0,1009,0
2025-08-27,04:00,27.78,79,1.341,92,0,1009,0
2025-08-27,05:00,27.78,79,1.788,110,0,1009,0
2025-08-27,06:00,27.78,79,1.788,107,0,1009,0
2025-08-27,07:00,28.33,76,2.235,122,56,1009,0
2025-08-27,08:00,29.44,76,1.788,122,222,1010,0
2025-08-27,09:00,30,76,3.129,123,118,1010,0
2025-08-27,10:00,30.56,76,3.129,122,18,1010,0
2025-08-27,11:00,30.56,71,3.129,124,0,1010,0
2025-08-27,12:00,30.56,73,3.576,115,0,1009,0
2025-08-27,13:00,31.11,73,4.023,116,8,1008,0
2025-08-27,14:00,30.56,73,3.576,113,17,1008,0
2025-08-27,15:00,31.11,73,3.129,118,0,1008,0
2025-08-27,16:00,30.56,75,2.682,110,121,1008,0
2025-08-27,17:00,30.56,75,2.235,115,201,1008,0
2025-08-27,18:00,30.56,76,1.788,111,111,1008,0
2025-08-27,20:00,28.89,85,1.341,93,0,1010,0
2025-08-27,21:00,28.33,86,0.8941,48,0,1011,0
2025-08-27,22:00,27.78,90,1.341,77,0,1011,5.1
2025-08-27,23:00,27.78,92,0.447,6,0,1011,0
2025-08-28,00:00,27.22,94,1.341,94,0,1011,18.8
2025-08-28,01:00,25.56,94,0.8941,325,0,1011,7.6
2025-08-28,02:00,26.11,95,0.8941,87,0,1011,0.2
2025-08-28,03:00,26.11,95,0.8941,121,0,1010,0
2025-08-28,04:00,26.67,95,0.447,100,0,1010,0
2025-08-28,05:00,26.11,95,0.447,105,0,1010,0
2025-08-28,06:00,26.11,95,0.8941,124,0,1011,2.8
2025-08-28,07:00,25,95,0.447,101,10,1011,0
2025-08-28,08:00,25.56,95,0.447,112,40,1012,0
2025-08-28,09:00,26.67,93,1.341,96,66,1012,0
2025-08-28,10:00,27.22,91,1.788,83,187,1012,0
2025-08-28,11:00,27.78,89,2.235,83,178,1012,0
2025-08-28,12:00,27.78,91,1.788,93,141,1012,1.3
2025-08-28,13:00,26.67,90,2.682,99,121,1011,0.5
2025-08-28,14:00,26.67,89,3.576,114,53,1010,0
2025-08-28,15:00,26.67,90,1.341,174,55,1010,0
2025-08-28,16:00,26.67,87,0.8941,125,115,1010,0
2025-08-28,17:00,27.22,87,2.235,122,106,1010,0
2025-08-28,18:00,27.78,86,1.341,109,77,1010,0
2025-08-28,22:00,27.78,85,0.8941,85,0,1012,0
2025-08-29,00:00,27.78,83,1.788,98,0,1011,0
2025-08-29,01:00,28.33,83,2.235,85,0,1011,0
2025-08-29,02:00,28.33,84,2.682,88,0,1011,0
2025-08-29,03:00,28.33,83,2.235,90,0,1010,0
2025-08-29,04:00,28.33,84,2.235,84,0,1010,0
2025-08-29,05:00,28.33,84,2.235,81,0,1010,0
2025-08-29,06:00,28.33,83,2.235,86,0,1011,0
2025-08-29,07:00,28.33,84,2.682,84,33,1011,0
2025-08-29,08:00,29.44,81,3.129,86,214,1011,0
2025-08-29,09:00,30,79,3.129,86,385,1012,0
2025-08-29,10:00,30.56,76,3.576,93,533,1012,0
2025-08-29,11:00,30.56,76,3.576,99,658,1012,0
2025-08-29,12:00,30,78,3.129,101,409,1012,0.3
2025-08-29,13:00,31.11,77,3.576,103,496,1011,0
2025-08-29,14:00,29.44,81,3.129,107,256,1010,2.8
2025-08-29,15:00,30,82,3.576,104,205,1010,0
2025-08-29,16:00,28.89,79,3.129,111,169,1010,0
2025-08-29,17:00,30,81,2.682,89,45,1010,0
2025-08-29,19:00,29.44,82,2.235,106,6,1011,0
2025-08-29,22:00,28.89,82,2.235,104,0,1013,0
2025-08-29,23:00,28.33,83,2.682,100,0,1013,0
2025-08-30,00:00,27.78,88,2.235,94,0,1013,0
2025-08-30,01:00,27.22,92,1.788,73,0,1012,0.2
2025-08-30,02:00,27.22,92,1.341,79,0,1012,0
2025-08-30,03:00,27.78,91,1.341,84,0,1011,0
2025-08-30,04:00,27.78,89,1.788,86,0,1011,0
2025-08-30,05:00,27.78,87,1.788,98,0,1011,0
2025-08-30,06:00,27.78,86,1.788,103,0,1011,0
2025-08-30,07:00,28.33,88,1.788,102,31,1011,0
2025-08-30,08:00,28.89,85,2.235,102,151,1012,0
2025-08-30,09:00,30,81,2.682,95,347,1012,0
2025-08-30,10:00,30.56,79,3.129,95,514,1012,0
2025-08-30,11:00,30.56,77,3.576,92,531,1012,0
2025-08-30,12:00,30.56,78,3.576,94,285,1011,0
2025-08-30,13:00,27.78,90,3.129,160,97,1011,2.1
2025-08-30,14:00,25,91,1.341,238,18,1011,0.2
2025-08-30,15:00,25.56,90,1.341,74,8,1011,0.5
2025-08-30,16:00,25.56,91,1.341,78,13,1011,1
2025-08-30,17:00,25.56,92,1.341,89,21,1011,0.8
2025-08-30,18:00,25.56,92,0.8941,110,13,1012,0
2025-08-30,21:00,26.67,89,0.8941,33,0,1012,0.2
2025-08-30,22:00,27.22,87,0.8941,9,0,1012,0
2025-08-30,23:00,27.22,87,0.447,143,0,1013,0
2025-08-31,00:00,27.22,86,0.8941,21,0,1013,0
2025-08-31,01:00,27.78,84,0.8941,194,0,1013,0
2025-08-31,02:00,27.22,84,1.341,185,0,1012,0
2025-08-31,03:00,27.22,83,0.8941,144,0,1012,0
2025-08-31,04:00,27.22,82,0.8941,136,0,1011,0
2025-08-31,05:00,27.22,84,0.447,338,0,1012,0
2025-08-31,06:00,27.78,83,0.8941,247,0,1011,0
2025-08-31,07:00,27.78,84,2.235,180,14,1011,0
2025-08-31,08:00,28.33,83,2.235,183,52,1011,0
2025-08-31,09:00,28.33,83,1.788,174,179,1011,0
2025-08-31,10:00,30,77,2.235,179,427,1012,0
2025-08-31,11:00,30.56,75,2.682,180,517,1012,0
2025-08-31,12:00,30.56,73,3.129,179,767,1011,0
2025-08-31,13:00,31.67,68,2.682,170,345,1011,0
2025-08-31,14:00,31.67,69,2.682,140,240,1011,0
2025-08-31,15:00,31.67,70,2.682,125,115,1011,0
2025-08-31,16:00,31.11,72,2.682,126,3,1011,0
2025-08-31,17:00,31.11,70,3.129,124,0,1011,0
2025-08-31,18:00,30.56,75,2.235,123,91,1011,0
2025-08-31,20:00,29.44,76,0.8941,154,0,1012,0
2025-08-31,21:00,28.89,77,0.8941,327,0,1013,0
2025-08-31,22:00,28.89,80,0.8941,45,0,1013,0
2025-09-01,00:00,28.89,80,0.8941,132,0,1013,0
2025-09-01,01:00,28.33,81,0.8941,89,0,1012,0
2025-09-01,02:00,28.33,84,0.8941,104,0,1011,0
2025-09-01,03:00,27.22,88,0.447,99,0,1011,0
2025-09-01,04:00,26.67,89,0.447,113,0,1011,0
2025-09-01,05:00,26.67,90,0.447,119,0,1011,0
2025-09-01,06:00,26.67,90,0.447,120,0,1011,0
2025-09-01,07:00,26.67,89,0.447,123,28,1012,0
2025-09-01,08:00,28.89,76,0.447,145,0,1013,0
2025-09-01,09:00,29.44,76,0.8941,294,45,1013,0
2025-09-01,10:00,30,75,0.8941,311,41,1013,0
2025-09-01,11:00,30,75,1.341,323,0,1013,0
2025-09-01,12:00,30.56,75,1.341,327,0,1013,0
2025-09-01,13:00,30.56,74,1.341,332,0,1012,0
2025-09-01,14:00,29.44,75,1.341,228,158,1012,0
2025-09-01,15:00,30,74,0.8941,240,183,1011,0
2025-09-01,16:00,30.56,76,0.8941,25,213,1011,0
2025-09-01,17:00,30,77,1.341,38,168,1011,0
2025-09-01,18:00,29.44,80,1.341,14,70,1012,0
2025-09-01,19:00,27.78,91,3.576,61,4,1013,3.1
2025-09-01,22:00,26.67,91,2.235,88,0,1013,2
2025-09-01,23:00,26.67,87,1.788,89,0,1014,0
2025-09-02,00:00,26.67,86,1.788,89,0,1014,0
2025-09-02,01:00,27.22,85,2.235,81,0,1013,0
2025-09-02,02:00,27.22,85,2.682,86,0,1012,0
2025-09-02,03:00,27.22,85,2.682,89,0,1011,0
2025-09-02,04:00,27.78,86,2.235,85,0,1011,0
2025-09-02,05:00,27.78,84,2.682,84,0,1011,0
2025-09-02,06:00,28.33,84,2.682,86,0,1012,0
2025-09-02,07:00,27.22,88,4.47,111,22,1012,0.5
2025-09-02,08:00,26.67,80,4.023,115,111,1012,0
2025-09-02,09:00,28.89,79,3.576,105,229,1013,0
2025-09-02,10:00,28.89,80,2.682,95,192,1013,0
2025-09-02,11:00,28.89,77,3.576,93,323,1013,0
2025-09-02,12:00,29.44,75,3.576,102,255,1013,0
2025-09-02,13:00,29.44,74,4.47,106,42,1012,0
2025-09-02,14:00,30,73,3.576,110,146,1012,0
2025-09-02,15:00,30,78,3.129,103,138,1012,0
2025-09-02,16:00,28.89,78,3.129,110,81,1012,0
2025-09-02,17:00,28.89,80,2.682,114,62,1012,0
2025-09-02,18:00,28.89,77,2.682,115,57,1012,0
2025-09-02,19:00,28.89,77,1.788,111,5,1012,0
2025-09-02,20:00,28.89,77,1.788,108,0,1013,0
2025-09-02,21:00,28.89,79,1.341,110,0,1014,0
2025-09-02,22:00,28.89,82,1.341,115,0,1014,0
2025-09-02,23:00,28.33,80,1.341,109,0,1014,0
2025-09-03,00:00,28.33,82,0.8941,86,0,1013,0
2025-09-03,01:00,28.33,85,0.8941,93,0,1013,0
2025-09-03,02:00,27.78,90,1.341,109,0,1013,0.8
2025-09-03,03:00,27.22,91,0.8941,107,0,1012,0.3
2025-09-03,04:00,27.22,91,0.8941,120,0,1012,0
2025-09-03,05:00,27.22,90,0.8941,122,0,1012,0
2025-09-03,06:00,27.78,89,1.341,113,0,1012,0
2025-09-03,07:00,27.78,88,1.341,111,22,1013,0
2025-09-03,08:00,27.78,87,1.341,116,69,1013,0
2025-09-03,09:00,28.33,87,1.341,116,84,1014,0
2025-09-03,10:00,28.33,86,1.341,90,191,1014,0.2
2025-09-03,11:00,27.22,86,1.341,166,101,1014,2.3
2025-09-03,12:00,27.22,83,0.8941,197,124,1014,0
2025-09-03,13:00,27.78,84,0.8941,91,156,1013,0
2025-09-03,14:00,28.33,83,0.8941,69,150,1012,0
2025-09-03,15:00,28.89,82,1.341,87,181,1012,0
2025-09-03,16:00,28.33,82,1.788,89,155,1011,0
2025-09-03,17:00,27.78,84,1.341,89,75,1011,0
2025-09-03,18:00,27.78,86,0.8941,71,33,1012,0
2025-09-03,19:00,27.22,88,1.341,65,4,1012,0
2025-09-03,20:00,27.22,89,0.8941,105,0,1013,0
2025-09-03,21:00,27.22,89,1.341,108,0,1014,0
2025-09-03,22:00,27.22,89,0.8941,108,0,1014,0
2025-09-03,23:00,26.67,91,0.447,106,0,1014,0
2025-09-04,00:00,26.67,91,0.447,117,0,1014,0
2025-09-04,01:00,27.22,91,0.447,124,0,1013,0
2025-09-04,02:00,27.22,89,1.341,94,0,1013,0
2025-09-04,03:00,26.67,89,0.8941,129,0,1013,0
2025-09-04,04:00,27.22,90,0.447,188,0,1012,0.2
2025-09-04,05:00,26.67,92,0.447,226,0,1013,0.6
2025-09-04,06:00,26.67,93,0.447,108,0,1013,1
2025-09-04,07:00,26.11,94,0.447,105,8,1013,0.2
2025-09-04,08:00,27.22,94,0.447,121,89,1013,0
2025-09-04,09:00,28.33,89,1.788,89,300,1013,0
2025-09-04,10:00,28.89,83,2.682,90,424,1013,0
2025-09-04,11:00,30,76,3.576,87,755,1013,0
2025-09-04,12:00,30,77,3.576,87,603,1013,0
2025-09-04,13:00,30.56,75,3.576,95,771,1012,0
2025-09-04,14:00,30.56,75,3.129,97,50,1011,0
2025-09-04,15:00,30.56,75,3.129,98,275,1011,0
2025-09-04,16:00,30,75,2.682,93,106,1011,0
2025-09-04,17:00,30,77,2.682,83,99,1011,0
2025-09-04,18:00,29.44,80,2.235,86,88,1012,0
2025-09-04,19:00,28.89,80,2.235,82,5,1012,0
2025-09-04,21:00,28.33,84,1.341,76,0,1013,0
2025-09-04,22:00,28.33,85,1.341,89,0,1013,0
2025-09-04,23:00,27.78,86,0.8941,113,0,1013,0
2025-09-05,00:00,27.78,87,1.341,97,0,1013,0
2025-09-05,01:00,27.78,86,0.8941,90,0,1013,0
2025-09-05,02:00,27.78,87,0.8941,110,0,1012,0
2025-09-05,03:00,27.22,87,0.447,106,0,1012,0
2025-09-05,04:00,27.22,89,0.447,114,0,1011,0
2025-09-05,05:00,27.78,88,1.341,97,0,1011,0
2025-09-05,06:00,27.78,88,1.788,92,0,1011,0
2025-09-05,07:00,27.78,88,2.235,86,18,1012,0
2025-09-05,08:00,27.78,86,1.788,86,86,1012,0
2025-09-05,09:00,28.89,79,2.682,81,357,1013,0
2025-09-05,10:00,29.44,85,3.129,102,390,1013,0.3
2025-09-05,11:00,28.33,81,2.682,121,207,1013,0.2
2025-09-05,12:00,29.44,75,2.235,130,143,1012,0
2025-09-05,13:00,30.56,73,2.235,109,358,1012,0
2025-09-05,14:00,30.56,72,2.682,86,602,1011,0
2025-09-05,15:00,30,76,2.235,74,35,1011,0
2025-09-05,16:00,29.44,76,1.788,84,64,1011,0
2025-09-05,17:00,29.44,76,1.788,88,0,1011,0
2025-09-05,18:00,29.44,79,1.788,72,16,1011,0
2025-09-05,22:00,28.33,86,0.8941,77,0,1013,0
2025-09-05,23:00,28.33,85,0.8941,88,0,1013,0
2025-09-06,00:00,28.33,87,0.8941,99,0,1013,0
2025-09-06,01:00,27.78,87,0.8941,89,0,1013,0
2025-09-06,02:00,27.78,86,1.341,93,0,1012,0
2025-09-06,03:00,28.33,84,1.341,97,0,1012,0
2025-09-06,04:00,28.33,86,1.788,89,0,1011,0
2025-09-06,05:00,27.22,91,1.341,91,0,1011,4.6
2025-09-06,06:00,26.67,93,0.8941,121,0,1011,0.3
2025-09-06,07:00,27.22,91,1.341,102,48,1011,0
2025-09-06,08:00,28.89,84,2.235,86,266,1012,0
2025-09-06,09:00,30,81,2.235,76,355,1012,0
2025-09-06,10:00,30,78,2.682,82,122,1012,0
2025-09-06,11:00,30.56,77,3.576,85,115,1012,0
2025-09-06,12:00,30.56,74,3.576,91,455,1012,0
2025-09-06,13:00,30.56,74,3.576,99,741,1011,0
2025-09-06,14:00,30.56,75,3.576,99,604,1011,0
2025-09-06,15:00,30.56,76,2.682,103,123,1011,0
2025-09-06,16:00,30.56,75,3.129,99,33,1010,0
2025-09-06,17:00,30,77,2.682,86,166,1010,0
2025-09-06,18:00,30,79,2.235,90,107,1011,0
2025-09-06,19:00,29.44,80,1.788,93,14,1012,0
2025-09-06,20:00,28.89,83,1.341,98,0,1012,0
2025-09-06,21:00,28.33,86,1.341,104,0,1012,0
2025-09-06,22:00,28.33,84,1.788,111,0,1013,0
2025-09-06,23:00,28.33,83,1.341,112,0,1013,0
2025-09-07,00:00,28.33,85,0.8941,99,0,1013,0
2025-09-07,01:00,27.78,88,0.8941,30,0,1013,0
2025-09-07,02:00,27.22,87,0.8941,174,0,1012,0
2025-09-07,03:00,27.78,87,0.447,244,0,1011,0
2025-09-07,04:00,27.22,89,0.447,117,0,1011,0
2025-09-07,05:00,26.67,89,0.447,120,0,1011,0
2025-09-07,06:00,26.67,90,0.447,105,0,1011,0
2025-09-07,07:00,27.22,88,0.447,125,38,1012,0
2025-09-07,08:00,29.44,80,0.447,89,112,1012,0
2025-09-07,09:00,28.33,86,1.341,131,167,1013,2
2025-09-07,10:00,27.22,89,1.341,300,155,1013,5.3
2025-09-07,11:00,27.22,92,1.341,306,318,1012,4.8
2025-09-07,12:00,28.33,86,1.341,39,434,1011,0
2025-09-07,13:00,29.44,79,2.235,85,435,1010,0
2025-09-07,14:00,30.56,77,3.129,103,510,1010,0
2025-09-07,15:00,30.56,75,2.682,112,403,1009,0
2025-09-07,16:00,30.56,79,3.129,105,347,1009,0
2025-09-07,17:00,30,76,2.682,111,18,1010,0
2025-09-07,20:00,28.89,82,1.788,109,0,1011,0
2025-09-07,21:00,28.89,82,1.788,111,0,1012,0
2025-09-07,22:00,28.33,82,1.341,110,0,1012,0
2025-09-07,23:00,28.33,81,1.788,109,0,1013,0
2025-09-08,00:00,27.78,86,1.341,97,0,1012,0.3
2025-09-08,01:00,27.78,87,0.8941,85,0,1012,0
2025-09-08,02:00,27.22,88,0.447,92,0,1012,0
2025-09-08,03:00,27.78,87,0.8941,101,0,1011,0
2025-09-08,04:00,27.22,87,0.8941,68,0,1011,0
2025-09-08,05:00,27.78,86,1.341,85,0,1011,0
2025-09-08,06:00,27.22,87,0.8941,81,0,1011,0
2025-09-08,07:00,27.78,84,0.8941,73,32,1012,0
2025-09-08,08:00,29.44,76,1.341,86,169,1012,0
2025-09-08,09:00,30,75,1.788,92,43,1013,0
2025-09-08,10:00,30.56,72,1.788,92,368,1012,0
2025-09-08,11:00,31.11,67,1.788,87,416,1012,0
2025-09-08,12:00,31.11,75,1.788,38,549,1012,0
2025-09-08,13:00,31.11,75,1.788,49,257,1011,0
2025-09-08,14:00,31.11,71,2.235,78,79,1011,0
2025-09-08,15:00,31.11,71,2.235,93,295,1010,0
2025-09-08,16:00,30.56,72,1.341,137,158,1010,0
2025-09-08,17:00,30.56,75,1.341,92,121,1010,0
2025-09-08,18:00,29.44,76,1.788,102,69,1011,0
2025-09-08,19:00,29.44,80,0.8941,97,7,1011,0
2025-09-08,20:00,28.89,84,0.8941,109,0,1012,0
2025-09-08,21:00,28.33,84,0.447,94,0,1012,0
2025-09-08,22:00,27.78,86,0.447,90,0,1013,0
2025-09-08,23:00,27.78,86,0.447,113,0,1013,0
2025-09-09,00:00,27.78,87,0.8941,108,0,1012,0
2025-09-09,01:00,27.78,86,0.8941,97,0,1012,0
2025-09-09,02:00,27.78,87,0.447,108,0,1012,0
2025-09-09,03:00,27.78,88,0.8941,104,0,1011,0
2025-09-09,04:00,27.78,89,0.8941,120,0,1011,0
2025-09-09,05:00,27.78,88,1.341,103,0,1011,0
2025-09-09,06:00,26.67,87,1.788,94,0,1011,0
2025-09-09,07:00,27.22,83,0.8941,58,9,1011,0
2025-09-09,08:00,28.89,80,0.8941,84,0,1012,0
2025-09-09,09:00,30,78,2.235,90,0,1012,0
2025-09-09,10:00,30.56,75,2.682,95,0,1012,0
2025-09-09,11:00,30.56,78,3.129,97,70,1012,0
2025-09-09,12:00,28.33,83,2.682,104,218,1012,0.3
2025-09-09,13:00,28.33,82,2.682,70,17,1011,0
2025-09-09,14:00,30,74,2.235,71,0,1010,0
2025-09-09,15:00,30.56,75,2.682,94,39,1009,0
2025-09-09,16:00,30,77,2.235,87,235,1009,0
2025-09-09,17:00,30,79,2.235,83,123,1010,0
2025-09-09,18:00,29.44,80,2.235,83,83,1010,0
2025-09-09,19:00,28.89,81,1.788,83,8,1011,0
2025-09-09,20:00,28.33,86,1.788,81,0,1011,0.5
2025-09-09,21:00,28.33,84,2.235,87,0,1012,0
2025-09-09,22:00,27.22,82,2.682,110,0,1012,0
2025-09-09,23:00,27.78,85,1.788,102,0,1012,0
2025-09-10,00:00,28.33,87,1.788,101,0,1012,0
2025-09-10,01:00,26.67,88,1.788,101,0,1011,0
2025-09-10,02:00,27.22,89,1.341,78,0,1011,0
2025-09-10,03:00,27.78,89,1.341,98,0,1010,0
2025-09-10,04:00,27.78,86,0.8941,70,0,1010,0
2025-09-10,05:00,27.78,86,0.8941,103,0,1010,0
2025-09-10,06:00,27.78,87,0.8941,104,0,1011,0
2025-09-10,07:00,27.78,88,0.8941,68,21,1011,0
2025-09-10,08:00,27.78,87,1.788,76,114,1012,0
2025-09-10,09:00,28.89,83,1.788,73,48,1012,0
2025-09-10,10:00,30,82,1.341,73,0,1012,0.2
2025-09-10,11:00,30.56,76,2.682,85,0,1012,0
2025-09-10,12:00,30.56,77,3.129,104,0,1012,0
2025-09-10,13:00,30.56,78,2.682,100,71,1011,0
2025-09-10,14:00,30.56,75,2.682,92,0,1011,0
2025-09-10,15:00,31.11,74,3.129,100,0,1009,0
2025-09-10,16:00,30.56,76,3.129,97,105,1009,0
2025-09-10,17:00,30.56,79,2.682,90,79,1009,0
2025-09-10,18:00,29.44,82,1.788,83,54,1010,0
2025-09-10,19:00,28.89,88,1.341,91,4,1011,0.5
2025-09-10,20:00,28.33,90,0.8941,102,0,1011,0
2025-09-10,21:00,28.33,89,0.8941,102,0,1012,0
2025-09-10,22:00,28.33,89,0.8941,110,0,1012,0
2025-09-10,23:00,28.33,88,1.341,97,0,1012,0
2025-09-11,00:00,28.33,88,1.341,108,0,1012,0
2025-09-11,01:00,28.33,88,1.341,90,0,1011,0
2025-09-11,02:00,28.33,88,1.341,87,0,1011,0
2025-09-11,03:00,27.78,89,0.8941,95,0,1010,0
2025-09-11,04:00,27.78,89,0.8941,84,0,1009,0
2025-09-11,05:00,27.78,90,1.341,95,0,1009,0
2025-09-11,06:00,27.78,90,1.341,104,0,1010,0
2025-09-11,07:00,27.78,88,1.341,91,25,1010,0
2025-09-11,08:00,29.44,82,1.788,76,0,1011,0
2025-09-11,09:00,30,78,2.235,85,0,1011,0
2025-09-11,10:00,30.56,73,2.235,96,0,1011,0
2025-09-11,11:00,31.11,75,2.235,104,0,1011,0
2025-09-11,12:00,31.67,75,1.788,86,0,1010,0
2025-09-11,13:00,31.11,76,1.341,22,0,1010,0
2025-09-11,14:00,31.11,77,1.788,72,198,1009,0
2025-09-11,15:00,30,81,1.788,185,159,1009,0
2025-09-11,16:00,30,81,1.341,236,77,1008,0
2025-09-11,17:00,29.44,80,0.8941,94,43,1009,0
2025-09-11,18:00,28.89,86,0.8941,88,28,1009,0
2025-09-11,19:00,28.33,87,1.341,139,0,1009,0
2025-09-11,20:00,27.78,90,0.8941,75,0,1010,1
2025-09-11,21:00,26.67,92,0.8941,101,0,1011,2.3
2025-09-11,22:00,27.22,92,1.341,191,0,1012,0.8
2025-09-11,23:00,27.22,92,0.8941,173,0,1011,0.2
2025-09-12,00:00,27.22,93,0.8941,137,0,1011,0
2025-09-12,01:00,27.22,91,0.8941,158,0,1011,0
2025-09-12,02:00,27.22,93,0.447,82,0,1010,0.8
2025-09-12,03:00,27.22,93,0.8941,157,0,1010,0
2025-09-12,04:00,27.22,92,0.8941,133,0,1010,0
2025-09-12,05:00,26.67,92,0.8941,124,0,1010,0
2025-09-12,06:00,26.67,93,0.447,69,0,1011,0
2025-09-12,07:00,26.67,93,0.447,75,17,1011,0
2025-09-12,08:00,27.22,92,0.447,199,71,1012,0
2025-09-12,09:00,28.33,88,0.8941,63,295,1012,0
2025-09-12,10:00,29.44,82,1.341,23,568,1012,0
2025-09-12,11:00,30,78,1.341,14,318,1012,0
2025-09-12,12:00,30.56,80,1.341,50,125,1012,0
2025-09-12,13:00,30.56,73,1.788,77,199,1011,0
2025-09-12,14:00,30.56,76,2.235,72,79,1011,0
2025-09-12,15:00,30.56,77,1.788,81,0,1010,0
2025-09-12,16:00,30,76,1.341,121,70,1010,0
2025-09-12,17:00,30,76,1.341,110,106,1011,0
2025-09-12,18:00,29.44,76,1.341,100,84,1011,0
2025-09-12,19:00,28.89,82,1.341,104,6,1012,0
2025-09-12,20:00,28.33,85,0.8941,97,0,1012,0
2025-09-12,21:00,28.33,85,0.8941,98,0,1013,0
2025-09-12,22:00,28.33,86,0.447,39,0,1013,0
2025-09-12,23:00,27.78,90,0.8941,86,0,1013,0.5
2025-09-13,00:00,27.22,90,0.8941,94,0,1012,0
2025-09-13,01:00,27.78,90,0.8941,107,0,1012,0
2025-09-13,02:00,27.22,91,0.447,112,0,1011,0.3
2025-09-13,03:00,27.22,92,0.447,117,0,1011,0
2025-09-13,04:00,27.22,91,0.8941,100,0,1011,0
2025-09-13,05:00,27.22,91,0.447,108,0,1011,0
2025-09-13,06:00,27.22,91,0.447,69,0,1011,0
2025-09-13,07:00,26.67,90,0.8941,71,35,1012,0.2
2025-09-13,08:00,27.22,89,0.447,97,108,1012,0
2025-09-13,09:00,29.44,79,1.788,112,322,1013,0
2025-09-13,10:00,30,75,2.235,111,295,1013,0
2025-09-13,11:00,30.56,73,1.788,107,422,1013,0
2025-09-13,12:00,31.11,73,2.682,93,394,1012,0
2025-09-13,13:00,28.89,79,1.341,66,187,1012,1
2025-09-13,14:00,28.33,86,0.8941,325,143,1011,3.1
2025-09-13,15:00,28.89,83,0.8941,334,47,1011,0
2025-09-13,16:00,28.89,78,1.341,83,39,1011,0
2025-09-13,17:00,29.44,78,1.341,103,50,1011,0
2025-09-13,18:00,29.44,81,1.341,106,68,1011,0
2025-09-13,19:00,28.33,82,1.341,118,1,1012,0
2025-09-13,20:00,27.78,86,0.8941,73,0,1013,0.5
2025-09-13,21:00,27.22,89,0.8941,98,0,1013,0
2025-09-13,22:00,27.22,88,0.8941,85,0,1014,0
2025-09-13,23:00,27.78,86,0.8941,104,0,1013,0
2025-09-14,00:00,27.78,88,0.447,76,0,1013,0
2025-09-14,01:00,27.22,89,0.447,99,0,1012,0.5
2025-09-14,02:00,27.22,90,0.447,92,0,1012,0
2025-09-14,03:00,27.22,91,0.447,125,0,1012,0
2025-09-14,04:00,27.22,91,0.447,115,0,1012,0
2025-09-14,05:00,27.22,90,0.8941,107,0,1012,0
2025-09-14,06:00,27.22,89,1.341,100,0,1012,0
2025-09-14,07:00,27.78,87,1.788,96,41,1012,0
2025-09-14,08:00,28.89,83,1.788,81,181,1012,0
2025-09-14,09:00,29.44,81,2.682,79,341,1013,0
2025-09-14,10:00,30,81,3.129,81,251,1013,0
2025-09-14,11:00,28.33,84,2.682,84,297,1013,0.5
2025-09-14,12:00,29.44,79,3.129,83,342,1013,0
2025-09-14,13:00,30,75,4.023,83,541,1012,0
2025-09-14,14:00,30.56,78,3.576,95,654,1011,0
2025-09-14,15:00,29.44,80,3.129,98,172,1011,0
2025-09-14,16:00,29.44,81,2.682,83,130,1010,0
2025-09-14,17:00,29.44,81,2.682,80,124,1011,0
2025-09-14,18:00,28.89,82,2.682,82,51,1011,0
2025-09-14,21:00,28.89,82,1.788,86,0,1012,0
2025-09-14,22:00,28.89,82,2.235,86,0,1013,0
2025-09-14,23:00,27.78,88,1.788,83,0,1013,3.1
2025-09-15,00:00,26.67,91,0.447,94,0,1013,0.7
2025-09-15,01:00,27.22,92,1.341,101,0,1012,1.3
2025-09-15,02:00,27.22,92,1.341,102,0,1011,0
2025-09-15,03:00,26.67,93,0.8941,67,0,1011,1.8
2025-09-15,04:00,26.67,92,0.8941,66,0,1011,0
2025-09-15,05:00,26.11,92,1.341,99,0,1011,0
2025-09-15,06:00,26.11,90,1.341,90,0,1012,0
2025-09-15,07:00,26.67,90,1.341,90,30,1012,0
2025-09-15,08:00,27.22,87,1.788,79,117,1012,0
2025-09-15,09:00,27.78,89,1.341,116,52,1013,0
2025-09-15,10:00,27.78,89,0.8941,76,158,1013,0.2
2025-09-15,11:00,28.89,86,1.341,72,342,1013,0
2025-09-15,12:00,28.89,84,1.788,74,378,1013,0
2025-09-15,13:00,29.44,82,2.235,79,486,1012,0
2025-09-15,14:00,30,78,3.129,84,570,1011,0
2025-09-15,15:00,29.44,79,3.129,88,420,1010,0
2025-09-15,16:00,29.44,75,3.129,82,342,1011,0
2025-09-15,17:00,29.44,76,3.129,96,324,1011,0
2025-09-15,18:00,28.89,79,2.235,81,93,1011,0
2025-09-15,19:00,27.78,84,1.788,76,3,1011,0
2025-09-15,20:00,27.78,88,1.341,87,0,1012,0
2025-09-15,21:00,27.22,90,0.8941,95,0,1012,0
2025-09-15,22:00,27.22,89,1.341,82,0,1013,0
2025-09-15,23:00,26.67,88,1.341,89,0,1013,0
2025-09-16,00:00,26.67,89,0.8941,68,0,1012,0
2025-09-16,01:00,26.67,88,0.447,51,0,1012,0
2025-09-16,02:00,26.67,88,0.447,118,0,1011,0
2025-09-16,03:00,26.67,89,0.447,91,0,1010,0
2025-09-16,04:00,27.22,89,1.341,86,0,1009,0
2025-09-16,05:00,27.22,89,0.8941,91,0,1009,0
2025-09-16,06:00,27.22,90,1.341,90,0,1009,0
2025-09-16,07:00,27.78,87,1.341,93,42,1010,0
2025-09-16,08:00,28.89,80,1.788,98,253,1011,0
2025-09-16,09:00,28.89,81,2.682,117,227,1012,0
2025-09-16,10:00,29.44,78,2.235,125,309,1012,0
2025-09-16,11:00,30,75,2.235,126,334,1012,0
2025-09-16,12:00,30.56,76,2.682,135,510,1011,0
2025-09-16,13:00,31.11,72,3.576,142,308,1010,0
2025-09-16,14:00,30.56,76,3.576,145,423,1009,0.3
2025-09-16,15:00,30,75,3.129,146,119,1009,0
2025-09-16,16:00,30,76,2.682,136,36,1009,0
2025-09-16,17:00,29.44,77,2.235,172,0,1010,0
2025-09-16,18:00,28.89,77,1.788,169,6,1011,0
2025-09-16,19:00,28.89,81,1.341,134,2,1011,0
2025-09-16,20:00,27.78,82,0.8941,95,0,1012,0
2025-09-16,21:00,27.78,83,0.8941,103,0,1013,0
2025-09-16,22:00,27.78,80,0.8941,128,0,1013,0
2025-09-16,23:00,27.78,85,2.235,152,0,1013,0
2025-09-17,00:00,26.11,86,2.235,183,0,1013,0
2025-09-17,01:00,26.67,84,0.8941,171,0,1013,0
2025-09-17,02:00,26.67,82,0.447,96,0,1012,0
2025-09-17,03:00,27.22,82,0.447,100,0,1011,0
2025-09-17,04:00,26.67,85,0.447,86,0,1012,0
2025-09-17,05:00,26.67,87,0.447,337,0,1012,0
2025-09-17,06:00,27.22,86,0.8941,29,0,1011,0
2025-09-17,07:00,27.22,86,0.8941,104,31,1012,0
2025-09-17,08:00,28.89,81,1.341,73,117,1012,0
2025-09-17,09:00,29.44,74,2.235,103,380,1013,0
2025-09-17,10:00,30,76,2.682,103,288,1014,0
2025-09-17,11:00,30.56,74,2.682,105,468,1013,0
2025-09-17,12:00,30.56,77,2.235,111,416,1013,0
2025-09-17,13:00,29.44,79,1.788,139,206,1012,1.5
2025-09-17,14:00,26.11,90,1.788,59,93,1012,17
2025-09-17,15:00,26.11,91,2.682,176,61,1012,10.2
2025-09-17,16:00,26.11,90,3.129,146,34,1012,0.7
2025-09-17,17:00,25,91,1.341,104,15,1012,3.3
2025-09-17,18:00,25,91,0.8941,28,9,1013,1.1
2025-09-17,19:00,25.56,92,0.8941,45,1,1014,0.5
2025-09-17,20:00,25.56,92,0.8941,77,0,1014,0.5
2025-09-17,21:00,25.56,93,0.447,353,0,1014,0.5
2025-09-17,22:00,25.56,93,0.447,66,0,1014,0.2
2025-09-17,23:00,26.11,92,0.8941,58,0,1014,0
2025-09-18,00:00,26.67,91,0.8941,67,0,1013,0
2025-09-18,01:00,26.67,89,0.447,73,0,1013,0
2025-09-18,02:00,26.11,91,0.447,119,0,1013,0
2025-09-18,03:00,26.11,93,0.447,131,0,1012,0
2025-09-18,04:00,26.11,93,0.447,138,0,1012,0
2025-09-18,05:00,26.11,92,0.447,123,0,1012,0
2025-09-18,06:00,26.11,91,0.447,137,0,1012,0
2025-09-18,07:00,26.11,89,0.8941,132,42,1013,0
2025-09-18,08:00,27.78,84,1.341,102,226,1014,0
2025-09-18,09:00,28.89,78,2.235,89,343,1014,0
2025-09-18,10:00,29.44,78,3.129,86,408,1014,0
2025-09-18,11:00,29.44,82,2.682,97,325,1014,0
2025-09-18,12:00,29.44,75,2.682,97,207,1013,0
2025-09-18,13:00,30,76,2.682,105,368,1012,0
2025-09-18,14:00,30,76,2.682,101,319,1012,0
2025-09-18,15:00,30,76,2.682,103,323,1012,0
2025-09-18,16:00,30,77,2.235,100,216,1012,0
2025-09-18,17:00,26.11,87,3.129,82,57,1012,4.4
2025-09-18,18:00,26.11,87,0.8941,43,34,1012,0
2025-09-18,19:00,26.67,89,1.788,160,1,1013,2.2
2025-09-18,21:00,25,93,0.447,10,0,1014,15
2025-09-18,22:00,25.56,94,0.8941,202,0,1014,0.8
2025-09-18,23:00,25,94,2.235,189,0,1015,4.1
2025-09-19,00:00,24.44,93,1.341,210,0,1015,3
2025-09-19,01:00,24.44,91,1.341,148,0,1014,1
2025-09-19,02:00,23.89,87,2.235,129,0,1013,0.3
2025-09-19,03:00,24.44,78,1.788,118,0,1013,0
2025-09-19,04:00,25.56,83,0.8941,88,0,1013,0
2025-09-19,05:00,25,87,0.447,116,0,1013,0
2025-09-19,06:00,25.56,88,0.447,153,0,1012,0
2025-09-19,07:00,25.56,90,0.447,120,13,1013,0
2025-09-19,08:00,26.67,89,0.447,139,81,1014,0
2025-09-19,09:00,27.22,84,0.8941,66,249,1015,0
2025-09-19,10:00,28.89,78,0.8941,14,589,1015,0
2025-09-19,11:00,29.44,77,1.341,354,475,1014,0
2025-09-19,12:00,28.89,75,1.341,46,381,1013,0
2025-09-19,13:00,29.44,76,1.788,57,76,1013,0
2025-09-19,14:00,30,77,1.788,64,0,1012,0
2025-09-19,15:00,29.44,82,2.235,69,73,1011,0
2025-09-19,16:00,28.89,80,2.235,77,16,1011,0
2025-09-19,17:00,28.89,82,2.235,76,10,1011,0
2025-09-19,18:00,28.89,84,2.235,80,0,1012,0
2025-09-19,19:00,28.33,85,2.682,81,0,1012,0
2025-09-19,20:00,28.33,84,2.235,83,0,1012,0
2025-09-19,21:00,28.33,83,2.235,79,0,1012,0
2025-09-19,22:00,28.33,84,1.341,86,0,1012,0
2025-09-19,23:00,28.33,84,1.341,101,0,1013,0
2025-09-20,00:00,28.33,85,0.8941,88,0,1012,0
2025-09-20,01:00,28.33,85,0.8941,82,0,1011,0
2025-09-20,02:00,27.78,87,0.447,45,0,1011,0
2025-09-20,03:00,27.78,87,0.447,97,0,1010,0
2025-09-20,04:00,27.78,88,0.8941,129,0,1010,0
2025-09-20,05:00,27.22,89,0.8941,117,0,1010,0
2025-09-20,06:00,26.67,91,0.8941,130,0,1010,0.2
2025-09-20,07:00,27.22,92,0.447,97,38,1010,0
2025-09-20,08:00,28.33,88,0.8941,108,182,1011,0
2025-09-20,09:00,29.44,80,2.235,92,227,1011,0
2025-09-20,10:00,30,79,2.682,101,339,1012,0.3
2025-09-20,11:00,30,75,2.682,93,349,1011,0
2025-09-20,12:00,29.44,79,2.682,110,202,1011,0.2
2025-09-20,13:00,28.33,79,2.235,120,0,1010,0
2025-09-20,14:00,28.33,81,0.8941,95,0,1009,0
2025-09-20,15:00,28.89,82,1.341,88,0,1009,0
2025-09-20,16:00,28.89,83,1.341,79,0,1008,0
2025-09-20,17:00,29.44,83,1.341,81,5,1008,0
2025-09-20,18:00,28.89,84,1.341,85,61,1009,0
2025-09-20,19:00,27.78,82,1.341,100,1,1010,0
2025-09-20,20:00,27.78,86,0.8941,104,0,1011,0
2025-09-20,21:00,27.78,88,0.8941,115,0,1011,0
2025-09-20,22:00,27.78,85,0.8941,109,0,1012,0
2025-09-20,23:00,27.78,86,0.8941,139,0,1011,0
2025-09-21,00:00,27.22,86,1.341,112,0,1011,0.3
2025-09-21,01:00,26.11,87,0.8941,126,0,1011,0.5
2025-09-21,02:00,25,83,1.788,116,0,1011,0.8
2025-09-21,03:00,25,88,0.8941,106,0,1010,1.7
2025-09-21,04:00,26.11,91,0.447,191,0,1010,0.8
2025-09-21,05:00,26.11,90,1.788,63,0,1010,0
2025-09-21,06:00,26.11,88,1.341,78,0,1010,0
2025-09-21,07:00,26.11,90,1.788,96,22,1011,0
2025-09-21,08:00,26.67,87,2.235,87,129,1011,0
2025-09-21,09:00,27.78,85,2.682,89,347,1011,0
2025-09-21,10:00,28.89,81,3.129,96,466,1012,0
2025-09-21,11:00,28.89,75,2.682,92,463,1011,0
2025-09-21,12:00,29.44,75,3.129,94,622,1010,0
2025-09-21,13:00,30,76,3.129,95,565,1009,0
2025-09-21,14:00,29.44,80,3.129,99,0,1009,0
2025-09-21,15:00,28.89,79,2.682,103,0,1009,0
2025-09-21,16:00,28.89,82,2.682,92,0,1008,0
2025-09-21,17:00,28.89,81,2.235,102,0,1009,0
2025-09-21,18:00,28.33,80,1.788,109,1,1009,0
2025-09-21,20:00,28.33,83,1.341,108,0,1011,0
2025-09-21,22:00,28.33,84,0.8941,62,0,1012,0
2025-09-21,23:00,28.33,84,0.8941,73,0,1012,0.5
2025-09-22,00:00,27.78,88,0.8941,72,0,1011,0
2025-09-22,01:00,27.78,87,1.341,107,0,1011,0
2025-09-22,02:00,27.78,88,0.8941,110,0,1011,0
2025-09-22,03:00,27.78,85,0.8941,96,0,1010,0
2025-09-22,04:00,28.33,85,1.341,77,0,1010,0
2025-09-22,05:00,28.33,84,1.341,75,0,1009,0
2025-09-22,06:00,28.33,83,1.788,90,0,1009,0
2025-09-22,07:00,27.78,84,0.8941,98,16,1011,0
2025-09-22,08:00,28.33,84,0.8941,30,53,1011,0
2025-09-22,09:00,28.89,84,0.8941,60,109,1012,0
2025-09-22,10:00,28.89,83,1.341,81,163,1012,0
2025-09-22,11:00,28.33,86,1.788,78,247,1012,1.3
2025-09-22,12:00,28.89,81,2.682,93,375,1011,0
2025-09-22,13:00,29.44,79,2.682,95,316,1010,0
2025-09-22,14:00,29.44,81,1.788,64,100,1010,0
2025-09-22,15:00,29.44,81,2.682,94,0,1009,0
2025-09-22,16:00,28.89,83,3.129,98,0,1009,0
2025-09-22,17:00,28.89,84,3.129,101,0,1010,0
2025-09-22,18:00,28.33,86,2.682,90,3,1010,0
2025-09-22,20:00,27.78,85,2.235,87,0,1011,0
2025-09-22,21:00,27.78,85,1.788,86,0,1011,0
2025-09-22,22:00,27.78,85,1.788,90,0,1012,0
2025-09-22,23:00,27.78,86,1.341,83,0,1011,0
2025-09-23,00:00,27.78,86,0.8941,84,0,1011,0
2025-09-23,01:00,27.78,87,0.8941,107,0,1011,0
2025-09-23,02:00,27.78,88,0.8941,120,0,1010,0
2025-09-23,03:00,27.78,88,0.8941,105,0,1010,0
2025-09-23,04:00,26.67,89,0.8941,96,0,1009,0.2
2025-09-23,05:00,26.11,91,0.447,109,0,1009,0
2025-09-23,06:00,26.67,91,0.8941,92,0,1009,0
2025-09-23,07:00,27.22,89,0.8941,90,38,1010,0
2025-09-23,08:00,28.89,80,1.341,100,230,1011,0
2025-09-23,09:00,30,76,2.235,94,324,1011,0
2025-09-23,10:00,30,76,2.682,98,333,1011,0
2025-09-23,11:00,30.56,75,3.129,92,107,1011,0
2025-09-23,12:00,30.56,73,3.129,93,422,1011,0
2025-09-23,13:00,31.11,73,3.129,98,589,1010,0
2025-09-23,14:00,31.11,72,2.682,100,417,1009,0
2025-09-23,15:00,31.11,76,2.682,102,26,1009,0
2025-09-23,16:00,30.56,74,2.682,93,7,1009,0
2025-09-23,17:00,30.56,76,2.682,94,45,1009,0
2025-09-23,18:00,29.44,78,2.235,108,43,1009,0
2025-09-23,19:00,28.89,80,1.341,115,1,1010,0
2025-09-23,20:00,28.33,83,0.8941,93,0,1011,0
2025-09-23,21:00,27.78,83,0.8941,95,0,1011,0
2025-09-23,22:00,28.33,84,0.8941,87,0,1011,0
2025-09-23,23:00,27.78,86,0.8941,85,0,1011,0
2025-09-24,00:00,28.33,87,0.8941,82,0,1011,0
2025-09-24,01:00,27.78,87,0.8941,76,0,1011,0
2025-09-24,02:00,27.78,85,1.341,99,0,1010,0
2025-09-24,03:00,27.22,85,0.8941,95,0,1010,0
2025-09-24,04:00,27.78,87,0.8941,100,0,1009,0
2025-09-24,05:00,27.78,87,1.341,97,0,1009,0
2025-09-24,06:00,27.22,90,0.8941,99,0,1009,0
2025-09-24,07:00,27.78,88,0.8941,108,42,1010,0
2025-09-24,08:00,28.33,84,1.341,101,154,1010,0
2025-09-24,09:00,30,77,2.682,89,363,1011,0
2025-09-24,10:00,30.56,76,3.129,91,573,1011,0
2025-09-24,11:00,30.56,75,3.576,94,376,1010,0
2025-09-24,12:00,31.11,74,3.576,96,537,1010,0
2025-09-24,13:00,30.56,76,3.576,90,689,1009,0
2025-09-24,14:00,31.11,72,3.576,102,860,1009,0
2025-09-24,15:00,31.11,74,3.576,94,595,1008,0
2025-09-24,16:00,31.11,74,2.682,105,92,1008,0
2025-09-24,17:00,30.56,75,3.129,106,161,1009,0
2025-09-24,18:00,30,77,2.235,95,80,1009,0
2025-09-24,19:00,29.44,81,1.788,83,3,1009,0
2025-09-24,20:00,28.89,82,1.341,101,0,1010,0
2025-09-24,21:00,28.89,84,1.341,105,0,1011,0
2025-09-24,22:00,28.89,84,1.788,109,0,1011,0
2025-09-24,23:00,28.89,84,1.788,106,0,1011,0
2025-09-25,00:00,28.89,83,1.788,111,0,1011,0
2025-09-25,01:00,28.33,85,1.341,103,0,1011,0
2025-09-25,02:00,28.33,85,0.8941,99,0,1010,0
2025-09-25,03:00,28.33,86,0.8941,81,0,1010,0
2025-09-25,04:00,27.78,86,0.447,29,0,1010,0
2025-09-25,05:00,27.78,88,0.447,92,0,1010,0
2025-09-25,06:00,27.22,90,0.8941,92,0,1010,1.8
2025-09-25,07:00,27.22,92,0.447,345,25,1011,0
2025-09-25,08:00,28.33,88,0.447,116,18,1011,0
2025-09-25,09:00,29.44,78,1.788,102,68,1012,0
2025-09-25,10:00,30.56,76,1.788,113,34,1012,0
2025-09-25,11:00,31.11,72,2.235,96,0,1012,0
2025-09-25,12:00,31.11,71,2.682,89,0,1011,0
2025-09-25,13:00,31.11,72,2.235,90,0,1010,0
2025-09-25,14:00,31.11,72,2.682,91,7,1009,0
2025-09-25,15:00,31.11,71,2.682,88,201,1009,0
2025-09-25,16:00,31.11,74,2.235,98,461,1009,0
2025-09-25,17:00,30.56,75,1.788,91,106,1009,0
2025-09-25,18:00,30,76,1.788,85,107,1009,0
2025-09-25,19:00,29.44,78,0.8941,91,2,1010,0
2025-09-25,20:00,28.89,83,0.8941,101,0,1011,0
2025-09-25,21:00,28.33,83,0.447,83,0,1012,0
2025-09-25,22:00,27.78,89,0.8941,69,0,1012,0.3
2025-09-25,23:00,27.22,90,0.8941,73,0,1013,0
2025-09-26,00:00,27.22,91,0.8941,85,0,1012,0
2025-09-26,01:00,27.22,90,0.447,89,0,1012,0
2025-09-26,02:00,27.78,90,0.8941,107,0,1011,0
2025-09-26,03:00,27.22,91,1.341,92,0,1011,0.5
2025-09-26,04:00,27.22,92,0.8941,95,0,1011,0.2
2025-09-26,05:00,26.67,92,1.341,116,0,1011,3.3
2025-09-26,06:00,26.67,93,0.447,2,0,1011,0.3
2025-09-26,07:00,26.67,93,0.447,79,37,1012,0
2025-09-26,08:00,27.22,88,0.8941,65,108,1013,0.5
2025-09-26,09:00,28.89,82,1.341,106,1,1013,0
2025-09-26,10:00,30,76,1.341,123,0,1013,0
2025-09-26,11:00,30.56,73,1.788,139,0,1013,0
2025-09-26,12:00,31.11,69,2.682,170,0,1012,0
2025-09-26,13:00,31.67,66,2.235,173,0,1012,0
2025-09-26,14:00,32.22,63,2.235,174,0,1011,0
2025-09-26,15:00,31.11,76,1.788,177,162,1011,0
2025-09-26,16:00,30.56,75,1.341,200,43,1011,0
2025-09-26,17:00,30,77,1.341,205,71,1011,0
2025-09-26,18:00,29.44,81,0.8941,327,33,1012,0
2025-09-26,19:00,28.33,83,0.8941,284,1,1013,0
2025-09-26,20:00,28.33,86,0.8941,238,0,1013,0
2025-09-26,22:00,25.56,91,0.8941,90,0,1015,3
2025-09-26,23:00,26.11,91,0.447,151,0,1015,0
2025-09-27,00:00,26.11,88,1.341,143,0,1015,0
2025-09-27,01:00,26.67,86,0.8941,249,0,1014,0
2025-09-27,02:00,26.11,89,0.447,121,0,1013,0
2025-09-27,03:00,26.11,89,0.447,105,0,1013,0
2025-09-27,04:00,25.56,90,0.447,109,0,1013,0
2025-09-27,05:00,25.56,92,0.447,110,0,1013,0
2025-09-27,06:00,26.11,92,0.447,95,0,1014,0
2025-09-27,07:00,26.11,92,0.447,102,31,1015,0
2025-09-27,08:00,27.78,87,0.447,95,0,1015,0
2025-09-27,09:00,28.89,81,0.8941,287,0,1015,0
2025-09-27,10:00,29.44,80,0.8941,263,0,1015,0
2025-09-27,11:00,28.33,88,0.8941,347,58,1015,4.6
2025-09-27,12:00,28.33,86,0.8941,47,0,1015,0
2025-09-27,13:00,28.89,79,1.341,34,0,1014,0
2025-09-27,14:00,30,76,0.8941,342,0,1013,0.3
2025-09-27,15:00,28.89,83,0.8941,313,37,1013,2
2025-09-27,16:00,28.89,81,0.8941,184,0,1013,0
2025-09-27,17:00,29.44,76,0.8941,301,0,1013,0
2025-09-27,18:00,29.44,79,0.447,50,0,1013,0
2025-09-27,19:00,28.89,87,0.8941,112,0,1014,2
2025-09-27,20:00,27.78,91,0.8941,130,0,1014,0
2025-09-27,21:00,27.22,91,0.8941,96,0,1015,0
2025-09-27,22:00,27.22,89,1.341,110,0,1015,0
2025-09-27,23:00,27.22,87,0.8941,108,0,1014,0
2025-09-28,00:00,27.22,88,0.447,85,0,1014,0
2025-09-28,01:00,27.22,89,0.447,90,0,1013,0
2025-09-28,02:00,27.22,89,0.8941,95,0,1013,0
2025-09-28,03:00,27.22,90,1.788,83,0,1013,0.5
2025-09-28,04:00,26.67,89,1.341,96,0,1013,0
2025-09-28,05:00,27.22,88,1.788,98,0,1013,0
2025-09-28,06:00,27.22,87,1.341,93,0,1013,0
2025-09-28,07:00,27.78,88,1.341,91,15,1013,0
2025-09-28,08:00,28.33,83,1.788,88,94,1013,0.3
2025-09-28,09:00,29.44,77,2.682,86,375,1014,0
2025-09-28,10:00,30,76,2.682,96,561,1014,0
2025-09-28,11:00,30,79,2.235,97,267,1014,0
2025-09-28,12:00,29.44,80,1.788,99,70,1014,0
2025-09-28,13:00,29.44,80,1.788,98,202,1013,0
2025-09-28,14:00,27.22,87,2.235,188,112,1013,0
2025-09-28,15:00,27.22,87,0.8941,60,50,1012,0
2025-09-28,16:00,27.22,86,0.8941,144,62,1012,1.8
2025-09-28,17:00,26.11,92,2.235,116,5,1013,13.7
2025-09-28,18:00,25,92,2.682,185,2,1013,3
2025-09-28,19:00,25,92,2.235,99,0,1013,0.8
2025-09-28,20:00,25.56,89,2.235,103,0,1014,0
2025-09-28,21:00,26.11,88,2.235,86,0,1015,0
2025-09-28,22:00,26.67,87,3.576,96,0,1015,0
2025-09-28,23:00,26.67,87,1.788,92,0,1014,0
2025-09-29,00:00,26.67,87,1.788,102,0,1013,0
2025-09-29,01:00,26.67,87,0.8941,28,0,1013,0
2025-09-29,02:00,27.22,86,0.8941,136,0,1012,0
2025-09-29,03:00,27.22,84,1.788,116,0,1012,0
2025-09-29,04:00,27.22,86,1.341,113,0,1012,0
2025-09-29,05:00,27.22,86,0.447,96,0,1013,0
2025-09-29,06:00,26.67,88,0.447,114,0,1013,0
2025-09-29,07:00,26.67,90,0.8941,92,34,1013,0.2
2025-09-29,08:00,26.67,85,1.341,93,143,1013,0
2025-09-29,09:00,28.89,81,1.341,75,365,1013,0
2025-09-29,10:00,29.44,78,2.235,81,394,1013,0
2025-09-29,11:00,30,78,3.129,84,544,1013,0
2025-09-29,12:00,30.56,75,3.129,93,536,1013,0
2025-09-29,13:00,30.56,76,3.129,103,489,1012,0
2025-09-29,14:00,30.56,75,2.682,98,98,1011,0
2025-09-29,15:00,30.56,74,2.235,103,239,1011,0
2025-09-29,16:00,30.56,77,2.235,102,185,1011,0
2025-09-29,17:00,30,80,2.235,93,27,1011,0
2025-09-29,18:00,29.44,82,1.788,83,0,1011,0
2025-09-29,19:00,28.89,84,1.341,90,0,1011,0
2025-09-29,20:00,28.33,84,0.8941,97,0,1012,0
2025-09-29,21:00,28.33,84,0.8941,101,0,1012,0
2025-09-29,22:00,28.33,86,0.8941,102,0,1013,0
2025-09-29,23:00,28.33,86,0.8941,98,0,1013,0
2025-09-30,00:00,28.33,87,0.8941,70,0,1013,0
2025-09-30,01:00,27.78,88,0.447,45,0,1012,0
2025-09-30,02:00,27.22,89,0.447,47,0,1012,0
2025-09-30,03:00,27.22,90,0.447,92,0,1011,0
2025-09-30,04:00,27.22,91,0.447,95,0,1011,0
2025-09-30,05:00,27.22,90,0.447,98,0,1011,0
2025-09-30,06:00,27.22,90,0.447,17,0,1011,0
2025-09-30,07:00,27.22,90,0.447,130,35,1012,0
2025-09-30,08:00,28.89,86,0.447,87,153,1013,0
2025-09-30,09:00,29.44,78,1.341,114,348,1013,0
2025-09-30,10:00,30,81,1.788,102,232,1013,0
2025-09-30,11:00,30.56,74,1.788,112,110,1013,0
2025-09-30,12:00,31.11,72,2.235,115,666,1012,0
2025-09-30,13:00,31.11,75,1.788,91,109,1011,0
2025-09-30,14:00,30.56,75,1.788,88,0,1010,0
2025-09-30,15:00,30.56,74,2.235,101,0,1010,0
2025-09-30,16:00,30.56,75,1.788,88,149,1009,0
2025-09-30,17:00,30,77,1.341,88,130,1010,0
2025-09-30,18:00,29.44,79,0.8941,85,32,1010,0
2025-09-30,19:00,28.89,84,0.8941,85,0,1011,0
2025-09-30,20:00,28.33,86,0.8941,93,0,1012,0
2025-09-30,21:00,27.78,86,0.447,84,0,1012,0
2025-09-30,22:00,28.33,86,0.8941,121,0,1013,0
2025-09-30,23:00,28.33,86,0.8941,110,0,1012,0
2025-10-01,00:00,27.78,86,1.341,101,0,1012,0
2025-10-01,01:00,27.78,87,1.341,99,0,1012,0
2025-10-01,02:00,27.78,88,1.341,93,0,1011,0
2025-10-01,03:00,27.78,88,1.341,104,0,1011,0
2025-10-01,04:00,27.22,89,1.341,93,0,1011,0
2025-10-01,05:00,27.78,88,1.341,103,0,1011,0
2025-10-01,06:00,27.78,88,1.341,89,0,1011,0
2025-10-01,07:00,27.78,87,1.341,94,0,1011,0
2025-10-01,08:00,29.44,80,1.788,77,152,1012,0
2025-10-01,09:00,30.56,76,2.235,79,424,1012,0
2025-10-01,10:00,31.11,73,2.682,89,633,1012,0
2025-10-01,11:00,31.11,73,3.129,91,707,1012,0
2025-10-01,12:00,31.11,73,3.129,97,204,1011,0
2025-10-01,13:00,31.11,74,2.682,92,31,1010,0
2025-10-01,14:00,31.11,74,2.682,81,421,1009,0
2025-10-01,15:00,31.11,71,2.682,83,548,1009,0
2025-10-01,16:00,30.56,74,2.682,84,169,1009,0
2025-10-01,17:00,30,75,2.235,76,178,1009,0
2025-10-01,18:00,30,77,2.235,83,110,1010,0
2025-10-01,19:00,29.44,84,1.788,85,2,1011,0
2025-10-01,20:00,28.89,85,1.788,85,0,1011,0
2025-10-01,21:00,28.33,84,1.788,84,0,1012,0
2025-10-01,22:00,28.89,84,1.788,89,0,1013,0
2025-10-01,23:00,28.33,85,1.788,84,0,1012,0
2025-10-02,00:00,28.33,85,1.788,88,0,1012,0
2025-10-02,01:00,28.33,85,1.341,91,0,1012,0
2025-10-02,02:00,28.33,85,1.341,86,0,1011,0
2025-10-02,03:00,27.78,87,1.341,108,0,1011,0
2025-10-02,04:00,27.78,87,0.8941,121,0,1010,0
2025-10-02,05:00,27.78,87,1.341,111,0,1010,0
2025-10-02,06:00,27.78,89,1.341,100,0,1011,0
2025-10-02,07:00,27.78,89,0.8941,92,0,1011,0
2025-10-02,08:00,28.89,80,1.341,90,0,1012,0
2025-10-02,09:00,30,75,2.235,90,0,1012,0
2025-10-02,10:00,30.56,75,2.235,99,0,1012,0
2025-10-02,11:00,31.11,71,2.235,96,0,1012,0
2025-10-02,12:00,31.67,63,2.235,93,0,1011,0
2025-10-02,13:00,31.67,70,1.341,49,0,1011,0
2025-10-02,14:00,31.11,73,1.341,45,74,1010,0
2025-10-02,15:00,31.67,73,1.341,44,1,1010,0
2025-10-02,16:00,31.11,73,1.788,65,218,1010,0
2025-10-02,17:00,30.56,73,1.341,61,263,1010,0
2025-10-02,18:00,30,74,1.341,66,80,1010,0
2025-10-02,19:00,29.44,78,1.341,87,1,1011,0
2025-10-02,20:00,28.89,81,0.8941,100,0,1012,0
2025-10-02,21:00,28.33,83,0.8941,127,0,1012,0
2025-10-02,22:00,28.33,83,0.8941,105,0,1012,0
2025-10-02,23:00,27.78,85,0.8941,110,0,1012,0
2025-10-03,00:00,27.78,85,0.8941,124,0,1012,0
2025-10-03,01:00,27.78,86,0.447,116,0,1011,0
2025-10-03,02:00,27.22,87,0.447,120,0,1011,0
2025-10-03,03:00,27.22,87,0.447,128,0,1010,0
2025-10-03,04:00,26.67,88,0.447,114,0,1010,0
2025-10-03,05:00,26.11,89,0.447,108,0,1009,0
2025-10-03,06:00,26.11,89,0.447,109,0,1010,0
2025-10-03,07:00,26.67,89,0.447,105,24,1011,0
2025-10-03,08:00,28.33,79,0.447,85,0,1012,0
2025-10-03,09:00,30,73,1.341,126,0,1013,0
2025-10-03,10:00,30.56,73,1.788,146,0,1013,0
2025-10-03,11:00,31.11,65,2.235,173,0,1013,0
2025-10-03,12:00,31.11,69,2.235,182,40,1012,0
2025-10-03,13:00,31.67,69,1.788,232,39,1011,0
2025-10-03,14:00,30.56,75,1.341,284,120,1011,0
2025-10-03,15:00,31.67,68,1.341,275,0,1010,0
2025-10-03,16:00,31.67,69,1.341,257,239,1010,0
2025-10-03,17:00,31.11,74,1.341,289,369,1010,0
2025-10-03,18:00,30,75,0.8941,271,105,1011,0
2025-10-03,19:00,29.44,77,0.447,279,1,1011,0
2025-10-03,20:00,28.89,82,0.8941,77,0,1012,0
2025-10-03,21:00,28.33,86,0.8941,91,0,1012,0
2025-10-03,22:00,27.78,86,0.8941,94,0,1013,0
2025-10-03,23:00,27.78,87,0.8941,97,0,1013,0
2025-10-04,00:00,27.78,87,0.447,107,0,1013,0
2025-10-04,01:00,27.22,88,0.447,117,0,1013,0
2025-10-04,02:00,27.22,84,0.8941,132,0,1012,0
2025-10-04,03:00,27.22,85,0.447,111,0,1012,0
2025-10-04,04:00,26.67,88,0.447,104,0,1012,0
2025-10-04,05:00,26.67,88,0.8941,113,0,1012,0
2025-10-04,06:00,26.67,87,1.788,116,0,1012,0
2025-10-04,07:00,26.67,81,0.8941,113,17,1013,0
2025-10-04,08:00,27.78,78,0.8941,133,3,1013,0
2025-10-04,09:00,28.33,78,0.8941,235,0,1014,0
2025-10-04,10:00,29.44,75,1.341,234,0,1014,0
2025-10-04,11:00,30,74,2.235,168,60,1013,0
2025-10-04,12:00,30.56,68,1.341,160,27,1012,0
2025-10-04,13:00,31.11,67,2.235,162,0,1011,0
2025-10-04,14:00,31.11,69,2.235,160,475,1011,0
2025-10-04,15:00,31.11,72,2.235,173,392,1010,0
2025-10-04,16:00,31.11,68,1.341,198,424,1010,0
2025-10-04,17:00,30.56,76,2.235,173,244,1010,0
2025-10-04,18:00,29.44,78,1.788,173,42,1010,0
2025-10-04,19:00,28.89,82,1.341,111,1,1011,0
2025-10-04,20:00,28.33,82,0.8941,133,0,1011,0
2025-10-04,21:00,28.33,82,1.341,132,0,1012,0
2025-10-04,22:00,28.33,83,0.8941,127,0,1012,0
2025-10-04,23:00,27.78,85,0.8941,111,0,1012,0
2025-10-05,00:00,27.22,87,0.8941,99,0,1012,0
2025-10-05,01:00,27.22,86,0.8941,104,0,1011,0
2025-10-05,02:00,27.22,86,0.447,113,0,1011,0
2025-10-05,03:00,26.67,88,0.447,113,0,1010,0
2025-10-05,04:00,26.67,86,0.447,121,0,1010,0
2025-10-05,05:00,25.56,88,0.447,96,0,1010,0
2025-10-05,06:00,25.56,89,0.447,102,0,1010,0
2025-10-05,07:00,26.11,87,0.447,108,45,1010,0
2025-10-05,08:00,27.78,82,0.447,100,79,1011,0
2025-10-05,09:00,28.89,75,0.447,313,16,1011,0
2025-10-05,10:00,29.44,76,0.8941,345,0,1012,0
2025-10-05,11:00,29.44,75,1.341,321,0,1012,0
2025-10-05,12:00,28.89,82,1.341,23,109,1011,0.6
2025-10-05,13:00,28.89,80,0.8941,46,64,1011,0
2025-10-05,14:00,28.89,78,1.341,259,23,1009,0
2025-10-05,15:00,29.44,77,1.341,277,0,1008,0
2025-10-05,16:00,29.44,76,1.341,97,0,1008,0
2025-10-05,17:00,29.44,76,1.341,92,3,1008,0
2025-10-05,18:00,28.89,78,1.341,113,38,1008,0
2025-10-05,19:00,28.33,81,0.8941,94,1,1009,0
2025-10-05,20:00,28.33,80,0.8941,117,0,1010,0
2025-10-05,21:00,28.33,82,0.8941,107,0,1011,0
2025-10-05,22:00,27.78,84,0.8941,94,0,1011,0
2025-10-05,23:00,27.78,84,0.8941,101,0,1011,0
2025-10-06,00:00,27.78,85,1.341,113,0,1010,0
2025-10-06,01:00,27.78,85,0.8941,111,0,1009,0.2
2025-10-06,02:00,27.22,88,0.8941,95,0,1009,0
2025-10-06,03:00,27.22,89,0.8941,112,0,1008,0
2025-10-06,04:00,27.22,89,0.447,128,0,1008,0
2025-10-06,05:00,26.11,91,0.447,82,0,1008,0
2025-10-06,06:00,26.11,92,0.447,114,0,1008,0.3
2025-10-06,07:00,26.67,92,0.447,133,16,1009,0
2025-10-06,08:00,28.33,83,0.8941,127,0,1009,0
2025-10-06,09:00,29.44,76,2.235,109,0,1010,0
2025-10-06,10:00,30,75,2.682,103,0,1011,0
2025-10-06,11:00,30,83,2.235,96,0,1011,1
2025-10-06,12:00,30,75,2.682,95,0,1010,0
2025-10-06,13:00,30,74,2.682,93,0,1009,0
2025-10-06,14:00,30.56,73,2.682,99,0,1008,0
2025-10-06,15:00,30.56,75,3.129,103,0,1008,0
2025-10-06,16:00,29.44,81,2.235,113,117,1008,0
2025-10-06,17:00,29.44,77,1.788,114,0,1008,0
2025-10-06,18:00,29.44,77,1.788,114,6,1008,0
2025-10-06,19:00,28.89,82,0.8941,117,1,1009,0
2025-10-06,20:00,28.33,82,0.8941,111,0,1009,0
2025-10-06,21:00,28.33,84,2.682,87,0,1010,0
2025-10-06,22:00,28.33,85,2.235,100,0,1010,0
2025-10-06,23:00,27.22,89,4.023,112,0,1011,4.3
2025-10-07,00:00,27.22,90,2.235,114,0,1011,0
2025-10-07,01:00,25.56,91,2.682,119,0,1010,8.6
2025-10-07,02:00,25.56,91,2.682,102,0,1009,0.3
2025-10-07,03:00,26.11,89,4.917,115,0,1008,0.7
2025-10-07,04:00,26.11,88,4.023,113,0,1008,0.8
2025-10-07,05:00,27.78,83,4.47,113,0,1008,0
2025-10-07,06:00,27.78,82,4.023,120,0,1009,0
2025-10-07,07:00,27.78,82,4.917,116,0,1008,0
2025-10-07,08:00,27.78,79,4.47,114,0,1009,0
2025-10-07,09:00,27.78,81,4.023,116,0,1010,0
2025-10-07,10:00,28.33,83,3.576,122,0,1010,0
2025-10-07,11:00,28.33,83,4.023,131,0,1010,1.3
2025-10-07,12:00,29.44,76,3.576,136,0,1009,0
2025-10-07,13:00,28.89,83,3.576,140,2,1009,1.5
2025-10-07,14:00,26.67,90,3.576,157,87,1009,3.3
2025-10-07,15:00,26.11,91,3.576,156,92,1009,7.9
2025-10-07,16:00,26.11,91,2.235,162,90,1009,1.2
2025-10-07,17:00,27.22,88,1.788,148,72,1009,0
2025-10-07,18:00,26.67,88,2.682,182,18,1010,0.3
2025-10-07,19:00,26.67,86,2.235,178,0,1011,0
2025-10-07,20:00,27.22,86,1.341,162,0,1011,0
2025-10-07,21:00,27.78,85,1.788,158,0,1012,0
2025-10-07,22:00,27.78,81,2.235,156,0,1012,0
2025-10-07,23:00,28.33,81,2.235,164,0,1012,0
2025-10-08,00:00,28.33,82,2.235,160,0,1012,0
2025-10-08,01:00,28.33,82,2.235,154,0,1012,0
2025-10-08,02:00,27.78,87,2.235,161,0,1012,0.5
2025-10-08,03:00,27.22,89,1.788,157,0,1012,0.5
2025-10-08,04:00,27.22,87,1.788,163,0,1012,0
2025-10-08,05:00,27.22,88,1.341,158,0,1012,0
2025-10-08,06:00,27.22,84,1.341,164,0,1012,0
2025-10-08,07:00,27.78,82,1.341,162,32,1013,0
2025-10-08,08:00,28.33,79,0.8941,167,170,1014,0
2025-10-08,09:00,29.44,77,1.341,177,247,1014,0
2025-10-08,10:00,30.56,72,1.341,193,232,1015,0
2025-10-08,11:00,31.11,73,1.341,198,0,1015,0
2025-10-08,12:00,31.11,73,1.341,212,0,1014,0
2025-10-08,13:00,31.67,71,1.341,221,0,1013,0
2025-10-08,14:00,31.67,62,1.788,168,0,1012,0
2025-10-08,15:00,32.22,68,1.788,143,0,1012,0
2025-10-08,16:00,30.56,69,2.235,104,10,1012,0
2025-10-08,17:00,30.56,71,1.788,102,9,1012,0
2025-10-08,18:00,30,76,0.8941,108,12,1012,0
2025-10-08,19:00,28.89,81,0.447,82,0,1013,0
2025-10-08,20:00,27.78,86,0.447,86,0,1014,0
2025-10-08,21:00,27.78,87,0.447,105,0,1014,0
2025-10-08,22:00,27.78,86,0.8941,116,0,1014,0
2025-10-08,23:00,27.78,85,0.8941,117,0,1014,0
2025-10-09,00:00,27.78,85,0.8941,102,0,1014,0
2025-10-09,01:00,27.78,86,0.447,120,0,1014,0
2025-10-09,02:00,27.22,85,0.8941,120,0,1013,0
2025-10-09,03:00,27.78,86,1.341,100,0,1013,0
2025-10-09,04:00,27.78,88,1.341,103,0,1012,0
2025-10-09,05:00,27.78,86,1.341,105,0,1012,0
2025-10-09,06:00,27.22,89,0.8941,113,0,1013,0.8
2025-10-09,07:00,27.22,90,1.341,95,29,1013,0.5
2025-10-09,08:00,27.22,90,1.788,97,71,1013,2
2025-10-09,09:00,28.89,83,1.788,73,0,1014,0
2025-10-09,10:00,30,80,2.235,63,0,1014,0
2025-10-09,11:00,30.56,77,2.235,71,0,1013,0
2025-10-09,12:00,30.56,77,2.235,76,0,1013,0
2025-10-09,13:00,30.56,77,2.235,74,0,1012,0
2025-10-09,14:00,30.56,73,1.788,71,0,1011,0
2025-10-09,15:00,31.11,76,2.235,66,0,1011,0
2025-10-09,16:00,30.56,83,1.788,74,20,1010,1
2025-10-09,17:00,28.89,86,1.788,84,27,1011,0.3
2025-10-09,18:00,28.89,85,1.788,85,0,1011,0
2025-10-09,19:00,28.33,88,0.8941,105,0,1012,0
2025-10-09,21:00,27.78,90,0.8941,111,0,1013,2.5
2025-10-09,22:00,27.22,92,0.8941,108,0,1013,0
2025-10-09,23:00,26.67,93,0.447,80,0,1013,0
2025-10-10,00:00,26.67,93,1.341,64,0,1013,3.1
2025-10-10,01:00,26.67,93,1.341,63,0,1013,1.2
2025-10-10,02:00,26.11,92,1.341,63,0,1012,0.6
2025-10-10,03:00,26.11,91,1.341,73,0,1012,0
2025-10-10,04:00,26.67,91,1.341,82,0,1012,0
2025-10-10,05:00,26.67,92,0.8941,101,0,1012,0.5
2025-10-10,06:00,26.67,93,0.8941,101,0,1012,0
2025-10-10,07:00,26.67,92,0.8941,83,18,1013,1.7
2025-10-10,08:00,26.67,90,1.341,89,172,1013,0
2025-10-10,09:00,28.33,84,1.341,74,309,1013,0
2025-10-10,10:00,29.44,80,2.235,93,512,1014,0
2025-10-10,11:00,30,76,2.682,94,637,1013,0
2025-10-10,12:00,30.56,75,2.682,114,486,1013,0
2025-10-10,13:00,30.56,79,2.235,120,0,1012,0
2025-10-10,14:00,30.56,73,2.235,131,0,1011,0
2025-10-10,15:00,31.11,75,1.788,183,0,1011,0
2025-10-10,16:00,30,77,1.341,240,0,1011,0
2025-10-10,17:00,28.33,86,0.8941,34,59,1011,0.5
2025-10-10,18:00,27.78,89,0.8941,77,29,1011,0
2025-10-10,19:00,27.22,90,1.341,93,0,1011,0
2025-10-10,20:00,27.22,91,1.341,106,0,1012,0
2025-10-10,21:00,27.22,91,0.8941,109,0,1012,0
2025-10-10,22:00,27.22,90,0.447,122,0,1013,0
2025-10-10,23:00,27.22,90,0.447,114,0,1013,0
2025-10-11,00:00,27.22,89,0.447,116,0,1013,0
2025-10-11,01:00,27.22,90,0.447,89,0,1012,0
2025-10-11,02:00,27.22,92,0.8941,84,0,1012,1.1
2025-10-11,03:00,26.67,93,0.447,73,0,1011,0.5
2025-10-11,04:00,26.67,93,0.447,77,0,1011,0.5
2025-10-11,05:00,26.11,94,0.447,350,0,1011,0
2025-10-11,06:00,26.11,93,0.8941,120,0,1012,3.5
2025-10-11,07:00,26.11,94,0.8941,54,76,1012,4.4
2025-10-11,08:00,27.78,90,0.447,320,207,1013,0
2025-10-11,09:00,28.89,82,1.341,110,357,1013,0
2025-10-11,10:00,30,75,2.235,103,401,1013,0.2
2025-10-11,11:00,30.56,76,2.235,102,456,1013,0
2025-10-11,12:00,31.11,73,2.682,98,0,1012,0
2025-10-11,13:00,31.11,71,2.682,104,0,1012,0
2025-10-11,14:00,30.56,79,1.788,86,35,1011,0.3
2025-10-11,15:00,30,74,1.341,102,73,1011,0
2025-10-11,16:00,30.56,74,1.788,87,0,1011,0
2025-10-11,17:00,30.56,77,1.788,83,0,1011,0
2025-10-11,18:00,29.44,81,1.341,82,0,1011,0
2025-10-11,19:00,28.89,85,0.8941,108,0,1012,0
2025-10-11,20:00,28.33,86,0.8941,99,0,1012,0
2025-10-11,21:00,28.33,87,0.8941,104,0,1013,0.5
2025-10-11,22:00,27.78,91,0.447,104,0,1013,0.2
2025-10-11,23:00,27.22,92,0.447,96,0,1013,0.3
2025-10-12,00:00,27.22,93,0.447,92,0,1013,0
2025-10-12,01:00,27.22,93,0.447,75,0,1012,0
2025-10-12,02:00,27.22,92,0.8941,99,0,1012,0
2025-10-12,03:00,27.22,91,0.8941,104,0,1011,0
2025-10-12,04:00,27.22,90,0.8941,100,0,1011,0
2025-10-12,05:00,27.22,89,1.341,104,0,1011,0
2025-10-12,06:00,27.78,87,1.341,100,0,1012,0
2025-10-12,07:00,28.33,86,1.788,98,8,1012,0
2025-10-12,08:00,28.33,86,2.682,82,28,1013,0
2025-10-12,09:00,27.78,86,2.235,86,198,1013,0
2025-10-12,10:00,29.44,79,2.235,82,59,1013,0
2025-10-12,11:00,30,78,1.788,65,0,1013,0
2025-10-12,12:00,30,72,2.235,75,0,1012,0
2025-10-12,13:00,30.56,67,2.682,98,0,1011,0
2025-10-12,14:00,30.56,68,2.682,91,0,1011,0
2025-10-12,15:00,30.56,72,2.682,90,0,1010,0
2025-10-12,16:00,30.56,73,2.235,84,0,1010,0
2025-10-12,17:00,30,76,2.235,76,0,1010,0
2025-10-12,18:00,29.44,78,1.788,83,0,1010,0
2025-10-12,19:00,28.89,81,1.788,83,0,1011,0
2025-10-12,20:00,28.33,83,1.341,89,0,1011,0
2025-10-12,21:00,28.33,83,1.788,84,0,1012,0
2025-10-12,22:00,28.33,82,1.788,101,0,1012,0
2025-10-12,23:00,28.33,86,1.788,94,0,1012,0.7
2025-10-13,00:00,27.78,86,1.788,97,0,1012,0
2025-10-13,01:00,27.78,86,1.788,97,0,1011,0
2025-10-13,02:00,26.67,90,1.341,97,0,1011,2.3
2025-10-13,03:00,26.67,91,1.341,94,0,1011,0.3
2025-10-13,04:00,27.22,89,1.341,103,0,1010,0
2025-10-13,05:00,27.78,86,1.788,112,0,1010,0
2025-10-13,06:00,27.22,86,1.341,104,0,1011,0
2025-10-13,07:00,28.33,83,1.788,107,0,1011,0
2025-10-13,08:00,29.44,78,2.682,110,0,1012,0
2025-10-13,09:00,30,75,3.129,108,0,1012,0
2025-10-13,10:00,30.56,75,3.129,106,0,1013,0
2025-10-13,11:00,30.56,72,3.576,105,0,1012,0
2025-10-13,12:00,30.56,74,3.129,103,0,1012,0
2025-10-13,13:00,30.56,74,3.129,95,0,1011,0
2025-10-13,14:00,30,77,3.129,116,30,1010,0
2025-10-13,15:00,30.56,74,3.129,104,0,1010,0
2025-10-13,16:00,30.56,73,3.129,110,0,1009,0
2025-10-13,17:00,30,76,2.682,110,0,1010,0
2025-10-13,18:00,29.44,80,2.235,107,0,1010,0
2025-10-13,19:00,28.89,79,2.235,112,0,1011,0
2025-10-13,20:00,28.89,78,2.682,109,0,1012,0
2025-10-13,21:00,28.89,80,1.788,108,0,1012,0
2025-10-13,22:00,28.89,79,1.788,109,0,1012,0
2025-10-13,23:00,28.89,81,2.235,114,0,1012,0
2025-10-14,00:00,28.89,81,2.235,109,0,1012,0
2025-10-14,01:00,27.78,86,2.682,112,0,1012,3.3
2025-10-14,02:00,26.11,88,2.235,98,0,1011,0
2025-10-14,03:00,26.11,88,2.235,114,0,1011,1
2025-10-14,04:00,26.67,84,2.682,105,0,1011,0
2025-10-14,05:00,27.22,87,2.682,116,0,1010,0.3
2025-10-14,06:00,27.22,81,3.129,115,0,1011,0
2025-10-14,07:00,27.78,80,2.682,117,0,1011,0
2025-10-14,08:00,28.89,77,2.682,110,0,1011,0
2025-10-14,09:00,28.89,77,3.129,108,0,1012,0
2025-10-14,10:00,29.44,74,3.576,106,0,1012,0
2025-10-14,11:00,30,73,4.023,106,0,1012,0
2025-10-14,12:00,29.44,74,3.576,114,0,1011,0
2025-10-14,13:00,30,70,4.023,109,0,1010,0
2025-10-14,14:00,30.56,73,3.576,120,0,1010,0
2025-10-14,15:00,30,65,3.576,126,0,1009,0
2025-10-14,16:00,30,74,3.129,115,0,1009,0
2025-10-14,17:00,29.44,76,3.129,118,0,1010,0
2025-10-14,18:00,28.33,77,2.682,112,10,1011,0
2025-10-14,19:00,26.67,88,2.682,123,0,1012,3.5
2025-10-14,20:00,25.56,87,1.788,122,0,1012,0
2025-10-14,21:00,26.11,88,1.788,112,0,1012,0
2025-10-14,22:00,27.22,85,1.341,110,0,1013,0
2025-10-14,23:00,27.78,82,1.341,99,0,1013,0
2025-10-15,00:00,27.78,85,1.341,80,0,1012,0
2025-10-15,01:00,27.78,86,1.341,97,0,1012,0
2025-10-15,02:00,27.78,84,1.788,104,0,1011,0
2025-10-15,03:00,27.78,82,1.788,110,0,1011,0
2025-10-15,04:00,27.78,82,1.788,105,0,1011,0
2025-10-15,05:00,27.78,82,1.341,87,0,1010,0
2025-10-15,06:00,27.78,81,1.341,99,0,1011,0
2025-10-15,07:00,28.33,79,1.788,107,0,1011,0
2025-10-15,08:00,28.89,81,1.788,111,0,1012,0
2025-10-15,09:00,28.89,78,1.788,110,0,1012,0
2025-10-15,10:00,30,77,2.682,106,0,1012,0
2025-10-15,11:00,30,78,2.682,94,0,1012,0
2025-10-15,12:00,27.78,86,2.682,95,72,1011,0
2025-10-15,13:00,29.44,74,2.682,90,0,1010,0
2025-10-15,14:00,30,76,3.129,89,0,1009,0
2025-10-15,15:00,30,76,2.682,90,0,1009,0
2025-10-15,16:00,30,82,2.235,82,0,1009,0.5
2025-10-15,17:00,28.89,83,1.788,93,0,1009,0
2025-10-15,18:00,28.89,84,1.341,96,0,1010,0
2025-10-15,19:00,28.33,84,0.8941,112,0,1010,0
2025-10-15,20:00,28.33,84,0.8941,107,0,1011,0
2025-10-15,21:00,28.33,84,1.341,100,0,1011,0
2025-10-15,22:00,28.33,85,1.341,86,0,1012,0
2025-10-15,23:00,28.33,86,1.341,91,0,1012,0
2025-10-16,00:00,27.78,86,1.788,92,0,1011,0
2025-10-16,01:00,26.67,87,1.341,107,0,1011,0.3
2025-10-16,02:00,26.67,91,1.788,88,0,1010,0.5
2025-10-16,03:00,26.11,90,1.341,108,0,1010,0.5
2025-10-16,04:00,26.67,91,1.341,99,0,1010,0
2025-10-16,05:00,26.67,90,1.341,117,0,1010,0
2025-10-16,06:00,27.22,90,1.341,93,0,1010,0.5
2025-10-16,07:00,27.22,87,2.235,90,16,1010,0
2025-10-16,08:00,27.78,84,2.682,107,94,1011,0
2025-10-16,09:00,28.89,82,2.235,92,41,1011,0
2025-10-16,10:00,28.89,84,3.129,96,129,1012,2.8
2025-10-16,11:00,28.89,83,3.129,108,165,1012,0
2025-10-16,12:00,29.44,83,2.682,99,105,1010,0
2025-10-16,13:00,29.44,80,2.682,103,91,1009,0
2025-10-16,14:00,30,79,3.129,96,305,1009,0
2025-10-16,15:00,28.33,84,2.235,99,147,1009,0
2025-10-16,16:00,28.33,81,1.788,106,71,1009,0
2025-10-16,17:00,28.33,83,1.341,99,57,1009,0
2025-10-16,18:00,27.78,84,1.341,94,15,1010,0
2025-10-16,19:00,27.78,86,0.8941,91,0,1010,0
2025-10-16,21:00,27.78,86,0.8941,117,0,1012,0
2025-10-16,23:00,27.22,81,1.341,86,0,1012,0
2025-10-17,00:00,27.22,83,1.341,86,0,1012,0
2025-10-17,01:00,27.78,85,0.8941,99,0,1012,0
2025-10-17,02:00,28.33,84,1.788,94,0,1011,0
2025-10-17,03:00,28.33,85,1.341,102,0,1010,0
2025-10-17,04:00,28.33,83,2.235,92,0,1010,0
2025-10-17,05:00,28.33,84,2.682,89,0,1009,0
2025-10-17,06:00,28.33,84,2.682,92,0,1010,0
2025-10-17,07:00,28.33,83,3.129,92,0,1010,0
2025-10-17,08:00,28.89,80,3.129,93,77,1011,0
2025-10-17,09:00,29.44,80,3.129,99,236,1012,0.2
2025-10-17,10:00,30,81,3.129,101,306,1012,0
2025-10-17,11:00,30.56,76,4.023,102,489,1012,0
2025-10-17,12:00,31.11,75,4.023,96,612,1011,0
2025-10-17,13:00,31.11,76,3.576,97,493,1010,0
2025-10-17,14:00,31.11,74,4.023,89,564,1009,0
2025-10-17,15:00,31.11,75,3.576,93,418,1009,0
2025-10-17,16:00,31.11,76,3.129,90,427,1008,0
2025-10-17,17:00,30.56,76,3.576,90,261,1009,0
2025-10-17,18:00,30,82,3.129,88,54,1009,0
2025-10-17,19:00,29.44,82,2.682,85,0,1009,0
2025-10-17,20:00,29.44,84,2.682,85,0,1010,0.3
2025-10-17,21:00,28.33,85,1.788,105,0,1011,0
2025-10-17,22:00,28.89,83,2.235,104,0,1011,0
2025-10-17,23:00,28.33,88,2.682,104,0,1011,1.8
2025-10-18,00:00,26.67,91,1.788,98,0,1010,0.2
2025-10-18,01:00,27.78,88,2.235,92,0,1009,0
2025-10-18,02:00,28.33,88,2.235,99,0,1009,0.5
2025-10-18,03:00,27.78,89,1.788,104,0,1009,0
2025-10-18,04:00,28.33,87,2.235,91,0,1008,0
2025-10-18,05:00,28.33,86,2.235,88,0,1008,0.3
2025-10-18,06:00,27.78,89,2.235,89,0,1008,0.8
2025-10-18,07:00,27.78,87,2.682,102,59,1009,0
2025-10-18,08:00,28.89,84,2.235,83,115,1010,0
2025-10-18,09:00,30,76,3.129,85,268,1011,0
2025-10-18,10:00,30.56,79,3.129,78,81,1011,0
2025-10-18,11:00,29.44,78,3.576,87,149,1011,0.2
2025-10-18,12:00,30.56,77,3.576,79,0,1010,0
2025-10-18,13:00,31.11,77,4.023,77,0,1009,0
2025-10-18,14:00,31.11,75,4.023,86,0,1009,0
2025-10-18,15:00,30,74,4.023,98,49,1009,0
2025-10-18,16:00,28.89,83,3.129,99,112,1009,0.8
2025-10-18,17:00,28.89,81,2.682,92,55,1009,0
2025-10-18,19:00,28.89,82,2.682,86,0,1009,0
2025-10-18,20:00,28.89,81,2.682,85,0,1010,0
2025-10-18,21:00,28.89,83,2.682,84,0,1010,0
2025-10-18,22:00,28.89,83,2.682,84,0,1011,0
2025-10-18,23:00,28.89,87,2.682,82,0,1011,0.2
2025-10-19,00:00,27.78,85,3.129,89,0,1010,0
2025-10-19,01:00,27.78,85,2.235,93,0,1009,0
2025-10-19,02:00,28.33,83,2.682,84,0,1009,0
2025-10-19,03:00,28.33,81,3.129,84,0,1008,0
2025-10-19,04:00,28.33,83,2.682,84,0,1008,0
2025-10-19,05:00,28.33,82,2.682,85,0,1008,0
2025-10-19,06:00,28.33,82,2.682,83,0,1008,0
2025-10-19,07:00,28.89,80,3.129,86,0,1008,0
2025-10-19,08:00,29.44,76,3.129,84,0,1009,0
2025-10-19,09:00,30.56,77,3.576,83,0,1009,0
2025-10-19,10:00,30.56,76,3.129,86,0,1009,0
2025-10-19,11:00,30.56,73,4.023,82,0,1009,0
2025-10-19,12:00,29.44,83,3.576,79,209,1008,0.8
2025-10-19,13:00,30,79,3.129,75,0,1007,0
2025-10-19,14:00,28.33,84,3.129,93,153,1007,2
2025-10-19,15:00,28.89,78,3.129,84,0,1006,0
2025-10-19,16:00,30,79,3.576,80,0,1006,0
2025-10-19,17:00,29.44,80,3.576,81,0,1006,0
2025-10-19,18:00,28.33,87,3.129,84,0,1007,2.1
2025-10-19,19:00,27.78,85,2.682,85,0,1007,0
2025-10-19,21:00,28.33,86,2.682,83,0,1008,0
2025-10-19,22:00,27.78,88,2.682,82,0,1009,0
2025-10-19,23:00,28.33,83,2.682,84,0,1009,0
2025-10-20,00:00,28.33,81,3.129,84,0,1008,0
2025-10-20,01:00,28.89,81,2.682,82,0,1007,0
2025-10-20,02:00,28.33,83,3.129,86,0,1007,0
2025-10-20,03:00,28.33,86,2.682,87,0,1007,0
2025-10-20,04:00,27.78,89,2.682,90,0,1006,1
2025-10-20,05:00,26.67,90,3.129,97,0,1006,0.5
2025-10-20,06:00,27.22,86,3.129,97,0,1006,0.2
2025-10-20,07:00,27.78,85,2.235,97,0,1007,0
2025-10-20,08:00,27.78,84,3.129,120,0,1007,0
2025-10-20,09:00,27.22,82,3.129,118,0,1008,0
2025-10-20,10:00,27.78,80,2.682,122,0,1009,0
2025-10-20,11:00,28.33,81,3.576,119,0,1008,0
2025-10-20,12:00,28.33,79,2.235,136,0,1007,0
2025-10-20,13:00,28.89,78,2.682,96,0,1008,0
2025-10-20,14:00,28.89,76,3.576,101,0,1008,0
2025-10-20,15:00,27.22,82,4.023,94,153,1007,0.5
2025-10-20,16:00,27.78,79,3.129,87,0,1005,0
2025-10-20,17:00,28.33,81,2.235,106,0,1006,0
2025-10-20,18:00,27.78,81,3.129,116,0,1006,0
2025-10-20,19:00,27.78,80,1.788,144,0,1006,0
2025-10-20,20:00,28.33,83,2.235,123,0,1007,0
2025-10-20,21:00,28.33,82,2.235,108,0,1008,0
2025-10-20,22:00,28.89,81,2.682,102,0,1008,0
2025-10-20,23:00,28.33,82,3.129,102,0,1008,0
2025-10-21,00:00,27.78,88,3.129,103,0,1008,5.6
2025-10-21,01:00,27.78,84,3.576,107,0,1007,0
2025-10-21,02:00,28.33,84,3.576,106,0,1007,0
2025-10-21,03:00,28.33,84,3.129,109,0,1006,0
2025-10-21,04:00,28.33,85,3.576,112,0,1006,1.8
2025-10-21,05:00,27.78,84,3.576,109,0,1006,0.3
2025-10-21,06:00,28.33,80,3.576,113,0,1007,0
2025-10-21,07:00,28.33,81,2.682,110,0,1008,0
2025-10-21,08:00,28.89,82,2.235,117,0,1009,0
2025-10-21,09:00,30,78,2.235,113,0,1009,0
2025-10-21,10:00,30,78,2.235,116,0,1010,0
2025-10-21,11:00,30.56,77,2.235,112,0,1010,0
2025-10-21,12:00,30,76,2.682,107,0,1009,0
2025-10-21,13:00,30,83,2.682,100,0,1009,0
2025-10-21,14:00,30,78,2.682,96,0,1008,0
2025-10-21,15:00,30,79,2.682,99,0,1007,0
2025-10-21,16:00,29.44,83,1.788,96,0,1007,0.7
2025-10-21,17:00,28.89,84,1.788,92,0,1008,0
2025-10-21,18:00,28.33,86,2.235,108,0,1008,0
2025-10-21,19:00,28.33,86,1.788,116,0,1009,0
2025-10-21,20:00,27.22,89,1.788,121,0,1010,1
2025-10-21,21:00,26.67,88,1.341,121,0,1011,0
2025-10-21,22:00,27.22,88,2.235,129,0,1011,0
2025-10-21,23:00,27.78,86,2.235,151,0,1011,0
2025-10-22,00:00,27.78,86,1.341,160,0,1011,0
2025-10-22,01:00,27.78,87,1.341,167,0,1011,0
2025-10-22,02:00,27.22,88,1.341,159,0,1010,0.3
2025-10-22,03:00,26.67,91,0.447,349,0,1009,0
2025-10-22,04:00,26.67,92,0.447,22,0,1009,0
2025-10-22,05:00,26.67,92,0.447,111,0,1009,0
2025-10-22,06:00,26.67,92,0.447,75,0,1010,0
2025-10-22,07:00,26.67,91,0.447,57,27,1011,0
2025-10-22,08:00,27.78,84,0.8941,143,166,1012,0
2025-10-22,09:00,27.78,89,2.682,164,148,1012,2.8
2025-10-22,10:00,25.56,92,2.235,192,47,1013,5.6
2025-10-22,11:00,26.11,91,0.8941,187,159,1012,0.2
2025-10-22,12:00,27.22,89,0.447,202,211,1011,0
2025-10-22,13:00,27.78,86,0.447,334,264,1011,0
2025-10-22,14:00,28.33,85,0.8941,26,261,1009,0
2025-10-22,15:00,28.33,85,1.341,79,329,1009,0
2025-10-22,16:00,28.33,84,1.788,72,239,1009,0
2025-10-22,17:00,28.33,85,2.682,78,107,1010,0
2025-10-22,18:00,27.78,87,2.235,85,18,1011,0
2025-10-22,19:00,27.78,88,1.341,93,0,1012,0
2025-10-22,20:00,27.78,87,1.341,91,0,1012,0
2025-10-22,21:00,27.78,88,1.341,88,0,1013,0
2025-10-22,22:00,27.78,87,1.788,89,0,1013,0
2025-10-22,23:00,27.78,88,1.788,90,0,1013,0
2025-10-23,00:00,27.78,88,1.341,81,0,1012,0
2025-10-23,01:00,28.33,86,1.341,83,0,1012,0
2025-10-23,02:00,28.33,85,1.788,96,0,1011,0
2025-10-23,03:00,28.33,84,1.788,88,0,1011,0
2025-10-23,04:00,28.33,85,1.788,83,0,1010,0
2025-10-23,05:00,28.33,85,1.788,85,0,1010,0
2025-10-23,06:00,28.33,86,1.788,85,0,1010,0
2025-10-23,07:00,28.33,85,1.341,91,20,1011,0
2025-10-23,08:00,28.89,85,1.788,99,130,1011,0
2025-10-23,09:00,30,78,2.235,98,318,1012,0
2025-10-23,10:00,30.56,76,2.682,100,497,1012,0
2025-10-23,11:00,31.11,75,3.129,101,595,1012,0
2025-10-23,12:00,30.56,76,3.129,106,359,1011,0
2025-10-23,13:00,30.56,76,3.129,98,0,1010,0
2025-10-23,14:00,30.56,76,3.129,101,0,1010,0
2025-10-23,15:00,31.11,76,3.129,95,0,1009,0
2025-10-23,16:00,30.56,77,2.682,97,0,1009,0
2025-10-23,17:00,30.56,77,2.235,89,0,1010,0
2025-10-23,18:00,29.44,80,2.235,97,0,1011,0
2025-10-23,19:00,28.33,85,1.341,86,0,1011,0
2025-10-23,20:00,27.78,89,0.8941,45,0,1012,2.8
2025-10-23,21:00,27.22,91,0.8941,69,0,1013,0
2025-10-23,22:00,27.22,93,0.447,45,0,1013,0
2025-10-23,23:00,27.22,94,0.447,73,0,1013,0
2025-10-24,00:00,26.67,93,0.447,33,0,1012,0
2025-10-24,01:00,27.22,93,0.447,88,0,1012,0
2025-10-24,02:00,27.22,93,0.447,116,0,1012,0
2025-10-24,03:00,27.22,93,0.8941,106,0,1011,0
2025-10-24,04:00,27.22,92,1.341,111,0,1011,0
2025-10-24,05:00,27.22,91,1.341,106,0,1010,0
2025-10-24,06:00,27.22,89,1.788,100,0,1010,0
2025-10-24,07:00,27.78,87,1.341,99,35,1011,0
2025-10-24,08:00,28.89,82,2.682,103,144,1012,0.3
2025-10-24,09:00,29.44,80,3.129,108,235,1012,0
2025-10-24,10:00,30.56,75,3.576,106,297,1012,0
2025-10-24,11:00,30.56,76,3.129,107,17,1012,0
2025-10-24,12:00,30.56,77,2.682,105,0,1012,0
2025-10-24,13:00,30.56,75,3.576,110,0,1011,0
2025-10-24,14:00,30.56,76,3.129,100,0,1010,0
2025-10-24,15:00,30,78,2.682,102,0,1010,0
2025-10-24,16:00,30,80,2.682,109,0,1009,0
2025-10-24,17:00,29.44,80,2.235,109,0,1010,0
2025-10-24,18:00,28.89,82,2.235,112,0,1011,0
2025-10-24,19:00,28.89,83,2.235,113,0,1011,0
2025-10-24,20:00,28.89,82,1.788,114,0,1012,0
2025-10-24,21:00,28.89,81,1.788,114,0,1012,0
2025-10-24,22:00,28.33,83,1.341,108,0,1013,0
2025-10-24,23:00,28.33,84,1.341,117,0,1013,0
2025-10-25,00:00,28.33,86,0.8941,93,0,1013,0
2025-10-25,01:00,28.33,87,0.447,51,0,1012,0
2025-10-25,02:00,27.78,88,0.447,62,0,1012,0
2025-10-25,03:00,26.67,90,0.447,68,0,1012,0.2
2025-10-25,04:00,26.67,91,0.447,62,0,1011,0.3
2025-10-25,05:00,26.11,89,1.341,89,0,1012,0
2025-10-25,06:00,26.11,88,1.341,84,0,1012,0
2025-10-25,07:00,27.22,89,1.341,102,24,1013,0
2025-10-25,08:00,27.78,89,0.8941,77,118,1013,0
2025-10-25,09:00,28.33,88,0.8941,87,142,1014,0
2025-10-25,10:00,27.78,90,1.788,135,155,1014,14
2025-10-25,11:00,25.56,90,1.788,144,69,1014,5
2025-10-25,12:00,25.56,90,0.447,278,62,1014,0.3
2025-10-25,13:00,26.11,91,0.8941,98,134,1013,0.2
2025-10-25,14:00,27.78,89,1.788,85,294,1012,0
2025-10-25,15:00,28.89,84,0.8941,68,391,1011,0
2025-10-25,16:00,29.44,80,1.341,75,318,1011,0
2025-10-25,17:00,28.89,83,1.341,88,144,1012,0
2025-10-25,18:00,28.33,85,1.341,88,0,1012,0
2025-10-25,19:00,27.22,88,0.8941,91,0,1013,0
2025-10-25,20:00,27.22,89,0.8941,110,0,1013,0
2025-10-25,21:00,27.22,89,0.447,109,0,1014,0
2025-10-25,22:00,26.67,89,0.447,82,0,1014,0
2025-10-25,23:00,26.67,90,0.8941,121,0,1014,2.8
2025-10-26,00:00,26.67,92,0.8941,90,0,1014,4.4
2025-10-26,01:00,26.11,93,1.341,120,0,1014,5.8
2025-10-26,02:00,25,92,1.788,93,0,1013,0.8
2025-10-26,03:00,26.11,92,1.341,83,0,1012,0
2025-10-26,04:00,26.67,91,1.788,97,0,1012,0
2025-10-26,05:00,26.67,91,1.341,89,0,1012,0
2025-10-26,06:00,26.67,91,0.8941,86,0,1012,0
2025-10-26,07:00,26.67,91,0.447,72,11,1013,0
2025-10-26,08:00,27.22,89,1.341,100,57,1013,0
2025-10-26,09:00,26.67,90,1.341,92,140,1014,3.3
2025-10-26,10:00,26.11,90,1.788,133,146,1014,8.6
2025-10-26,11:00,27.22,88,0.8941,253,271,1014,0
2025-10-26,12:00,27.78,87,0.8941,294,303,1013,0
2025-10-26,13:00,28.89,82,1.788,67,389,1012,0
2025-10-26,14:00,30,76,2.235,92,564,1011,0
2025-10-26,15:00,30.56,76,2.682,90,520,1011,0
2025-10-26,16:00,30.56,77,2.682,90,331,1011,0
2025-10-26,17:00,30,78,2.235,91,19,1011,0
2025-10-26,18:00,28.89,81,1.788,85,0,1012,0
2025-10-26,19:00,28.33,84,0.8941,104,0,1012,0
2025-10-26,20:00,28.33,84,0.8941,112,0,1013,0
2025-10-26,21:00,28.33,84,1.341,113,0,1013,0
2025-10-26,22:00,28.33,83,1.341,102,0,1013,0
2025-10-26,23:00,28.33,84,1.788,90,0,1013,0
2025-10-27,00:00,28.33,83,1.788,85,0,1013,0
2025-10-27,01:00,28.33,83,1.341,99,0,1013,0
2025-10-27,02:00,27.78,86,0.8941,114,0,1013,0.2
2025-10-27,03:00,27.78,85,1.341,102,0,1012,0
2025-10-27,04:00,26.67,85,2.235,100,0,1012,0
2025-10-27,05:00,27.22,87,1.341,94,0,1012,0
2025-10-27,06:00,27.22,86,0.8941,110,0,1012,0
2025-10-27,07:00,27.22,86,0.8941,105,19,1013,0
2025-10-27,08:00,28.33,79,1.788,100,135,1013,0
2025-10-27,09:00,29.44,79,2.235,103,98,1014,0
2025-10-27,10:00,30.56,77,2.682,92,0,1014,0
2025-10-27,11:00,30.56,76,3.129,98,0,1013,0
2025-10-27,12:00,30.56,74,3.129,92,0,1013,0
2025-10-27,13:00,30.56,74,2.682,92,0,1012,0
2025-10-27,14:00,30.56,74,3.129,92,0,1011,0
2025-10-27,15:00,31.11,72,2.682,95,0,1011,0
2025-10-27,16:00,30.56,72,3.129,88,0,1011,0
2025-10-27,17:00,30,73,2.682,90,0,1011,0
2025-10-27,18:00,28.33,82,1.788,89,11,1011,0.3
2025-10-27,19:00,28.33,85,1.788,86,0,1012,0
2025-10-27,20:00,28.33,83,1.788,80,0,1013,0
2025-10-27,21:00,28.33,84,1.788,83,0,1013,0
2025-10-27,22:00,28.33,84,1.788,82,0,1013,0
2025-10-27,23:00,28.33,83,1.788,84,0,1013,0
2025-10-28,00:00,27.78,85,1.341,95,0,1013,0
2025-10-28,01:00,27.78,84,1.341,86,0,1012,0
2025-10-28,02:00,27.78,84,1.341,93,0,1012,0
2025-10-28,03:00,27.78,84,1.788,89,0,1012,0
2025-10-28,04:00,27.78,84,1.788,93,0,1011,0
2025-10-28,05:00,27.78,84,1.341,94,0,1011,0
2025-10-28,06:00,27.78,85,1.788,97,0,1012,0
2025-10-28,07:00,27.78,84,1.788,93,0,1012,0
2025-10-28,08:00,28.89,80,1.788,89,0,1013,0
2025-10-28,09:00,29.44,78,2.682,91,0,1014,0
2025-10-28,10:00,30,76,2.682,92,0,1014,0
2025-10-28,11:00,30.56,75,3.129,89,0,1013,0
2025-10-28,12:00,30.56,74,3.129,101,0,1012,0
2025-10-28,13:00,30.56,76,3.129,98,0,1012,0
2025-10-28,14:00,30.56,75,3.129,98,0,1011,0
2025-10-28,15:00,30.56,76,3.129,92,0,1011,0
2025-10-28,16:00,30,81,2.682,88,0,1011,0
2025-10-28,17:00,29.44,78,2.682,98,0,1011,0
2025-10-28,18:00,29.44,82,2.235,89,0,1012,0
2025-10-28,19:00,28.89,85,1.788,82,0,1012,0
2025-10-28,20:00,28.33,87,2.235,87,0,1013,0
2025-10-28,21:00,28.33,86,2.235,91,0,1013,0
2025-10-28,22:00,28.33,85,2.682,89,0,1013,0
2025-10-28,23:00,28.89,85,2.235,87,0,1013,0
2025-10-29,00:00,28.89,84,2.235,88,0,1013,0
2025-10-29,01:00,28.89,84,2.235,86,0,1013,0
2025-10-29,02:00,28.33,84,1.788,83,0,1012,0
2025-10-29,03:00,28.33,86,1.788,92,0,1012,0
2025-10-29,04:00,28.33,86,1.788,100,0,1011,0
2025-10-29,05:00,27.78,89,1.788,92,0,1011,1.5
2025-10-29,06:00,26.67,91,0.8941,59,0,1011,0
2025-10-29,07:00,27.22,92,0.8941,110,0,1012,0
2025-10-29,08:00,28.33,88,0.8941,99,0,1013,0
2025-10-29,09:00,29.44,82,1.788,99,0,1013,0
2025-10-29,10:00,30,78,2.235,107,0,1013,0
2025-10-29,11:00,30.56,79,2.235,106,0,1013,0
2025-10-29,12:00,31.11,75,2.235,111,0,1013,0
2025-10-29,13:00,31.11,75,2.682,111,0,1012,0
2025-10-29,14:00,30.56,77,2.235,105,0,1011,0
2025-10-29,15:00,30,78,2.235,82,0,1011,0
2025-10-29,16:00,30.56,79,2.682,102,0,1011,0
2025-10-29,17:00,30,80,2.235,114,0,1011,0
2025-10-29,18:00,28.89,84,1.341,114,0,1011,0
2025-10-29,19:00,28.33,86,0.8941,82,0,1012,0
2025-10-29,20:00,28.33,89,1.788,91,0,1013,4.6
2025-10-29,21:00,26.11,89,1.341,97,0,1014,4.6
2025-10-29,22:00,26.67,89,0.8941,63,0,1014,0
2025-10-29,23:00,27.22,90,0.447,60,0,1013,0
2025-10-30,00:00,27.22,86,1.341,104,0,1013,0
2025-10-30,01:00,27.78,87,0.8941,61,0,1012,0
2025-10-30,02:00,27.78,89,0.8941,74,0,1012,0
2025-10-30,03:00,27.22,91,1.788,106,0,1013,1.5
2025-10-30,04:00,26.67,92,2.235,116,0,1012,3
2025-10-30,05:00,25.56,92,2.235,131,0,1012,2.1
2025-10-30,06:00,25.56,92,1.341,178,0,1013,1.5
2025-10-30,07:00,25.56,91,0.8941,189,0,1013,0.3
2025-10-30,08:00,25.56,91,0.8941,29,0,1013,0
2025-10-30,09:00,26.11,88,0.447,39,0,1014,0
2025-10-30,10:00,27.78,84,0.447,44,0,1014,0
2025-10-30,11:00,28.33,82,0.8941,8,0,1014,0
2025-10-30,12:00,28.89,82,0.8941,19,0,1013,0
2025-10-30,13:00,29.44,81,0.8941,61,0,1012,0
2025-10-30,14:00,30,79,1.788,74,0,1012,0
2025-10-30,15:00,30,79,2.235,75,0,1011,0
2025-10-30,16:00,28.89,82,1.788,77,0,1011,0
2025-10-30,17:00,29.44,84,1.341,77,0,1011,0
2025-10-30,18:00,28.89,85,1.341,101,0,1012,0
2025-10-30,19:00,28.33,86,0.8941,94,0,1013,0
2025-10-30,20:00,27.78,84,0.8941,89,0,1013,0
2025-10-30,21:00,27.78,85,0.8941,91,0,1014,0
2025-10-30,22:00,27.78,86,1.341,106,0,1014,0
2025-10-30,23:00,27.78,85,1.341,105,0,1014,0
2025-10-31,00:00,27.78,85,0.8941,111,0,1014,0
2025-10-31,01:00,27.78,84,1.341,106,0,1013,0
2025-10-31,02:00,27.22,85,0.8941,91,0,1013,0
2025-10-31,03:00,27.22,84,1.341,97,0,1012,0
2025-10-31,04:00,27.22,86,0.8941,78,0,1012,0
2025-10-31,05:00,26.67,90,0.8941,80,0,1012,0.5
2025-10-31,06:00,26.67,89,0.8941,105,0,1012,0
2025-10-31,07:00,27.22,87,1.341,106,0,1013,0
2025-10-31,08:00,27.78,84,1.788,102,0,1014,0
2025-10-31,09:00,28.89,79,2.682,105,0,1014,0
2025-10-31,10:00,30,78,3.129,91,0,1014,0
2025-10-31,11:00,30,77,3.129,98,0,1014,0
2025-10-31,12:00,30.56,77,3.129,106,0,1013,0
2025-10-31,13:00,30.56,75,3.129,102,0,1013,0
2025-10-31,14:00,30.56,75,3.576,97,0,1012,0
2025-10-31,15:00,30.56,76,3.129,97,0,1012,0
2025-10-31,16:00,30,77,3.129,107,0,1012,0
2025-10-31,17:00,30,77,2.235,99,0,1012,0
2025-10-31,18:00,29.44,82,1.788,91,0,1013,0
2025-10-31,19:00,28.89,82,1.341,92,0,1013,0
2025-10-31,20:00,28.33,83,0.8941,101,0,1014,0
2025-10-31,21:00,28.33,84,1.341,105,0,1014,0
2025-10-31,22:00,28.33,83,1.341,92,0,1014,0
2025-10-31,23:00,28.89,84,1.788,83,0,1014,0
2025-11-01,00:00,28.33,84,1.788,85,0,1013,0
2025-11-01,01:00,28.33,84,1.788,84,0,1013,0
2025-11-01,02:00,28.33,85,2.235,85,0,1013,0
2025-11-01,03:00,28.33,83,2.235,84,0,1012,0
2025-11-01,04:00,28.33,84,2.682,83,0,1012,0
2025-11-01,05:00,26.67,90,2.235,87,0,1012,0.5
2025-11-01,06:00,27.78,88,2.235,87,0,1012,0.2
2025-11-01,07:00,27.78,87,2.682,94,0,1012,0.5
2025-11-01,08:00,28.89,82,2.682,101,0,1013,0
2025-11-01,09:00,29.44,79,3.129,103,0,1014,0
2025-11-01,10:00,30.56,77,3.129,105,0,1014,0
2025-11-01,11:00,30,79,3.576,103,0,1013,0
2025-11-01,12:00,30.56,77,4.023,89,0,1013,0
2025-11-01,13:00,30.56,74,4.47,93,0,1012,0
2025-11-01,14:00,30.56,76,4.023,92,0,1011,0
2025-11-01,15:00,30.56,77,3.576,91,0,1010,0
2025-11-01,16:00,30,79,3.129,90,0,1010,0
2025-11-01,17:00,30,79,3.129,84,0,1011,0
2025-11-01,18:00,28.33,86,3.129,82,0,1011,2.6
2025-11-01,19:00,27.78,88,1.788,100,0,1012,0
2025-11-01,20:00,28.33,84,2.682,90,0,1013,0
2025-11-01,21:00,28.33,83,2.235,92,0,1013,0
2025-11-01,22:00,28.89,83,2.682,87,0,1013,0
2025-11-01,23:00,28.33,88,2.235,91,0,1013,0.2
2025-11-02,00:00,27.78,85,2.235,86,0,1012,0
2025-11-02,01:00,28.33,85,3.129,83,0,1012,1.5
2025-11-02,02:00,27.78,85,2.682,89,0,1012,0
2025-11-02,03:00,27.78,91,3.129,92,0,1011,9.7
2025-11-02,04:00,26.67,92,1.788,103,0,1011,0.5
2025-11-02,05:00,27.22,89,3.129,87,0,1011,0
2025-11-02,06:00,27.22,88,3.129,92,0,1011,0.3
2025-11-02,07:00,27.78,88,3.576,100,0,1011,0.5
2025-11-02,08:00,28.33,86,3.129,109,0,1011,0
2025-11-02,09:00,28.89,81,4.023,106,0,1012,0
2025-11-02,10:00,30,79,4.023,105,0,1012,0
2025-11-02,11:00,30.56,78,4.023,106,0,1012,0
2025-11-02,12:00,30.56,76,4.47,97,0,1011,0
2025-11-02,13:00,30.56,77,4.023,106,0,1010,0
2025-11-02,14:00,30.56,80,3.576,107,0,1009,0
2025-11-02,15:00,30,84,3.129,107,0,1009,0.7
2025-11-02,16:00,29.44,80,3.129,103,0,1008,0
2025-11-02,17:00,29.44,84,3.129,96,0,1009,0
2025-11-02,18:00,27.78,87,2.682,103,0,1009,0.3
2025-11-02,19:00,28.89,85,2.235,94,0,1010,0
2025-11-02,20:00,28.33,86,2.235,103,0,1011,0.2
2025-11-02,21:00,28.89,84,2.682,96,0,1011,0
2025-11-02,22:00,28.33,85,3.129,102,0,1012,0.3
2025-11-02,23:00,27.22,88,1.788,106,0,1012,0
2025-11-03,00:00,27.22,89,3.129,106,0,1012,1
2025-11-03,01:00,27.78,85,2.682,108,0,1011,0
2025-11-03,02:00,27.78,85,2.235,105,0,1011,0
2025-11-03,03:00,28.33,85,2.235,102,0,1011,0
2025-11-03,04:00,27.22,89,2.235,106,0,1010,3.1
2025-11-03,05:00,26.67,91,1.341,109,0,1010,0
2025-11-03,06:00,26.67,89,1.788,107,0,1010,0.2
2025-11-03,07:00,27.22,86,1.788,104,0,1011,0
2025-11-03,08:00,27.78,85,2.682,105,0,1011,0.8
2025-11-03,09:00,28.33,82,2.235,101,0,1012,0
2025-11-03,10:00,30,79,3.576,92,0,1012,0
2025-11-03,11:00,30.56,75,3.129,85,0,1011,0
2025-11-03,12:00,30.56,76,4.47,88,0,1010,0
2025-11-03,13:00,31.11,77,3.576,87,0,1009,0
2025-11-03,14:00,30.56,76,4.47,87,0,1009,0
2025-11-03,15:00,30.56,76,4.023,89,0,1008,0
2025-11-03,16:00,30.56,76,3.576,89,0,1008,0
2025-11-03,17:00,30,79,3.129,84,0,1008,0
2025-11-03,18:00,29.44,80,3.129,82,0,1009,0
2025-11-03,19:00,28.89,85,2.682,83,0,1009,0
2025-11-03,20:00,28.89,81,3.576,83,0,1010,0
2025-11-03,21:00,28.89,80,4.023,87,0,1011,0
2025-11-03,22:00,28.89,81,3.129,94,0,1011,0
2025-11-03,23:00,28.89,81,3.129,87,0,1011,0
2025-11-04,00:00,28.89,81,2.682,81,0,1010,0
2025-11-04,01:00,28.89,81,2.682,82,0,1010,0
2025-11-04,02:00,28.89,81,3.129,85,0,1009,0
2025-11-04,03:00,28.89,81,3.576,85,0,1009,0
2025-11-04,04:00,28.89,81,3.129,94,0,1008,0
2025-11-04,05:00,28.89,83,2.682,95,0,1008,0
2025-11-04,06:00,27.78,89,1.788,98,0,1009,1.5
2025-11-04,07:00,27.78,88,2.682,108,0,1009,0.5
2025-11-04,08:00,28.89,83,3.129,110,0,1010,0
2025-11-04,09:00,28.33,86,2.682,100,0,1011,1.8
2025-11-04,10:00,29.44,80,3.129,98,0,1011,0
2025-11-04,11:00,30,78,3.576,96,0,1010,0
2025-11-04,12:00,30,80,4.023,96,0,1010,0
2025-11-04,13:00,30.56,77,4.023,98,0,1009,0
2025-11-04,14:00,30.56,76,3.129,104,0,1008,0
2025-11-04,15:00,30.56,78,2.682,94,0,1007,0
2025-11-04,16:00,30.56,79,3.129,86,0,1008,0
2025-11-04,17:00,29.44,83,2.682,83,0,1008,0
2025-11-04,18:00,28.89,85,2.682,85,0,1008,0
2025-11-04,19:00,28.33,85,2.235,83,0,1008,0
2025-11-04,20:00,28.33,84,2.235,83,0,1009,0
2025-11-04,21:00,28.33,82,2.235,80,0,1010,0
2025-11-04,22:00,28.33,82,2.682,81,0,1010,0
2025-11-04,23:00,28.89,84,2.235,81,0,1010,0
2025-11-05,00:00,28.33,89,1.788,93,0,1010,0.5
2025-11-05,01:00,27.78,87,1.788,89,0,1009,0
2025-11-05,02:00,28.33,87,2.235,91,0,1008,0
2025-11-05,03:00,28.33,86,1.788,104,0,1008,0
2025-11-05,04:00,27.22,89,1.788,103,0,1007,2.3
2025-11-05,05:00,26.67,93,1.341,78,0,1007,8.9
2025-11-05,06:00,26.67,93,1.341,116,0,1007,0
2025-11-05,07:00,27.22,93,0.8941,111,0,1008,0
2025-11-05,08:00,27.22,89,2.235,95,0,1008,0
2025-11-05,09:00,28.89,80,2.235,96,0,1009,0
2025-11-05,10:00,30,79,3.129,89,0,1009,0
2025-11-05,11:00,30,80,2.682,86,0,1009,0
2025-11-05,12:00,27.78,90,2.235,102,0,1009,4
2025-11-05,13:00,27.78,89,0.8941,71,0,1008,0.3
2025-11-05,14:00,27.78,91,1.341,352,0,1007,5.3
2025-11-05,15:00,28.89,80,2.235,82,0,1006,0
2025-11-05,16:00,29.44,82,1.788,107,0,1006,0
2025-11-05,17:00,28.89,83,1.341,99,0,1006,0
2025-11-05,18:00,28.89,85,0.8941,83,0,1006,0
2025-11-05,19:00,27.78,85,0.447,96,0,1006,0
2025-11-05,20:00,28.33,85,0.8941,94,0,1007,0
2025-11-05,21:00,28.33,86,0.8941,84,0,1008,0
2025-11-05,22:00,28.33,83,1.341,105,0,1008,0
2025-11-05,23:00,27.78,87,0.8941,102,0,1008,0
2025-11-06,00:00,27.78,87,1.341,105,0,1007,0
2025-11-06,01:00,27.78,86,1.341,107,0,1007,0
2025-11-06,02:00,27.78,83,2.235,113,0,1007,0
2025-11-06,03:00,27.22,87,1.788,94,0,1006,0
2025-11-06,04:00,27.78,85,1.341,95,0,1006,0
2025-11-06,05:00,28.33,84,1.788,112,0,1006,0
2025-11-06,06:00,28.33,84,2.235,106,0,1007,0
2025-11-06,07:00,28.33,87,1.788,109,0,1008,0
2025-11-06,08:00,28.33,86,2.235,111,0,1008,0
2025-11-06,09:00,27.78,87,2.682,116,0,1009,0.8
2025-11-06,10:00,28.33,86,1.788,115,0,1009,0
2025-11-06,11:00,28.89,84,2.235,95,0,1008,0
2025-11-06,12:00,29.44,82,2.682,101,0,1008,0
2025-11-06,13:00,29.44,83,2.682,106,0,1007,0
2025-11-06,14:00,30,78,3.129,110,0,1006,0
2025-11-06,15:00,30,82,2.682,117,0,1006,0
2025-11-06,16:00,29.44,87,2.235,110,0,1006,1
2025-11-06,17:00,28.89,86,1.788,104,0,1006,0
2025-11-06,18:00,28.89,85,1.788,111,0,1006,0
2025-11-06,19:00,28.89,85,2.235,113,0,1007,0
2025-11-06,20:00,28.89,83,1.788,112,0,1007,0
2025-11-06,21:00,28.89,83,2.235,111,0,1008,0
2025-11-06,22:00,28.89,84,2.682,112,0,1008,0
2025-11-06,23:00,28.89,82,2.682,112,0,1008,0
2025-11-07,00:00,28.89,83,2.682,112,0,1008,0
2025-11-07,01:00,28.89,83,2.235,122,0,1008,0
2025-11-07,02:00,28.89,82,2.235,124,0,1008,0
2025-11-07,03:00,28.89,82,2.235,115,0,1007,0
2025-11-07,04:00,28.89,82,2.235,121,0,1007,0
2025-11-07,05:00,28.89,83,1.788,123,0,1007,0
2025-11-07,06:00,28.89,81,2.235,124,0,1008,0
2025-11-07,07:00,28.89,81,1.788,126,0,1008,0
2025-11-07,08:00,29.44,81,2.235,124,0,1009,0
2025-11-07,09:00,30,79,2.682,122,0,1010,0
2025-11-07,10:00,30,80,3.129,117,0,1010,0
2025-11-07,11:00,30.56,76,3.129,128,0,1009,0
2025-11-07,12:00,30,79,3.576,122,0,1008,0
2025-11-07,13:00,30,79,3.576,118,0,1007,0
2025-11-07,14:00,30.56,75,4.023,119,0,1006,0
2025-11-07,15:00,30.56,77,4.023,119,0,1006,0
2025-11-07,16:00,30,81,2.682,122,0,1006,0
2025-11-07,17:00,29.44,81,1.788,125,0,1007,0
2025-11-07,18:00,29.44,85,1.788,120,0,1007,0.3
2025-11-07,19:00,28.89,84,1.788,118,0,1008,0
2025-11-07,20:00,28.89,85,1.788,116,0,1009,0
2025-11-07,21:00,28.89,84,1.788,122,0,1009,0
2025-11-07,22:00,28.89,84,1.788,118,0,1010,0
2025-11-07,23:00,28.89,84,1.341,119,0,1010,0
2025-11-08,00:00,28.89,84,1.341,120,0,1010,0
2025-11-08,01:00,28.89,84,1.341,117,0,1010,0
2025-11-08,02:00,28.89,84,1.341,122,0,1009,0.2
2025-11-08,03:00,27.22,88,0.8941,103,0,1009,0
2025-11-08,04:00,28.33,88,1.341,115,0,1009,0
2025-11-08,05:00,27.78,88,1.788,104,0,1009,0
2025-11-08,06:00,27.78,91,1.341,114,0,1010,9.4
2025-11-08,07:00,26.11,92,1.341,95,0,1011,2.3
2025-11-08,08:00,26.67,91,1.788,143,0,1012,0
2025-11-08,09:00,27.22,90,0.447,198,0,1012,0.2
2025-11-08,10:00,28.89,83,1.788,144,0,1012,0
2025-11-08,11:00,28.89,84,1.788,125,0,1013,0
2025-11-08,12:00,28.33,84,2.235,160,0,1012,0
2025-11-08,13:00,30,74,2.682,152,0,1011,0
2025-11-08,14:00,30.56,76,2.235,134,0,1010,0
2025-11-08,15:00,30.56,76,2.235,109,0,1010,0
2025-11-08,16:00,30,80,1.788,111,0,1010,0
2025-11-08,17:00,30,80,1.788,104,0,1010,0
2025-11-08,18:00,28.89,84,0.8941,96,0,1011,0
2025-11-08,19:00,27.78,89,0.8941,78,0,1011,1.1
2025-11-08,20:00,27.22,92,0.8941,66,0,1012,0.7
2025-11-08,21:00,27.22,91,1.341,99,0,1012,0
2025-11-08,22:00,27.78,91,0.8941,77,0,1013,0
2025-11-08,23:00,27.78,89,1.341,111,0,1013,0
2025-11-09,00:00,27.78,88,0.8941,114,0,1013,0
2025-11-09,01:00,27.78,89,0.8941,134,0,1012,0
2025-11-09,02:00,27.22,90,0.8941,47,0,1012,0
2025-11-09,03:00,27.22,91,0.447,93,0,1012,0.3
2025-11-09,04:00,27.22,93,0.447,102,0,1011,0
2025-11-09,05:00,26.67,93,0.447,5,0,1011,0
2025-11-09,06:00,26.67,93,0.447,96,0,1011,0
2025-11-09,07:00,26.67,93,0.8941,114,3,1012,2
2025-11-09,08:00,26.11,94,0.8941,60,22,1013,5.1
2025-11-09,09:00,26.67,94,0.8941,111,92,1013,0
2025-11-09,10:00,27.78,91,1.788,100,249,1013,1
2025-11-09,11:00,28.33,88,2.235,94,405,1013,0
2025-11-09,12:00,30,79,2.682,108,684,1012,0
2025-11-09,13:00,30,78,2.682,114,415,1011,0
2025-11-09,14:00,30.56,75,2.235,110,379,1011,0
2025-11-09,15:00,30.56,79,1.788,98,221,1010,0
2025-11-09,16:00,30,79,1.788,93,160,1010,0
2025-11-09,17:00,29.44,84,1.341,90,0,1011,0
2025-11-09,18:00,28.89,85,0.8941,98,0,1011,0
2025-11-09,19:00,28.33,87,0.8941,100,0,1011,0
2025-11-09,20:00,28.33,87,0.8941,100,0,1011,0
2025-11-09,21:00,27.78,87,0.447,79,0,1012,0
2025-11-09,22:00,27.78,88,0.447,90,0,1012,0
2025-11-09,23:00,27.78,87,0.8941,112,0,1012,0
2025-11-10,00:00,27.78,87,0.447,92,0,1012,0
2025-11-10,01:00,27.78,88,0.447,86,0,1012,0
2025-11-10,02:00,27.22,88,0.447,60,0,1011,0
2025-11-10,03:00,27.78,88,0.8941,110,0,1011,0
2025-11-10,04:00,27.22,90,0.447,135,0,1010,0
2025-11-10,05:00,27.22,90,0.447,134,0,1010,0
2025-11-10,06:00,27.22,90,0.8941,124,0,1010,0
2025-11-10,07:00,27.22,89,0.8941,109,23,1011,0
2025-11-10,08:00,28.33,83,1.341,100,130,1012,0
2025-11-10,09:00,30,78,2.235,97,317,1012,0
2025-11-10,10:00,30.56,76,2.682,96,502,1013,0
2025-11-10,11:00,30.56,75,3.129,96,449,1012,0
2025-11-10,12:00,30.56,74,2.682,97,96,1012,0
2025-11-10,13:00,30.56,76,2.682,95,0,1011,0
2025-11-10,14:00,30.56,75,2.682,91,0,1009,0
2025-11-10,15:00,30.56,75,2.682,96,0,1009,0
2025-11-10,16:00,30.56,76,2.682,100,0,1009,0
2025-11-10,17:00,30,77,2.235,89,0,1009,0
2025-11-10,18:00,29.44,83,1.341,82,0,1009,0
2025-11-10,20:00,28.33,85,0.447,109,0,1010,0
2025-11-10,21:00,28.33,86,0.8941,101,0,1011,0
2025-11-10,22:00,28.33,86,0.447,108,0,1011,0
2025-11-10,23:00,27.78,86,0.8941,94,0,1011,0
2025-11-11,00:00,27.78,88,0.8941,92,0,1011,0
2025-11-11,01:00,27.78,90,0.8941,98,0,1011,0
2025-11-11,02:00,27.22,91,0.447,81,0,1011,0
2025-11-11,03:00,27.22,90,0.447,77,0,1011,0
2025-11-11,04:00,27.22,91,0.447,107,0,1011,0
2025-11-11,05:00,27.22,91,0.447,83,0,1011,0
2025-11-11,06:00,26.67,92,0.447,99,0,1011,0
2025-11-11,07:00,27.22,92,0.8941,105,0,1012,0
2025-11-11,08:00,28.33,85,0.8941,64,0,1012,0
2025-11-11,09:00,30,79,1.788,82,0,1013,0
2025-11-11,10:00,30.56,76,2.235,90,0,1013,0
2025-11-11,11:00,30.56,73,2.682,95,0,1012,0
2025-11-11,12:00,31.11,71,2.682,91,0,1012,0
2025-11-11,13:00,31.11,72,2.682,99,0,1011,0
2025-11-11,14:00,31.11,73,2.682,93,0,1009,0
2025-11-11,15:00,30.56,72,3.129,93,0,1009,0
2025-11-11,16:00,30,76,3.129,100,0,1009,0
2025-11-11,17:00,28.89,82,2.235,93,0,1010,0
2025-11-11,18:00,28.33,86,1.341,94,0,1010,0
2025-11-11,19:00,28.33,87,1.788,90,0,1011,0
2025-11-11,20:00,28.33,84,2.235,84,0,1011,0
2025-11-11,21:00,28.33,83,2.235,98,0,1012,0
2025-11-11,22:00,28.33,85,1.788,94,0,1012,0
2025-11-11,23:00,28.33,83,1.788,97,0,1012,0
2025-11-12,00:00,28.33,84,1.341,107,0,1012,0
2025-11-12,01:00,28.33,86,1.341,93,0,1012,0
2025-11-12,02:00,27.22,90,1.341,99,0,1011,1
2025-11-12,03:00,26.67,90,0.8941,83,0,1011,0
2025-11-12,04:00,27.22,91,0.447,115,0,1011,0
2025-11-12,05:00,26.67,91,0.8941,101,0,1012,0
2025-11-12,06:00,26.67,90,0.8941,124,0,1012,0
2025-11-12,07:00,26.67,89,0.447,83,0,1013,0
2025-11-12,08:00,28.33,83,1.341,87,0,1013,0
2025-11-12,09:00,30,77,2.235,89,0,1014,0
2025-11-12,10:00,30,76,2.682,87,0,1014,0
2025-11-12,11:00,30.56,74,3.129,87,0,1013,0
2025-11-12,12:00,30.56,74,3.129,94,0,1012,0
2025-11-12,13:00,30.56,74,3.129,103,0,1011,0
2025-11-12,14:00,30.56,73,3.129,97,0,1010,0
2025-11-12,15:00,30.56,74,2.682,99,0,1009,0
2025-11-12,16:00,30.56,71,3.129,100,0,1009,0
2025-11-12,17:00,30,72,2.682,102,0,1010,0
2025-11-12,18:00,29.44,77,1.788,93,0,1010,0
2025-11-12,19:00,28.89,82,1.788,101,0,1011,0
2025-11-12,20:00,28.33,81,1.788,118,0,1011,0
2025-11-12,21:00,28.33,80,1.341,116,0,1012,0
2025-11-12,22:00,28.33,81,1.341,104,0,1012,0
2025-11-12,23:00,27.78,84,1.341,117,0,1012,0
2025-11-13,00:00,27.78,83,0.8941,108,0,1012,0
2025-11-13,01:00,27.78,84,0.447,118,0,1012,0
2025-11-13,02:00,27.78,84,0.8941,113,0,1012,0
2025-11-13,03:00,27.22,85,1.341,103,0,1012,0
2025-11-13,04:00,27.22,86,0.8941,108,0,1011,0
2025-11-13,05:00,26.67,89,0.8941,103,0,1011,0
2025-11-13,06:00,26.67,88,0.8941,101,0,1012,0
2025-11-13,07:00,26.67,86,1.341,101,0,1012,0
2025-11-13,08:00,27.22,83,1.341,90,0,1013,0
2025-11-13,09:00,29.44,76,2.235,80,0,1013,0
2025-11-13,10:00,30,75,2.682,76,0,1013,0
2025-11-13,11:00,30.56,71,3.129,87,0,1013,0
2025-11-13,12:00,31.11,73,2.682,86,0,1012,0
2025-11-13,13:00,31.11,72,2.682,82,0,1011,0
2025-11-13,14:00,30,77,2.682,79,0,1010,0
2025-11-13,15:00,30,73,2.682,84,0,1010,0
2025-11-13,16:00,30,82,2.235,82,0,1010,1
2025-11-13,17:00,29.44,82,1.788,88,0,1011,0
2025-11-13,18:00,28.89,84,1.788,86,0,1011,0
2025-11-13,19:00,27.78,87,1.341,107,0,1011,0
2025-11-13,20:00,27.78,86,0.8941,116,0,1012,0
2025-11-13,21:00,27.78,86,0.8941,108,0,1013,0
2025-11-13,22:00,27.78,85,0.8941,89,0,1013,0
2025-11-13,23:00,27.78,87,0.447,76,0,1013,0
2025-11-14,00:00,27.78,86,0.8941,89,0,1012,0
2025-11-14,01:00,27.78,83,0.8941,90,0,1012,0
2025-11-14,02:00,27.78,83,1.341,111,0,1012,0
2025-11-14,03:00,27.78,83,1.341,114,0,1011,0
2025-11-14,04:00,28.33,82,2.235,116,0,1011,0
2025-11-14,05:00,28.33,82,2.682,110,0,1011,0
2025-11-14,06:00,27.78,83,2.235,107,0,1011,0
2025-11-14,07:00,28.33,81,2.235,110,0,1012,0
2025-11-14,08:00,28.33,84,1.788,103,0,1013,0.3
2025-11-14,09:00,28.89,84,1.788,98,0,1013,1
2025-11-14,10:00,29.44,78,2.682,112,0,1014,0
2025-11-14,11:00,30.56,75,2.682,108,0,1013,0
2025-11-14,12:00,30.56,75,3.129,104,0,1012,0
2025-11-14,13:00,30.56,75,3.129,97,0,1012,0
2025-11-14,14:00,30.56,75,3.129,96,0,1011,0
2025-11-14,15:00,30.56,75,2.682,92,0,1011,0
2025-11-14,16:00,30,74,2.235,92,0,1011,0
2025-11-14,17:00,30,76,2.235,83,0,1011,0
2025-11-14,18:00,29.44,79,1.341,84,0,1012,0
2025-11-14,19:00,28.33,84,0.8941,109,0,1012,0.3
2025-11-14,20:00,27.78,88,0.8941,103,0,1012,0
2025-11-14,21:00,27.78,86,1.341,103,0,1013,0
2025-11-14,22:00,27.78,84,1.341,118,0,1013,0
2025-11-14,23:00,27.78,84,1.341,107,0,1013,0
2025-11-15,00:00,28.33,84,1.788,86,0,1013,0
2025-11-15,01:00,27.78,85,2.235,88,0,1013,0
2025-11-15,02:00,27.22,89,1.788,95,0,1012,2.8
2025-11-15,03:00,26.11,91,0.8941,107,0,1012,0.2
2025-11-15,04:00,26.67,91,0.8941,105,0,1012,0
2025-11-15,05:00,26.67,89,0.8941,118,0,1012,0
2025-11-15,06:00,27.22,88,1.341,107,0,1012,0
2025-11-15,07:00,27.22,85,1.788,98,0,1013,0
2025-11-15,08:00,28.33,83,1.788,92,0,1014,0
2025-11-15,09:00,29.44,76,2.682,88,0,1014,0
2025-11-15,10:00,30,74,3.129,89,0,1014,0
2025-11-15,11:00,30.56,74,3.576,94,0,1014,0
2025-11-15,12:00,30.56,73,3.576,93,0,1014,0
2025-11-15,13:00,30.56,70,4.023,90,0,1013,0
2025-11-15,14:00,31.11,72,3.576,82,0,1012,0
2025-11-15,15:00,30.56,77,3.129,94,0,1012,0
2025-11-15,16:00,30,81,3.129,87,10,1012,2.3
2025-11-15,17:00,27.78,84,2.682,86,32,1012,0
2025-11-15,18:00,28.33,85,2.235,84,0,1013,0
2025-11-15,19:00,28.33,82,2.235,84,0,1013,0
2025-11-15,20:00,28.33,85,1.788,90,0,1014,0
2025-11-15,21:00,27.78,89,1.788,103,0,1015,0.8
2025-11-15,22:00,26.67,90,2.235,101,0,1015,0.7
2025-11-15,23:00,27.78,86,2.682,86,0,1015,0
2025-11-16,00:00,28.33,84,2.682,86,0,1015,0
2025-11-16,01:00,28.33,82,2.682,85,0,1014,0
2025-11-16,02:00,28.33,82,2.682,83,0,1014,0
2025-11-16,03:00,28.33,81,2.682,82,0,1013,0
2025-11-16,04:00,28.33,85,2.682,86,0,1013,0.3
2025-11-16,05:00,28.33,83,2.682,85,0,1013,0
2025-11-16,06:00,28.33,81,2.682,83,0,1013,0
2025-11-16,07:00,28.33,81,2.682,84,0,1014,0
2025-11-16,08:00,28.89,77,3.129,83,0,1014,0
2025-11-16,09:00,30,77,3.129,88,0,1015,0
2025-11-16,10:00,30,74,3.129,89,0,1015,0
2025-11-16,11:00,30.56,75,3.576,93,0,1015,0
2025-11-16,12:00,30,76,3.576,88,0,1014,0
2025-11-16,13:00,30.56,74,3.576,85,0,1013,0
2025-11-16,14:00,30.56,73,3.576,87,0,1012,0
2025-11-16,15:00,30.56,73,3.576,92,0,1012,0
2025-11-16,16:00,30.56,72,3.129,85,0,1012,0
2025-11-16,17:00,30,76,3.129,78,0,1012,0
2025-11-16,18:00,29.44,79,3.129,83,0,1013,0
2025-11-16,19:00,28.89,82,2.682,83,0,1013,0
2025-11-16,20:00,28.33,82,2.682,81,0,1014,0
2025-11-16,21:00,28.33,88,2.682,83,0,1014,0.7
2025-11-16,22:00,27.78,87,2.235,86,0,1014,0
2025-11-16,23:00,27.78,86,2.235,85,0,1014,0
2025-11-17,00:00,28.33,83,2.682,83,0,1014,0
2025-11-17,01:00,28.33,84,2.235,87,0,1013,0
2025-11-17,02:00,28.33,86,2.235,82,0,1013,0
2025-11-17,03:00,28.33,83,2.235,85,0,1012,0
2025-11-17,04:00,27.22,89,2.235,98,0,1012,1
2025-11-17,05:00,26.67,90,1.788,101,0,1012,0.3
2025-11-17,06:00,26.67,90,1.341,102,0,1012,0
2025-11-17,07:00,27.22,87,1.788,99,0,1013,0
2025-11-17,08:00,28.33,84,2.235,90,0,1013,0
2025-11-17,09:00,29.44,78,2.682,94,0,1014,0
2025-11-17,10:00,30,77,3.129,91,0,1014,0
2025-11-17,11:00,30.56,76,3.576,88,0,1014,0
2025-11-17,12:00,30.56,75,3.576,91,0,1013,0
2025-11-17,13:00,31.11,77,3.129,86,0,1012,0
2025-11-17,14:00,30.56,75,3.576,88,0,1011,0
2025-11-17,15:00,30.56,75,3.576,83,0,1011,0
2025-11-17,16:00,30.56,76,3.129,81,0,1010,0
2025-11-17,17:00,30,79,2.682,84,0,1011,0.3
2025-11-17,18:00,28.89,84,2.682,85,0,1011,0
2025-11-17,19:00,28.89,81,2.682,87,0,1011,0
2025-11-17,20:00,28.89,80,2.682,84,0,1012,0
2025-11-17,21:00,28.89,81,2.682,85,0,1012,0
2025-11-17,22:00,28.89,82,2.682,84,0,1012,0
2025-11-17,23:00,28.33,84,2.682,85,0,1012,0
2025-11-18,00:00,28.33,84,2.682,86,0,1012,0
2025-11-18,01:00,28.33,80,2.235,87,0,1012,0
2025-11-18,02:00,28.33,83,2.235,87,0,1011,0
2025-11-18,03:00,28.33,83,2.235,89,0,1011,0
2025-11-18,04:00,28.33,82,2.235,88,0,1010,0
2025-11-18,05:00,28.33,82,2.235,83,0,1010,0
2025-11-18,06:00,27.78,86,2.235,89,0,1011,0.2
2025-11-18,07:00,27.78,86,2.235,93,0,1011,0
2025-11-18,08:00,28.33,81,2.235,86,0,1012,0
2025-11-18,09:00,30,73,3.129,92,0,1012,0
2025-11-18,10:00,30.56,73,4.023,103,0,1012,0
2025-11-18,11:00,30.56,71,4.47,95,0,1012,0
2025-11-18,12:00,30.56,76,4.023,100,0,1011,0
2025-11-18,13:00,30.56,73,3.576,100,0,1010,0
2025-11-18,14:00,29.44,84,2.682,96,12,1009,5.1
2025-11-18,15:00,29.44,79,2.682,97,0,1009,0
2025-11-18,16:00,30,80,2.682,99,0,1009,0
2025-11-18,17:00,29.44,81,2.235,89,0,1009,0
2025-11-18,18:00,28.89,83,1.788,82,0,1010,0
2025-11-18,19:00,28.33,81,2.235,87,0,1010,0
2025-11-18,20:00,28.33,78,2.235,100,0,1011,0
2025-11-18,21:00,28.33,79,2.235,101,0,1011,0
2025-11-18,22:00,28.33,78,2.682,93,0,1012,0
2025-11-18,23:00,28.33,76,2.235,88,0,1011,0
2025-11-19,00:00,28.33,79,2.235,87,0,1011,0
2025-11-19,01:00,28.33,79,2.682,86,0,1011,0
2025-11-19,02:00,28.33,82,2.235,86,0,1011,0
2025-11-19,03:00,28.33,81,2.235,86,0,1010,0
2025-11-19,04:00,28.33,82,2.235,87,0,1010,0
2025-11-19,05:00,28.33,82,2.235,84,0,1010,0
2025-11-19,06:00,28.33,84,2.682,84,0,1011,0
2025-11-19,07:00,28.33,81,2.682,84,0,1011,0
2025-11-19,08:00,28.89,77,3.129,82,0,1012,0
2025-11-19,09:00,29.44,78,3.129,84,0,1012,0
2025-11-19,10:00,30.56,77,3.576,83,0,1013,0
2025-11-19,11:00,30.56,76,4.023,88,0,1012,0
2025-11-19,12:00,30.56,76,4.023,91,0,1011,0
2025-11-19,13:00,30.56,75,4.023,90,0,1011,0
2025-11-19,14:00,30.56,74,4.023,95,0,1010,0
2025-11-19,15:00,30.56,76,4.023,90,0,1009,0
2025-11-19,16:00,30.56,77,3.576,89,0,1009,0
2025-11-19,17:00,30,77,3.129,86,0,1010,0
2025-11-19,18:00,29.44,79,3.129,82,0,1010,0
2025-11-19,19:00,28.89,77,3.129,82,0,1011,0
2025-11-19,20:00,28.89,74,3.576,83,0,1012,0
2025-11-19,21:00,28.89,75,3.576,82,0,1012,0
2025-11-19,22:00,28.89,77,2.682,83,0,1012,0
2025-11-19,23:00,28.89,80,2.682,81,0,1012,0
2025-11-20,00:00,27.78,90,2.235,85,0,1012,1.8
2025-11-20,01:00,27.78,87,2.682,86,0,1012,0
2025-11-20,02:00,28.33,83,2.682,86,0,1012,0
2025-11-20,03:00,28.33,81,2.682,88,0,1011,0
2025-11-20,04:00,28.33,84,2.682,86,0,1011,0
2025-11-20,05:00,27.78,88,2.682,97,0,1011,0
2025-11-20,06:00,27.78,87,2.235,101,0,1011,0
2025-11-20,07:00,28.33,80,2.682,106,0,1012,0
2025-11-20,08:00,28.89,79,3.129,103,0,1012,0
2025-11-20,09:00,29.44,77,3.129,98,0,1013,0
2025-11-20,10:00,30,75,3.576,100,0,1013,0
2025-11-20,11:00,30.56,71,4.023,98,0,1013,0
2025-11-20,12:00,30.56,73,4.47,93,0,1012,0
2025-11-20,13:00,30.56,74,4.47,94,0,1012,0
2025-11-20,14:00,31.11,70,4.023,90,0,1011,0
2025-11-20,15:00,30.56,73,4.47,90,0,1010,0
2025-11-20,16:00,30.56,74,4.023,88,0,1010,0
2025-11-20,17:00,30,76,4.023,89,0,1010,0
2025-11-20,18:00,29.44,77,4.023,86,0,1011,0
2025-11-20,19:00,28.33,87,3.129,89,0,1011,1.2
2025-11-20,20:00,28.89,81,3.576,90,0,1012,0
2025-11-20,21:00,28.89,81,3.576,85,0,1013,0
2025-11-20,22:00,28.33,85,3.129,85,0,1013,0
2025-11-20,23:00,28.89,85,3.576,84,0,1013,0
2025-11-21,00:00,28.89,84,3.576,86,0,1012,0
2025-11-21,01:00,28.89,80,4.023,93,0,1012,0
2025-11-21,02:00,28.33,81,3.129,89,0,1012,0
2025-11-21,03:00,28.33,82,3.129,89,0,1011,0
2025-11-21,04:00,28.33,88,2.682,86,0,1011,0.3
2025-11-21,05:00,27.78,87,3.129,94,0,1011,0.2
2025-11-21,06:00,27.78,85,3.576,87,0,1011,0
2025-11-21,07:00,28.33,82,3.129,89,0,1012,0
2025-11-21,08:00,28.89,77,3.129,84,0,1012,0
2025-11-21,09:00,30,75,4.023,86,0,1013,0
2025-11-21,10:00,30.56,75,4.47,94,0,1013,0
2025-11-21,11:00,30.56,72,4.917,91,0,1013,0
2025-11-21,12:00,31.11,75,4.47,96,0,1012,0
2025-11-21,13:00,30,77,3.576,94,0,1011,0
2025-11-21,14:00,29.44,80,4.023,89,0,1010,0.3
2025-11-21,15:00,30,80,3.576,84,0,1009,0
2025-11-21,16:00,30,80,4.023,88,0,1009,0
2025-11-21,17:00,29.44,76,3.576,92,0,1009,0
2025-11-21,18:00,29.44,82,3.129,91,0,1010,0
2025-11-21,19:00,27.78,84,2.235,107,0,1011,0
2025-11-21,20:00,28.33,79,2.682,103,0,1012,0
2025-11-21,21:00,28.89,76,3.129,107,0,1012,0
2025-11-21,22:00,28.89,76,2.682,110,0,1013,0
2025-11-21,23:00,28.89,79,2.235,110,0,1013,0
2025-11-22,00:00,28.89,80,2.235,106,0,1012,0
2025-11-22,01:00,28.33,84,2.235,101,0,1012,0.3
2025-11-22,02:00,26.67,90,1.788,106,0,1012,1
2025-11-22,03:00,27.78,86,2.235,110,0,1011,0
2025-11-22,04:00,27.22,86,2.682,104,0,1011,0
2025-11-22,05:00,27.22,83,2.682,108,0,1011,0
2025-11-22,06:00,27.78,81,3.129,106,0,1011,0
2025-11-22,07:00,27.78,77,2.235,108,0,1011,0
2025-11-22,08:00,28.33,78,2.682,104,0,1012,0
2025-11-22,09:00,28.89,79,3.576,91,0,1012,0
2025-11-22,10:00,30,80,3.576,95,0,1012,0
2025-11-22,11:00,30.56,77,4.023,92,0,1012,0
2025-11-22,12:00,30,79,3.576,92,0,1012,0
2025-11-22,13:00,30.56,76,4.47,95,0,1011,0
2025-11-22,14:00,30.56,76,4.023,94,0,1011,0
2025-11-22,15:00,30.56,77,4.023,93,0,1010,0
2025-11-22,16:00,30,78,4.023,86,0,1010,0
2025-11-22,17:00,30,79,3.576,90,0,1010,0
2025-11-22,18:00,29.44,81,3.129,98,0,1011,0
2025-11-22,19:00,28.89,80,3.129,95,0,1011,0
2025-11-22,20:00,28.89,80,3.129,91,0,1011,0
2025-11-22,21:00,28.89,79,3.129,91,0,1012,0
2025-11-22,22:00,28.89,79,3.129,88,0,1012,0
2025-11-22,23:00,28.89,77,3.576,86,0,1011,0
2025-11-23,00:00,28.89,79,3.129,85,0,1011,0
2025-11-23,01:00,28.89,79,3.129,85,0,1011,0
2025-11-23,02:00,28.33,84,3.129,85,0,1010,0
2025-11-23,03:00,26.67,89,3.129,102,0,1010,0.5
2025-11-23,04:00,27.78,83,3.129,90,0,1009,0
2025-11-23,05:00,28.33,77,4.47,107,0,1009,0
2025-11-23,06:00,28.33,74,4.023,103,0,1009,0
2025-11-23,07:00,28.33,75,3.576,107,0,1011,0
2025-11-23,08:00,28.33,72,3.576,96,0,1011,0
2025-11-23,09:00,29.44,70,3.576,91,0,1012,0
2025-11-23,10:00,30,72,4.023,87,0,1012,0
2025-11-23,11:00,30.56,71,4.47,94,0,1012,0
2025-11-23,12:00,30.56,75,4.023,91,0,1011,0
2025-11-23,13:00,30,76,3.576,98,27,1010,0.2
2025-11-23,14:00,28.89,85,3.129,94,44,1009,1
2025-11-23,15:00,30,75,4.47,89,0,1008,0
2025-11-23,16:00,30.56,74,4.47,90,0,1008,0
2025-11-23,17:00,30,77,3.129,88,0,1009,0
2025-11-23,18:00,29.44,84,3.129,86,0,1009,0
2025-11-23,19:00,28.89,82,2.682,91,0,1010,0
2025-11-23,20:00,28.89,79,2.682,95,0,1011,0
2025-11-23,21:00,28.89,78,3.129,98,0,1011,0
2025-11-23,22:00,28.89,77,3.129,105,0,1012,0
2025-11-23,23:00,28.89,79,2.235,105,0,1012,0
2025-11-24,00:00,28.89,78,2.235,98,0,1011,0
2025-11-24,01:00,28.33,82,2.235,92,0,1011,0
2025-11-24,02:00,28.33,82,2.682,86,0,1011,0
2025-11-24,03:00,28.33,84,2.235,95,0,1010,0.3
2025-11-24,04:00,28.33,81,2.682,92,0,1010,0
2025-11-24,05:00,28.33,83,2.682,97,0,1010,0
2025-11-24,06:00,28.33,83,2.682,100,0,1011,0
2025-11-24,07:00,28.33,83,3.129,88,0,1011,0
2025-11-24,08:00,28.33,79,3.576,95,0,1012,0
2025-11-24,09:00,29.44,75,4.47,94,0,1012,0
2025-11-24,10:00,30,75,4.023,88,0,1012,0
2025-11-24,11:00,30,73,4.023,89,0,1012,0
2025-11-24,12:00,30.56,73,4.47,92,0,1011,0
2025-11-24,13:00,30.56,74,4.47,88,0,1010,0
2025-11-24,14:00,30.56,74,3.576,89,0,1009,0
2025-11-24,15:00,30.56,76,4.023,90,0,1008,0
2025-11-24,16:00,30,77,3.576,95,0,1008,0
2025-11-24,17:00,30,78,3.576,90,0,1008,0
2025-11-24,18:00,28.89,80,3.129,87,0,1008,0
2025-11-24,19:00,28.89,81,3.129,85,0,1009,0
2025-11-24,20:00,28.89,82,3.129,85,0,1009,0
2025-11-24,21:00,28.89,80,3.129,92,0,1010,0
2025-11-24,22:00,28.33,84,2.682,103,0,1010,0.3
2025-11-24,23:00,27.78,88,2.235,102,0,1011,0.2
2025-11-25,00:00,28.33,83,2.682,108,0,1010,0
2025-11-25,01:00,28.33,83,2.235,109,0,1010,0
2025-11-25,02:00,28.33,82,1.341,108,0,1010,0
2025-11-25,03:00,27.78,82,1.341,109,0,1010,0
2025-11-25,04:00,28.33,81,1.788,106,0,1010,0
2025-11-25,05:00,28.33,84,1.341,110,0,1010,0.3
2025-11-25,06:00,27.78,84,1.788,114,0,1010,0
2025-11-25,07:00,27.78,83,1.341,105,0,1011,0
2025-11-25,08:00,28.33,85,0.8941,98,0,1012,0
2025-11-25,09:00,29.44,77,2.235,103,0,1012,0
2025-11-25,10:00,30,75,2.682,93,0,1013,0
2025-11-25,11:00,30.56,70,3.129,92,0,1012,0
2025-11-25,12:00,30.56,73,2.682,102,0,1012,0
2025-11-25,13:00,30,77,2.235,103,0,1011,0.2
2025-11-25,14:00,30.56,70,3.129,91,0,1010,0
2025-11-25,15:00,30.56,73,3.129,87,0,1010,0
2025-11-25,16:00,30.56,73,3.129,82,0,1010,0
2025-11-25,17:00,30,75,2.682,79,0,1010,0
2025-11-25,18:00,28.89,77,2.682,84,0,1011,0
2025-11-25,19:00,28.89,80,2.235,85,0,1011,0
2025-11-25,20:00,28.33,81,2.235,85,0,1011,0
2025-11-25,21:00,28.89,83,2.235,85,0,1012,0
2025-11-25,22:00,28.33,81,2.682,85,0,1012,0
2025-11-25,23:00,28.33,81,2.682,84,0,1012,0
2025-11-26,00:00,28.33,85,2.682,85,0,1011,0.5
2025-11-26,01:00,27.78,88,2.682,85,0,1011,0.3
2025-11-26,02:00,27.78,86,2.682,85,0,1011,0
2025-11-26,03:00,28.33,86,2.682,82,0,1010,0
2025-11-26,04:00,28.33,85,2.682,83,0,1010,0
2025-11-26,05:00,28.33,85,2.682,85,0,1010,0
2025-11-26,06:00,28.33,85,2.235,85,0,1011,0
2025-11-26,07:00,28.33,86,2.682,83,0,1011,0
2025-11-26,08:00,28.89,83,2.682,83,0,1012,0
2025-11-26,09:00,29.44,81,3.129,85,0,1012,0
2025-11-26,10:00,30,78,3.576,89,0,1012,0
2025-11-26,11:00,30.56,77,3.576,92,0,1012,0
2025-11-26,12:00,30.56,75,4.023,99,0,1011,0
2025-11-26,13:00,30.56,77,4.023,97,0,1011,0
2025-11-26,14:00,30.56,76,4.023,95,0,1009,0
2025-11-26,15:00,30.56,79,3.576,98,0,1009,0
2025-11-26,16:00,30.56,78,3.129,92,0,1009,0
2025-11-26,17:00,30,80,3.129,88,0,1009,0
2025-11-26,18:00,28.89,84,2.682,86,0,1010,0
2025-11-26,19:00,28.89,83,2.682,82,0,1011,0
2025-11-26,20:00,28.89,83,2.682,84,0,1011,0
2025-11-26,21:00,28.89,83,2.682,87,0,1012,0
2025-11-26,22:00,28.89,82,2.682,88,0,1012,0
2025-11-26,23:00,28.89,82,2.682,85,0,1012,0
2025-11-27,00:00,28.89,83,1.788,87,0,1012,0
2025-11-27,01:00,28.33,86,1.788,80,0,1012,0
2025-11-27,02:00,28.33,86,1.788,84,0,1011,0
2025-11-27,03:00,28.33,86,1.788,83,0,1011,0
2025-11-27,04:00,27.78,87,1.788,85,0,1011,0
2025-11-27,05:00,27.22,89,1.788,90,0,1011,0
2025-11-27,06:00,27.78,89,2.235,84,0,1011,0
2025-11-27,07:00,27.78,87,1.788,83,0,1011,0
2025-11-27,08:00,28.33,85,2.682,84,0,1012,0
2025-11-27,09:00,29.44,77,2.682,88,0,1013,0
2025-11-27,10:00,30,80,3.129,92,0,1013,0.2
2025-11-27,11:00,29.44,79,3.576,97,0,1013,0
2025-11-27,12:00,30.56,77,4.023,105,0,1012,0
2025-11-27,13:00,30,80,3.576,104,0,1011,0
2025-11-27,14:00,30,82,3.576,90,0,1010,0
2025-11-27,15:00,30,79,4.023,103,0,1010,0
2025-11-27,16:00,29.44,79,3.576,102,0,1009,0
2025-11-27,17:00,29.44,82,3.129,102,0,1010,0
2025-11-27,18:00,28.89,79,3.129,104,0,1010,0
2025-11-27,19:00,28.89,79,3.576,107,0,1011,0
2025-11-27,20:00,28.89,79,3.129,105,0,1011,0
2025-11-27,21:00,28.89,79,3.129,97,0,1012,0
2025-11-27,22:00,28.89,79,2.682,97,0,1012,0
2025-11-27,23:00,28.33,76,3.129,92,0,1012,0
2025-11-28,00:00,28.33,75,3.129,87,0,1011,0
2025-11-28,01:00,27.78,74,2.682,84,0,1011,0
2025-11-28,02:00,27.78,73,2.682,90,0,1011,0
2025-11-28,03:00,27.78,73,2.682,86,0,1010,0
2025-11-28,04:00,27.78,74,1.788,86,0,1010,0
2025-11-28,05:00,27.22,75,1.341,90,0,1010,0
2025-11-28,06:00,27.22,76,1.341,95,0,1010,0
2025-11-28,07:00,27.78,76,1.788,92,0,1011,0
2025-11-28,08:00,28.33,73,1.788,87,0,1012,0
2025-11-28,09:00,30,70,2.682,91,0,1012,0
2025-11-28,10:00,30,71,3.129,94,0,1012,0
2025-11-28,11:00,30.56,72,3.129,90,0,1012,0
2025-11-28,12:00,30.56,73,3.129,94,0,1011,0
2025-11-28,13:00,30,74,3.129,91,0,1011,0
2025-11-28,14:00,30.56,73,3.129,102,0,1009,0
2025-11-28,15:00,30,76,3.129,95,0,1009,0
2025-11-28,16:00,30,75,3.129,103,0,1008,0
2025-11-28,17:00,29.44,76,2.682,108,0,1009,0
2025-11-28,18:00,28.89,80,1.788,102,6,1010,0
2025-11-28,19:00,28.89,81,1.341,80,0,1011,0
2025-11-28,20:00,28.33,83,1.341,70,0,1011,0
2025-11-28,21:00,28.33,84,0.8941,99,0,1011,0
2025-11-28,22:00,28.33,87,0.8941,102,0,1011,0.3
2025-11-28,23:00,27.22,91,0.447,80,0,1011,0.8
2025-11-29,00:00,26.67,93,1.341,87,0,1011,4
2025-11-29,01:00,25.56,93,1.341,77,0,1011,0.3
2025-11-29,02:00,25.56,92,1.788,79,0,1011,0
2025-11-29,03:00,26.11,91,1.341,89,0,1011,0
2025-11-29,04:00,27.22,90,2.235,87,0,1009,0
2025-11-29,05:00,27.22,87,2.682,101,0,1009,0
2025-11-29,06:00,27.22,89,3.129,106,0,1010,0
2025-11-29,07:00,27.78,87,2.235,95,0,1011,0
2025-11-29,08:00,28.33,85,2.682,105,0,1011,0
2025-11-29,09:00,29.44,75,2.682,92,0,1012,0
2025-11-29,10:00,30,76,3.576,93,0,1012,0
2025-11-29,11:00,30,77,3.576,94,0,1012,0
2025-11-29,12:00,30.56,76,3.576,87,0,1011,0
2025-11-29,13:00,30.56,76,4.023,91,0,1010,0
2025-11-29,14:00,30.56,78,3.576,107,0,1009,0
2025-11-29,15:00,30,79,4.023,103,0,1009,0
2025-11-29,16:00,29.44,84,3.576,98,0,1009,0
2025-11-29,17:00,28.89,81,2.235,106,0,1009,0
2025-11-29,18:00,28.89,80,2.682,108,0,1010,0
2025-11-29,19:00,28.89,78,3.129,108,0,1010,0
2025-11-29,20:00,28.89,79,2.682,102,0,1011,0
2025-11-29,21:00,28.89,81,2.235,91,0,1012,0
2025-11-29,22:00,28.89,79,2.235,85,0,1012,0
2025-11-29,23:00,28.89,80,2.235,85,0,1012,0
2025-11-30,00:00,28.89,79,2.235,82,0,1012,0
2025-11-30,01:00,28.89,81,2.682,83,0,1012,0
2025-11-30,02:00,28.89,81,2.682,88,0,1012,0
2025-11-30,03:00,28.89,81,3.129,85,0,1011,0
2025-11-30,04:00,28.33,80,3.129,87,0,1011,0
2025-11-30,05:00,28.33,81,2.682,83,0,1011,0
2025-11-30,06:00,28.33,81,3.129,84,0,1011,0
2025-11-30,07:00,28.33,79,2.682,84,0,1011,0
2025-11-30,08:00,28.33,81,2.682,85,0,1011,0
2025-11-30,09:00,28.89,79,3.129,88,0,1012,0
2025-11-30,10:00,29.44,78,2.682,81,0,1012,0
2025-11-30,11:00,30,74,3.576,88,0,1012,0
2025-11-30,12:00,30,75,4.023,95,0,1011,0
2025-11-30,13:00,30,74,4.023,99,0,1011,0
2025-11-30,14:00,30,76,3.576,95,0,1010,0
2025-11-30,15:00,30,76,3.129,95,0,1009,0
2025-11-30,16:00,29.44,80,2.682,91,0,1009,0
2025-11-30,17:00,29.44,78,2.235,89,0,1010,0
2025-11-30,18:00,28.89,82,1.788,84,0,1010,0
2025-11-30,19:00,28.89,85,1.788,87,0,1011,0
2025-11-30,20:00,28.33,85,1.788,88,0,1012,0.2
2025-11-30,21:00,27.22,88,1.341,103,0,1012,0.8
2025-11-30,22:00,27.78,87,1.788,102,0,1012,0
2025-11-30,23:00,27.78,86,1.788,87,0,1012,0
2025-12-01,00:00,27.78,86,1.788,86,0,1012,0
2025-12-01,01:00,27.78,86,2.235,87,0,1011,0
2025-12-01,02:00,27.78,87,2.235,81,0,1011,0
2025-12-01,03:00,27.78,87,1.788,99,0,1011,0.2
2025-12-01,04:00,27.78,87,1.788,109,0,1011,0
2025-12-01,05:00,27.78,88,2.235,104,0,1011,0
2025-12-01,06:00,27.78,87,1.341,104,0,1012,0
2025-12-01,07:00,26.67,92,1.788,97,0,1012,0.8
2025-12-01,08:00,27.22,90,2.235,106,0,1013,0.3
2025-12-01,09:00,26.67,89,3.129,102,0,1013,0
2025-12-01,10:00,26.67,90,4.023,113,0,1013,0.7
2025-12-01,11:00,26.67,89,3.129,111,0,1013,0.5
2025-12-01,12:00,27.78,83,3.129,114,0,1012,0
2025-12-01,13:00,28.89,82,3.129,109,0,1011,0
2025-12-01,14:00,29.44,75,4.023,107,0,1010,0
2025-12-01,15:00,30,78,3.576,111,0,1009,0
2025-12-01,16:00,29.44,77,4.023,109,0,1009,0
2025-12-01,17:00,28.89,80,3.576,110,0,1010,0
2025-12-01,18:00,28.33,83,3.129,112,0,1010,0
2025-12-01,19:00,27.78,84,2.235,114,0,1010,0
2025-12-01,20:00,28.33,79,2.682,115,0,1011,0
2025-12-01,21:00,28.33,75,2.235,107,0,1012,0
2025-12-01,22:00,28.89,74,3.129,118,0,1012,0
2025-12-01,23:00,28.33,74,3.129,119,0,1012,0
2025-12-02,00:00,28.33,74,3.129,119,0,1012,0
2025-12-02,01:00,28.33,72,2.682,123,0,1012,0
2025-12-02,02:00,28.33,70,2.682,120,0,1011,0
2025-12-02,03:00,28.33,74,2.235,113,0,1011,0
2025-12-02,04:00,28.33,75,3.576,115,0,1010,0
2025-12-02,05:00,28.33,73,4.023,113,0,1009,0
2025-12-02,06:00,28.33,69,4.917,113,0,1010,0
2025-12-02,07:00,28.33,66,4.47,114,0,1011,0
2025-12-02,08:00,28.89,66,3.129,116,0,1011,0
2025-12-02,09:00,29.44,69,3.576,118,0,1012,0
2025-12-02,10:00,30,68,3.576,117,0,1013,0
2025-12-02,11:00,30,72,3.576,124,0,1012,0
2025-12-02,12:00,30,73,3.576,115,0,1012,0
2025-12-02,13:00,30.56,72,3.129,127,0,1011,0
2025-12-02,14:00,30,77,3.129,120,0,1010,0
2025-12-02,15:00,30,76,3.129,121,0,1010,0
2025-12-02,16:00,30,78,2.682,112,0,1010,0
2025-12-02,17:00,29.44,79,2.682,117,0,1010,0
2025-12-02,18:00,28.89,83,1.341,111,0,1011,0
2025-12-02,19:00,28.33,84,0.8941,103,0,1011,0
2025-12-02,20:00,27.22,86,0.447,37,0,1012,0
2025-12-02,21:00,27.22,87,0.447,73,0,1013,0
2025-12-02,22:00,27.78,81,1.341,121,0,1013,0
2025-12-02,23:00,27.78,76,1.788,127,0,1013,0
2025-12-03,00:00,27.78,75,1.788,121,0,1013,0
2025-12-03,01:00,27.78,75,1.788,124,0,1012,0
2025-12-03,02:00,27.78,73,1.788,123,0,1012,0
2025-12-03,03:00,27.78,74,1.788,119,0,1011,0
2025-12-03,04:00,27.78,75,1.788,108,0,1010,0
2025-12-03,05:00,27.78,74,2.682,113,0,1009,0
2025-12-03,06:00,27.78,73,2.682,107,0,1009,0
2025-12-03,07:00,27.78,72,2.682,112,0,1010,0
2025-12-03,08:00,28.33,64,3.129,114,0,1011,0
2025-12-03,09:00,29.44,69,4.023,111,0,1012,0
2025-12-03,10:00,28.89,67,3.129,115,0,1012,0
2025-12-03,11:00,29.44,63,3.129,127,0,1012,0
2025-12-03,12:00,30.56,62,3.576,117,0,1012,0
2025-12-03,13:00,30,66,3.576,120,0,1011,0
2025-12-03,14:00,30,65,3.129,123,0,1010,0
2025-12-03,15:00,30.56,67,3.129,125,0,1009,0
2025-12-03,16:00,30,69,2.682,123,0,1009,0
2025-12-03,17:00,29.44,70,2.682,121,121,1010,0
2025-12-03,18:00,28.89,72,1.788,115,20,1011,0
2025-12-03,19:00,28.33,70,1.341,123,0,1011,0
2025-12-03,20:00,28.33,70,1.788,127,0,1012,0
2025-12-03,21:00,28.33,71,0.8941,131,0,1012,0
2025-12-03,22:00,27.78,72,0.8941,103,0,1013,0
2025-12-03,23:00,27.22,75,0.447,121,0,1013,0
2025-12-04,00:00,26.67,77,0.447,332,0,1013,0
2025-12-04,01:00,26.11,81,0.447,307,0,1012,0
2025-12-04,02:00,26.11,85,0.447,322,0,1012,0
2025-12-04,03:00,25.56,87,0.447,322,0,1011,0
2025-12-04,04:00,25.56,89,0.447,130,0,1011,0
2025-12-04,05:00,25,89,0.447,118,0,1011,0
2025-12-04,06:00,25.56,88,0.447,76,0,1011,0
2025-12-04,07:00,26.11,87,0.447,103,0,1011,0
2025-12-04,08:00,27.78,79,0.447,163,0,1012,0
2025-12-04,09:00,29.44,76,1.341,117,0,1013,0
2025-12-04,10:00,30,70,1.341,116,0,1013,0
2025-12-04,11:00,30,71,1.788,103,0,1013,0
2025-12-04,12:00,30,71,1.788,111,0,1012,0
2025-12-04,13:00,30.56,66,2.682,108,0,1011,0
2025-12-04,14:00,30.56,72,2.682,100,0,1010,0
2025-12-04,15:00,30,77,1.788,90,29,1010,0
2025-12-04,16:00,29.44,76,1.788,103,254,1010,0
2025-12-04,17:00,29.44,76,1.341,52,163,1010,0
2025-12-04,18:00,28.89,77,0.8941,48,17,1011,0
2025-12-04,19:00,28.33,80,0.8941,12,0,1011,0
2025-12-04,20:00,28.33,82,0.8941,43,0,1012,0
2025-12-04,21:00,28.33,83,1.341,64,0,1012,0
2025-12-04,22:00,27.78,83,1.788,83,0,1012,0
2025-12-04,23:00,27.78,83,0.8941,74,0,1012,0
2025-12-05,00:00,27.78,82,1.341,105,0,1012,0
2025-12-05,01:00,27.22,82,0.8941,117,0,1012,0
2025-12-05,02:00,27.78,81,0.8941,70,0,1012,0
2025-12-05,03:00,27.78,83,0.8941,77,0,1012,0
2025-12-05,04:00,27.22,90,1.788,86,0,1011,0
2025-12-05,05:00,26.67,91,0.8941,110,0,1011,0
2025-12-05,06:00,26.67,90,0.8941,89,0,1011,0
2025-12-05,07:00,26.67,90,0.8941,104,0,1012,0
2025-12-05,08:00,27.78,83,1.788,105,0,1012,0
2025-12-05,09:00,28.89,81,2.235,102,0,1013,0
2025-12-05,10:00,29.44,77,3.129,95,0,1013,0
2025-12-05,11:00,30,75,3.129,107,0,1013,0
2025-12-05,12:00,30,74,3.129,101,0,1013,0
2025-12-05,13:00,30,72,3.576,110,0,1012,0
2025-12-05,14:00,30.56,68,3.129,110,0,1011,0
2025-12-05,15:00,30.56,70,3.129,116,0,1011,0
2025-12-05,16:00,30,71,2.682,114,0,1011,0
2025-12-05,17:00,30,73,2.235,109,0,1011,0
2025-12-05,18:00,28.89,76,1.341,79,10,1011,0
2025-12-05,19:00,28.33,77,0.8941,33,0,1011,0
2025-12-05,20:00,28.33,79,0.8941,28,0,1011,0
2025-12-05,21:00,27.78,82,0.8941,2,0,1012,0
2025-12-05,22:00,28.33,82,1.341,111,0,1012,0
2025-12-05,23:00,28.33,82,2.235,114,0,1012,0
2025-12-06,00:00,28.33,85,2.235,109,0,1012,0
2025-12-06,01:00,27.78,86,1.788,100,0,1012,0
2025-12-06,02:00,27.78,84,1.788,103,0,1011,0
2025-12-06,03:00,27.78,85,1.341,103,0,1011,0
2025-12-06,04:00,27.78,87,0.8941,93,0,1011,0
2025-12-06,05:00,27.22,87,0.8941,104,0,1011,0
2025-12-06,06:00,27.22,87,0.447,109,0,1011,0
2025-12-06,07:00,27.22,88,0.447,98,0,1011,0
2025-12-06,08:00,27.22,90,0.8941,119,0,1012,0.3
2025-12-06,09:00,28.33,84,1.341,95,0,1013,0
2025-12-06,10:00,29.44,78,2.235,108,0,1013,0
2025-12-06,11:00,29.44,87,2.235,107,0,1013,0
2025-12-06,12:00,28.89,78,1.788,79,0,1012,0
2025-12-06,13:00,30,74,2.235,99,0,1011,0
2025-12-06,14:00,30.56,75,2.682,90,0,1011,0
2025-12-06,15:00,30.56,76,2.682,101,0,1010,0
2025-12-06,16:00,30.56,76,2.235,100,0,1010,0
2025-12-06,17:00,30,78,2.235,89,0,1011,0
2025-12-06,18:00,28.89,83,1.341,88,0,1011,0
2025-12-06,19:00,27.78,85,0.8941,72,0,1012,0
2025-12-06,20:00,28.33,84,0.8941,83,0,1012,0
2025-12-06,21:00,27.78,87,1.341,72,0,1013,0.2
2025-12-06,22:00,27.78,88,1.341,75,0,1013,0
2025-12-06,23:00,27.78,89,1.341,90,0,1013,0
2025-12-07,00:00,27.22,88,1.341,90,0,1012,0
2025-12-07,01:00,27.22,85,1.341,100,0,1012,0
2025-12-07,02:00,27.22,84,1.341,99,0,1011,0
2025-12-07,03:00,27.78,83,1.788,83,0,1010,0
2025-12-07,04:00,27.78,82,1.788,85,0,1010,0
2025-12-07,05:00,27.78,83,1.341,93,0,1009,0
2025-12-07,06:00,27.78,83,1.341,90,0,1010,0
2025-12-07,07:00,27.22,83,1.341,116,0,1011,0
2025-12-07,08:00,27.78,80,1.341,93,0,1011,0
2025-12-07,09:00,29.44,77,2.235,82,0,1012,0
2025-12-07,10:00,30,76,2.682,93,0,1012,0
2025-12-07,11:00,30,74,3.129,97,0,1011,0
2025-12-07,12:00,30.56,72,3.129,95,0,1010,0
2025-12-07,13:00,30.56,70,3.129,99,0,1009,0
2025-12-07,14:00,31.11,69,2.682,93,0,1009,0
2025-12-07,15:00,30.56,68,2.235,85,0,1008,0
2025-12-07,16:00,30.56,75,2.235,78,0,1008,0
2025-12-07,17:00,30,75,1.788,86,0,1009,0
2025-12-07,18:00,28.89,80,1.341,80,11,1009,0
2025-12-07,19:00,28.33,85,0.8941,100,0,1010,0
2025-12-07,20:00,27.78,87,1.341,95,0,1011,0
2025-12-07,21:00,27.22,88,0.8941,108,0,1011,0
2025-12-07,22:00,26.67,90,1.341,99,0,1011,1
2025-12-07,23:00,26.67,90,0.8941,117,0,1011,0
2025-12-08,00:00,26.67,90,0.8941,109,0,1011,0
2025-12-08,01:00,27.22,90,0.8941,128,0,1011,0
2025-12-08,02:00,27.22,90,0.8941,109,0,1010,0
2025-12-08,03:00,27.22,90,1.341,106,0,1009,0
2025-12-08,04:00,27.22,90,1.341,101,0,1009,0.3
2025-12-08,05:00,26.67,91,1.341,108,0,1009,0
2025-12-08,06:00,26.67,90,1.788,85,0,1009,0
2025-12-08,07:00,26.67,88,1.788,86,0,1009,0
2025-12-08,08:00,27.22,87,1.341,79,0,1010,0
2025-12-08,09:00,28.33,81,2.682,86,0,1010,0
2025-12-08,10:00,29.44,75,2.682,93,0,1010,0
2025-12-08,11:00,30,74,3.129,92,0,1010,0
2025-12-08,12:00,30.56,72,3.129,93,0,1009,0
2025-12-08,13:00,30.56,70,3.129,94,0,1008,0
2025-12-08,14:00,30.56,70,2.682,90,0,1007,0
2025-12-08,15:00,30,78,2.682,94,0,1007,0.3
2025-12-08,16:00,29.44,76,2.235,100,0,1007,0
2025-12-08,17:00,29.44,76,2.235,85,0,1008,0
2025-12-08,18:00,28.89,79,1.788,83,0,1008,0
2025-12-08,19:00,27.78,76,1.788,90,0,1009,0
2025-12-08,20:00,27.78,81,1.341,109,0,1009,0
2025-12-08,21:00,27.22,81,0.8941,114,0,1010,0
2025-12-08,22:00,26.67,82,0.8941,82,0,1010,0
2025-12-08,23:00,26.67,83,0.8941,89,0,1010,0
2025-12-09,00:00,26.67,84,0.447,95,0,1010,0
2025-12-09,01:00,26.11,85,0.447,115,0,1009,0
2025-12-09,02:00,26.11,86,0.447,121,0,1009,0
2025-12-09,03:00,26.11,87,0.447,102,0,1009,0
2025-12-09,04:00,26.11,87,0.447,113,0,1008,0
2025-12-09,05:00,26.67,86,0.8941,116,0,1009,0
2025-12-09,06:00,26.67,86,0.8941,121,0,1009,0
2025-12-09,07:00,26.11,86,0.447,114,0,1009,0
2025-12-09,08:00,27.22,85,0.8941,103,0,1010,0
2025-12-09,09:00,28.33,76,1.341,83,0,1011,0
2025-12-09,10:00,29.44,73,2.235,88,0,1011,0
2025-12-09,11:00,30,68,2.682,94,0,1011,0
2025-12-09,12:00,30.56,71,2.235,74,0,1010,0
2025-12-09,13:00,30.56,67,2.235,84,0,1009,0
2025-12-09,14:00,30.56,66,2.235,83,0,1008,0
2025-12-09,15:00,30,76,1.788,73,0,1008,0
2025-12-09,16:00,30,73,2.235,74,0,1008,0
2025-12-09,17:00,29.44,78,2.235,92,0,1008,0
2025-12-09,18:00,28.33,82,1.788,93,4,1009,0
2025-12-09,19:00,27.78,83,1.341,99,0,1009,0
2025-12-09,20:00,27.22,82,1.341,109,0,1010,0
2025-12-09,21:00,27.22,82,0.8941,112,0,1010,0
2025-12-09,22:00,27.22,81,0.8941,117,0,1010,0
2025-12-09,23:00,27.22,82,0.447,120,0,1010,0
2025-12-10,00:00,27.22,80,0.8941,105,0,1010,0
2025-12-10,01:00,27.78,79,1.341,96,0,1010,0
2025-12-10,02:00,27.22,80,1.341,115,0,1010,0
2025-12-10,03:00,26.67,80,0.8941,105,0,1010,0
2025-12-10,04:00,26.67,80,0.8941,120,0,1010,0
2025-12-10,05:00,26.67,79,1.341,99,0,1010,0
2025-12-10,06:00,26.67,77,1.788,95,0,1010,0
2025-12-10,07:00,26.67,79,1.341,99,0,1010,0
2025-12-10,08:00,27.78,75,1.788,89,0,1011,0
2025-12-10,09:00,28.89,70,2.235,81,0,1012,0
2025-12-10,10:00,30,69,3.129,82,0,1012,0
2025-12-10,11:00,30,66,3.576,87,0,1012,0
2025-12-10,12:00,30,65,4.023,93,0,1011,0
2025-12-10,13:00,30.56,64,3.576,88,0,1010,0
2025-12-10,14:00,30.56,63,3.576,82,0,1009,0
2025-12-10,15:00,30.56,68,3.129,85,0,1009,0
2025-12-10,16:00,30,68,3.129,86,0,1009,0
2025-12-10,17:00,29.44,71,2.682,83,122,1009,0
2025-12-10,18:00,28.33,71,2.235,84,25,1010,0
2025-12-10,19:00,27.78,75,1.788,86,0,1010,0
2025-12-10,20:00,27.78,76,1.788,89,0,1011,0
2025-12-10,21:00,27.78,77,2.235,87,0,1011,0
2025-12-10,22:00,27.78,77,2.235,85,0,1011,0
2025-12-10,23:00,27.78,77,1.788,87,0,1011,0
2025-12-11,00:00,27.78,79,1.341,89,0,1011,0
2025-12-11,01:00,27.22,80,1.341,98,0,1011,0
2025-12-11,02:00,27.22,82,0.8941,133,0,1010,0
2025-12-11,03:00,26.67,87,0.8941,134,0,1009,0.2
2025-12-11,04:00,26.11,89,1.341,107,0,1009,0
2025-12-11,05:00,25.56,89,0.447,124,0,1009,0
2025-12-11,06:00,25,90,1.341,102,0,1009,0
2025-12-11,07:00,25.56,91,0.447,61,0,1010,0
2025-12-11,08:00,26.11,84,0.447,134,0,1011,0
2025-12-11,09:00,28.89,74,2.235,107,0,1012,0
2025-12-11,10:00,28.89,72,2.682,105,0,1012,0
2025-12-11,11:00,30,67,3.129,103,0,1012,0
2025-12-11,12:00,30.56,66,3.129,96,0,1011,0
2025-12-11,13:00,30.56,66,3.129,90,0,1010,0
2025-12-11,14:00,30.56,69,3.129,73,0,1009,0
2025-12-11,15:00,30.56,68,3.129,78,0,1009,0
2025-12-11,16:00,30,70,2.682,82,0,1009,0
2025-12-11,17:00,29.44,71,2.682,84,25,1009,0
2025-12-11,18:00,28.89,74,2.682,84,22,1010,0
2025-12-11,19:00,28.33,75,1.788,85,0,1010,0
2025-12-11,20:00,27.78,76,1.341,91,0,1011,0
2025-12-11,21:00,27.78,77,0.8941,113,0,1011,0
2025-12-11,22:00,27.78,77,1.788,98,0,1011,0
2025-12-11,23:00,27.78,79,0.8941,118,0,1011,0
2025-12-12,00:00,27.78,79,1.341,116,0,1011,0
2025-12-12,01:00,27.78,77,1.341,121,0,1011,0
2025-12-12,02:00,27.22,78,0.8941,115,0,1011,0
2025-12-12,03:00,26.67,81,0.447,359,0,1010,0
2025-12-12,04:00,26.67,84,0.447,112,0,1010,0
2025-12-12,05:00,26.11,86,0.447,114,0,1010,0
2025-12-12,06:00,26.11,87,0.447,127,0,1010,0
2025-12-12,07:00,26.67,84,0.8941,122,0,1010,0
2025-12-12,08:00,27.78,78,0.8941,109,0,1011,0
2025-12-12,09:00,28.89,80,1.788,88,0,1012,0
2025-12-12,10:00,29.44,74,2.235,76,0,1012,0
2025-12-12,11:00,30,73,2.682,89,0,1011,0
2025-12-12,12:00,30,73,2.682,94,0,1010,0
2025-12-12,13:00,30,77,3.129,98,29,1009,0
2025-12-12,14:00,30,70,3.129,96,0,1008,0
2025-12-12,15:00,30,74,3.576,96,0,1008,0
2025-12-12,16:00,30,76,3.129,92,0,1008,0
2025-12-12,17:00,29.44,76,3.576,86,19,1008,0
2025-12-12,18:00,28.89,78,2.682,82,34,1008,0
2025-12-12,19:00,28.33,81,2.682,84,0,1009,0
2025-12-12,20:00,28.33,82,2.235,82,0,1009,0
2025-12-12,21:00,28.33,84,2.235,92,0,1010,0
2025-12-12,22:00,27.78,82,1.788,90,0,1011,0
2025-12-12,23:00,27.22,89,1.341,109,0,1011,0
2025-12-13,00:00,27.22,87,1.341,117,0,1011,0
2025-12-13,01:00,27.22,86,1.341,114,0,1011,0
2025-12-13,02:00,26.11,86,1.341,87,0,1011,0.3
2025-12-13,03:00,26.11,88,0.447,99,0,1009,0
2025-12-13,04:00,26.67,89,0.447,120,0,1009,0
2025-12-13,05:00,26.67,88,0.447,115,0,1009,0
2025-12-13,06:00,27.22,85,1.341,119,0,1009,0
2025-12-13,07:00,27.22,84,1.341,109,0,1010,0
2025-12-13,08:00,28.33,82,1.788,94,0,1011,0
2025-12-13,09:00,29.44,75,2.682,98,0,1012,0
2025-12-13,10:00,30,75,3.129,95,0,1012,0
2025-12-13,11:00,30,73,3.129,95,0,1012,0
2025-12-13,12:00,30,73,3.576,93,0,1011,0
2025-12-13,13:00,30.56,70,4.023,88,0,1010,0
2025-12-13,14:00,30.56,72,4.023,94,0,1009,0
2025-12-13,15:00,30.56,72,4.47,93,0,1009,0
2025-12-13,16:00,30,74,4.47,91,0,1009,0
2025-12-13,17:00,29.44,76,4.023,86,0,1009,0
2025-12-13,18:00,28.89,76,4.023,86,0,1009,0
2025-12-13,19:00,28.89,76,4.023,87,0,1010,0
2025-12-13,20:00,28.89,76,4.023,85,0,1011,0
2025-12-13,21:00,28.89,75,4.023,86,0,1011,0
2025-12-13,22:00,28.89,75,4.023,85,0,1011,0
2025-12-13,23:00,28.33,76,4.023,84,0,1012,0
2025-12-14,00:00,28.33,76,3.576,85,0,1012,0
2025-12-14,01:00,28.33,76,4.023,82,0,1011,0
2025-12-14,02:00,28.33,75,3.576,83,0,1011,0
2025-12-14,03:00,28.33,72,3.576,84,0,1010,0
2025-12-14,04:00,28.33,69,3.576,83,0,1010,0
2025-12-14,05:00,28.33,68,4.47,83,0,1010,0
2025-12-14,06:00,28.33,73,3.576,85,0,1010,0
2025-12-14,07:00,28.33,72,3.576,84,3,1011,0
2025-12-14,08:00,28.89,69,4.023,85,44,1011,0
2025-12-14,09:00,29.44,72,4.47,85,109,1012,0
2025-12-14,10:00,29.44,73,4.023,87,163,1012,0
2025-12-14,11:00,30.56,65,5.364,90,0,1012,0
2025-12-14,12:00,30.56,66,5.364,89,61,1011,0
2025-12-14,13:00,30.56,68,4.917,89,0,1010,0
2025-12-14,14:00,30.56,65,4.47,90,0,1009,0
2025-12-14,15:00,30.56,65,4.917,91,0,1009,0
2025-12-14,16:00,30.56,68,4.47,92,82,1009,0
2025-12-14,17:00,30,74,3.576,87,200,1010,0
2025-12-14,18:00,29.44,77,3.129,87,32,1010,0
2025-12-14,19:00,28.89,78,3.576,88,0,1011,0
2025-12-14,20:00,28.89,76,3.129,88,0,1011,0
2025-12-14,21:00,28.89,79,3.129,91,0,1012,0
2025-12-14,22:00,28.89,78,3.576,88,0,1012,0
2025-12-14,23:00,28.89,77,3.129,88,0,1012,0
2025-12-15,00:00,28.89,81,3.129,94,0,1011,0
2025-12-15,01:00,28.33,80,2.682,101,0,1011,0
2025-12-15,02:00,28.33,77,3.129,109,0,1011,0
2025-12-15,03:00,28.33,78,2.682,110,0,1011,0
2025-12-15,04:00,28.33,80,2.235,99,0,1010,0
2025-12-15,05:00,27.78,79,1.788,108,0,1010,0
2025-12-15,06:00,27.78,81,1.341,103,0,1011,0
2025-12-15,07:00,27.22,81,0.8941,111,6,1012,0
2025-12-15,08:00,28.33,75,1.788,91,32,1012,0
2025-12-15,09:00,29.44,72,2.682,88,0,1013,0
2025-12-15,10:00,30.56,70,3.129,88,0,1013,0
2025-12-15,11:00,30.56,68,3.576,89,0,1013,0
2025-12-15,12:00,30.56,68,3.576,81,0,1012,0
2025-12-15,13:00,30.56,70,3.576,85,0,1011,0
2025-12-15,14:00,30.56,71,3.576,87,0,1011,0
2025-12-15,15:00,30.56,71,3.129,82,0,1010,0
2025-12-15,16:00,30,72,3.129,87,41,1010,0
2025-12-15,17:00,29.44,73,2.682,79,134,1011,0
2025-12-15,18:00,28.89,76,2.235,85,23,1011,0
2025-12-15,19:00,28.33,77,2.235,86,0,1012,0
2025-12-15,20:00,27.78,76,1.788,90,0,1012,0
2025-12-15,21:00,27.78,77,1.788,86,0,1013,0
2025-12-15,22:00,27.78,79,1.341,90,0,1013,0
2025-12-15,23:00,27.22,79,1.341,100,0,1012,0
2025-12-16,00:00,27.22,79,1.788,88,0,1012,0
2025-12-16,01:00,27.22,76,1.788,89,0,1012,0
2025-12-16,02:00,27.22,77,1.788,89,0,1012,0
2025-12-16,03:00,27.22,77,1.788,90,0,1011,0
2025-12-16,04:00,27.22,76,1.788,88,0,1011,0
2025-12-16,05:00,27.22,76,1.788,90,0,1011,0
2025-12-16,06:00,27.22,75,2.235,91,0,1011,0
2025-12-16,07:00,27.22,76,1.788,89,6,1012,0
2025-12-16,08:00,27.78,74,1.341,84,107,1012,0
2025-12-16,09:00,28.89,71,2.235,81,49,1013,0
2025-12-16,10:00,29.44,72,2.682,75,18,1013,0
2025-12-16,11:00,30,70,2.682,80,0,1013,0
2025-12-16,12:00,30.56,59,3.129,75,0,1012,0
2025-12-16,13:00,30,70,2.682,77,4,1011,0
2025-12-16,14:00,30,74,2.235,74,27,1010,0
2025-12-16,15:00,29.44,72,2.235,75,102,1010,0
2025-12-16,16:00,30,67,2.682,75,295,1010,0
2025-12-16,17:00,29.44,72,2.682,77,163,1010,0
2025-12-16,18:00,28.33,76,2.235,84,29,1011,0
2025-12-16,19:00,27.78,76,2.235,85,0,1011,0
2025-12-16,20:00,28.33,77,2.235,88,0,1012,0
2025-12-16,21:00,28.33,77,2.682,84,0,1012,0
2025-12-16,22:00,28.33,77,2.682,85,0,1013,0
2025-12-16,23:00,28.33,77,2.682,84,0,1013,0
2025-12-17,00:00,28.33,76,3.129,80,0,1013,0
2025-12-17,01:00,27.78,76,3.129,84,0,1012,0
2025-12-17,02:00,27.78,76,3.129,87,0,1012,0
2025-12-17,03:00,27.78,77,2.682,84,0,1011,0
2025-12-17,04:00,27.78,78,3.129,83,0,1011,0
2025-12-17,05:00,27.78,76,3.576,83,0,1011,0
2025-12-17,06:00,27.78,78,3.129,85,0,1011,0
2025-12-17,07:00,27.78,75,3.129,83,4,1011,0
2025-12-17,08:00,27.78,78,3.129,82,41,1012,0
2025-12-17,09:00,27.22,86,3.129,85,108,1012,0.7
2025-12-17,10:00,27.78,87,3.576,84,246,1013,1.6
2025-12-17,11:00,27.78,91,4.023,95,261,1013,1.5
2025-12-17,12:00,28.33,84,3.129,90,0,1012,0
2025-12-17,13:00,27.78,90,3.576,112,0,1011,0.7
2025-12-17,14:00,27.78,86,3.129,98,0,1010,0
2025-12-17,15:00,28.33,85,3.129,100,0,1010,0.3
2025-12-17,16:00,27.78,90,2.235,97,0,1009,1
2025-12-17,17:00,27.78,90,1.788,98,0,1010,0
2025-12-17,18:00,27.22,90,1.788,92,0,1011,0
2025-12-17,19:00,27.22,90,0.8941,81,0,1011,0
2025-12-17,20:00,27.22,87,1.341,95,0,1012,0
2025-12-17,21:00,27.22,87,1.341,95,0,1013,0
2025-12-17,22:00,27.78,84,1.788,108,0,1013,0
2025-12-17,23:00,27.78,82,1.788,107,0,1013,0
2025-12-18,00:00,27.78,82,1.788,104,0,1012,0
2025-12-18,01:00,27.78,81,1.788,104,0,1012,0
2025-12-18,02:00,27.78,81,1.788,106,0,1012,0
2025-12-18,03:00,27.78,81,1.788,110,0,1011,0
2025-12-18,04:00,27.78,81,1.341,114,0,1011,0
2025-12-18,05:00,27.22,85,1.788,102,0,1011,0
2025-12-18,06:00,27.22,81,1.788,103,0,1011,0
2025-12-18,07:00,27.22,79,1.788,96,0,1012,0
2025-12-18,08:00,27.78,76,1.788,89,0,1013,0
2025-12-18,09:00,28.89,74,3.129,104,0,1014,0
2025-12-18,10:00,29.44,72,3.129,108,0,1014,0
2025-12-18,11:00,30,72,3.576,99,0,1014,0
2025-12-18,12:00,30,72,3.576,98,0,1013,0
2025-12-18,13:00,30.56,71,3.129,88,0,1012,0
2025-12-18,14:00,30.56,74,3.129,87,0,1011,0
2025-12-18,15:00,30,73,3.129,84,0,1011,0
2025-12-18,16:00,30,70,3.129,94,0,1011,0
2025-12-18,17:00,29.44,75,2.682,84,0,1011,0
2025-12-18,18:00,28.89,77,2.235,81,0,1011,0
2025-12-18,19:00,28.33,81,1.788,82,0,1011,0
2025-12-18,20:00,27.78,81,1.788,82,0,1012,0
2025-12-18,21:00,27.78,82,1.788,88,0,1012,0
2025-12-18,22:00,27.78,81,1.788,90,0,1012,0
2025-12-18,23:00,27.22,81,1.788,89,0,1012,0
2025-12-19,00:00,27.22,80,1.788,92,0,1012,0
2025-12-19,01:00,27.22,82,0.8941,96,0,1012,0
2025-12-19,02:00,27.22,85,1.788,88,0,1011,0
2025-12-19,03:00,26.67,84,1.788,94,0,1011,0
2025-12-19,04:00,26.67,83,1.341,98,0,1010,0
2025-12-19,05:00,27.22,81,1.788,89,0,1010,0
2025-12-19,06:00,27.22,79,1.788,95,0,1011,0
2025-12-19,07:00,26.67,85,0.8941,95,0,1011,0
2025-12-19,08:00,27.22,85,0.8941,88,0,1012,0.3
2025-12-19,09:00,28.33,82,0.8941,72,0,1012,0
2025-12-19,10:00,28.89,78,2.235,71,0,1012,0
2025-12-19,11:00,27.78,86,2.235,85,0,1012,0.7
2025-12-19,12:00,28.33,81,1.788,78,0,1012,0
2025-12-19,13:00,28.89,77,1.341,64,0,1011,0
2025-12-19,14:00,30,74,2.682,91,0,1009,0
2025-12-19,15:00,29.44,75,3.129,97,0,1009,0
2025-12-19,16:00,29.44,75,3.129,102,0,1009,0
2025-12-19,17:00,29.44,76,2.682,96,0,1009,0
2025-12-19,18:00,28.33,77,1.788,95,0,1010,0
2025-12-19,19:00,27.78,81,1.341,109,0,1011,0
2025-12-19,20:00,27.78,81,1.788,103,0,1011,0
2025-12-19,21:00,27.78,80,1.788,86,0,1012,0
2025-12-19,22:00,27.78,80,1.788,84,0,1013,0
2025-12-19,23:00,27.78,83,1.788,90,0,1013,0
2025-12-20,00:00,26.67,90,1.341,103,0,1012,3.6
2025-12-20,01:00,26.11,91,1.341,105,0,1012,0
2025-12-20,02:00,26.11,91,1.788,97,0,1012,0
2025-12-20,03:00,26.67,90,2.235,94,0,1011,0
2025-12-20,04:00,27.22,85,2.682,97,0,1010,0
2025-12-20,05:00,27.78,81,3.129,90,0,1010,0
2025-12-20,06:00,27.78,79,3.576,93,0,1010,0
2025-12-20,07:00,27.78,79,3.576,92,0,1011,0
2025-12-20,08:00,28.33,78,3.576,91,0,1012,0
2025-12-20,09:00,28.89,76,4.47,92,0,1012,0
2025-12-20,10:00,29.44,71,4.917,91,0,1012,0
2025-12-20,11:00,30,71,4.917,90,0,1012,0
2025-12-20,12:00,30.56,72,4.47,86,0,1012,0
2025-12-20,13:00,30.56,66,5.364,83,0,1011,0
2025-12-20,14:00,30.56,70,5.364,86,0,1010,0
2025-12-20,15:00,30.56,70,5.364,88,0,1009,0
2025-12-20,16:00,30,73,5.364,88,0,1009,0
2025-12-20,17:00,29.44,73,4.47,82,0,1010,0
2025-12-20,18:00,28.89,76,4.023,85,0,1010,0
2025-12-20,19:00,28.89,77,4.023,86,0,1011,0
2025-12-20,20:00,28.89,79,3.576,85,0,1012,0
2025-12-20,21:00,28.33,78,4.47,87,0,1012,0
2025-12-20,22:00,28.33,76,4.023,88,0,1013,0
2025-12-20,23:00,28.33,77,4.47,88,0,1013,0
2025-12-21,00:00,28.33,74,4.47,90,0,1013,0
2025-12-21,01:00,28.33,79,4.47,89,0,1013,0.5
2025-12-21,02:00,27.22,79,4.47,90,0,1012,0
2025-12-21,03:00,27.78,80,4.47,90,0,1011,0
2025-12-21,04:00,27.22,79,3.576,89,0,1011,0.2
2025-12-21,05:00,27.78,77,4.023,85,0,1011,0
2025-12-21,06:00,27.78,77,4.47,83,0,1012,0
2025-12-21,07:00,27.78,71,4.47,85,0,1013,0
2025-12-21,08:00,27.78,68,4.023,83,0,1013,0
2025-12-21,09:00,28.33,66,4.023,82,0,1014,0
2025-12-21,10:00,29.44,62,3.576,82,0,1014,0
2025-12-21,11:00,29.44,62,4.023,81,0,1014,0
2025-12-21,12:00,30,63,4.023,87,0,1013,0
2025-12-21,13:00,30,61,4.023,84,0,1012,0
2025-12-21,14:00,30,64,4.47,81,0,1011,0
2025-12-21,15:00,29.44,60,4.023,82,93,1010,0
2025-12-21,16:00,29.44,62,3.129,78,377,1011,0
2025-12-21,17:00,28.89,67,3.129,81,200,1011,0
2025-12-21,18:00,28.33,72,2.682,86,42,1011,0
2025-12-21,19:00,27.78,72,2.682,87,0,1011,0
2025-12-21,20:00,27.78,74,3.129,86,0,1012,0
2025-12-21,21:00,27.78,74,3.129,85,0,1012,0
2025-12-21,22:00,27.78,75,2.682,86,0,1012,0
2025-12-21,23:00,28.33,74,3.576,92,0,1012,0
2025-12-22,00:00,27.78,74,3.129,91,0,1012,0
2025-12-22,01:00,27.78,75,3.129,88,0,1011,0
2025-12-22,02:00,28.33,75,3.129,88,0,1011,0
2025-12-22,03:00,27.78,74,3.129,89,0,1011,0
2025-12-22,04:00,27.78,74,2.682,86,0,1011,0
2025-12-22,05:00,27.78,75,2.682,89,0,1011,0
2025-12-22,06:00,27.78,75,2.235,90,0,1011,0
2025-12-22,07:00,27.78,75,2.682,89,4,1011,0
2025-12-22,08:00,27.78,77,3.129,93,64,1012,0
2025-12-22,09:00,28.33,75,3.576,94,126,1013,0
2025-12-22,10:00,28.33,72,3.129,83,151,1013,0
2025-12-22,11:00,28.89,74,3.576,91,178,1012,0
2025-12-22,12:00,28.89,75,4.023,98,184,1012,0.3
2025-12-22,13:00,28.89,68,4.023,91,65,1011,0
2025-12-22,14:00,30,74,4.47,93,0,1009,0
2025-12-22,15:00,29.44,70,4.023,93,37,1009,0
2025-12-22,16:00,29.44,73,4.47,99,230,1009,0
2025-12-22,17:00,28.33,80,3.129,94,94,1010,0.2
2025-12-22,18:00,27.78,79,3.129,94,9,1010,0
2025-12-22,19:00,26.67,88,3.129,101,0,1011,0.3
2025-12-22,20:00,26.67,83,1.788,113,0,1011,0
2025-12-22,21:00,27.78,77,2.235,101,0,1011,0
2025-12-22,22:00,27.78,83,2.235,81,0,1012,0
2025-12-22,23:00,26.67,87,1.788,99,0,1012,0.5
2025-12-23,00:00,26.67,82,2.235,87,0,1011,0.3
2025-12-23,01:00,27.22,82,2.235,89,0,1011,0
2025-12-23,02:00,27.78,80,2.235,90,0,1011,0
2025-12-23,03:00,27.78,81,2.235,98,0,1010,0
2025-12-23,04:00,27.78,80,2.235,92,0,1009,0
2025-12-23,05:00,27.78,82,2.682,88,0,1009,0
2025-12-23,06:00,27.22,81,2.235,92,0,1010,0
2025-12-23,07:00,26.67,86,2.235,89,0,1011,0
2025-12-23,08:00,27.22,87,2.235,97,0,1011,0.2
2025-12-23,09:00,27.78,82,2.682,101,0,1012,0
2025-12-23,10:00,28.89,76,2.682,97,0,1012,0
2025-12-23,11:00,29.44,75,4.023,99,0,1011,0
2025-12-23,12:00,29.44,74,4.023,98,0,1011,0
2025-12-23,13:00,29.44,75,4.023,100,0,1010,0
2025-12-23,14:00,29.44,76,4.023,96,0,1009,0
2025-12-23,15:00,29.44,75,3.576,98,0,1009,0
2025-12-23,16:00,28.89,75,3.129,92,0,1009,0
2025-12-23,17:00,28.89,77,2.682,88,0,1009,0
2025-12-23,18:00,28.33,77,3.129,83,0,1009,0
2025-12-23,19:00,27.78,76,2.682,83,0,1010,0
2025-12-23,20:00,27.78,76,2.682,84,0,1011,0
2025-12-23,21:00,28.33,76,2.682,82,0,1011,0
2025-12-23,22:00,28.33,78,3.576,88,0,1011,0
2025-12-23,23:00,27.22,85,2.682,90,0,1011,0.5
2025-12-24,00:00,27.22,79,2.682,99,0,1011,0
2025-12-24,01:00,27.78,78,2.682,110,0,1010,0
2025-12-24,02:00,27.78,78,3.129,106,0,1010,0
2025-12-24,03:00,26.11,82,3.129,103,0,1009,0.8
2025-12-24,04:00,26.67,84,3.129,105,0,1009,0
2025-12-24,05:00,26.11,84,3.576,111,0,1009,0
2025-12-24,06:00,26.11,81,3.129,112,0,1010,0
2025-12-24,07:00,27.22,76,3.129,114,0,1010,0
2025-12-24,08:00,26.67,80,3.576,109,64,1011,1.8
2025-12-24,09:00,27.78,73,3.576,102,9,1011,0
2025-12-24,10:00,28.89,69,4.023,100,0,1011,0
2025-12-24,11:00,29.44,65,4.47,96,0,1011,0
2025-12-24,12:00,29.44,65,4.023,93,0,1011,0
2025-12-24,13:00,29.44,67,4.023,100,0,1010,0
2025-12-24,14:00,28.89,69,3.576,100,0,1009,0
2025-12-24,15:00,29.44,68,3.576,99,0,1009,0
2025-12-24,16:00,28.89,67,3.576,107,0,1009,0
2025-12-24,17:00,28.33,72,2.682,98,0,1009,0
2025-12-24,18:00,28.33,68,2.235,112,0,1010,0
2025-12-24,19:00,27.78,73,2.235,110,0,1011,0
2025-12-24,20:00,27.22,72,1.788,114,0,1011,0
2025-12-24,21:00,27.78,75,1.341,98,0,1012,0
2025-12-24,22:00,27.78,76,2.235,88,0,1012,0
2025-12-24,23:00,27.22,80,2.235,93,0,1012,0
2025-12-25,00:00,25.56,89,2.682,94,0,1012,1.2
2025-12-25,01:00,24.44,92,2.682,89,0,1012,0.8
2025-12-25,02:00,23.89,93,2.235,93,0,1011,2
2025-12-25,03:00,24.44,88,3.129,115,0,1010,0
2025-12-25,04:00,26.11,80,1.788,97,0,1008,0
2025-12-25,05:00,26.67,76,2.235,94,0,1009,0
2025-12-25,06:00,26.67,75,2.235,97,0,1009,0
2025-12-25,07:00,26.67,76,2.235,98,0,1009,0
2025-12-25,08:00,27.22,72,3.129,102,0,1010,0
2025-12-25,09:00,28.33,68,3.576,106,0,1011,0
2025-12-25,10:00,28.89,67,4.47,109,0,1011,0
2025-12-25,11:00,29.44,67,4.023,111,0,1011,0
2025-12-25,12:00,29.44,68,4.023,110,0,1010,0
2025-12-25,13:00,30,66,3.576,103,0,1009,0
2025-12-25,14:00,30,62,3.576,105,0,1009,0
2025-12-25,15:00,30,65,3.576,110,0,1008,0
2025-12-25,16:00,28.89,66,2.235,112,123,1009,0
2025-12-25,17:00,28.89,69,2.682,115,227,1009,0
2025-12-25,18:00,28.33,73,1.788,115,38,1009,0
2025-12-25,19:00,27.78,74,1.341,119,0,1010,0
2025-12-25,20:00,27.78,76,0.8941,87,0,1011,0
2025-12-25,21:00,27.78,75,2.235,110,0,1011,0
2025-12-25,22:00,27.78,75,2.682,112,0,1011,0
2025-12-25,23:00,27.78,75,2.682,117,0,1011,0
2025-12-26,00:00,27.22,76,0.8941,127,0,1011,0
2025-12-26,01:00,27.22,77,0.8941,113,0,1011,0
2025-12-26,02:00,27.22,77,1.341,120,0,1010,0
2025-12-26,03:00,27.22,77,1.788,118,0,1009,0
2025-12-26,04:00,27.22,79,1.341,114,0,1009,0
2025-12-26,05:00,26.67,81,0.8941,119,0,1009,0
2025-12-26,06:00,26.67,79,0.447,118,0,1009,0
2025-12-26,07:00,26.11,83,0.447,86,5,1010,0
2025-12-26,08:00,26.67,78,0.447,335,6,1011,0
2025-12-26,09:00,28.89,72,0.8941,95,0,1012,0
2025-12-26,10:00,29.44,72,1.788,118,0,1012,0
2025-12-26,11:00,30,71,2.235,116,0,1012,0
2025-12-26,12:00,30,70,2.235,122,0,1011,0
2025-12-26,13:00,30.56,66,2.235,165,0,1010,0
2025-12-26,14:00,30.56,67,2.235,163,0,1010,0
2025-12-26,15:00,30.56,66,2.235,174,0,1009,0
2025-12-26,16:00,30.56,64,1.788,152,0,1009,0
2025-12-26,17:00,30,68,1.788,155,75,1009,0
2025-12-26,18:00,28.89,75,1.341,115,24,1010,0
2025-12-26,19:00,27.78,79,0.447,83,0,1011,0
2025-12-26,20:00,27.22,85,0.447,71,0,1011,0
2025-12-26,21:00,27.22,84,0.8941,104,0,1012,0
2025-12-26,22:00,27.22,84,0.8941,128,0,1012,0
2025-12-26,23:00,27.22,85,0.447,89,0,1012,0
2025-12-27,00:00,26.11,89,0.447,106,0,1012,0
2025-12-27,01:00,26.11,90,0.447,102,0,1012,0
2025-12-27,02:00,26.11,89,0.8941,61,0,1011,0
2025-12-27,03:00,26.11,90,1.341,76,0,1011,0
2025-12-27,04:00,25.56,91,1.788,69,0,1010,0
2025-12-27,05:00,25,91,1.341,93,0,1010,1
2025-12-27,06:00,25.56,91,0.8941,337,0,1010,0
2025-12-27,07:00,25,92,0.447,113,3,1011,0
2025-12-27,08:00,25.56,91,0.447,80,62,1011,0
2025-12-27,09:00,26.67,90,1.341,108,186,1012,1
2025-12-27,10:00,26.67,83,2.682,101,212,1012,0
2025-12-27,11:00,27.78,79,1.341,92,230,1012,0
2025-12-27,12:00,28.33,78,1.788,110,334,1012,0
2025-12-27,13:00,27.78,80,2.682,91,299,1011,0
2025-12-27,14:00,28.89,74,2.235,122,146,1010,0
2025-12-27,15:00,28.89,72,2.235,124,186,1010,0
2025-12-27,16:00,29.44,73,2.235,114,160,1010,0
2025-12-27,17:00,28.89,76,1.788,109,0,1010,0
2025-12-27,18:00,28.33,79,0.8941,100,0,1011,0
2025-12-27,19:00,27.22,85,0.447,80,0,1011,0
2025-12-27,20:00,26.11,89,0.447,91,0,1012,0
2025-12-27,21:00,25.56,88,0.447,2,0,1013,0
2025-12-27,22:00,26.11,87,0.447,310,0,1013,0
2025-12-27,23:00,26.11,85,0.447,319,0,1013,0
2025-12-28,00:00,26.67,83,0.8941,239,0,1012,0
2025-12-28,01:00,26.67,81,0.447,230,0,1012,0
2025-12-28,02:00,26.11,85,0.8941,119,0,1012,0
2025-12-28,03:00,25.56,87,0.447,147,0,1011,0
2025-12-28,04:00,25,90,0.447,112,0,1011,0
2025-12-28,05:00,25,91,0.447,107,0,1011,0
2025-12-28,06:00,25.56,91,0.447,94,0,1012,0
2025-12-28,07:00,25.56,92,0.447,124,6,1012,0
2025-12-28,08:00,26.11,90,0.447,121,56,1012,0
2025-12-28,09:00,27.78,79,1.341,106,0,1013,0
2025-12-28,10:00,28.89,71,2.235,95,0,1013,0
2025-12-28,11:00,29.44,68,2.235,91,0,1013,0
2025-12-28,12:00,29.44,73,1.341,64,0,1013,0
2025-12-28,13:00,29.44,71,1.341,37,0,1012,0
2025-12-28,14:00,30,72,1.341,52,0,1011,0
2025-12-28,15:00,30,72,1.341,50,0,1011,0
2025-12-28,16:00,29.44,72,1.788,61,0,1011,0
2025-12-28,17:00,29.44,73,1.788,73,0,1011,0
2025-12-28,18:00,28.33,77,1.788,81,15,1011,0
2025-12-28,19:00,27.78,80,1.788,85,0,1012,0
2025-12-28,21:00,27.22,82,1.788,88,0,1013,0
2025-12-28,22:00,27.22,82,1.341,89,0,1013,0
2025-12-28,23:00,27.22,81,1.788,89,0,1013,0
2025-12-29,00:00,27.22,82,1.341,103,0,1013,0
2025-12-29,01:00,27.22,81,1.341,96,0,1013,0
2025-12-29,02:00,27.22,82,1.341,95,0,1012,0
2025-12-29,03:00,27.22,80,1.788,88,0,1012,0
2025-12-29,04:00,27.22,82,1.341,95,0,1011,0
2025-12-29,05:00,26.67,81,1.341,93,0,1011,0
2025-12-29,06:00,26.67,85,1.341,100,0,1011,0
2025-12-29,07:00,26.11,84,0.8941,96,0,1012,0
2025-12-29,08:00,27.22,80,1.341,87,0,1012,0
2025-12-29,09:00,28.33,74,2.682,90,0,1013,0
2025-12-29,10:00,29.44,72,3.129,90,0,1013,0
2025-12-29,11:00,29.44,71,3.129,95,0,1013,0
2025-12-29,12:00,30,69,3.576,91,0,1012,0
2025-12-29,13:00,30,70,3.129,85,0,1011,0
2025-12-29,14:00,30,67,3.129,97,0,1011,0
2025-12-29,15:00,30,67,3.129,85,0,1010,0
2025-12-29,16:00,30,72,3.129,98,0,1010,0
2025-12-29,17:00,29.44,71,2.682,91,0,1010,0
2025-12-29,18:00,28.33,75,2.235,87,17,1011,0
2025-12-29,19:00,27.78,77,1.788,84,0,1011,0
2025-12-29,20:00,27.78,78,2.235,87,0,1012,0
2025-12-29,21:00,27.78,81,1.788,82,0,1013,0
2025-12-29,22:00,27.78,81,1.788,84,0,1013,0
2025-12-29,23:00,27.78,82,1.788,90,0,1013,0
2025-12-30,00:00,27.78,85,2.235,88,0,1013,0
2025-12-30,01:00,27.22,87,1.788,89,0,1013,0
2025-12-30,02:00,27.22,86,2.235,89,0,1012,0
2025-12-30,03:00,27.22,87,2.682,87,0,1011,0
2025-12-30,04:00,27.22,86,2.682,87,0,1011,0
2025-12-30,05:00,26.67,86,2.682,87,0,1011,0
2025-12-30,06:00,26.67,86,1.788,90,0,1011,0
2025-12-30,07:00,26.67,87,2.682,84,0,1012,0
2025-12-30,08:00,26.67,86,2.235,83,0,1012,0
2025-12-30,09:00,26.11,89,1.788,76,0,1013,0
2025-12-30,10:00,27.78,80,2.682,91,0,1013,0
2025-12-30,11:00,28.89,81,2.682,90,0,1013,1
2025-12-30,12:00,28.33,76,3.129,84,0,1012,0
2025-12-30,13:00,29.44,75,3.129,92,0,1011,0
2025-12-30,14:00,29.44,75,3.576,97,0,1009,0
2025-12-30,15:00,28.89,83,3.576,89,0,1009,0
2025-12-30,16:00,28.33,80,3.129,94,0,1009,0
2025-12-30,17:00,28.33,81,3.129,87,0,1009,0
2025-12-30,18:00,27.78,84,2.235,84,0,1009,0
2025-12-30,19:00,27.22,87,2.235,85,0,1009,0
2025-12-30,20:00,26.11,91,2.682,91,0,1010,2
2025-12-30,21:00,26.11,91,2.682,84,0,1011,0
2025-12-30,22:00,26.11,93,2.682,81,0,1011,4
2025-12-30,23:00,25.56,94,2.682,91,0,1011,2
2025-12-31,00:00,25.56,94,3.129,86,0,1011,0
2025-12-31,01:00,25,94,3.576,83,0,1011,2
2025-12-31,02:00,25,95,2.682,85,0,1011,2
2025-12-31,03:00,25.56,94,3.129,91,0,1010,0
2025-12-31,04:00,25,94,3.129,91,0,1010,2
2025-12-31,05:00,23.89,93,2.235,85,0,1010,0
2025-12-31,06:00,25.56,89,2.235,97,0,1010,0
2025-12-31,07:00,25.56,85,3.129,88,2,1010,0
2025-12-31,08:00,26.11,82,2.682,84,44,1011,0
2025-12-31,09:00,27.22,80,3.129,86,135,1012,0
2025-12-31,10:00,27.22,82,3.576,89,123,1012,0
2025-12-31,11:00,27.78,79,3.576,90,0,1011,0
2025-12-31,12:00,28.89,78,3.576,87,0,1011,0
2025-12-31,13:00,28.89,81,3.576,91,0,1009,0
2025-12-31,14:00,27.78,88,3.129,90,0,1008,0
2025-12-31,15:00,27.22,87,3.129,88,0,1008,2
2025-12-31,16:00,27.22,89,2.682,89,0,1008,0
2025-12-31,17:00,28.33,83,3.129,92,0,1008,0
2025-12-31,18:00,27.78,85,2.682,90,0,1008,0
2025-12-31,19:00,27.22,87,1.788,79,0,1009,0
2025-12-31,20:00,27.22,86,0.8941,78,0,1010,0
2025-12-31,21:00,27.22,86,0.8941,89,0,1011,0
2025-12-31,22:00,26.67,87,0.447,83,0,1011,0
2025-12-31,23:00,26.67,87,0.8941,93,0,1011,0
2026-01-01,00:00,26.67,88,0.8941,101,0,1011,0
2026-01-01,01:00,26.67,88,0.8941,106,0,1011,0
2026-01-01,02:00,26.67,88,0.8941,109,0,1010,0
2026-01-01,03:00,26.67,86,0.8941,120,0,1009,0
2026-01-01,04:00,26.67,86,0.8941,121,0,1009,0
2026-01-01,05:00,26.11,87,0.447,119,0,1009,0
2026-01-01,06:00,26.11,87,0.447,120,0,1009,0
2026-01-01,07:00,25.56,88,0.447,121,4,1010,0
2026-01-01,08:00,26.67,85,0.447,69,22,1011,0
2026-01-01,09:00,28.33,79,0.8941,89,97,1011,0
2026-01-01,10:00,28.89,73,1.788,112,155,1012,0
2026-01-01,11:00,29.44,72,2.235,130,510,1011,0
2026-01-01,12:00,30,73,2.235,112,395,1011,0
2026-01-01,13:00,30,75,2.235,108,394,1010,0
2026-01-01,14:00,29.44,74,2.235,108,254,1009,0
2026-01-01,15:00,28.89,80,2.235,112,237,1009,0
2026-01-01,16:00,28.89,75,1.788,106,251,1009,0
2026-01-01,17:00,28.89,77,1.341,75,164,1009,0
2026-01-01,18:00,28.33,79,0.8941,91,27,1010,0
2026-01-01,19:00,27.78,85,0.447,83,0,1011,0
2026-01-01,20:00,26.67,87,0.447,84,0,1011,0
2026-01-01,21:00,26.11,88,0.447,89,0,1012,0
2026-01-01,22:00,26.67,87,0.8941,105,0,1012,0
2026-01-01,23:00,26.67,87,0.8941,114,0,1012,0
2026-01-02,00:00,26.67,88,0.447,91,0,1012,0
2026-01-02,01:00,26.67,90,0.447,51,0,1012,0
2026-01-02,02:00,26.67,87,0.8941,118,0,1012,0
2026-01-02,03:00,26.67,81,1.788,111,0,1011,0
2026-01-02,04:00,26.67,82,0.8941,116,0,1011,0
2026-01-02,05:00,26.67,84,1.341,117,0,1011,0
2026-01-02,06:00,26.11,87,0.447,114,0,1011,0
2026-01-02,07:00,25.56,89,0.447,99,3,1011,0
2026-01-02,08:00,26.11,84,0.8941,108,88,1012,0
2026-01-02,09:00,27.78,85,1.341,107,155,1013,0
2026-01-02,10:00,27.22,88,1.788,109,361,1013,0
2026-01-02,11:00,28.33,78,1.788,124,431,1013,0
2026-01-02,12:00,28.89,79,1.788,145,271,1012,0
2026-01-02,13:00,29.44,71,2.682,130,550,1011,0
2026-01-02,14:00,30,66,3.129,117,652,1010,0
2026-01-02,15:00,30,69,2.682,129,383,1009,0
2026-01-02,16:00,30,67,2.235,141,282,1009,0
2026-01-02,17:00,29.44,70,2.235,133,209,1010,0
2026-01-02,18:00,28.33,74,1.341,110,49,1010,0
2026-01-02,19:00,27.22,77,0.447,89,0,1011,0
2026-01-02,20:00,26.11,82,0.447,88,0,1011,0
2026-01-02,21:00,25.56,84,0.447,104,0,1012,0
2026-01-02,22:00,25.56,86,0.447,108,0,1012,0
2026-01-02,23:00,25.56,87,0.447,122,0,1012,0
2026-01-03,00:00,25.56,82,0.8941,122,0,1012,0
2026-01-03,01:00,26.11,79,0.8941,136,0,1012,0
2026-01-03,02:00,26.11,81,0.447,157,0,1012,0
2026-01-03,03:00,25.56,84,0.447,132,0,1012,0
2026-01-03,04:00,25,85,0.447,226,0,1011,0
2026-01-03,05:00,24.44,87,0.447,167,0,1011,0
2026-01-03,06:00,24.44,86,0.447,160,0,1012,0
2026-01-03,07:00,24.44,88,0.447,122,4,1012,0
2026-01-03,08:00,25.56,83,0.447,110,28,1013,0
2026-01-03,09:00,28.33,75,0.447,4,0,1014,0
2026-01-03,10:00,28.89,75,0.8941,332,0,1014,0
2026-01-03,11:00,28.89,74,0.8941,299,0,1014,0
2026-01-03,12:00,28.89,74,1.341,325,0,1014,0
2026-01-03,13:00,29.44,72,0.8941,347,0,1013,0
2026-01-03,14:00,29.44,71,1.341,17,0,1012,0
2026-01-03,15:00,29.44,70,1.341,39,0,1012,0
2026-01-03,16:00,29.44,71,0.8941,37,0,1011,0
2026-01-03,17:00,28.89,73,1.341,59,0,1011,0
2026-01-03,18:00,28.33,76,1.341,71,0,1012,0
2026-01-03,19:00,27.22,79,0.8941,97,0,1012,0
2026-01-03,20:00,26.67,82,0.8941,124,0,1012,0
2026-01-03,21:00,26.67,83,0.8941,110,0,1013,0
2026-01-03,22:00,26.67,83,0.8941,105,0,1013,0
2026-01-03,23:00,26.67,83,0.8941,106,0,1013,0
2026-01-04,00:00,26.67,85,0.8941,103,0,1013,0
2026-01-04,01:00,26.11,85,0.8941,101,0,1013,0
2026-01-04,02:00,27.22,79,0.8941,80,0,1012,0
2026-01-04,03:00,27.22,78,0.8941,66,0,1012,0
2026-01-04,04:00,27.22,79,0.8941,345,0,1011,0
2026-01-04,05:00,27.22,79,0.8941,43,0,1011,0
2026-01-04,06:00,27.22,77,0.8941,70,0,1012,0
2026-01-04,07:00,26.67,84,1.788,96,0,1012,0
2026-01-04,08:00,26.67,78,1.788,92,0,1013,0
2026-01-04,09:00,28.33,75,1.788,76,0,1013,0
2026-01-04,10:00,28.89,76,2.235,70,0,1014,0
2026-01-04,11:00,28.89,74,1.788,70,0,1014,0
2026-01-04,12:00,29.44,73,1.788,64,0,1013,0
2026-01-04,13:00,29.44,71,1.788,63,0,1012,0
2026-01-04,14:00,29.44,67,1.788,59,0,1011,0
2026-01-04,15:00,29.44,67,1.788,61,0,1011,0
2026-01-04,16:00,29.44,69,1.788,67,0,1011,0
2026-01-04,17:00,28.89,71,1.788,72,70,1011,0
2026-01-04,18:00,28.33,73,1.788,85,52,1011,0
2026-01-04,19:00,27.22,79,1.341,99,1,1012,0
2026-01-04,20:00,26.67,82,0.8941,108,0,1012,1
2026-01-04,21:00,26.67,82,1.341,100,0,1013,0
2026-01-04,22:00,27.22,86,2.235,84,0,1013,0
2026-01-04,23:00,26.67,86,2.235,85,0,1013,0
2026-01-05,00:00,26.67,83,2.235,87,0,1013,0
2026-01-05,01:00,26.11,88,2.235,90,0,1013,0
2026-01-05,02:00,25.56,90,2.235,91,0,1012,0
2026-01-05,03:00,25.56,93,2.682,89,0,1012,1
2026-01-05,04:00,25,94,2.682,95,0,1011,5
2026-01-05,05:00,25,94,3.576,87,0,1011,2
2026-01-05,06:00,25,93,2.235,115,0,1011,0
2026-01-05,07:00,25,93,0.8941,81,0,1012,0
2026-01-05,08:00,25.56,92,1.341,84,0,1012,0
2026-01-05,09:00,25,93,2.682,79,0,1013,1
2026-01-05,10:00,25.56,94,3.129,83,0,1013,2
2026-01-05,11:00,26.11,91,4.47,80,0,1013,0
2026-01-05,12:00,26.11,93,3.129,92,0,1012,3
2026-01-05,13:00,26.11,93,2.682,90,0,1012,3
2026-01-05,14:00,27.22,87,4.023,78,0,1011,0
2026-01-05,15:00,27.22,85,4.47,75,0,1009,0
2026-01-05,16:00,27.78,81,4.47,79,0,1009,0
2026-01-05,17:00,27.78,84,4.47,81,0,1009,0
2026-01-05,18:00,27.22,85,3.576,84,0,1010,0
2026-01-05,19:00,26.11,92,3.129,82,0,1011,0
2026-01-05,20:00,26.11,92,3.576,82,0,1012,0
2026-01-05,21:00,26.11,91,3.576,84,0,1012,1
2026-01-05,22:00,26.11,90,3.576,86,0,1013,0
2026-01-05,23:00,26.11,88,4.023,83,0,1012,0
2026-01-06,00:00,26.67,85,3.576,85,0,1012,0
2026-01-06,01:00,27.22,84,3.129,83,0,1012,0
2026-01-06,02:00,26.67,87,2.682,84,0,1012,0
2026-01-06,03:00,26.67,87,2.682,87,0,1012,0
2026-01-06,04:00,26.11,89,2.682,83,0,1011,0
2026-01-06,05:00,26.67,87,2.682,86,0,1011,0
2026-01-06,06:00,26.67,89,2.682,84,0,1012,0
2026-01-06,07:00,26.67,86,3.129,81,2,1012,0
2026-01-06,08:00,27.22,88,3.129,82,44,1013,0
2026-01-06,09:00,26.67,90,3.129,80,146,1013,0
2026-01-06,10:00,27.22,84,3.576,79,316,1013,0
2026-01-06,11:00,27.78,85,3.129,78,340,1013,0
2026-01-06,12:00,28.33,82,3.129,79,490,1012,0
2026-01-06,13:00,27.78,89,3.129,88,386,1012,1
2026-01-06,14:00,27.78,89,2.682,78,498,1011,0
2026-01-06,15:00,27.22,88,2.682,77,340,1010,1
2026-01-06,16:00,27.78,83,3.129,76,293,1010,0
2026-01-06,17:00,28.33,82,3.576,79,262,1010,0
2026-01-06,18:00,27.78,85,3.129,81,56,1011,0
2026-01-06,19:00,27.22,84,2.682,85,1,1011,0
2026-01-06,20:00,27.78,84,2.682,86,0,1012,0
2026-01-06,21:00,27.78,86,2.682,82,0,1012,0
2026-01-06,22:00,27.22,85,3.129,86,0,1012,0
2026-01-06,23:00,27.22,84,3.129,85,0,1012,0
2026-01-07,00:00,27.22,84,2.682,84,0,1012,0
2026-01-07,01:00,27.22,85,2.682,82,0,1012,0
2026-01-07,02:00,27.22,85,2.682,85,0,1012,0
2026-01-07,03:00,27.22,85,2.682,86,0,1011,0
2026-01-07,04:00,27.22,85,2.682,84,0,1011,0
2026-01-07,05:00,27.22,84,2.682,84,0,1012,0
2026-01-07,06:00,27.22,88,3.129,86,0,1012,0
2026-01-07,07:00,26.11,86,2.682,85,2,1012,0
2026-01-07,08:00,27.22,84,3.129,83,47,1013,0
2026-01-07,09:00,27.78,79,3.576,82,243,1013,0
2026-01-07,10:00,28.89,77,3.576,84,505,1013,0
2026-01-07,11:00,28.89,77,3.576,84,482,1013,0
2026-01-07,12:00,29.44,75,3.576,79,527,1013,0
2026-01-07,13:00,28.89,78,3.129,77,369,1012,0
2026-01-07,14:00,28.89,80,3.576,77,364,1011,0
2026-01-07,15:00,28.89,76,3.576,75,324,1011,0
2026-01-07,16:00,28.89,77,3.576,76,179,1010,0
2026-01-07,17:00,28.33,77,3.129,81,160,1011,0
2026-01-07,18:00,27.78,79,3.129,83,66,1011,0
2026-01-07,19:00,27.22,80,2.682,84,0,1011,0
2026-01-07,20:00,27.22,79,2.682,86,0,1012,0
2026-01-07,21:00,27.22,80,2.682,86,0,1012,0
2026-01-07,22:00,27.22,80,2.682,87,0,1013,0
2026-01-07,23:00,26.67,81,2.235,88,0,1013,0
2026-01-08,00:00,26.67,80,2.235,83,0,1013,0
2026-01-08,01:00,26.67,80,2.235,88,0,1013,0
2026-01-08,02:00,26.67,80,2.235,90,0,1013,0
2026-01-08,03:00,26.67,82,2.235,88,0,1012,0
2026-01-08,04:00,26.67,81,2.235,90,0,1012,0
2026-01-08,05:00,26.67,78,2.682,91,0,1012,0
2026-01-08,06:00,26.67,77,2.235,89,0,1012,0
2026-01-08,07:00,26.11,77,2.235,90,0,1012,0
2026-01-08,08:00,26.67,73,2.235,87,98,1013,0
2026-01-08,09:00,27.78,70,2.682,78,25,1014,0
2026-01-08,10:00,28.33,67,2.682,75,189,1014,0
2026-01-08,11:00,28.89,67,3.129,77,0,1013,0
2026-01-08,12:00,28.33,71,2.682,75,158,1013,0
2026-01-08,13:00,28.33,70,3.129,76,0,1012,0
2026-01-08,14:00,28.33,67,3.129,75,81,1011,0
2026-01-08,15:00,28.89,69,2.682,75,308,1011,0
2026-01-08,16:00,28.33,73,3.129,76,271,1010,0
2026-01-08,17:00,28.33,75,2.682,76,236,1011,0
2026-01-08,18:00,27.78,76,3.129,79,58,1011,0
2026-01-08,19:00,27.78,77,2.682,85,0,1011,0
2026-01-08,20:00,27.22,75,2.682,86,0,1012,0
2026-01-08,21:00,26.67,74,2.682,85,0,1012,0
2026-01-08,22:00,26.67,75,2.235,87,0,1013,0
2026-01-08,23:00,27.22,76,2.235,87,0,1013,0
2026-01-09,00:00,27.22,76,2.682,82,0,1012,0
2026-01-09,01:00,27.22,76,3.129,85,0,1012,0
2026-01-09,02:00,27.22,77,2.682,87,0,1012,0
2026-01-09,03:00,26.67,76,3.129,84,0,1011,0
2026-01-09,04:00,26.67,76,2.682,85,0,1011,0
2026-01-09,05:00,26.67,75,3.129,86,0,1011,0
2026-01-09,06:00,26.67,75,2.682,87,0,1012,0
2026-01-09,07:00,26.67,75,2.682,85,0,1012,0
2026-01-09,08:00,26.67,74,2.682,85,0,1013,0
2026-01-09,09:00,28.33,69,3.129,79,12,1014,0
2026-01-09,10:00,28.33,67,3.129,77,2,1014,0
2026-01-09,11:00,28.89,71,3.129,75,0,1014,0
2026-01-09,12:00,28.89,69,3.129,76,0,1013,0
2026-01-09,13:00,28.89,68,2.682,75,0,1012,0
2026-01-09,14:00,28.89,70,3.129,77,0,1011,0
2026-01-09,15:00,28.33,71,3.576,77,0,1011,0
2026-01-09,16:00,28.33,74,3.129,79,18,1011,0
2026-01-09,17:00,27.78,71,3.129,76,144,1011,0
2026-01-09,18:00,27.78,72,3.129,80,51,1011,0
2026-01-09,19:00,27.78,72,3.129,78,0,1011,0
2026-01-09,20:00,27.78,70,3.576,82,0,1012,0
2026-01-09,21:00,27.78,71,3.576,80,0,1012,0
2026-01-09,22:00,27.78,72,4.023,82,0,1013,0
2026-01-09,23:00,27.78,70,3.576,82,0,1013,0
2026-01-10,00:00,27.78,70,4.023,81,0,1013,0
2026-01-10,01:00,27.22,69,4.023,82,0,1013,0
2026-01-10,02:00,27.22,69,4.023,80,0,1012,0
2026-01-10,03:00,27.78,70,4.47,79,0,1012,0
2026-01-10,04:00,27.22,72,4.023,79,0,1012,0
2026-01-10,05:00,27.22,76,3.129,82,0,1012,0
2026-01-10,06:00,27.22,76,3.576,83,0,1013,0
2026-01-10,07:00,27.22,68,3.576,83,3,1013,0
2026-01-10,08:00,27.22,69,3.129,81,123,1014,0
2026-01-10,09:00,27.78,69,3.129,82,231,1014,0
2026-01-10,10:00,28.33,68,3.576,77,286,1014,0
2026-01-10,11:00,28.89,73,4.023,77,150,1014,0
2026-01-10,12:00,28.89,74,4.023,78,213,1013,0
2026-01-10,13:00,28.89,71,4.023,77,253,1012,0
2026-01-10,15:00,28.33,73,4.023,79,372,1011,0
2026-01-10,16:00,28.33,77,3.576,79,221,1011,0
2026-01-10,17:00,28.33,76,3.129,79,159,1011,0
2026-01-10,18:00,28.33,78,3.576,80,40,1011,0
2026-01-10,19:00,27.22,81,3.129,83,0,1012,0
2026-01-10,20:00,27.78,81,3.129,81,0,1012,0
2026-01-10,21:00,27.22,84,3.129,80,0,1013,0
2026-01-10,22:00,27.22,85,3.129,80,0,1013,0
2026-01-10,23:00,26.67,89,3.576,78,0,1013,0
2026-01-11,00:00,26.11,92,2.682,84,0,1013,1
2026-01-11,01:00,26.11,90,2.682,83,0,1012,0
2026-01-11,02:00,26.67,89,2.682,82,0,1012,0
2026-01-11,03:00,26.67,87,3.129,81,0,1011,0
2026-01-11,04:00,26.11,87,2.682,89,0,1011,0
2026-01-11,05:00,26.67,87,2.235,82,0,1011,0
2026-01-11,06:00,26.67,87,2.235,85,0,1012,0
2026-01-11,07:00,27.22,83,2.682,87,0,1012,0
2026-01-11,08:00,27.22,84,2.235,85,0,1013,0
2026-01-11,09:00,28.33,81,2.682,86,0,1013,0
2026-01-11,10:00,28.89,76,3.576,89,0,1014,0
2026-01-11,11:00,29.44,77,3.576,96,0,1013,0
2026-01-11,12:00,29.44,75,4.023,91,0,1013,0
2026-01-11,13:00,30,74,3.576,98,0,1012,0
2026-01-11,14:00,29.44,74,4.023,110,0,1011,0
2026-01-11,15:00,29.44,76,3.576,92,0,1010,0
2026-01-11,16:00,29.44,74,3.129,95,0,1010,0
2026-01-11,17:00,29.44,76,2.682,93,0,1011,0
2026-01-11,18:00,28.89,78,2.235,87,0,1011,0
2026-01-11,19:00,28.33,82,1.788,82,0,1012,0
2026-01-11,20:00,27.78,83,1.341,79,0,1012,0
2026-01-11,21:00,27.78,83,1.788,81,0,1013,0
2026-01-11,22:00,27.78,83,1.788,81,0,1013,0
2026-01-11,23:00,27.78,83,1.788,84,0,1013,0
2026-01-12,00:00,27.78,84,1.788,91,0,1013,0
2026-01-12,01:00,27.78,85,1.788,92,0,1013,0
2026-01-12,02:00,27.22,85,1.788,101,0,1013,0
2026-01-12,03:00,27.22,84,1.341,91,0,1012,0
2026-01-12,04:00,27.22,85,1.341,87,0,1012,0
2026-01-12,05:00,27.22,87,1.788,86,0,1012,1
2026-01-12,06:00,26.67,89,1.341,92,0,1012,0
2026-01-12,07:00,26.67,88,1.341,96,0,1012,0
2026-01-12,08:00,27.22,86,1.341,91,0,1013,0
2026-01-12,09:00,28.33,79,2.235,86,0,1014,0
2026-01-12,10:00,29.44,76,3.129,87,0,1014,0
2026-01-12,11:00,30,74,3.129,83,0,1014,0
2026-01-12,12:00,30,73,3.576,88,0,1014,0
2026-01-12,13:00,30,74,2.682,75,0,1013,0
2026-01-12,14:00,30,73,3.129,80,0,1012,0
2026-01-12,15:00,29.44,79,2.235,79,0,1011,1
2026-01-12,16:00,28.33,85,2.682,82,0,1011,0
2026-01-12,17:00,27.78,87,2.235,86,0,1011,0
2026-01-12,18:00,27.78,85,2.235,80,0,1011,0
2026-01-12,19:00,27.22,84,1.788,87,0,1012,0
2026-01-12,20:00,27.22,82,2.235,83,0,1013,0
2026-01-12,21:00,27.22,83,1.788,81,0,1013,0
2026-01-12,22:00,27.78,83,2.235,83,0,1013,0
2026-01-12,23:00,27.22,83,1.788,82,0,1013,0
2026-01-13,00:00,27.22,83,2.235,85,0,1013,0
2026-01-13,01:00,27.22,81,2.682,87,0,1012,0
2026-01-13,02:00,27.22,84,2.682,82,0,1012,0
2026-01-13,03:00,27.22,86,2.235,83,0,1011,0
2026-01-13,04:00,27.22,84,2.682,82,0,1011,0
2026-01-13,05:00,27.22,83,2.682,84,0,1011,0
2026-01-13,06:00,27.22,82,3.129,86,0,1011,0
2026-01-13,07:00,27.22,83,3.129,83,0,1011,0
2026-01-13,08:00,27.78,83,3.576,83,0,1012,0
2026-01-13,09:00,28.33,82,3.129,84,0,1013,0
2026-01-13,10:00,28.33,87,3.129,81,0,1013,1
2026-01-13,11:00,28.33,84,3.129,83,0,1013,0
2026-01-13,12:00,28.33,82,3.129,87,0,1012,0
2026-01-13,13:00,28.89,81,2.682,92,0,1011,0
2026-01-13,14:00,28.89,81,3.129,92,0,1011,0
2026-01-13,15:00,28.89,81,3.129,88,0,1010,0
2026-01-13,16:00,28.89,82,2.682,83,0,1009,0
2026-01-13,17:00,28.33,82,3.129,90,0,1010,0
2026-01-13,18:00,28.33,84,2.682,92,0,1010,0
2026-01-13,19:00,28.33,83,3.129,88,0,1011,0
2026-01-13,20:00,28.33,83,3.129,84,0,1012,0
2026-01-13,21:00,28.33,82,3.129,81,0,1012,0
2026-01-13,22:00,28.33,80,3.129,87,0,1012,0
2026-01-13,23:00,28.33,79,2.682,84,0,1012,0
2026-01-14,00:00,28.33,78,3.129,85,0,1012,0
2026-01-14,01:00,28.33,80,3.129,87,0,1012,0
2026-01-14,02:00,28.33,78,2.682,84,0,1012,0
2026-01-14,03:00,28.33,79,2.682,80,0,1011,0
2026-01-14,04:00,27.78,82,2.682,83,0,1011,0
2026-01-14,05:00,27.78,82,3.129,87,0,1011,0
2026-01-14,06:00,27.78,83,3.129,84,0,1011,0
2026-01-14,07:00,27.78,84,2.682,87,0,1011,0
2026-01-14,08:00,28.33,81,3.129,90,0,1012,0
2026-01-14,09:00,28.89,78,3.129,100,0,1012,0
2026-01-14,10:00,29.44,77,3.576,103,0,1013,0
2026-01-14,11:00,29.44,78,3.576,96,0,1013,0
2026-01-14,12:00,30,77,4.023,99,0,1012,0
2026-01-14,13:00,29.44,80,4.023,94,0,1011,0
2026-01-14,14:00,29.44,79,4.023,91,0,1010,0
2026-01-14,15:00,29.44,79,3.576,96,0,1009,0
2026-01-14,16:00,28.89,81,3.129,93,0,1009,0
2026-01-14,17:00,27.78,90,2.682,92,0,1010,0
2026-01-14,18:00,27.22,90,2.682,95,0,1010,0
2026-01-14,19:00,27.22,91,2.235,94,0,1011,2
2026-01-14,20:00,26.67,92,2.682,93,0,1012,1
2026-01-14,21:00,26.11,92,2.235,76,0,1012,0
2026-01-14,22:00,26.67,93,1.788,78,0,1013,0
2026-01-14,23:00,27.22,92,1.788,82,0,1013,4
2026-01-15,00:00,25.56,93,1.341,89,0,1013,5
2026-01-15,01:00,26.67,93,0.8941,94,0,1013,0
2026-01-15,02:00,27.22,92,1.788,98,0,1013,0
2026-01-15,03:00,27.22,90,3.129,85,0,1011,0
2026-01-15,04:00,27.22,88,3.576,80,0,1010,0
2026-01-15,05:00,27.78,87,3.129,79,0,1010,0
2026-01-15,06:00,27.78,86,2.682,81,0,1011,0
2026-01-15,07:00,27.78,87,2.235,83,0,1012,0
2026-01-15,08:00,27.78,88,2.682,90,0,1013,1
2026-01-15,09:00,27.78,89,2.235,86,0,1014,1
2026-01-15,10:00,28.33,83,3.129,89,0,1013,0
2026-01-15,11:00,29.44,79,4.023,95,0,1013,0
2026-01-15,12:00,29.44,78,4.47,92,0,1012,0
2026-01-15,13:00,29.44,77,4.47,87,0,1011,0
2026-01-15,14:00,29.44,77,4.47,95,0,1009,0
2026-01-15,15:00,29.44,78,4.47,95,0,1009,0
2026-01-15,16:00,29.44,77,4.023,96,0,1008,0
2026-01-15,17:00,28.89,79,4.023,96,0,1009,0
2026-01-15,18:00,28.33,80,3.576,94,0,1009,0
2026-01-15,19:00,28.33,81,3.129,92,0,1009,0
2026-01-15,21:00,28.33,81,3.129,97,0,1011,0
2026-01-15,22:00,28.33,82,3.129,94,0,1011,0
2026-01-15,23:00,28.33,83,2.682,95,0,1011,0
2026-01-16,00:00,27.78,84,2.682,100,0,1010,0
2026-01-16,01:00,27.78,83,3.129,107,0,1010,0
2026-01-16,02:00,27.78,81,2.682,111,0,1009,0
2026-01-16,03:00,27.78,81,1.788,113,0,1009,0
2026-01-16,04:00,27.78,82,2.235,110,0,1009,0
2026-01-16,05:00,27.78,84,1.788,107,0,1009,0
2026-01-16,06:00,27.22,89,1.341,83,0,1009,1
2026-01-16,07:00,26.67,90,0.447,102,0,1009,0
2026-01-16,08:00,27.22,90,0.8941,115,0,1010,0
2026-01-16,09:00,27.78,84,1.788,108,0,1011,0
2026-01-16,10:00,28.33,84,2.235,128,0,1011,0
2026-01-16,11:00,28.33,84,2.682,127,0,1011,2
2026-01-16,12:00,27.78,86,1.788,125,0,1010,1
2026-01-16,13:00,28.33,80,1.788,132,0,1009,1
2026-01-16,14:00,28.89,78,1.788,147,0,1008,0
2026-01-16,15:00,27.78,88,1.341,133,0,1008,3
2026-01-16,16:00,27.22,87,0.8941,254,0,1008,0
2026-01-16,17:00,27.78,86,0.8941,329,0,1008,0
2026-01-16,18:00,27.22,88,0.8941,78,0,1009,0
2026-01-16,19:00,26.67,90,0.8941,88,0,1009,0
2026-01-16,20:00,26.11,91,0.447,62,0,1009,0
2026-01-16,21:00,26.11,91,0.447,123,0,1010,0
2026-01-16,22:00,26.67,89,0.8941,109,0,1010,0
2026-01-16,23:00,27.22,86,1.341,114,0,1010,0
2026-01-17,00:00,27.22,85,0.8941,128,0,1010,0
2026-01-17,01:00,26.67,86,0.8941,123,0,1010,0
2026-01-17,02:00,26.67,86,1.341,113,0,1009,0
2026-01-17,03:00,26.67,87,0.8941,108,0,1008,0
2026-01-17,04:00,25.56,90,0.447,104,0,1008,0
2026-01-17,05:00,26.11,89,0.447,98,0,1008,0
2026-01-17,06:00,26.11,88,0.447,107,0,1008,0
2026-01-17,07:00,26.11,90,0.447,126,2,1008,0
2026-01-17,08:00,25.56,91,0.447,91,25,1009,0
2026-01-17,09:00,26.67,86,0.8941,95,223,1010,0
2026-01-17,10:00,28.33,80,1.341,90,346,1009,0
2026-01-17,11:00,28.89,76,1.788,113,535,1009,0
2026-01-17,12:00,29.44,75,2.235,95,618,1009,0
2026-01-17,13:00,29.44,74,2.235,96,350,1008,0
2026-01-17,14:00,29.44,76,1.341,113,0,1007,0
2026-01-17,15:00,29.44,82,0.8941,341,0,1007,0
2026-01-17,16:00,29.44,78,1.341,325,294,1006,0
2026-01-17,17:00,28.89,84,0.8941,317,96,1007,0
2026-01-17,18:00,27.78,86,0.447,42,0,1007,0
2026-01-17,19:00,27.22,88,0.447,93,0,1007,0
2026-01-17,20:00,26.67,89,0.447,102,0,1008,0
2026-01-17,21:00,26.67,88,0.8941,104,0,1009,0
2026-01-17,22:00,26.67,88,0.8941,96,0,1009,0
2026-01-17,23:00,26.67,89,0.447,104,0,1009,0
2026-01-18,00:00,26.11,90,0.447,111,0,1009,0
2026-01-18,01:00,26.11,90,0.8941,104,0,1009,0
2026-01-18,02:00,26.11,88,0.8941,110,0,1009,0
2026-01-18,03:00,26.11,88,0.447,92,0,1008,0
2026-01-18,04:00,26.11,89,0.447,78,0,1008,0
2026-01-18,05:00,26.11,86,0.8941,74,0,1008,0
2026-01-18,06:00,26.11,87,0.8941,92,0,1008,0
2026-01-18,07:00,25.56,89,0.8941,107,2,1008,0
2026-01-18,08:00,26.11,88,0.8941,106,51,1009,0
2026-01-18,09:00,27.78,79,1.341,87,235,1009,0
2026-01-18,10:00,28.89,75,2.682,98,355,1010,0
2026-01-18,11:00,28.89,76,3.129,98,0,1009,0
2026-01-18,12:00,28.89,73,3.129,95,0,1009,0
2026-01-18,13:00,29.44,68,2.682,99,0,1008,0
2026-01-18,14:00,30,68,2.682,99,0,1007,0
2026-01-18,15:00,29.44,72,2.682,92,0,1006,0
2026-01-18,16:00,29.44,72,2.682,100,0,1006,0
2026-01-18,17:00,28.89,75,2.682,96,0,1006,0
2026-01-18,18:00,28.33,78,1.788,87,0,1007,0
2026-01-18,19:00,27.22,84,1.341,81,0,1007,0
2026-01-18,20:00,27.22,85,1.341,93,0,1007,0
2026-01-18,21:00,26.67,86,1.341,91,0,1008,0
2026-01-18,22:00,26.67,86,0.8941,91,0,1008,0
2026-01-18,23:00,27.22,86,1.341,99,0,1008,0
2026-01-19,00:00,26.67,86,0.8941,107,0,1008,0
2026-01-19,01:00,27.22,84,1.341,110,0,1007,0
2026-01-19,02:00,26.67,89,1.341,92,0,1007,1
2026-01-19,03:00,26.11,91,0.8941,99,0,1006,0
2026-01-19,04:00,25.56,89,0.8941,101,0,1006,0
2026-01-19,05:00,25.56,87,0.8941,110,0,1006,0
2026-01-19,06:00,25.56,86,0.8941,109,0,1006,0
2026-01-19,07:00,25.56,88,0.447,104,0,1007,0
2026-01-19,08:00,26.11,89,0.447,114,0,1008,0
2026-01-19,09:00,27.78,80,1.341,99,0,1008,0
2026-01-19,10:00,28.89,75,2.235,107,0,1009,0
2026-01-19,11:00,29.44,73,2.235,107,0,1008,0
2026-01-19,12:00,29.44,78,2.682,97,0,1008,0
2026-01-19,13:00,27.22,86,1.788,109,0,1007,0
2026-01-19,14:00,27.22,86,1.341,262,0,1006,0
2026-01-19,15:00,28.33,82,0.8941,9,0,1005,0
2026-01-19,16:00,28.33,84,0.8941,19,0,1005,0
2026-01-19,17:00,27.78,85,0.8941,357,0,1005,0
2026-01-19,18:00,27.78,86,0.8941,75,0,1005,0
2026-01-19,19:00,27.22,86,0.447,101,0,1006,0
2026-01-19,20:00,27.22,89,0.447,70,0,1007,0
2026-01-19,21:00,26.67,90,0.447,292,0,1008,0
2026-01-19,22:00,26.67,88,0.8941,122,0,1008,0
2026-01-19,23:00,26.67,87,0.8941,148,0,1008,0
2026-01-20,00:00,27.22,88,0.8941,147,0,1008,0
2026-01-20,01:00,26.67,87,1.341,136,0,1008,1
2026-01-20,02:00,26.11,90,0.447,130,0,1007,0
2026-01-20,03:00,26.11,92,0.447,325,0,1007,0
2026-01-20,04:00,26.11,91,0.447,258,0,1006,0
2026-01-20,05:00,26.11,92,0.447,179,0,1006,0
2026-01-20,06:00,25,94,0.447,118,0,1006,0
2026-01-20,07:00,25,94,0.447,109,2,1006,0
2026-01-20,08:00,25.56,94,0.447,116,107,1006,0
2026-01-20,09:00,27.22,86,0.447,205,241,1007,0
2026-01-20,10:00,28.33,78,1.788,119,371,1007,0
2026-01-20,11:00,28.89,74,2.235,111,518,1008,0
2026-01-20,12:00,29.44,71,2.235,103,669,1007,0
2026-01-20,13:00,30,71,2.682,103,746,1006,0
2026-01-20,14:00,29.44,78,2.235,106,219,1005,0
2026-01-20,15:00,28.89,75,2.235,115,219,1005,0
2026-01-20,16:00,28.89,77,2.235,120,120,1004,0
2026-01-20,17:00,28.89,74,1.788,111,152,1005,0
2026-01-20,18:00,28.33,78,1.341,107,80,1005,0
2026-01-20,20:00,26.67,84,0.447,17,0,1006,0
2026-01-20,21:00,26.67,83,0.447,125,0,1007,0
2026-01-20,22:00,26.67,82,0.447,198,0,1007,0
2026-01-20,23:00,26.67,83,0.447,258,0,1008,0
2026-01-21,00:00,26.67,83,0.447,163,0,1007,0
2026-01-21,01:00,26.11,85,0.447,330,0,1007,0
2026-01-21,02:00,25.56,88,0.447,128,0,1007,0
2026-01-21,03:00,25.56,87,0.447,145,0,1006,0
2026-01-21,04:00,25,89,0.447,102,0,1005,0
2026-01-21,05:00,25,91,0.447,120,0,1005,0
2026-01-21,06:00,24.44,91,0.447,109,0,1005,0
2026-01-21,07:00,24.44,92,0.447,108,2,1006,0
2026-01-21,08:00,25,92,0.447,128,76,1007,0
2026-01-21,09:00,27.22,84,0.8941,36,229,1007,0
2026-01-21,10:00,28.33,73,1.788,94,451,1008,0
2026-01-21,11:00,28.89,72,2.235,99,364,1008,0
2026-01-21,12:00,29.44,73,2.682,95,0,1007,0
2026-01-21,13:00,29.44,72,3.129,101,0,1006,0
2026-01-21,14:00,29.44,75,2.682,100,0,1006,0
2026-01-21,15:00,29.44,75,2.235,95,0,1005,0
2026-01-21,16:00,30,73,1.788,91,0,1005,0
2026-01-21,17:00,29.44,77,1.788,114,0,1005,0
2026-01-21,18:00,28.89,81,1.788,113,0,1006,0
2026-01-21,19:00,27.78,84,1.341,97,0,1006,0
2026-01-21,20:00,27.78,87,0.8941,80,0,1006,0
2026-01-21,21:00,27.22,88,0.8941,44,0,1007,0
2026-01-21,22:00,27.22,90,0.8941,98,0,1007,0
2026-01-21,23:00,27.22,89,0.8941,107,0,1007,0
2026-01-22,00:00,27.22,91,0.8941,75,0,1007,0
2026-01-22,01:00,27.22,91,0.447,81,0,1007,0
2026-01-22,02:00,27.22,90,0.8941,96,0,1007,0
2026-01-22,03:00,27.22,90,1.341,101,0,1006,0
2026-01-22,04:00,27.22,89,1.788,111,0,1006,0
2026-01-22,05:00,27.22,89,1.341,103,0,1006,0
2026-01-22,06:00,26.67,89,0.8941,95,0,1007,0
2026-01-22,07:00,27.22,88,1.341,108,2,1007,0
2026-01-22,08:00,27.78,86,1.341,109,58,1008,0
2026-01-22,09:00,28.33,83,1.788,107,154,1009,0
2026-01-22,10:00,27.78,87,1.341,93,196,1010,2
2026-01-22,11:00,28.89,83,1.788,97,387,1010,0
2026-01-22,12:00,30,77,1.788,102,267,1009,0
2026-01-22,13:00,30,76,1.788,93,329,1008,0
2026-01-22,14:00,30,82,2.235,112,295,1008,0
2026-01-22,15:00,27.78,87,2.682,87,171,1006,1
2026-01-22,16:00,27.78,87,2.682,107,141,1006,0
2026-01-22,17:00,27.22,83,1.788,108,75,1007,0
2026-01-22,18:00,27.22,87,0.8941,90,22,1008,0
2026-01-22,19:00,27.22,90,0.8941,69,0,1009,0
2026-01-22,20:00,26.67,91,1.341,73,0,1009,0
2026-01-22,21:00,27.22,91,1.341,59,0,1009,0
2026-01-22,22:00,27.22,92,1.788,82,0,1009,0
2026-01-22,23:00,27.22,91,1.788,91,0,1009,0
2026-01-23,00:00,27.22,90,1.788,83,0,1009,0
2026-01-23,01:00,27.78,90,2.235,88,0,1009,0
2026-01-23,02:00,27.78,90,1.788,79,0,1009,0
2026-01-23,03:00,27.78,89,2.235,102,0,1008,0
2026-01-23,04:00,27.78,90,2.235,99,0,1008,0
2026-01-23,05:00,27.78,91,2.235,101,0,1008,0
2026-01-23,06:00,27.78,90,1.788,103,0,1008,0
2026-01-23,07:00,27.78,90,1.788,118,2,1008,0
2026-01-23,08:00,28.33,88,1.788,121,67,1009,0
2026-01-23,09:00,28.89,82,2.235,129,217,1011,0
2026-01-23,10:00,30,78,3.129,144,434,1011,0
2026-01-23,11:00,30.56,79,4.023,152,536,1011,0
2026-01-23,12:00,30.56,77,3.576,157,381,1011,0
2026-01-23,13:00,31.11,76,3.576,150,699,1009,0
2026-01-23,14:00,31.11,78,4.023,153,510,1008,0
2026-01-23,15:00,30.56,78,4.47,166,0,1007,0
2026-01-23,16:00,30,78,4.023,176,0,1008,0
2026-01-23,17:00,30,78,3.576,182,0,1008,0
2026-01-23,18:00,29.44,84,2.682,179,1,1009,0
2026-01-23,19:00,28.33,90,2.682,189,1,1009,0
2026-01-23,20:00,27.78,89,2.682,183,0,1010,0
2026-01-23,21:00,28.33,87,2.682,172,0,1011,0
2026-01-23,22:00,28.33,85,3.129,173,0,1011,0
2026-01-23,23:00,28.33,86,3.129,184,0,1011,0
2026-01-24,00:00,28.33,84,2.235,188,0,1011,0
2026-01-24,01:00,28.33,85,2.682,188,0,1011,0
2026-01-24,02:00,28.33,85,2.235,188,0,1010,0
2026-01-24,03:00,28.33,86,2.235,187,0,1010,0
2026-01-24,04:00,27.78,90,2.682,184,0,1009,0
2026-01-24,05:00,27.22,86,2.235,185,0,1009,0
2026-01-24,06:00,27.78,85,2.235,182,0,1010,0
2026-01-24,07:00,27.78,87,1.788,184,0,1011,0
2026-01-24,08:00,28.33,87,1.341,184,0,1012,0
2026-01-24,09:00,28.33,84,1.788,179,0,1012,0
2026-01-24,10:00,29.44,79,2.682,186,0,1012,0
2026-01-24,11:00,30,78,2.235,192,0,1013,0
2026-01-24,12:00,30.56,76,3.129,189,0,1012,0
2026-01-24,13:00,30,77,2.235,186,0,1012,0
2026-01-24,14:00,30,78,1.788,172,0,1011,0
2026-01-24,15:00,29.44,77,1.788,185,0,1011,0
2026-01-24,16:00,30,81,1.341,267,0,1011,0
2026-01-24,17:00,29.44,76,1.788,166,0,1011,0
2026-01-24,18:00,28.89,81,1.788,187,0,1012,0
2026-01-24,19:00,28.33,82,1.788,184,0,1012,0
2026-01-24,20:00,28.33,81,1.788,182,0,1012,0
2026-01-24,21:00,28.33,84,1.788,186,0,1013,0
2026-01-24,22:00,28.33,86,1.788,177,0,1014,0
2026-01-24,23:00,27.78,87,1.341,157,0,1013,0
2026-01-25,00:00,27.78,88,1.341,168,0,1013,0
2026-01-25,01:00,27.78,88,0.8941,149,0,1013,0
2026-01-25,02:00,27.22,88,0.8941,155,0,1013,0
2026-01-25,03:00,27.22,89,0.8941,132,0,1012,0
2026-01-25,04:00,27.22,89,0.447,158,0,1012,0
2026-01-25,05:00,26.67,91,0.447,121,0,1012,0
2026-01-25,06:00,26.67,89,0.8941,140,0,1012,0
2026-01-25,07:00,27.22,89,0.8941,162,0,1013,0
2026-01-25,08:00,27.22,87,0.8941,143,0,1013,0
2026-01-25,09:00,28.89,78,0.8941,147,0,1014,0
2026-01-25,10:00,30,76,1.341,192,0,1014,0
2026-01-25,11:00,30,77,1.341,257,0,1014,0
2026-01-25,12:00,29.44,86,1.341,311,0,1013,0
2026-01-25,13:00,28.33,87,0.8941,316,0,1012,1
2026-01-25,14:00,26.67,92,0.8941,149,0,1012,9
2026-01-25,15:00,26.11,94,1.341,152,0,1011,7
2026-01-25,16:00,26.67,92,0.8941,82,0,1011,0
2026-01-25,17:00,27.78,89,1.341,77,0,1011,0
2026-01-25,18:00,27.22,88,0.8941,135,0,1012,0
2026-01-25,19:00,27.22,89,0.8941,71,0,1012,0
2026-01-25,20:00,26.67,90,0.8941,110,0,1013,0
2026-01-25,21:00,26.67,87,0.8941,140,0,1014,0
2026-01-25,22:00,27.22,89,1.341,84,0,1014,0
2026-01-25,23:00,26.67,92,0.8941,92,0,1014,2
2026-01-26,00:00,26.11,95,2.235,77,0,1013,30
2026-01-26,01:00,25.56,96,1.788,89,0,1013,17
2026-01-26,02:00,25.56,95,3.129,84,0,1012,11
2026-01-26,03:00,25,96,4.917,85,0,1012,31
2026-01-26,04:00,25,96,3.576,93,0,1013,22
2026-01-26,05:00,25,96,3.129,80,0,1013,8
2026-01-26,06:00,25,96,3.576,81,0,1013,7
2026-01-26,07:00,25,96,4.47,84,0,1014,12
2026-01-26,08:00,23.89,96,2.682,89,7,1015,14
2026-01-26,09:00,24.44,96,2.682,90,18,1015,3
2026-01-26,10:00,24.44,95,3.576,93,31,1016,1
2026-01-26,11:00,24.44,95,3.576,86,21,1016,5
2026-01-26,12:00,23.89,94,3.129,93,21,1015,6
2026-01-26,13:00,23.89,95,3.129,82,22,1014,14
2026-01-26,14:00,24.44,95,2.235,84,64,1014,3
2026-01-26,15:00,25,94,2.682,86,136,1013,0
2026-01-26,16:00,26.11,89,2.682,80,149,1012,0
2026-01-26,17:00,26.11,90,3.129,83,95,1012,1
2026-01-26,18:00,25,92,2.682,87,30,1013,0
2026-01-26,19:00,25.56,90,2.682,85,2,1013,1
2026-01-26,20:00,25.56,86,3.129,91,0,1013,0
2026-01-26,21:00,26.11,85,3.129,85,0,1014,0
2026-01-26,22:00,26.11,88,2.235,86,0,1014,0
2026-01-26,23:00,26.11,89,3.129,82,0,1014,0
2026-01-27,00:00,26.11,89,3.576,82,0,1013,0
2026-01-27,01:00,26.11,88,3.129,88,0,1013,0
2026-01-27,02:00,26.11,88,3.129,88,0,1013,0
2026-01-27,03:00,25.56,92,3.129,84,0,1012,2
2026-01-27,04:00,25,93,3.129,86,0,1012,1
2026-01-27,05:00,25,91,3.129,85,0,1012,0
2026-01-27,06:00,25.56,88,3.576,87,0,1012,0
2026-01-27,07:00,26.11,86,3.576,84,1,1013,0
2026-01-27,08:00,26.11,84,3.129,86,8,1013,0
2026-01-27,09:00,26.67,83,3.576,82,75,1014,0
2026-01-27,10:00,27.22,80,4.023,80,135,1015,0
2026-01-27,11:00,27.22,81,4.023,81,155,1015,0
2026-01-27,12:00,27.22,82,4.023,80,202,1014,0
2026-01-27,13:00,26.67,86,3.576,81,262,1013,1
2026-01-27,14:00,26.11,89,4.023,80,209,1012,1
2026-01-27,15:00,26.11,91,3.129,101,51,1012,6
2026-01-27,16:00,25,93,1.341,111,18,1013,13
2026-01-27,17:00,23.33,93,1.788,90,20,1013,2
2026-01-27,18:00,23.89,91,2.682,98,6,1013,3
2026-01-27,19:00,25,91,2.682,86,0,1013,0
2026-01-27,20:00,25.56,90,1.788,72,0,1014,0
2026-01-27,21:00,25.56,90,2.235,87,0,1015,0
2026-01-27,22:00,25.56,90,1.341,70,0,1015,0
2026-01-27,23:00,25.56,92,2.235,87,0,1015,2
2026-01-28,00:00,25.56,91,2.235,84,0,1014,0
2026-01-28,01:00,25,92,2.682,91,0,1014,1
2026-01-28,02:00,25.56,88,3.129,84,0,1014,0
2026-01-28,03:00,26.11,89,2.235,94,0,1013,0
2026-01-28,04:00,26.11,87,3.129,101,0,1012,0
2026-01-28,05:00,26.11,87,2.235,88,0,1012,0
2026-01-28,06:00,26.11,87,1.788,64,0,1013,0
2026-01-28,07:00,26.11,86,2.235,104,1,1013,0
2026-01-28,08:00,26.67,83,1.788,104,32,1014,0
2026-01-28,09:00,26.67,86,2.682,104,144,1015,0
2026-01-28,10:00,27.78,86,2.235,103,245,1015,2
2026-01-28,11:00,27.78,84,1.788,112,588,1015,0
2026-01-28,12:00,27.78,80,1.341,35,485,1014,0
2026-01-28,13:00,28.33,75,1.788,341,601,1013,0
2026-01-28,14:00,28.33,79,2.235,94,304,1012,0
2026-01-28,15:00,28.33,81,3.129,102,338,1011,0
2026-01-28,16:00,27.78,83,2.682,103,267,1011,0
2026-01-28,17:00,27.78,83,2.235,104,0,1011,0
2026-01-28,18:00,28.33,84,2.235,103,0,1011,0
2026-01-28,19:00,27.78,84,2.235,107,0,1012,0
2026-01-28,20:00,27.22,84,1.788,119,0,1012,0
2026-01-28,21:00,27.22,85,2.235,118,0,1013,0
2026-01-28,22:00,27.22,85,1.341,121,0,1013,0
2026-01-28,23:00,27.22,86,1.341,119,0,1013,0
2026-01-29,00:00,27.22,87,1.341,123,0,1013,0
2026-01-29,01:00,27.22,87,0.8941,117,0,1013,0
2026-01-29,02:00,26.67,89,0.8941,333,0,1013,2
2026-01-29,03:00,26.11,92,0.8941,71,0,1013,6
2026-01-29,04:00,26.11,92,0.8941,125,0,1012,0
2026-01-29,05:00,26.11,92,0.8941,165,0,1012,0
2026-01-29,06:00,26.11,92,0.8941,133,0,1012,0
2026-01-29,07:00,26.11,91,0.8941,160,2,1013,0
2026-01-29,08:00,26.67,88,1.341,170,71,1013,0
2026-01-29,09:00,28.33,82,1.341,183,245,1014,0
2026-01-29,10:00,29.44,77,1.788,188,445,1014,0
2026-01-29,11:00,30,74,2.235,183,457,1014,0
2026-01-29,12:00,30,74,2.235,189,274,1013,0
2026-01-29,13:00,30,75,1.788,166,179,1012,0
2026-01-29,14:00,30.56,75,1.341,202,0,1012,0
2026-01-29,15:00,30.56,67,1.341,251,0,1011,0
2026-01-29,16:00,30,79,1.788,276,0,1011,0
2026-01-29,17:00,28.33,82,1.788,288,0,1012,0
2026-01-29,18:00,27.78,80,0.8941,205,0,1012,0
2026-01-29,19:00,27.22,83,0.447,134,0,1013,0
2026-01-29,20:00,27.22,87,0.447,73,0,1014,0
2026-01-29,21:00,27.22,88,0.447,48,0,1014,0
2026-01-29,22:00,27.22,87,0.8941,322,0,1015,0
2026-01-29,23:00,27.78,86,0.8941,318,0,1015,0
2026-01-30,00:00,27.22,85,1.341,322,0,1014,0
2026-01-30,01:00,27.22,85,1.341,321,0,1014,0
2026-01-30,02:00,27.22,84,0.8941,326,0,1014,0
2026-01-30,03:00,27.22,86,1.341,45,0,1014,0
2026-01-30,04:00,25.56,88,2.235,109,0,1013,0
2026-01-30,05:00,25.56,86,1.341,92,0,1013,0
2026-01-30,06:00,25.56,86,0.8941,81,0,1014,0
2026-01-30,07:00,25.56,86,0.8941,104,0,1014,0
2026-01-30,08:00,25.56,89,1.341,86,0,1015,0
2026-01-30,09:00,26.11,89,2.235,79,0,1015,7
2026-01-30,10:00,27.22,85,2.235,81,0,1016,0
2026-01-30,11:00,27.78,85,2.682,81,0,1015,0
2026-01-30,12:00,27.78,83,2.235,72,0,1015,0
2026-01-30,13:00,28.33,85,2.235,74,0,1014,0
2026-01-30,14:00,28.33,83,1.788,55,0,1013,0
2026-01-30,15:00,27.78,84,1.788,85,0,1012,1
2026-01-30,16:00,28.33,80,2.235,76,0,1012,0
2026-01-30,17:00,28.89,81,2.235,81,0,1012,0
2026-01-30,18:00,28.33,83,1.788,80,0,1012,0
2026-01-30,19:00,27.22,89,1.788,86,0,1013,0
2026-01-30,20:00,26.67,90,2.235,90,0,1013,0
2026-01-30,21:00,26.11,92,1.788,86,0,1014,0
2026-01-30,22:00,26.11,92,1.341,91,0,1014,0
2026-01-30,23:00,26.11,92,1.788,91,0,1014,0
2026-01-31,00:00,26.11,92,1.788,92,0,1014,0
2026-01-31,01:00,26.11,93,2.235,88,0,1014,3
2026-01-31,02:00,26.11,92,2.235,81,0,1013,0
2026-01-31,03:00,26.11,93,2.235,73,0,1013,1
2026-01-31,04:00,25.56,94,2.235,54,0,1012,12
2026-01-31,05:00,25,96,4.023,79,0,1013,29
2026-01-31,06:00,24.44,96,3.576,80,0,1013,32
2026-01-31,07:00,24.44,95,3.129,83,0,1014,5
2026-01-31,08:00,25,95,3.576,83,47,1014,2
2026-01-31,09:00,25,94,3.576,85,101,1015,3
2026-01-31,10:00,25,93,3.129,82,269,1015,3
2026-01-31,11:00,26.11,89,3.576,81,476,1015,0
2026-01-31,12:00,26.67,87,4.023,81,507,1014,0
2026-01-31,13:00,27.22,82,3.576,80,494,1013,0
2026-01-31,14:00,27.78,80,4.023,79,463,1012,0
2026-01-31,15:00,26.67,92,4.023,79,243,1012,1
2026-01-31,16:00,26.67,91,3.576,80,212,1012,0
2026-01-31,17:00,26.11,87,3.576,83,106,1012,0
2026-01-31,18:00,26.67,82,4.023,81,31,1013,0
2026-01-31,19:00,26.67,82,4.47,84,1,1013,0
2026-01-31,20:00,27.22,80,4.023,81,0,1014,0
2026-01-31,21:00,27.22,81,4.023,83,0,1014,0
2026-01-31,22:00,26.67,82,4.023,81,0,1015,0
2026-01-31,23:00,26.67,81,4.47,83,0,1015,0
2026-02-01,00:00,27.22,82,4.023,82,0,1015,0
2026-02-01,01:00,26.67,83,3.576,81,0,1014,0
2026-02-01,02:00,26.67,82,3.576,81,0,1014,0
2026-02-01,03:00,26.67,84,3.129,79,0,1013,0
2026-02-01,04:00,26.67,81,3.576,81,0,1013,0
2026-02-01,05:00,26.67,84,3.576,79,0,1013,0
2026-02-01,06:00,26.67,82,3.576,76,0,1013,0
2026-02-01,07:00,26.67,82,3.576,80,0,1013,0
2026-02-01,08:00,26.67,83,4.023,81,0,1014,0
2026-02-01,09:00,26.67,87,4.023,81,21,1015,0
2026-02-01,10:00,26.11,87,4.47,81,119,1015,0
2026-02-01,11:00,25.56,92,4.47,82,233,1015,2
2026-02-01,12:00,25.56,93,3.576,80,214,1015,4
2026-02-01,13:00,25.56,93,3.129,79,291,1014,6
2026-02-01,14:00,25,94,3.576,79,140,1013,11
2026-02-01,15:00,26.11,88,3.576,77,364,1012,0
2026-02-01,16:00,27.22,84,3.576,78,298,1012,0
2026-02-01,17:00,27.78,82,3.129,78,219,1013,0
2026-02-01,18:00,27.22,83,4.023,81,62,1013,0
2026-02-01,19:00,27.22,83,3.129,82,3,1013,0
2026-02-01,20:00,27.22,82,3.576,82,0,1014,0
2026-02-01,21:00,26.67,85,3.576,82,0,1014,0
2026-02-01,22:00,26.67,83,3.576,82,0,1014,0
2026-02-01,23:00,27.22,85,3.576,82,0,1014,0
2026-02-02,00:00,26.67,86,3.129,83,0,1015,0
2026-02-02,01:00,26.67,84,3.129,84,0,1015,0
2026-02-02,02:00,26.67,86,3.576,84,0,1014,0
2026-02-02,03:00,26.67,82,3.576,81,0,1014,0
2026-02-02,04:00,27.22,82,3.576,82,0,1013,0
2026-02-02,05:00,27.22,82,3.576,83,0,1013,0
2026-02-02,06:00,27.22,82,3.576,83,0,1014,0
2026-02-02,07:00,27.22,82,3.576,82,0,1015,0
2026-02-02,08:00,27.22,86,3.576,85,2,1015,1
2026-02-02,09:00,26.11,89,3.129,87,53,1015,1
2026-02-02,10:00,26.11,91,3.576,82,94,1015,1
2026-02-02,11:00,26.67,89,3.576,80,180,1015,0
2026-02-02,12:00,27.22,87,4.023,78,307,1014,0
2026-02-02,13:00,27.22,86,3.576,78,278,1013,0
2026-02-02,14:00,27.78,84,3.576,77,356,1012,0
2026-02-02,15:00,27.78,87,4.023,81,334,1012,0
2026-02-02,16:00,27.22,87,3.576,84,101,1011,0
2026-02-02,17:00,26.67,92,3.129,90,19,1012,4
2026-02-02,18:00,26.67,89,3.129,86,10,1013,0
2026-02-02,19:00,26.67,87,3.576,88,1,1013,0
2026-02-02,20:00,27.22,89,3.129,86,0,1014,0
2026-02-02,21:00,26.11,91,3.129,92,0,1014,0
2026-02-02,22:00,26.67,87,2.682,92,0,1014,0
2026-02-02,23:00,27.22,86,2.682,83,0,1014,0
2026-02-03,00:00,27.22,85,2.682,85,0,1013,0
2026-02-03,01:00,27.22,85,2.235,79,0,1013,0
2026-02-03,02:00,26.67,87,1.788,82,0,1013,0
2026-02-03,03:00,26.67,88,1.788,87,0,1013,0
2026-02-03,04:00,26.67,89,0.8941,99,0,1012,0
2026-02-03,05:00,26.67,90,1.341,89,0,1012,0
2026-02-03,06:00,26.11,88,1.788,91,0,1013,0
2026-02-03,07:00,26.67,89,1.788,93,2,1013,0
2026-02-03,08:00,26.67,87,1.341,91,55,1014,0
2026-02-03,09:00,27.78,85,1.341,85,138,1015,0
2026-02-03,10:00,28.33,79,2.235,82,313,1015,0
2026-02-03,11:00,28.89,78,2.235,81,512,1015,0
2026-02-03,12:00,28.89,79,2.235,85,411,1014,0
2026-02-03,13:00,28.33,85,2.235,87,138,1014,1
2026-02-03,14:00,27.22,90,2.682,100,82,1013,2
2026-02-03,15:00,26.67,89,2.682,95,80,1012,0
2026-02-03,16:00,26.11,87,1.788,66,108,1012,0
2026-02-03,17:00,27.22,85,1.788,83,150,1012,0
2026-02-03,18:00,27.22,88,2.235,85,68,1013,0
2026-02-03,19:00,27.22,89,1.341,78,2,1013,0
2026-02-03,20:00,26.67,87,1.341,89,0,1014,0
2026-02-03,21:00,26.67,87,1.788,88,0,1014,0
2026-02-03,22:00,27.22,85,1.341,81,0,1014,0
2026-02-03,23:00,27.22,85,2.235,85,0,1014,0
2026-02-04,00:00,27.22,86,2.235,86,0,1014,0
2026-02-04,01:00,27.22,85,2.682,89,0,1013,0
2026-02-04,02:00,26.67,91,2.682,95,0,1013,8
2026-02-04,03:00,25,93,2.682,99,0,1013,3
2026-02-04,04:00,25,94,1.341,67,0,1012,1
2026-02-04,05:00,25.56,93,1.788,92,0,1012,0
2026-02-04,06:00,26.11,93,2.235,92,0,1012,0
2026-02-04,07:00,26.11,93,1.341,119,0,1012,10
2026-02-04,08:00,25,93,1.788,116,46,1013,7
2026-02-04,09:00,26.11,93,1.341,75,119,1014,0
2026-02-04,10:00,26.67,90,2.235,85,296,1014,0
2026-02-04,11:00,27.78,87,2.682,79,455,1014,0
2026-02-04,12:00,27.22,90,3.129,82,279,1014,1
2026-02-04,13:00,26.67,93,3.129,82,202,1013,7
2026-02-04,14:00,26.67,90,3.576,80,272,1012,1
2026-02-04,15:00,27.22,88,2.682,80,358,1011,0
2026-02-04,16:00,27.78,83,3.576,81,330,1011,0
2026-02-04,17:00,27.78,85,3.129,85,199,1011,0
2026-02-04,18:00,27.22,87,3.129,86,41,1012,0
2026-02-04,19:00,26.67,88,2.682,85,3,1012,0
2026-02-04,20:00,26.67,87,2.682,90,0,1013,0
2026-02-04,21:00,26.67,88,2.235,103,0,1013,0
2026-02-04,22:00,26.67,86,2.235,86,0,1013,0
2026-02-04,23:00,26.67,84,1.788,91,0,1013,0
2026-02-05,00:00,26.67,84,1.788,98,0,1014,0
2026-02-05,01:00,26.11,86,0.8941,110,0,1013,0
2026-02-05,02:00,26.11,85,0.8941,121,0,1013,0
2026-02-05,03:00,26.67,84,1.341,112,0,1013,0
2026-02-05,04:00,26.67,83,2.235,108,0,1013,0
2026-02-05,05:00,26.67,81,2.235,111,0,1012,0
2026-02-05,06:00,26.67,80,2.235,100,0,1012,0
2026-02-05,07:00,26.11,81,1.788,110,2,1013,0
2026-02-05,08:00,26.67,75,2.235,112,85,1014,0
2026-02-05,09:00,27.78,75,2.235,111,210,1015,0
2026-02-05,10:00,28.89,73,2.235,113,341,1015,0
2026-02-05,11:00,29.44,70,2.682,110,395,1015,0
2026-02-05,12:00,29.44,70,3.129,118,545,1014,0
2026-02-05,13:00,29.44,70,3.576,106,557,1013,0
2026-02-05,14:00,29.44,71,3.129,104,337,1012,0
2026-02-05,15:00,29.44,70,3.129,107,0,1012,0
2026-02-05,16:00,29.44,71,3.129,106,0,1012,0
2026-02-05,17:00,28.89,74,2.682,108,0,1012,0
2026-02-05,18:00,28.33,76,1.788,105,0,1012,0
2026-02-05,19:00,27.78,79,0.8941,92,0,1013,0
2026-02-05,20:00,27.22,83,0.447,103,0,1014,0
2026-02-05,21:00,26.11,86,0.447,120,0,1014,0
2026-02-05,22:00,26.11,83,0.8941,109,0,1014,0
2026-02-05,23:00,26.67,82,0.8941,119,0,1014,0
2026-02-06,00:00,26.67,84,0.8941,113,0,1014,0
2026-02-06,01:00,26.67,80,0.8941,98,0,1014,0
2026-02-06,02:00,26.67,80,0.8941,63,0,1014,0
2026-02-06,03:00,26.67,81,0.447,51,0,1014,0
2026-02-06,04:00,25.56,86,0.447,109,0,1013,0
2026-02-06,05:00,25,88,0.447,106,0,1013,0
2026-02-06,06:00,25.56,86,0.447,89,0,1013,0
2026-02-06,07:00,25.56,86,0.8941,99,0,1014,0
2026-02-06,08:00,26.67,78,0.447,78,0,1014,0
2026-02-06,09:00,28.33,72,1.341,94,0,1015,0
2026-02-06,10:00,28.89,71,2.682,91,0,1015,0
2026-02-06,11:00,28.89,71,3.129,100,0,1015,0
2026-02-06,12:00,28.89,70,3.129,94,0,1014,0
2026-02-06,13:00,29.44,68,2.682,96,0,1013,0
2026-02-06,14:00,29.44,68,2.682,86,0,1012,0
2026-02-06,15:00,29.44,71,2.682,83,0,1011,0
2026-02-06,16:00,29.44,71,3.129,98,0,1011,0
2026-02-06,17:00,28.89,72,2.682,96,0,1011,0
2026-02-06,18:00,28.33,75,1.788,97,0,1012,0
2026-02-06,19:00,27.78,78,0.8941,97,0,1012,0
2026-02-06,20:00,26.67,84,0.8941,104,0,1013,0
2026-02-06,21:00,26.67,82,1.341,90,0,1014,0
2026-02-06,22:00,27.22,82,1.788,86,0,1014,0
2026-02-06,23:00,27.22,84,1.341,83,0,1014,0
2026-02-07,00:00,27.22,85,0.8941,83,0,1014,0
2026-02-07,01:00,26.67,86,0.8941,84,0,1014,0
2026-02-07,02:00,26.67,87,1.341,97,0,1013,0
2026-02-07,03:00,26.11,87,1.341,93,0,1012,0
2026-02-07,04:00,26.67,86,1.341,92,0,1012,0
2026-02-07,05:00,26.67,86,1.788,90,0,1012,0
2026-02-07,06:00,26.67,86,1.788,91,0,1012,0
2026-02-07,07:00,26.67,86,1.788,89,0,1013,0
2026-02-07,08:00,27.22,84,2.235,87,0,1013,0
2026-02-07,09:00,27.78,80,2.682,83,0,1014,0
2026-02-07,10:00,28.33,78,3.129,86,0,1014,0
2026-02-07,11:00,28.89,76,3.129,95,0,1014,0
2026-02-07,12:00,29.44,76,3.129,93,0,1013,0
2026-02-07,13:00,29.44,74,3.576,95,0,1013,0
2026-02-07,14:00,29.44,74,3.129,102,0,1012,0
2026-02-07,15:00,29.44,75,2.682,91,0,1012,0
2026-02-07,16:00,29.44,76,2.682,99,0,1011,0
2026-02-07,17:00,28.89,79,2.235,93,0,1011,0
2026-02-07,18:00,28.33,82,1.788,83,0,1012,0
2026-02-07,19:00,27.78,84,1.341,81,0,1012,0
2026-02-07,20:00,27.22,85,1.341,80,0,1013,0
2026-02-07,21:00,27.22,85,1.341,83,0,1013,0
2026-02-07,22:00,27.22,86,0.8941,92,0,1013,0
2026-02-07,23:00,27.22,85,1.341,88,0,1013,0
2026-02-08,00:00,27.22,86,1.341,84,0,1013,0
2026-02-08,01:00,27.22,87,1.788,85,0,1012,0
2026-02-08,02:00,27.22,88,1.341,90,0,1012,0
2026-02-08,03:00,26.11,93,1.341,101,0,1011,4
2026-02-08,04:00,26.11,94,1.341,104,0,1011,1
2026-02-08,05:00,25.56,94,2.682,97,0,1011,6
2026-02-08,06:00,25.56,94,1.788,85,0,1011,0
2026-02-08,07:00,26.11,94,1.341,93,0,1011,0
2026-02-08,08:00,25.56,95,2.682,104,0,1012,8
2026-02-08,09:00,25.56,94,4.023,102,0,1013,3
2026-02-08,10:00,26.11,90,3.576,102,0,1013,1
2026-02-08,11:00,27.22,80,3.129,97,0,1013,0
2026-02-08,12:00,28.89,76,3.576,118,0,1012,0
2026-02-08,13:00,29.44,75,3.129,108,0,1011,0
2026-02-08,14:00,29.44,74,3.129,109,0,1010,0
2026-02-08,15:00,29.44,74,3.129,108,0,1009,0
2026-02-08,16:00,29.44,74,2.682,118,0,1009,0
2026-02-08,17:00,28.89,76,2.235,113,0,1009,0
2026-02-08,18:00,28.33,77,1.341,112,0,1010,0
2026-02-08,19:00,27.78,80,1.341,116,0,1011,0
2026-02-08,20:00,27.22,81,0.8941,114,0,1012,0
2026-02-08,21:00,27.22,81,0.8941,105,0,1013,0
2026-02-08,22:00,26.67,81,0.447,105,0,1013,0
2026-02-08,23:00,26.67,82,0.8941,108,0,1013,0
2026-02-09,00:00,26.11,81,0.447,324,0,1013,0
2026-02-09,01:00,27.22,79,0.8941,168,0,1013,0
2026-02-09,02:00,25.56,87,0.447,111,0,1013,0
2026-02-09,03:00,24.44,90,0.447,117,0,1012,0
2026-02-09,04:00,25,91,0.447,144,0,1012,0
2026-02-09,05:00,24.44,92,0.447,105,0,1011,0
2026-02-09,06:00,24.44,92,0.8941,115,0,1012,0
2026-02-09,07:00,24.44,93,0.447,121,0,1013,0
2026-02-09,08:00,25.56,90,0.447,115,0,1014,0
2026-02-09,09:00,27.78,81,0.447,22,0,1015,0
2026-02-09,10:00,28.89,77,1.341,74,0,1015,0
2026-02-09,11:00,28.89,74,2.235,103,0,1015,0
2026-02-09,12:00,29.44,74,2.235,102,0,1014,0
2026-02-09,13:00,29.44,72,2.235,115,0,1013,0
2026-02-09,14:00,30,70,2.682,120,0,1013,0
2026-02-09,15:00,30,71,1.788,118,0,1012,0
2026-02-09,16:00,29.44,72,1.788,93,0,1011,0
2026-02-09,17:00,28.89,75,1.341,98,0,1012,0
2026-02-09,18:00,28.33,77,1.788,96,0,1012,0
2026-02-09,19:00,27.22,83,0.8941,94,0,1013,0
2026-02-09,20:00,26.11,85,0.8941,96,0,1013,0
2026-02-09,21:00,26.11,85,0.8941,108,0,1013,0
2026-02-09,22:00,26.67,84,1.341,84,0,1014,0
2026-02-09,23:00,26.67,85,1.788,92,0,1014,0
2026-02-10,00:00,26.67,84,1.788,88,0,1014,0
2026-02-10,01:00,26.67,82,1.788,86,0,1014,0
2026-02-10,02:00,26.67,83,1.341,89,0,1014,0
2026-02-10,03:00,26.67,81,2.235,87,0,1014,0
2026-02-10,04:00,26.67,80,2.235,86,0,1014,0
2026-02-10,05:00,26.67,80,2.235,83,0,1014,0
2026-02-10,06:00,26.67,82,1.788,86,0,1014,0
2026-02-10,07:00,26.67,82,1.788,87,0,1015,0
2026-02-10,08:00,27.22,81,2.235,85,0,1016,0
2026-02-10,09:00,27.78,78,2.682,83,0,1016,0
2026-02-10,10:00,28.33,76,3.129,82,0,1017,0
2026-02-10,11:00,28.89,74,3.576,85,0,1017,0
2026-02-10,12:00,28.89,75,4.023,85,0,1016,0
2026-02-10,13:00,29.44,74,4.47,92,0,1015,0
2026-02-10,14:00,29.44,76,3.576,91,0,1015,0
2026-02-10,15:00,28.89,80,3.576,95,0,1014,0
2026-02-10,16:00,28.33,86,4.023,101,0,1014,0
2026-02-10,17:00,27.22,84,4.47,113,0,1014,0
2026-02-10,18:00,27.22,83,3.129,105,0,1015,0
2026-02-10,19:00,27.22,83,3.129,100,0,1015,0
2026-02-10,20:00,27.78,84,2.682,92,0,1016,0
2026-02-10,21:00,27.78,85,2.235,86,0,1016,0
2026-02-10,22:00,27.22,87,2.682,88,0,1016,0
2026-02-10,23:00,27.78,85,2.682,95,0,1016,0
2026-02-11,00:00,27.78,83,2.235,106,0,1016,0
2026-02-11,01:00,27.78,81,2.682,108,0,1016,0
2026-02-11,02:00,27.78,82,2.235,102,0,1016,0
2026-02-11,03:00,27.78,82,2.682,93,0,1015,0
2026-02-11,04:00,27.22,82,2.682,96,0,1015,0
2026-02-11,05:00,27.22,80,2.235,102,0,1015,0
2026-02-11,06:00,27.22,81,2.235,111,0,1015,0
2026-02-11,07:00,27.22,79,2.682,108,0,1015,0
2026-02-11,08:00,27.78,79,2.682,104,0,1016,0
2026-02-11,09:00,28.89,73,3.129,101,0,1017,0
2026-02-11,10:00,28.89,73,4.023,104,0,1017,0
2026-02-11,11:00,29.44,74,4.023,96,0,1016,0
2026-02-11,12:00,29.44,72,4.023,95,0,1015,0
2026-02-11,13:00,29.44,73,4.47,94,0,1015,0
2026-02-11,14:00,30,74,4.023,98,0,1014,0
2026-02-11,15:00,29.44,74,4.023,95,0,1013,0
2026-02-11,16:00,29.44,74,4.023,105,0,1013,0
2026-02-11,17:00,28.89,76,3.129,99,0,1013,0
2026-02-11,18:00,28.89,76,2.235,92,0,1014,0
2026-02-11,19:00,27.78,78,2.235,84,1,1014,0
2026-02-11,20:00,27.78,79,2.235,89,0,1015,0
2026-02-11,21:00,27.22,77,2.235,88,0,1015,0
2026-02-11,22:00,27.22,76,2.235,86,0,1015,0
2026-02-11,23:00,27.22,76,2.235,87,0,1015,0
2026-02-12,00:00,27.22,78,1.341,84,0,1015,0
2026-02-12,01:00,26.67,82,1.341,92,0,1015,0
2026-02-12,02:00,27.22,83,1.788,88,0,1015,0
2026-02-12,03:00,27.22,82,2.235,89,0,1014,0
2026-02-12,04:00,27.22,82,2.235,86,0,1014,0
2026-02-12,05:00,27.22,83,2.235,81,0,1013,0
2026-02-12,06:00,27.22,83,1.341,81,0,1013,0
2026-02-12,07:00,26.67,88,2.235,93,0,1014,0
2026-02-12,08:00,26.67,83,2.235,109,0,1014,0
2026-02-12,09:00,27.78,78,2.682,93,0,1015,0
2026-02-12,10:00,28.33,80,3.129,91,0,1015,0
2026-02-12,11:00,28.89,73,3.129,96,0,1014,0
2026-02-12,12:00,29.44,71,3.576,92,0,1014,0
2026-02-12,13:00,30,71,3.129,95,0,1013,0
2026-02-12,14:00,29.44,66,3.129,100,0,1012,0
2026-02-12,15:00,29.44,71,3.129,101,0,1012,0
2026-02-12,16:00,29.44,70,2.682,88,0,1011,0
2026-02-12,17:00,28.89,71,2.682,88,0,1012,0
2026-02-12,18:00,28.89,75,2.235,84,2,1012,0
2026-02-12,19:00,27.78,77,1.788,88,5,1012,0
2026-02-12,20:00,27.22,80,2.235,87,0,1013,0
2026-02-12,21:00,27.22,81,2.235,87,0,1014,0
2026-02-12,22:00,27.22,81,1.788,90,0,1014,0
2026-02-12,23:00,27.22,81,2.235,87,0,1014,0
2026-02-13,00:00,26.67,83,1.788,90,0,1014,0
2026-02-13,01:00,26.67,83,1.788,90,0,1014,0
2026-02-13,02:00,26.67,81,2.235,87,0,1013,0
2026-02-13,03:00,26.67,83,1.788,91,0,1013,0
2026-02-13,04:00,26.11,83,1.788,91,0,1013,0
2026-02-13,05:00,26.67,83,2.235,91,0,1012,0
2026-02-13,06:00,26.67,80,2.235,88,0,1012,0
2026-02-13,07:00,26.67,80,2.235,91,0,1013,0
2026-02-13,08:00,27.22,77,2.682,85,0,1013,0
2026-02-13,09:00,27.78,73,3.129,86,0,1014,0
2026-02-13,10:00,28.89,71,3.129,78,0,1014,0
2026-02-13,11:00,28.89,72,3.129,78,0,1014,0
2026-02-13,12:00,29.44,69,3.129,78,0,1013,0
2026-02-13,13:00,29.44,66,3.576,82,0,1013,0
2026-02-13,14:00,29.44,70,3.576,78,0,1012,0
2026-02-13,15:00,29.44,70,3.129,85,0,1011,0
2026-02-13,16:00,28.89,72,3.129,86,0,1011,0
2026-02-13,17:00,28.89,70,3.129,79,0,1012,0
2026-02-13,18:00,28.33,74,3.129,82,40,1012,0
2026-02-13,19:00,27.78,75,2.682,85,6,1012,0
2026-02-13,20:00,27.78,76,3.129,86,0,1013,0
2026-02-13,21:00,27.78,77,2.682,86,0,1014,0
2026-02-13,22:00,27.22,77,2.682,84,0,1014,0
2026-02-13,23:00,27.22,78,2.682,83,0,1014,0
2026-02-14,00:00,27.22,80,2.682,82,0,1014,0
2026-02-14,01:00,26.67,76,2.682,85,0,1013,0
2026-02-14,02:00,26.67,76,2.682,86,0,1013,0
2026-02-14,03:00,26.67,77,2.682,88,0,1013,0
2026-02-14,04:00,26.67,77,2.682,87,0,1012,0
2026-02-14,05:00,26.67,77,2.682,88,0,1012,0
2026-02-14,06:00,26.67,78,2.682,86,0,1013,0
2026-02-14,07:00,26.67,75,3.129,87,3,1013,0
2026-02-14,08:00,27.22,74,3.129,87,35,1014,0
2026-02-14,09:00,27.78,72,3.576,83,68,1015,0
2026-02-14,10:00,28.89,68,3.576,82,0,1015,0
2026-02-14,11:00,29.44,71,4.023,80,0,1015,0
2026-02-14,12:00,29.44,70,4.023,78,0,1014,0
2026-02-14,13:00,29.44,70,3.576,77,0,1013,0
2026-02-14,14:00,29.44,69,3.576,83,0,1013,0
2026-02-14,15:00,29.44,71,4.023,81,0,1012,0
2026-02-14,16:00,29.44,72,3.576,82,0,1012,0
2026-02-14,17:00,28.89,75,3.576,80,60,1012,0
2026-02-14,18:00,28.33,75,3.576,85,125,1012,0
2026-02-14,19:00,27.78,76,3.576,85,5,1012,0
2026-02-14,20:00,27.78,77,3.129,84,0,1013,0
2026-02-14,21:00,27.78,80,3.129,86,0,1013,0
2026-02-14,22:00,27.22,79,3.576,85,0,1013,0
2026-02-14,23:00,27.22,78,3.576,85,0,1014,0
2026-02-15,00:00,27.22,78,3.129,87,0,1014,0
2026-02-15,01:00,27.22,78,3.129,85,0,1013,0
2026-02-15,02:00,27.22,78,3.129,85,0,1013,0
2026-02-15,03:00,27.22,77,3.129,87,0,1012,0
2026-02-15,04:00,27.22,77,3.129,83,0,1012,0
2026-02-15,05:00,27.22,75,3.129,87,0,1012,0
2026-02-15,06:00,26.67,75,2.682,89,0,1012,0
2026-02-15,07:00,26.67,76,3.129,88,5,1013,0
2026-02-15,08:00,27.22,73,3.129,86,35,1013,0
2026-02-15,09:00,28.33,71,3.576,85,22,1014,0
2026-02-15,10:00,28.89,71,3.576,83,0,1014,0
2026-02-15,11:00,28.89,72,3.576,80,0,1014,0
2026-02-15,12:00,28.89,72,3.576,78,0,1014,0
2026-02-15,13:00,28.89,69,3.129,75,0,1013,0
2026-02-15,14:00,29.44,67,3.129,73,0,1013,0
2026-02-15,15:00,29.44,71,3.129,76,0,1012,0
2026-02-15,16:00,28.89,73,3.129,78,0,1011,0
2026-02-15,17:00,28.89,71,3.129,76,112,1011,0
2026-02-15,18:00,28.33,72,3.129,80,136,1011,0
2026-02-15,19:00,27.78,75,3.576,83,5,1012,0
2026-02-15,20:00,27.22,74,3.576,86,0,1012,0
2026-02-15,21:00,27.22,75,2.682,86,0,1012,0
2026-02-15,22:00,27.22,76,2.682,88,0,1013,0
2026-02-15,23:00,27.22,76,2.235,86,0,1013,0
2026-02-16,00:00,27.78,77,2.682,84,0,1012,0
2026-02-16,01:00,27.22,78,2.235,88,0,1012,0
2026-02-16,02:00,27.22,79,2.682,86,0,1012,0
2026-02-16,03:00,27.22,80,3.129,86,0,1011,0
2026-02-16,04:00,26.67,84,2.682,87,0,1010,0
2026-02-16,05:00,26.11,83,3.129,84,0,1010,0
2026-02-16,06:00,26.67,82,2.682,84,0,1010,0
2026-02-16,07:00,26.67,82,3.129,85,5,1011,0
2026-02-16,08:00,27.22,78,3.129,84,45,1012,0
2026-02-16,09:00,27.78,79,3.129,85,97,1012,0
2026-02-16,10:00,28.33,76,4.47,91,3,1013,0
2026-02-16,11:00,28.89,74,4.023,97,0,1012,0
2026-02-16,12:00,29.44,74,4.47,94,0,1012,0
2026-02-16,13:00,28.89,71,4.47,96,27,1011,0
2026-02-16,14:00,29.44,71,4.47,95,0,1010,0
2026-02-16,15:00,28.89,70,4.023,91,0,1009,0
2026-02-16,16:00,28.89,74,3.129,80,27,1009,0
2026-02-16,17:00,28.89,74,3.576,81,95,1009,0
2026-02-16,18:00,28.33,76,3.129,83,131,1009,0
2026-02-16,19:00,27.78,77,3.129,82,6,1010,0
2026-02-16,20:00,27.22,78,2.682,91,0,1011,0
2026-02-16,21:00,27.22,79,3.129,84,0,1011,0
2026-02-16,22:00,26.67,78,3.129,100,0,1012,0
2026-02-16,23:00,26.67,76,3.129,100,0,1012,0
2026-02-17,00:00,26.67,76,2.682,88,0,1012,0
2026-02-17,01:00,26.67,76,2.682,84,0,1012,0
2026-02-17,02:00,26.67,76,2.682,82,0,1011,0
2026-02-17,03:00,26.67,77,2.682,81,0,1011,0
2026-02-17,04:00,26.11,76,2.682,84,0,1010,0
2026-02-17,05:00,26.11,75,2.682,85,0,1010,0
2026-02-17,06:00,26.11,75,2.682,85,0,1011,0
2026-02-17,07:00,26.11,75,2.682,85,4,1011,0
2026-02-17,08:00,26.67,73,2.235,82,35,1012,0
2026-02-17,09:00,28.33,68,3.129,80,156,1013,0
2026-02-17,10:00,28.89,65,4.023,80,20,1013,0
2026-02-17,11:00,28.89,67,4.023,78,0,1013,0
2026-02-17,12:00,29.44,66,4.47,81,0,1013,0
2026-02-17,13:00,29.44,63,4.47,80,0,1012,0
2026-02-17,14:00,29.44,66,4.47,83,0,1011,0
2026-02-17,15:00,29.44,67,4.023,78,3,1010,0
2026-02-17,16:00,29.44,66,3.576,81,342,1010,0
2026-02-17,17:00,28.89,69,3.576,84,341,1011,0
2026-02-17,18:00,28.33,71,3.576,83,133,1011,0
2026-02-17,19:00,27.22,75,3.129,80,6,1011,0
2026-02-17,20:00,27.22,74,2.682,78,0,1011,0
2026-02-17,21:00,27.22,74,2.682,80,0,1012,0
2026-02-17,22:00,27.22,77,2.235,81,0,1012,0
2026-02-17,23:00,27.22,79,1.788,76,0,1012,0
2026-02-18,00:00,26.67,80,2.235,77,0,1012,0
2026-02-18,01:00,26.67,83,1.788,75,0,1012,0
2026-02-18,02:00,26.67,83,1.788,81,0,1012,0
2026-02-18,03:00,26.67,83,1.788,79,0,1012,0
2026-02-18,04:00,26.67,83,1.341,84,0,1011,0
2026-02-18,05:00,26.67,83,1.341,89,0,1011,0
2026-02-18,06:00,26.67,82,2.235,87,0,1011,0
2026-02-18,07:00,26.67,82,2.682,90,3,1011,0
2026-02-18,08:00,27.22,80,2.235,88,61,1012,0
2026-02-18,09:00,27.22,86,2.235,83,150,1013,0
2026-02-18,10:00,28.33,76,3.129,88,0,1013,0
2026-02-18,11:00,28.89,74,3.129,85,0,1013,0
2026-02-18,12:00,28.89,79,2.682,76,0,1013,1
2026-02-18,13:00,28.89,77,2.682,79,0,1012,0
2026-02-18,14:00,29.44,76,2.682,79,0,1011,0
2026-02-18,15:00,29.44,78,2.682,79,0,1010,0
2026-02-18,16:00,29.44,76,2.235,74,0,1009,0
2026-02-18,17:00,28.89,82,1.788,69,0,1010,0
2026-02-18,18:00,27.78,88,1.788,78,12,1011,0
2026-02-18,19:00,26.67,92,0.8941,59,4,1011,1
2026-02-18,20:00,27.22,93,1.341,354,0,1011,1
2026-02-18,21:00,26.67,93,1.341,76,0,1012,0
2026-02-18,22:00,26.11,93,1.341,90,0,1012,0
2026-02-18,23:00,26.67,94,0.8941,124,0,1012,0
2026-02-19,00:00,26.11,94,0.8941,96,0,1013,0
2026-02-19,01:00,26.11,93,0.8941,160,0,1013,0
2026-02-19,02:00,26.67,91,0.8941,103,0,1012,0
2026-02-19,03:00,26.67,91,0.8941,103,0,1012,0
2026-02-19,04:00,26.11,91,0.447,144,0,1012,0
2026-02-19,05:00,26.11,90,0.447,127,0,1012,0
2026-02-19,06:00,26.11,91,0.447,80,0,1012,0
2026-02-19,07:00,26.11,93,0.447,112,0,1013,0
2026-02-19,08:00,25.56,93,0.8941,87,0,1014,4
2026-02-19,09:00,26.11,91,0.447,53,0,1014,1
2026-02-19,10:00,27.22,87,0.8941,39,0,1015,0
2026-02-19,11:00,26.67,91,0.8941,318,0,1015,3
2026-02-19,12:00,26.11,91,0.8941,52,0,1015,1
2026-02-19,13:00,27.22,89,1.341,56,0,1014,0
2026-02-19,14:00,28.33,84,1.788,59,0,1014,0
2026-02-19,15:00,28.33,82,1.341,55,0,1013,0
2026-02-19,16:00,28.89,79,1.341,32,0,1013,0
2026-02-19,17:00,27.78,85,1.341,72,0,1013,0
2026-02-19,18:00,27.22,87,1.341,44,0,1013,0
2026-02-19,19:00,26.67,90,1.341,349,0,1014,0
2026-02-19,20:00,26.11,92,1.341,12,0,1014,2
2026-02-19,21:00,25.56,94,1.788,353,0,1015,0
2026-02-19,22:00,25.56,94,3.129,80,0,1015,2
2026-02-19,23:00,25.56,95,3.129,78,0,1015,1
2026-02-20,00:00,25,95,1.788,56,0,1014,1
2026-02-20,01:00,25.56,95,1.788,47,0,1014,3
2026-02-20,02:00,26.11,92,3.129,82,0,1013,1
2026-02-20,03:00,26.11,92,3.129,87,0,1013,2
2026-02-20,04:00,25.56,94,2.682,82,0,1012,9
2026-02-20,05:00,24.44,95,1.341,60,0,1012,9
2026-02-20,06:00,25,95,1.341,72,0,1012,0
2026-02-20,07:00,25,94,0.8941,139,0,1012,0
2026-02-20,08:00,25.56,93,0.8941,72,0,1013,0
2026-02-20,09:00,26.67,90,0.8941,85,0,1013,0
2026-02-20,10:00,27.78,79,1.788,110,0,1013,0
2026-02-20,11:00,28.89,75,2.682,113,208,1013,0
2026-02-20,12:00,29.44,74,2.682,115,0,1013,0
2026-02-20,13:00,29.44,70,2.682,109,0,1012,0
2026-02-20,14:00,30,70,3.129,104,0,1012,0
2026-02-20,15:00,30,71,2.682,99,0,1011,0
2026-02-20,16:00,29.44,71,2.682,98,0,1011,0
2026-02-20,17:00,29.44,74,2.682,102,0,1011,0
2026-02-20,18:00,28.33,76,1.788,96,0,1011,0
2026-02-20,19:00,27.78,79,0.8941,90,0,1011,0
2026-02-20,20:00,27.22,84,0.8941,100,0,1012,0
2026-02-20,21:00,26.67,86,0.8941,120,0,1012,0
2026-02-20,22:00,26.11,86,0.8941,116,0,1013,0
2026-02-20,23:00,26.11,87,0.447,115,0,1013,0
2026-02-21,00:00,26.11,86,0.447,123,0,1013,0
2026-02-21,01:00,25.56,88,0.447,123,0,1013,0
2026-02-21,02:00,25.56,89,0.447,119,0,1013,0
2026-02-21,03:00,25,90,0.447,129,0,1012,0
2026-02-21,04:00,25,91,0.447,129,0,1011,0
2026-02-21,05:00,25,91,0.447,116,0,1011,0
2026-02-21,06:00,25,90,0.447,121,0,1011,0
2026-02-21,07:00,25,90,0.447,138,0,1011,0
2026-02-21,08:00,26.11,86,0.8941,110,0,1012,0
2026-02-21,09:00,27.78,79,0.8941,72,0,1012,0
2026-02-21,10:00,28.89,75,1.341,72,0,1012,0
2026-02-21,11:00,29.44,76,1.341,60,0,1012,0
2026-02-21,12:00,29.44,76,1.341,56,0,1011,0
2026-02-21,13:00,29.44,75,1.341,53,0,1010,0
2026-02-21,14:00,29.44,75,1.341,33,0,1009,0
2026-02-21,15:00,29.44,75,1.341,35,0,1009,0
2026-02-21,16:00,28.89,76,1.788,50,0,1008,0
2026-02-21,17:00,28.33,79,1.341,27,0,1008,0
2026-02-21,18:00,27.78,81,1.341,27,0,1008,0
2026-02-21,19:00,26.67,87,1.341,2,0,1008,0
2026-02-21,20:00,26.11,92,1.788,58,0,1009,1
2026-02-21,21:00,25,94,3.129,82,0,1010,0
2026-02-21,22:00,25.56,94,2.235,83,0,1010,2
2026-02-21,23:00,26.11,93,3.129,77,0,1010,3
2026-02-22,00:00,25.56,96,3.576,78,0,1010,23
2026-02-22,01:00,25,96,3.576,74,0,1010,21
2026-02-22,02:00,25.56,96,2.682,69,0,1009,10
2026-02-22,03:00,25,96,3.129,81,0,1008,5
2026-02-22,04:00,25,96,2.682,79,0,1008,12
2026-02-22,05:00,24.44,96,2.682,81,0,1008,9
2026-02-22,06:00,24.44,96,2.682,88,0,1009,10
2026-02-22,07:00,23.89,96,0.8941,63,0,1009,0
2026-02-22,08:00,24.44,96,1.341,84,0,1009,0
2026-02-22,09:00,26.11,90,1.341,64,0,1009,0
2026-02-22,10:00,27.78,83,1.788,94,0,1010,0
2026-02-22,11:00,27.78,85,1.788,100,0,1010,1
2026-02-22,12:00,27.22,88,1.341,121,0,1009,1
2026-02-22,13:00,27.78,86,1.341,53,0,1008,0
2026-02-22,14:00,28.33,74,1.788,109,0,1008,0
2026-02-22,15:00,28.89,75,2.235,106,0,1007,0
2026-02-22,16:00,28.33,83,1.341,89,0,1007,0
2026-02-22,17:00,28.33,78,2.235,95,0,1007,0
2026-02-22,18:00,28.33,83,1.788,95,0,1008,0
2026-02-22,19:00,27.22,85,1.341,90,0,1008,0
2026-02-22,20:00,27.22,86,1.788,88,0,1008,0
2026-02-22,21:00,26.67,86,1.341,95,0,1009,0
2026-02-22,22:00,26.67,87,1.788,87,0,1009,0
2026-02-22,23:00,25.56,92,2.235,87,0,1010,6
2026-02-23,00:00,24.44,93,0.447,24,0,1010,1
2026-02-23,01:00,25,93,0.8941,93,0,1009,0
2026-02-23,02:00,25,94,1.788,89,0,1009,0
2026-02-23,03:00,24.44,94,1.788,88,0,1009,2
2026-02-23,04:00,24.44,94,3.129,88,0,1009,2
2026-02-23,05:00,24.44,94,2.682,88,0,1009,1
2026-02-23,06:00,23.89,94,2.235,111,0,1009,13
2026-02-23,07:00,24.44,93,4.023,113,0,1009,2
2026-02-23,08:00,25,93,2.682,92,0,1010,2
2026-02-23,09:00,25.56,92,3.576,83,0,1011,0
2026-02-23,10:00,25.56,92,4.023,90,0,1011,2
2026-02-23,11:00,25.56,91,4.023,89,0,1012,1
2026-02-23,12:00,26.11,88,3.576,86,0,1011,0
2026-02-23,13:00,26.11,86,3.129,86,0,1010,0
2026-02-23,14:00,26.67,85,3.129,85,206,1009,0
2026-02-23,15:00,26.67,83,3.576,90,254,1009,0
2026-02-23,16:00,27.22,79,4.023,92,307,1009,0
2026-02-23,17:00,27.22,80,4.023,84,184,1009,0
2026-02-23,18:00,27.22,78,3.576,84,82,1009,0
2026-02-23,19:00,27.22,79,3.576,85,6,1010,0
2026-02-23,20:00,26.67,77,3.576,85,0,1011,0
2026-02-23,21:00,27.22,76,3.576,85,0,1011,0
2026-02-23,22:00,27.22,75,3.576,83,0,1012,0
2026-02-23,23:00,27.22,77,4.023,83,0,1012,0
2026-02-24,00:00,26.67,79,3.576,81,0,1012,0
2026-02-24,01:00,27.22,78,4.023,81,0,1011,0
2026-02-24,02:00,27.22,76,3.576,82,0,1011,0
2026-02-24,03:00,27.22,80,3.576,83,0,1011,0
2026-02-24,04:00,26.67,85,3.576,86,0,1010,1
2026-02-24,05:00,25.56,85,3.576,89,0,1010,1
2026-02-24,06:00,26.11,78,3.129,86,0,1010,0
2026-02-24,07:00,26.67,80,3.129,84,3,1011,0
2026-02-24,08:00,26.67,76,3.576,85,24,1011,0
2026-02-24,09:00,27.78,76,4.023,89,0,1012,0
2026-02-24,10:00,28.33,71,4.023,91,0,1012,0
2026-02-24,11:00,28.89,73,4.47,85,0,1012,0
2026-02-24,12:00,28.89,70,4.47,91,0,1011,0
2026-02-24,13:00,29.44,70,4.47,87,0,1011,0
2026-02-24,14:00,28.89,72,4.023,89,0,1010,0
2026-02-24,15:00,28.89,78,4.917,87,0,1009,0
2026-02-24,16:00,28.33,80,4.47,88,0,1009,0
2026-02-24,17:00,26.67,89,4.47,91,0,1010,2
2026-02-24,18:00,26.11,80,4.47,88,0,1011,0
2026-02-24,19:00,26.67,81,4.47,86,0,1011,0
2026-02-24,20:00,25,91,4.47,84,0,1012,1
2026-02-24,21:00,25,90,4.917,85,0,1012,0
2026-02-24,22:00,24.44,87,5.364,84,0,1012,0
2026-02-24,23:00,25,82,4.917,83,0,1013,0
2026-02-25,00:00,25.56,84,4.47,83,0,1013,0
2026-02-25,01:00,25,92,4.917,96,0,1013,8
2026-02-25,02:00,23.89,87,4.47,96,0,1012,4
2026-02-25,03:00,25,75,4.917,83,0,1011,0
2026-02-25,04:00,26.11,72,5.364,86,0,1011,0
2026-02-25,05:00,26.11,75,4.917,83,0,1011,0
2026-02-25,06:00,26.11,71,5.364,87,0,1011,0
2026-02-25,07:00,26.67,71,5.812,86,0,1011,0
2026-02-25,08:00,26.67,71,5.364,84,0,1012,0
2026-02-25,09:00,26.67,66,5.364,84,0,1012,0
2026-02-25,10:00,27.22,70,4.917,86,0,1012,0
2026-02-25,11:00,27.78,67,5.364,85,0,1013,0
2026-02-25,12:00,28.33,69,4.917,87,0,1012,0
2026-02-25,13:00,27.78,70,4.917,86,0,1011,0
2026-02-25,14:00,27.78,72,4.47,88,0,1010,0
2026-02-25,15:00,27.78,71,4.47,86,0,1010,0
2026-02-25,16:00,27.78,70,4.47,86,0,1009,0
2026-02-25,17:00,27.78,71,4.023,85,0,1010,0
2026-02-25,18:00,27.22,70,4.023,88,0,1010,0
2026-02-25,19:00,27.22,72,3.576,85,0,1011,0
2026-02-25,20:00,27.22,70,4.023,90,0,1011,0
2026-02-25,21:00,27.22,71,3.576,91,0,1012,0
2026-02-25,22:00,27.22,74,3.576,95,0,1012,0
2026-02-25,23:00,26.67,77,3.129,112,0,1012,0
2026-02-26,00:00,26.67,78,4.47,100,0,1011,0
2026-02-26,01:00,26.11,82,4.47,97,0,1011,0
2026-02-26,02:00,24.44,87,4.47,103,0,1011,3
2026-02-26,03:00,25.56,77,3.576,97,0,1010,0
2026-02-26,04:00,26.11,76,4.917,92,0,1009,0
2026-02-26,05:00,26.11,73,4.47,89,0,1009,0
2026-02-26,06:00,26.11,69,4.47,91,0,1009,0
2026-02-26,07:00,25.56,78,4.917,95,0,1010,1
2026-02-26,08:00,26.11,74,4.47,88,0,1010,0
2026-02-26,09:00,26.67,73,5.364,86,0,1011,0
2026-02-26,10:00,27.22,70,5.364,85,0,1011,0
2026-02-26,11:00,28.33,64,4.917,92,0,1011,0
2026-02-26,12:00,28.89,63,4.917,94,0,1011,0
2026-02-26,13:00,28.89,69,4.917,89,0,1010,0
2026-02-26,14:00,28.33,69,4.47,85,0,1009,0
2026-02-26,15:00,28.89,65,4.47,91,0,1008,0
2026-02-26,16:00,28.89,66,4.47,87,0,1008,0
2026-02-26,17:00,28.33,68,4.47,88,0,1008,0
2026-02-26,19:00,27.22,70,4.023,89,6,1009,0
2026-02-26,20:00,27.22,72,3.576,89,0,1009,0
2026-02-26,21:00,27.22,72,3.576,93,0,1010,0
2026-02-26,22:00,26.67,75,3.576,88,0,1010,0
2026-02-26,23:00,27.22,73,3.576,95,0,1010,0
2026-02-27,00:00,26.67,73,2.682,97,0,1009,0
2026-02-27,01:00,26.67,72,3.129,104,0,1009,0
2026-02-27,02:00,26.67,75,2.682,94,0,1008,0
2026-02-27,03:00,26.67,74,2.682,86,0,1008,0
2026-02-27,04:00,26.67,75,2.682,87,0,1007,0
2026-02-27,05:00,26.11,76,2.235,86,0,1007,0
2026-02-27,06:00,26.11,76,2.235,86,0,1008,0
2026-02-27,07:00,25.56,76,2.235,84,0,1008,0
2026-02-27,08:00,26.11,77,1.788,83,0,1009,0
2026-02-27,09:00,27.22,75,3.129,86,0,1009,0
2026-02-27,10:00,28.33,71,3.576,91,0,1009,0
2026-02-27,11:00,28.33,71,3.576,90,0,1009,0
2026-02-27,12:00,28.89,70,4.023,90,0,1009,0
2026-02-27,13:00,28.89,73,4.023,92,0,1008,0
2026-02-27,14:00,28.33,78,3.576,92,0,1007,0
2026-02-27,15:00,28.33,78,4.47,93,0,1007,0
2026-02-27,16:00,28.33,79,4.023,90,0,1007,0
2026-02-27,17:00,27.22,82,4.023,88,0,1007,0
2026-02-27,18:00,27.22,83,4.023,94,0,1007,0
2026-02-27,19:00,26.67,84,3.576,90,0,1008,0
2026-02-27,20:00,26.11,80,4.47,93,0,1008,0
2026-02-27,21:00,26.11,84,3.576,98,0,1009,0
2026-02-27,22:00,26.67,77,2.682,92,0,1009,0
2026-02-27,23:00,27.22,75,3.576,91,0,1009,0
2026-02-28,00:00,27.22,82,3.576,93,0,1009,0
2026-02-28,01:00,25,92,2.682,110,0,1009,7
2026-02-28,02:00,25,92,4.023,110,0,1009,1
2026-02-28,03:00,25.56,87,3.576,109,0,1008,0
2026-02-28,04:00,25.56,88,4.023,107,0,1008,0
2026-02-28,05:00,25.56,87,2.682,106,0,1008,0
2026-02-28,06:00,26.11,84,2.682,112,0,1008,0
2026-02-28,07:00,26.11,86,2.682,99,0,1009,0
2026-02-28,08:00,26.67,85,3.576,100,0,1009,0
2026-02-28,09:00,26.67,84,3.576,107,0,1010,0
2026-02-28,10:00,27.78,80,4.47,90,0,1010,0
2026-02-28,11:00,28.33,80,4.023,95,0,1009,0
2026-02-28,12:00,28.89,79,4.023,99,0,1008,0
2026-02-28,13:00,28.89,77,3.576,95,0,1008,0
2026-02-28,14:00,29.44,74,4.023,104,0,1007,0
2026-02-28,15:00,29.44,72,3.576,107,0,1007,0
2026-02-28,16:00,29.44,75,4.47,105,0,1006,0
2026-02-28,17:00,28.89,74,4.023,111,0,1007,0
2026-02-28,18:00,28.89,77,3.576,106,0,1007,0
2026-02-28,19:00,28.33,79,3.129,112,0,1008,0
2026-02-28,20:00,27.78,79,2.682,112,0,1008,0
2026-02-28,21:00,27.78,80,1.788,86,0,1009,0
2026-02-28,22:00,27.78,81,1.341,83,0,1009,0
2026-02-28,23:00,27.78,81,2.235,109,0,1009,0
2026-03-01,00:00,27.78,82,1.788,94,0,1009,0
2026-03-01,01:00,27.78,84,1.788,94,0,1009,0
2026-03-01,02:00,27.78,86,2.235,89,0,1009,0
2026-03-01,03:00,27.22,86,1.788,99,0,1008,0
2026-03-01,04:00,27.22,86,1.788,89,0,1008,0
2026-03-01,05:00,26.11,92,1.788,75,0,1008,1
2026-03-01,06:00,26.11,93,1.341,73,0,1008,0
2026-03-01,07:00,26.67,92,1.788,96,0,1009,0
2026-03-01,08:00,26.67,91,1.788,96,0,1009,0
2026-03-01,09:00,27.78,89,2.682,100,0,1010,1
2026-03-01,10:00,28.33,84,2.682,101,0,1010,0
2026-03-01,11:00,28.89,79,3.129,104,0,1010,0
2026-03-01,12:00,29.44,80,3.576,109,0,1009,0
2026-03-01,13:00,29.44,77,3.576,114,0,1009,0
2026-03-01,14:00,30,83,3.576,101,0,1008,0
2026-03-01,15:00,30,78,2.682,112,0,1007,0
2026-03-01,16:00,28.89,80,2.235,109,0,1007,0
2026-03-01,17:00,28.89,83,2.235,111,0,1007,0
2026-03-01,18:00,28.33,84,2.235,105,0,1007,0
2026-03-01,19:00,28.33,86,1.341,102,0,1008,0
2026-03-01,20:00,27.78,87,0.8941,94,0,1008,0
2026-03-01,21:00,27.22,88,0.8941,78,0,1009,0
2026-03-01,22:00,27.22,88,0.8941,57,0,1009,0
2026-03-01,23:00,27.78,87,1.341,95,0,1009,0
2026-03-02,00:00,27.78,89,0.447,70,0,1009,0
2026-03-02,01:00,27.22,89,0.8941,30,0,1009,0
2026-03-02,02:00,26.67,93,1.788,52,0,1009,11
2026-03-02,03:00,25,94,2.235,85,0,1008,7
2026-03-02,04:00,24.44,94,3.576,85,0,1009,5
2026-03-02,05:00,23.89,93,3.576,99,0,1009,6
2026-03-02,06:00,23.89,93,2.682,72,0,1009,2
2026-03-02,07:00,23.89,91,2.682,84,0,1010,0
2026-03-02,08:00,25,87,2.235,69,0,1010,0
2026-03-02,09:00,26.67,81,1.341,44,0,1011,0
2026-03-02,10:00,27.78,73,2.235,93,0,1012,0
2026-03-02,11:00,28.89,75,1.788,87,0,1012,0
2026-03-02,12:00,28.33,76,1.788,68,0,1011,0
2026-03-02,13:00,28.33,77,2.235,82,0,1010,0
2026-03-02,14:00,27.78,78,2.682,87,0,1009,0
2026-03-02,15:00,28.33,75,2.235,88,0,1008,0
2026-03-02,16:00,28.33,76,2.235,83,0,1007,0
2026-03-02,17:00,27.78,78,1.788,92,0,1007,0
2026-03-02,18:00,27.78,82,1.341,75,0,1007,0
2026-03-02,19:00,27.22,85,1.341,90,0,1008,0
2026-03-02,20:00,26.11,88,0.8941,107,0,1009,0
2026-03-02,21:00,26.11,88,1.341,87,0,1010,0
2026-03-02,22:00,26.11,88,0.8941,103,0,1010,0
2026-03-02,23:00,26.11,86,0.8941,106,0,1010,0
2026-03-03,00:00,25.56,87,0.8941,106,0,1010,0
2026-03-03,01:00,25.56,88,0.8941,108,0,1010,0
2026-03-03,02:00,26.11,89,1.341,97,0,1009,0
2026-03-03,03:00,26.11,89,1.341,80,0,1009,0
2026-03-03,04:00,25.56,90,0.8941,97,0,1008,0
2026-03-03,05:00,25.56,89,0.8941,76,0,1008,0
2026-03-03,06:00,25.56,90,0.447,100,0,1008,0
2026-03-03,07:00,25,91,0.447,74,0,1009,0
2026-03-03,08:00,26.11,89,0.8941,86,0,1009,0
2026-03-03,09:00,28.33,79,1.341,67,0,1010,0
2026-03-03,10:00,28.89,73,1.788,91,0,1010,0
2026-03-03,11:00,29.44,77,1.341,287,0,1010,0
2026-03-03,12:00,28.89,77,1.341,285,0,1009,0
2026-03-03,13:00,29.44,74,1.341,289,0,1008,0
2026-03-03,14:00,29.44,75,0.8941,290,0,1007,0
2026-03-03,15:00,29.44,74,1.341,185,0,1007,0
2026-03-03,16:00,28.89,76,1.341,283,0,1007,0
2026-03-03,17:00,28.89,76,0.8941,94,0,1007,0
2026-03-03,18:00,28.33,78,0.8941,114,0,1007,0
2026-03-03,19:00,27.22,83,0.447,39,0,1008,0
2026-03-03,20:00,26.11,87,0.447,87,0,1009,0
2026-03-03,21:00,26.11,88,0.447,99,0,1009,0
2026-03-03,22:00,26.11,89,0.447,107,0,1010,0
2026-03-03,23:00,26.11,90,0.447,97,0,1010,0
2026-03-04,00:00,25.56,91,0.447,100,0,1010,0
2026-03-04,01:00,25,92,0.447,104,0,1010,0
2026-03-04,02:00,25.56,92,0.447,119,0,1009,0
2026-03-04,03:00,25.56,91,0.8941,142,0,1009,0
2026-03-04,04:00,25.56,91,0.8941,111,0,1009,0
2026-03-04,05:00,25.56,92,1.341,83,0,1008,0
2026-03-04,06:00,25.56,92,1.341,83,0,1009,0
2026-03-04,07:00,25.56,90,0.8941,131,0,1009,0
2026-03-04,08:00,26.11,89,1.341,194,0,1010,0
2026-03-04,09:00,26.67,83,0.8941,232,0,1010,0
2026-03-04,10:00,28.33,77,0.8941,326,0,1010,0
2026-03-04,11:00,28.33,79,1.341,344,0,1010,0
2026-03-04,12:00,28.89,80,1.341,329,0,1009,0
2026-03-04,13:00,29.44,77,1.341,341,0,1008,0
2026-03-04,14:00,29.44,76,1.341,19,0,1007,0
2026-03-04,15:00,29.44,77,1.341,42,0,1006,0
2026-03-04,16:00,28.89,77,1.788,64,0,1006,0
2026-03-04,17:00,28.89,80,1.788,89,0,1006,0
2026-03-04,18:00,27.78,80,2.235,83,0,1007,0
2026-03-04,19:00,27.22,83,1.341,88,0,1007,0
2026-03-04,20:00,27.22,85,1.341,90,0,1008,0
2026-03-04,21:00,26.67,87,0.8941,107,0,1008,0
2026-03-04,22:00,26.67,89,1.341,92,0,1008,0
2026-03-04,23:00,26.11,88,1.788,88,0,1008,0
2026-03-05,00:00,26.11,88,1.341,91,0,1009,0
2026-03-05,01:00,26.67,90,1.788,92,0,1008,1
2026-03-05,02:00,26.11,89,1.788,101,0,1008,0
2026-03-05,03:00,26.67,87,2.235,97,0,1008,0
2026-03-05,04:00,26.11,88,1.341,101,0,1008,0
2026-03-05,05:00,26.11,88,1.788,96,0,1008,0
2026-03-05,06:00,26.11,90,1.341,107,0,1008,0
2026-03-05,07:00,25.56,90,0.8941,112,0,1008,0
2026-03-05,08:00,26.11,86,0.8941,93,0,1009,0
2026-03-05,09:00,28.33,78,2.235,88,0,1009,0
2026-03-05,10:00,28.89,75,2.682,83,0,1010,0
2026-03-05,11:00,29.44,73,3.129,101,0,1009,0
2026-03-05,12:00,29.44,72,3.129,99,0,1009,0
2026-03-05,13:00,30,70,3.129,103,0,1008,0
2026-03-05,14:00,30,69,3.129,99,0,1008,0
2026-03-05,15:00,30,73,2.682,88,0,1007,0
2026-03-05,16:00,29.44,74,2.235,77,0,1007,0
2026-03-05,17:00,28.89,75,1.788,81,0,1008,0
2026-03-05,18:00,28.33,76,2.235,79,0,1008,0
2026-03-05,19:00,27.78,80,2.235,82,0,1008,0
2026-03-05,20:00,27.22,83,2.235,85,0,1009,0
2026-03-05,21:00,27.22,84,2.235,88,0,1009,0
2026-03-05,22:00,27.78,83,2.682,81,0,1009,0
2026-03-05,23:00,27.22,83,2.682,87,0,1009,0
2026-03-06,00:00,27.22,82,2.235,86,0,1009,0
2026-03-06,01:00,26.67,83,2.235,91,0,1009,0
2026-03-06,02:00,26.67,84,2.235,90,0,1009,0
2026-03-06,03:00,26.67,84,2.235,89,0,1008,0
2026-03-06,04:00,27.22,83,2.682,86,0,1008,0
2026-03-06,05:00,26.67,83,2.682,90,0,1008,0
2026-03-06,06:00,27.22,86,2.682,84,0,1008,0
2026-03-06,07:00,26.67,85,2.682,88,0,1009,0
2026-03-06,08:00,27.22,86,3.129,85,0,1010,0
2026-03-06,09:00,27.78,87,3.129,85,0,1010,0
2026-03-06,10:00,27.78,83,3.576,80,0,1010,0
2026-03-06,11:00,28.89,78,4.023,79,0,1010,0
2026-03-06,12:00,28.89,76,4.023,78,0,1009,0
2026-03-06,13:00,28.89,79,4.023,76,0,1008,0
2026-03-06,14:00,28.89,77,4.47,76,0,1008,0
2026-03-06,15:00,28.89,76,4.47,76,0,1007,0
2026-03-06,16:00,28.89,78,4.023,78,0,1007,0
2026-03-06,17:00,28.33,84,4.023,79,0,1008,0
2026-03-06,18:00,27.78,86,3.576,85,0,1008,0
2026-03-06,19:00,27.22,88,3.576,84,0,1009,0
2026-03-06,20:00,26.67,87,3.576,84,0,1009,0
2026-03-06,21:00,27.22,86,3.576,85,0,1010,0
2026-03-06,22:00,27.78,83,3.576,84,0,1010,0
2026-03-06,23:00,27.78,84,3.576,85,0,1011,0
2026-03-07,00:00,27.78,82,4.023,83,0,1010,0
2026-03-07,01:00,27.78,82,3.576,85,0,1009,0
2026-03-07,02:00,27.78,82,3.129,80,0,1009,0
2026-03-07,03:00,27.78,83,3.576,79,0,1008,0
2026-03-07,04:00,27.22,86,4.023,81,0,1008,0
2026-03-07,05:00,27.22,86,4.023,82,0,1008,0
2026-03-07,06:00,26.67,87,4.023,85,0,1008,1
2026-03-07,07:00,26.11,90,4.023,82,0,1008,0
2026-03-07,08:00,26.67,90,4.023,82,0,1009,0
2026-03-07,09:00,27.22,87,4.023,87,0,1009,0
2026-03-07,10:00,26.67,90,4.917,88,0,1009,1
2026-03-07,11:00,27.22,89,4.47,88,0,1009,0
2026-03-07,12:00,27.22,90,4.023,91,0,1009,1
2026-03-07,13:00,27.22,89,3.576,95,0,1009,0
2026-03-07,14:00,26.67,88,4.023,112,0,1008,1
2026-03-07,15:00,27.22,85,3.129,105,0,1008,0
2026-03-07,16:00,27.78,86,2.682,106,0,1007,0
2026-03-07,17:00,27.22,87,3.129,108,0,1008,0
2026-03-07,18:00,26.11,90,3.129,123,0,1008,1
2026-03-07,19:00,26.11,90,2.235,101,0,1008,0
2026-03-07,20:00,26.11,87,1.788,98,0,1008,0
2026-03-07,21:00,26.11,88,1.788,103,0,1009,0
2026-03-07,22:00,26.11,91,1.788,93,0,1009,1
2026-03-07,23:00,26.11,91,2.235,105,0,1009,0
2026-03-08,00:00,26.11,92,3.129,110,0,1009,4
2026-03-08,01:00,26.11,90,3.129,111,0,1009,0
2026-03-08,02:00,26.11,88,3.576,110,0,1008,0
2026-03-08,03:00,25.56,89,3.129,115,0,1008,0
2026-03-08,04:00,25.56,89,3.576,114,0,1008,0
2026-03-08,05:00,25.56,87,3.129,109,0,1007,0
2026-03-08,06:00,26.11,88,2.235,110,0,1008,0
2026-03-08,07:00,26.11,90,2.235,103,0,1009,0
2026-03-08,08:00,25.56,90,2.235,116,58,1009,0
2026-03-08,09:00,26.11,88,1.788,80,160,1010,0
2026-03-08,10:00,25.56,91,1.788,106,191,1010,3
2026-03-08,11:00,25.56,91,1.341,128,221,1010,0
2026-03-08,12:00,25.56,92,1.341,71,239,1009,4
2026-03-08,13:00,25.56,93,1.788,73,314,1009,1
2026-03-08,14:00,26.11,91,2.682,81,488,1008,0
2026-03-08,15:00,26.67,87,2.682,84,426,1007,0
2026-03-08,16:00,27.22,85,2.235,114,254,1006,0
2026-03-08,17:00,26.67,89,1.788,38,62,1007,1
2026-03-08,18:00,26.11,92,1.341,104,54,1008,0
2026-03-08,19:00,25.56,94,1.341,82,4,1008,1
2026-03-08,20:00,25,94,1.341,84,0,1008,0
2026-03-08,21:00,25,95,0.8941,109,0,1009,0
2026-03-08,22:00,24.44,92,1.341,115,0,1009,0
2026-03-08,23:00,24.44,88,1.341,131,0,1010,0
2026-03-09,00:00,24.44,89,0.447,148,0,1010,0
2026-03-09,01:00,25,90,0.8941,127,0,1009,0
2026-03-09,02:00,25,91,0.447,111,0,1009,0
2026-03-09,03:00,25.56,88,0.8941,125,0,1008,0
2026-03-09,04:00,26.67,85,0.8941,325,0,1008,0
2026-03-09,05:00,26.11,85,1.341,7,0,1008,0
2026-03-09,06:00,25.56,89,1.788,39,0,1008,1
2026-03-09,07:00,24.44,91,1.788,93,2,1009,1
2026-03-09,08:00,26.11,85,1.788,80,97,1010,0
2026-03-09,09:00,27.78,75,2.235,74,340,1010,0
2026-03-09,10:00,28.33,74,1.788,69,370,1011,0
2026-03-09,11:00,28.33,76,2.235,68,415,1011,0
2026-03-09,12:00,28.89,77,2.235,65,345,1010,0
2026-03-09,13:00,28.89,75,2.235,69,551,1009,0
2026-03-09,14:00,28.89,76,1.788,73,142,1009,0
2026-03-09,15:00,28.33,78,1.341,50,0,1009,0
2026-03-09,16:00,27.78,81,1.341,51,0,1008,0
2026-03-09,17:00,27.78,86,1.788,75,0,1008,0
2026-03-09,18:00,26.67,85,2.235,71,0,1009,0
2026-03-09,19:00,26.67,86,2.682,72,0,1009,0
2026-03-09,20:00,26.67,85,2.235,56,0,1009,0
2026-03-09,21:00,26.67,86,2.235,71,0,1010,0
2026-03-09,22:00,27.22,84,2.235,70,0,1010,0
2026-03-09,23:00,27.22,83,2.682,75,0,1010,0
2026-03-10,00:00,27.22,85,2.235,81,0,1010,0
2026-03-10,01:00,27.22,85,1.788,73,0,1009,0
2026-03-10,02:00,26.67,86,2.235,72,0,1009,0
2026-03-10,03:00,26.67,86,2.235,76,0,1008,0
2026-03-10,04:00,26.11,88,3.129,82,0,1008,0
2026-03-10,05:00,26.67,86,3.129,78,0,1007,0
2026-03-10,06:00,26.67,88,3.576,81,0,1007,0
2026-03-10,07:00,26.67,87,3.576,77,0,1008,0
2026-03-10,08:00,26.67,87,4.023,81,0,1008,0
2026-03-10,09:00,27.22,87,3.576,80,0,1009,0
2026-03-10,10:00,27.22,87,4.023,77,0,1009,0
2026-03-10,11:00,27.22,88,4.47,77,0,1009,0
2026-03-10,12:00,27.22,83,4.47,76,0,1009,0
2026-03-10,13:00,27.78,84,3.576,78,0,1008,0
2026-03-10,14:00,27.22,89,3.129,81,0,1008,0
2026-03-10,15:00,27.22,89,3.576,81,0,1007,0
2026-03-10,16:00,26.11,93,3.576,79,0,1007,2
2026-03-10,17:00,26.11,93,3.129,83,0,1006,1
2026-03-10,18:00,26.11,92,3.576,85,0,1007,1
2026-03-10,19:00,26.11,93,3.129,83,0,1007,1
2026-03-10,20:00,26.11,93,3.129,85,0,1008,2
2026-03-10,21:00,26.11,94,3.129,81,0,1008,2
2026-03-10,22:00,26.11,94,3.129,84,0,1008,3
2026-03-10,23:00,26.11,94,2.235,82,0,1009,6
2026-03-11,00:00,25.56,95,1.788,73,0,1009,32
2026-03-11,01:00,25.56,96,1.341,99,0,1009,27
2026-03-11,02:00,24.44,96,1.788,83,0,1009,11
2026-03-11,03:00,24.44,96,1.788,72,0,1008,4
2026-03-11,04:00,25,95,2.682,85,0,1007,1
2026-03-11,05:00,25,93,1.788,82,0,1007,0
2026-03-11,06:00,25.56,91,1.341,83,0,1007,0
2026-03-11,07:00,25.56,89,1.788,85,7,1008,0
2026-03-11,08:00,26.67,87,1.788,77,124,1008,0
2026-03-11,09:00,27.22,82,1.788,77,379,1009,0
2026-03-11,10:00,27.78,83,2.235,77,409,1009,0
2026-03-11,11:00,28.33,82,2.682,73,677,1008,0
2026-03-11,12:00,28.33,83,2.682,74,554,1008,0
2026-03-11,13:00,27.78,83,2.235,79,393,1007,0
2026-03-11,14:00,28.33,78,2.682,86,474,1006,0
2026-03-11,15:00,28.33,79,2.235,74,402,1006,0
2026-03-11,16:00,28.33,84,1.788,61,297,1006,0
2026-03-11,17:00,26.67,89,2.682,78,180,1006,0
2026-03-11,18:00,26.11,90,2.682,79,86,1006,0
2026-03-11,19:00,25.56,92,1.788,86,2,1007,0
2026-03-11,20:00,26.11,92,1.788,95,0,1007,0
2026-03-11,21:00,26.11,92,2.235,90,0,1008,1
2026-03-11,22:00,25.56,94,2.235,89,0,1008,1
2026-03-11,23:00,25.56,94,1.341,89,0,1008,0
2026-03-12,00:00,25.56,94,1.341,88,0,1007,0
2026-03-12,01:00,25.56,93,1.341,92,0,1007,0
2026-03-12,02:00,26.11,93,1.341,94,0,1006,0
2026-03-12,03:00,26.11,93,0.8941,97,0,1006,1
2026-03-12,04:00,26.11,94,0.8941,64,0,1005,0
2026-03-12,05:00,25.56,94,0.8941,101,0,1005,0
2026-03-12,06:00,25.56,93,0.447,9,0,1005,0
2026-03-12,07:00,26.11,92,0.447,185,19,1006,0
2026-03-12,08:00,26.67,90,0.447,30,98,1006,0
2026-03-12,09:00,26.67,90,1.341,85,223,1007,0
2026-03-12,10:00,25,94,3.129,41,83,1008,35
2026-03-12,11:00,25,96,3.129,8,202,1008,12
2026-03-12,12:00,25.56,89,3.129,79,612,1007,0
2026-03-12,13:00,26.67,84,3.129,73,641,1006,0
2026-03-12,14:00,27.78,84,3.129,74,725,1005,0
2026-03-12,15:00,27.78,82,2.682,71,681,1004,0
2026-03-12,16:00,27.78,83,2.682,80,206,1004,0
2026-03-12,17:00,27.78,83,2.682,82,0,1005,0
2026-03-12,18:00,27.22,85,2.682,81,0,1005,0
2026-03-12,19:00,26.67,85,2.682,82,0,1005,0
2026-03-12,20:00,26.67,86,2.682,88,0,1005,0
2026-03-12,21:00,26.67,85,2.682,78,0,1005,0
2026-03-12,22:00,26.67,86,1.341,74,0,1006,0
2026-03-12,23:00,27.22,84,0.8941,278,0,1006,0
2026-03-13,00:00,27.22,83,0.8941,219,0,1006,0
2026-03-13,01:00,27.22,84,0.8941,208,0,1005,0
2026-03-13,02:00,26.67,89,2.682,182,0,1005,0
2026-03-13,03:00,25.56,88,2.682,183,0,1004,0
2026-03-13,04:00,26.11,90,2.235,190,0,1004,0
2026-03-13,05:00,26.11,91,2.235,179,0,1004,0
2026-03-13,06:00,26.11,91,1.788,215,0,1005,1
2026-03-13,07:00,25,94,2.235,294,6,1006,5
2026-03-13,08:00,25,94,0.8941,218,64,1006,0
2026-03-13,09:00,25.56,91,0.8941,191,186,1006,0
2026-03-13,10:00,26.67,89,0.8941,255,248,1007,0
2026-03-13,11:00,26.67,89,0.8941,236,255,1007,1
2026-03-13,12:00,25.56,88,0.8941,178,345,1006,0
2026-03-13,13:00,26.67,82,0.8941,236,532,1005,0
2026-03-13,14:00,27.78,82,1.341,264,552,1004,0
2026-03-13,15:00,27.78,81,1.341,285,293,1004,0
2026-03-13,16:00,27.78,80,0.8941,290,179,1004,0
2026-03-13,17:00,27.22,81,0.8941,256,34,1004,0
2026-03-13,18:00,26.67,88,0.447,79,16,1004,0
2026-03-13,19:00,26.11,91,0.447,108,4,1004,0
2026-03-13,20:00,25.56,91,0.447,120,0,1005,0
2026-03-13,21:00,25.56,92,0.447,127,0,1005,0
2026-03-13,22:00,25.56,91,0.8941,145,0,1006,0
2026-03-13,23:00,26.11,90,1.341,183,0,1006,0
2026-03-14,00:00,26.11,89,1.341,173,0,1006,0
2026-03-14,01:00,26.11,89,1.788,180,0,1006,0
2026-03-14,02:00,26.67,89,1.788,185,0,1005,0
2026-03-14,03:00,26.67,90,1.341,186,0,1005,0
2026-03-14,04:00,26.11,90,1.341,191,0,1005,0
2026-03-14,05:00,26.67,90,0.8941,185,0,1005,0
2026-03-14,06:00,26.67,90,0.8941,185,0,1005,0
2026-03-14,07:00,26.67,90,0.8941,169,20,1005,0
2026-03-14,08:00,27.78,87,0.8941,287,127,1005,0
2026-03-14,09:00,27.78,90,1.341,300,200,1006,0
2026-03-14,10:00,27.22,86,1.788,311,242,1006,0
2026-03-14,11:00,27.78,83,1.788,311,370,1007,0
2026-03-14,12:00,27.78,84,2.235,319,444,1007,0
2026-03-14,13:00,28.33,83,2.235,317,399,1006,0
2026-03-14,14:00,27.22,84,2.682,316,216,1006,0
2026-03-14,15:00,27.22,83,3.129,321,109,1005,0
2026-03-14,16:00,26.67,80,2.682,323,97,1005,0
2026-03-14,17:00,26.11,83,3.576,323,51,1006,0
2026-03-14,18:00,26.67,78,3.129,322,23,1007,0
2026-03-14,19:00,27.22,78,4.023,326,2,1007,0
2026-03-14,20:00,26.67,76,4.023,326,0,1008,0
2026-03-14,21:00,26.67,77,3.576,326,0,1009,0
2026-03-14,22:00,26.67,76,4.023,324,0,1009,0
2026-03-14,23:00,26.67,77,3.576,320,0,1009,0
2026-03-15,00:00,26.11,76,3.129,319,0,1008,0
2026-03-15,01:00,26.11,75,3.129,317,0,1008,0
2026-03-15,02:00,26.11,75,3.129,314,0,1008,0
2026-03-15,03:00,25.56,73,3.129,312,0,1008,0
2026-03-15,04:00,25.56,76,3.576,316,0,1007,0
2026-03-15,05:00,25.56,75,3.129,315,0,1007,0
2026-03-15,06:00,25.56,74,3.129,317,0,1007,0
2026-03-15,07:00,25.56,72,3.576,322,0,1008,0
2026-03-15,08:00,26.11,69,3.576,323,0,1009,0
2026-03-15,09:00,26.67,64,3.129,319,0,1011,0
2026-03-15,10:00,27.22,61,2.682,323,0,1011,0
2026-03-15,11:00,27.22,65,3.129,323,0,1011,0
2026-03-15,12:00,27.78,64,2.682,325,0,1011,0
2026-03-15,13:00,27.78,63,2.682,326,0,1010,0
2026-03-15,14:00,27.78,61,2.682,324,0,1009,0
2026-03-15,15:00,27.22,68,3.129,323,0,1008,0
2026-03-15,16:00,27.22,61,2.682,324,0,1008,0
2026-03-15,17:00,26.67,68,3.129,326,0,1008,0
2026-03-15,18:00,26.11,69,2.682,325,0,1008,0
2026-03-15,19:00,25.56,68,2.682,326,0,1009,0
2026-03-15,20:00,25.56,65,2.682,324,0,1009,0
2026-03-15,21:00,25.56,68,2.682,324,0,1010,0
2026-03-15,22:00,26.11,64,2.682,325,0,1010,0
2026-03-15,23:00,26.11,56,2.235,322,0,1010,0
2026-03-16,00:00,26.11,56,1.788,322,0,1011,0
2026-03-16,01:00,25.56,57,1.341,328,0,1011,0
2026-03-16,02:00,23.89,70,0.8941,130,0,1010,0
2026-03-16,03:00,23.33,72,0.8941,140,0,1010,0
2026-03-16,04:00,25,77,2.235,335,0,1009,0
2026-03-16,05:00,24.44,77,0.8941,55,0,1009,0
2026-03-16,06:00,24.44,80,1.788,19,0,1009,0
2026-03-16,07:00,23.33,84,2.235,84,4,1010,0
2026-03-16,08:00,23.33,78,1.788,35,47,1011,1
2026-03-16,09:00,25,73,1.788,4,0,1011,0
2026-03-16,10:00,26.11,70,1.788,342,0,1012,0
2026-03-16,11:00,26.67,66,1.788,356,0,1012,0
2026-03-16,12:00,27.22,66,1.788,24,0,1011,0
2026-03-16,13:00,27.22,71,1.788,1,0,1010,0
2026-03-16,14:00,27.22,67,2.235,0,0,1009,0
2026-03-16,15:00,26.67,71,2.235,357,87,1009,0
2026-03-16,16:00,26.67,75,2.235,346,17,1009,0
2026-03-16,17:00,25,83,2.682,340,170,1009,0
2026-03-16,18:00,23.89,86,2.235,15,82,1009,2
2026-03-16,19:00,23.33,77,1.788,79,6,1010,0
2026-03-16,20:00,25,73,1.788,25,0,1010,0
2026-03-16,21:00,25.56,71,1.788,14,0,1011,0
2026-03-16,22:00,25.56,67,1.788,5,0,1012,0
2026-03-16,23:00,25.56,61,1.788,343,0,1012,0
2026-03-17,00:00,26.11,63,1.341,5,0,1012,0
2026-03-17,01:00,25.56,65,1.788,32,0,1012,0
2026-03-17,02:00,25.56,66,1.788,51,0,1011,0
2026-03-17,03:00,25.56,64,1.341,26,0,1010,0
2026-03-17,04:00,25.56,62,1.341,59,0,1010,0
2026-03-17,05:00,25.56,67,1.788,2,0,1010,0
2026-03-17,06:00,25.56,61,1.788,4,0,1011,0
2026-03-17,07:00,26.11,58,1.788,75,18,1011,0
2026-03-17,08:00,26.11,66,1.788,358,131,1012,0
2026-03-17,09:00,26.67,67,1.788,20,68,1013,0
2026-03-17,10:00,26.67,65,1.788,41,94,1013,0
2026-03-17,11:00,27.22,57,2.235,58,89,1013,0
2026-03-17,12:00,27.22,59,2.235,66,107,1012,0
2026-03-17,13:00,27.78,59,1.788,53,0,1012,0
2026-03-17,14:00,27.22,62,2.235,58,605,1011,0
2026-03-17,15:00,27.22,66,2.235,52,730,1011,0
2026-03-17,16:00,27.22,66,1.788,25,339,1010,0
2026-03-17,17:00,26.67,71,2.235,39,289,1010,0
2026-03-17,18:00,26.11,68,2.235,66,88,1011,0
2026-03-17,20:00,26.11,68,2.235,73,0,1012,0
2026-03-17,21:00,25.56,69,2.682,85,0,1013,0
2026-03-17,22:00,25,69,2.235,91,0,1013,0
2026-03-18,00:00,25.56,59,2.235,90,0,1013,0
2026-03-18,01:00,25,70,2.682,91,0,1013,0
2026-03-18,02:00,25,68,2.235,92,0,1013,0
2026-03-18,03:00,25,81,2.682,2,0,1012,0
2026-03-18,04:00,23.89,80,2.682,69,0,1012,1
2026-03-18,05:00,24.44,73,2.235,94,0,1012,0
2026-03-18,06:00,25,68,2.235,59,0,1012,0
2026-03-18,07:00,25.56,65,1.788,28,15,1013,0
2026-03-18,08:00,26.11,66,1.788,24,98,1013,0
2026-03-18,09:00,26.67,59,1.788,33,200,1014,0
2026-03-18,10:00,27.22,56,2.235,58,86,1014,0
2026-03-18,11:00,27.78,57,1.788,39,0,1014,0
2026-03-18,12:00,27.78,59,2.235,69,0,1014,0
2026-03-18,13:00,27.78,62,2.235,66,182,1013,0
2026-03-18,14:00,27.78,62,2.682,68,765,1012,0
2026-03-18,15:00,27.22,65,3.129,71,676,1012,0
2026-03-18,16:00,27.22,65,2.682,68,541,1011,0
2026-03-18,17:00,26.67,66,3.129,73,270,1011,0
2026-03-18,18:00,26.11,67,2.682,75,145,1012,0
2026-03-18,19:00,25.56,66,2.682,71,10,1012,0
2026-03-18,20:00,25.56,65,2.682,69,0,1012,0
2026-03-18,21:00,25.56,67,2.682,72,0,1013,0
2026-03-18,22:00,25,70,2.682,91,0,1013,0
2026-03-18,23:00,25,71,2.682,90,0,1013,0
2026-03-19,00:00,25.56,78,3.129,86,0,1013,0
2026-03-19,01:00,24.44,78,3.129,91,0,1013,0
2026-03-19,02:00,25.56,78,4.023,85,0,1013,0
2026-03-19,03:00,24.44,80,3.576,80,0,1012,0
2026-03-19,04:00,24.44,78,2.235,70,0,1012,0
2026-03-19,05:00,23.89,77,3.129,88,0,1012,1
2026-03-19,06:00,25,73,2.682,80,0,1012,0
2026-03-19,07:00,25,77,2.682,78,20,1012,0
2026-03-19,08:00,25,85,2.682,62,89,1013,0
2026-03-19,09:00,24.44,79,2.235,66,205,1014,0
2026-03-19,10:00,25.56,81,3.129,74,328,1014,0
2026-03-19,11:00,25.56,81,2.235,72,315,1014,0
2026-03-19,12:00,26.11,75,2.682,70,17,1013,0
2026-03-19,13:00,27.22,76,2.682,73,44,1012,0
2026-03-19,14:00,26.67,73,3.129,73,104,1011,0
2026-03-19,15:00,27.22,75,3.129,72,334,1011,0
2026-03-19,16:00,27.22,74,3.129,72,575,1010,0
2026-03-19,17:00,26.67,77,3.576,72,176,1010,0
2026-03-19,18:00,25.56,76,3.576,84,57,1010,0
2026-03-19,19:00,26.11,72,3.129,86,6,1010,0
2026-03-19,20:00,26.11,74,3.576,87,0,1011,0
2026-03-19,21:00,25.56,72,3.129,86,0,1012,0
2026-03-19,22:00,25,76,3.129,88,0,1012,0
2026-03-19,23:00,25,75,3.129,89,0,1013,0
2026-03-20,00:00,25,74,2.682,88,0,1013,0
2026-03-20,01:00,25,73,2.682,88,0,1013,0
2026-03-20,02:00,25,71,2.235,88,0,1012,0
2026-03-20,03:00,25,72,2.235,88,0,1012,0
2026-03-20,04:00,25,73,2.682,90,0,1012,0
2026-03-20,05:00,25,74,2.682,88,0,1012,0
2026-03-20,06:00,25,72,3.129,87,0,1012,0
2026-03-20,07:00,25,73,2.682,88,18,1012,0
2026-03-20,08:00,25.56,68,2.682,86,136,1013,0
2026-03-20,09:00,26.67,64,3.129,77,105,1014,0
2026-03-20,10:00,27.78,63,3.129,74,0,1014,0
2026-03-20,11:00,27.78,64,2.682,70,0,1013,0
2026-03-20,12:00,27.78,66,2.682,68,0,1013,0
2026-03-20,13:00,28.33,66,2.682,68,0,1012,0
2026-03-20,14:00,27.78,65,3.129,71,0,1011,0
2026-03-20,15:00,27.78,67,3.129,69,0,1011,0
2026-03-20,16:00,27.78,65,3.129,71,260,1010,0
2026-03-20,17:00,27.78,69,3.129,78,408,1010,0
2026-03-20,18:00,27.22,71,3.576,79,159,1011,0
2026-03-20,19:00,26.67,74,3.129,84,10,1011,0
2026-03-20,20:00,26.11,79,3.129,83,0,1012,0
2026-03-20,21:00,25.56,82,3.129,84,0,1012,0
2026-03-20,22:00,25.56,81,3.129,84,0,1013,0
2026-03-20,23:00,25.56,81,3.129,86,0,1013,0
2026-03-21,00:00,25,89,2.682,94,0,1013,0
2026-03-21,01:00,25,88,3.129,101,0,1013,0
2026-03-21,02:00,23.89,91,2.235,99,0,1012,1
2026-03-21,03:00,24.44,90,1.341,85,0,1012,0
2026-03-21,04:00,24.44,90,3.129,91,0,1011,0
2026-03-21,05:00,24.44,90,3.129,97,0,1011,0
2026-03-21,06:00,25,88,3.129,96,0,1012,0
2026-03-21,07:00,25,86,2.682,92,0,1012,0
2026-03-21,08:00,25.56,81,2.682,87,0,1013,0
2026-03-21,09:00,26.11,81,3.129,103,0,1013,0
2026-03-21,10:00,27.78,74,3.576,89,0,1013,0
2026-03-21,11:00,26.67,77,4.023,87,14,1013,3
2026-03-21,12:00,27.78,74,4.47,90,0,1013,0
2026-03-21,13:00,28.33,68,4.023,89,0,1012,0
2026-03-21,14:00,28.89,67,4.023,86,0,1011,0
2026-03-21,15:00,28.89,70,4.023,82,0,1011,0
2026-03-21,16:00,28.33,73,3.576,81,0,1011,0
2026-03-21,17:00,28.33,69,3.576,76,0,1011,0
2026-03-21,18:00,27.78,72,3.129,86,0,1011,0
2026-03-21,19:00,27.22,75,3.129,85,0,1011,0
2026-03-21,20:00,26.67,74,3.129,84,0,1012,0
2026-03-21,21:00,26.67,75,2.682,84,0,1012,0
2026-03-21,22:00,26.67,74,3.129,86,0,1013,0
2026-03-21,23:00,26.67,75,3.129,87,0,1013,0
2026-03-22,00:00,26.67,76,2.682,84,0,1013,0
2026-03-22,01:00,26.67,77,2.682,86,0,1012,0
2026-03-22,02:00,26.67,77,3.129,85,0,1012,0
2026-03-22,03:00,26.11,77,3.129,86,0,1012,0
2026-03-22,04:00,26.11,78,3.129,87,0,1011,0
2026-03-22,05:00,26.11,78,3.129,85,0,1011,0
2026-03-22,06:00,26.11,78,2.682,86,0,1011,0
2026-03-22,07:00,26.11,77,2.682,86,0,1012,0
2026-03-22,08:00,26.67,75,3.129,81,0,1012,0
2026-03-22,09:00,27.22,75,3.576,80,0,1013,0
2026-03-22,10:00,27.78,74,3.576,77,0,1013,0
2026-03-22,11:00,28.33,70,3.129,78,0,1013,0
2026-03-22,12:00,28.33,75,3.129,77,0,1013,0
2026-03-22,13:00,27.78,75,3.129,76,0,1012,0
2026-03-22,14:00,27.78,76,3.129,72,0,1011,0
2026-03-22,15:00,27.78,77,3.129,77,0,1010,0
2026-03-22,16:00,28.33,77,3.129,78,0,1010,0
2026-03-22,17:00,27.78,79,3.576,80,0,1010,0
2026-03-22,18:00,27.78,79,4.023,78,0,1010,0
2026-03-22,20:00,26.67,84,4.023,85,0,1011,0
2026-03-22,21:00,26.11,91,3.576,91,0,1011,1
2026-03-22,22:00,26.11,88,3.576,84,0,1012,0
2026-03-22,23:00,25.56,86,3.129,87,0,1012,1
2026-03-23,00:00,26.11,89,3.576,81,0,1012,1
2026-03-23,02:00,25.56,89,3.576,84,0,1011,0
2026-03-23,03:00,25.56,91,3.576,80,0,1010,1
2026-03-23,04:00,25,88,4.023,81,0,1010,0
2026-03-23,05:00,25.56,86,3.576,81,0,1009,0
2026-03-23,06:00,26.11,87,4.023,84,0,1010,0
2026-03-23,07:00,25,89,4.023,83,0,1011,1
2026-03-23,08:00,25.56,85,4.023,81,0,1011,0
2026-03-23,09:00,26.67,75,4.023,78,0,1011,0
2026-03-23,10:00,27.78,75,4.47,79,0,1012,0
2026-03-23,11:00,27.78,75,4.47,79,0,1012,0
2026-03-23,12:00,27.78,77,4.023,77,0,1011,0
2026-03-23,13:00,27.78,75,4.47,76,0,1010,0
2026-03-23,14:00,27.78,73,4.47,78,0,1009,0
2026-03-23,15:00,28.33,70,4.023,77,0,1009,0
2026-03-23,16:00,28.33,72,4.023,78,0,1009,0
2026-03-23,17:00,28.33,74,3.576,76,0,1009,0
2026-03-23,18:00,27.78,78,3.129,81,0,1009,0
2026-03-23,19:00,27.22,81,3.129,82,0,1010,0
2026-03-23,20:00,26.67,86,3.129,83,0,1010,0
2026-03-23,21:00,26.67,85,2.682,80,0,1011,0
2026-03-23,22:00,27.22,82,3.129,83,0,1011,0
2026-03-23,23:00,26.67,88,4.023,82,0,1011,0
2026-03-24,00:00,26.11,90,3.576,83,0,1010,0
2026-03-24,01:00,26.11,88,3.129,84,0,1010,0
2026-03-24,02:00,25.56,92,3.129,82,0,1009,1
2026-03-24,03:00,25.56,93,3.129,82,0,1009,2
2026-03-24,04:00,25.56,93,3.129,84,0,1008,1
2026-03-24,05:00,25,94,3.576,82,0,1008,1
2026-03-24,06:00,25,95,3.129,90,0,1008,1
2026-03-24,07:00,25,95,2.682,84,0,1009,0
2026-03-24,08:00,25.56,94,2.682,85,0,1009,1
2026-03-24,09:00,25.56,94,2.235,91,0,1010,1
2026-03-24,10:00,26.11,94,3.129,100,0,1010,1
2026-03-24,11:00,26.11,90,2.682,107,0,1010,0
2026-03-24,12:00,26.67,91,2.682,96,0,1010,0
2026-03-24,13:00,26.67,92,3.129,86,0,1009,0
2026-03-24,14:00,26.11,93,3.576,101,0,1008,2
2026-03-24,15:00,26.67,89,4.023,97,0,1008,0
2026-03-24,16:00,27.22,84,3.576,99,0,1007,0
2026-03-24,17:00,27.78,87,2.682,98,0,1007,0
2026-03-24,18:00,26.11,92,3.129,98,0,1008,0
2026-03-24,19:00,25.56,94,3.129,96,0,1008,2
2026-03-24,20:00,25,93,2.235,89,0,1009,0
2026-03-24,21:00,26.11,92,2.682,87,0,1009,0
2026-03-24,22:00,26.11,92,2.682,89,0,1010,0
2026-03-24,23:00,25.56,92,2.682,89,0,1010,0
2026-03-25,00:00,25.56,93,1.788,78,0,1009,0
2026-03-25,01:00,25.56,91,2.235,88,0,1009,0
2026-03-25,02:00,25.56,93,2.682,82,0,1009,1
2026-03-25,03:00,25.56,95,2.682,81,0,1008,12
2026-03-25,04:00,25,96,3.576,82,0,1008,12
2026-03-25,05:00,24.44,96,4.023,78,0,1008,1
2026-03-25,06:00,25,96,3.576,79,0,1009,3
2026-03-25,07:00,25,96,4.023,78,5,1009,6
2026-03-25,08:00,24.44,96,4.023,80,57,1010,3
2026-03-25,09:00,24.44,95,4.023,80,168,1011,2
2026-03-25,10:00,25,92,4.023,81,369,1011,0
2026-03-25,11:00,26.11,84,4.023,77,470,1010,0
2026-03-25,12:00,27.22,83,4.023,77,496,1009,0
2026-03-25,13:00,26.67,88,3.576,87,191,1009,1
2026-03-25,14:00,26.11,91,3.576,78,435,1008,0
2026-03-25,15:00,26.11,93,3.576,77,506,1008,3
2026-03-25,16:00,26.11,92,3.576,81,359,1007,1
2026-03-25,17:00,25.56,94,3.576,81,93,1008,2
2026-03-25,18:00,25,94,4.023,88,52,1008,4
2026-03-25,19:00,25,93,3.576,84,20,1008,0
2026-03-25,20:00,25,92,3.576,85,0,1009,0
2026-03-25,21:00,25.56,92,3.576,83,0,1009,0
2026-03-25,22:00,25.56,92,2.682,85,0,1009,1
2026-03-25,23:00,26.11,91,2.682,84,0,1009,0
2026-03-26,00:00,26.11,90,2.682,82,0,1009,0
2026-03-26,01:00,26.11,89,3.129,87,0,1009,0
2026-03-26,02:00,26.11,88,2.682,95,0,1008,0
2026-03-26,03:00,26.67,89,2.235,94,0,1008,0
2026-03-26,04:00,25.56,93,2.235,111,0,1008,1
2026-03-26,05:00,25.56,93,2.235,122,0,1008,3
2026-03-26,06:00,25,93,2.682,119,0,1008,3
2026-03-26,07:00,25,92,2.235,120,11,1008,0
2026-03-26,08:00,25,89,2.235,104,57,1009,0
2026-03-26,09:00,26.67,84,2.682,92,359,1009,0
2026-03-26,10:00,27.78,80,3.129,87,495,1009,0
2026-03-26,11:00,28.33,79,2.682,102,433,1009,0
2026-03-26,12:00,28.89,77,1.788,98,520,1008,0
2026-03-26,13:00,28.89,77,2.682,112,547,1008,0
2026-03-26,14:00,28.89,81,2.682,183,596,1007,0
2026-03-26,15:00,28.89,79,1.788,183,380,1006,0
2026-03-26,16:00,29.44,77,0.8941,276,260,1006,0
2026-03-26,17:00,28.89,78,0.8941,209,256,1006,0
2026-03-26,18:00,28.33,77,0.8941,186,36,1007,0
2026-03-26,19:00,27.78,81,0.8941,134,0,1007,0
2026-03-26,21:00,26.67,84,0.8941,86,0,1009,0
2026-03-26,22:00,26.67,88,0.8941,66,0,1009,0
2026-03-26,23:00,26.11,89,0.447,91,0,1009,0
2026-03-27,00:00,26.67,86,0.8941,198,0,1009,0
2026-03-27,01:00,26.67,88,1.341,178,0,1009,0
2026-03-27,02:00,25.56,90,1.341,198,0,1008,0
2026-03-27,03:00,25,93,1.341,198,0,1008,1
2026-03-27,04:00,24.44,93,1.341,130,0,1007,1
2026-03-27,05:00,24.44,93,0.8941,91,0,1007,0
2026-03-27,06:00,25,94,0.8941,142,0,1007,1
2026-03-27,07:00,24.44,95,2.235,184,10,1009,3
2026-03-27,08:00,23.89,95,2.682,186,7,1009,9
2026-03-27,09:00,23.89,94,1.788,172,144,1010,4
2026-03-27,10:00,25,91,1.341,192,176,1010,0
2026-03-27,11:00,25,91,1.341,189,112,1010,2
2026-03-27,12:00,25.56,91,0.8941,213,142,1009,0
2026-03-27,13:00,26.11,88,1.341,199,315,1007,0
2026-03-27,14:00,27.22,79,1.341,187,479,1007,0
2026-03-27,15:00,28.33,76,0.8941,229,339,1006,0
2026-03-27,16:00,28.89,76,0.8941,256,166,1005,0
2026-03-27,17:00,28.89,76,0.8941,288,15,1005,0
2026-03-27,18:00,28.33,81,0.8941,53,0,1006,0
2026-03-27,19:00,27.22,86,0.447,40,0,1006,0
2026-03-27,20:00,26.11,88,0.447,87,0,1007,0
2026-03-27,21:00,26.67,87,0.8941,249,0,1007,0
2026-03-27,22:00,26.67,88,0.8941,113,0,1008,0
2026-03-27,23:00,26.67,89,0.8941,125,0,1008,0
2026-03-28,00:00,26.67,89,1.341,121,0,1007,0
2026-03-28,01:00,26.67,89,1.341,124,0,1007,0
2026-03-28,02:00,26.67,88,1.341,134,0,1007,0
2026-03-28,03:00,27.22,88,1.341,154,0,1006,0
2026-03-28,04:00,27.22,87,1.341,160,0,1006,0
2026-03-28,05:00,27.22,87,1.788,168,0,1006,0
2026-03-28,06:00,27.22,87,1.788,174,0,1006,0
2026-03-28,07:00,27.22,86,1.788,173,0,1007,0
2026-03-28,08:00,27.78,84,2.235,181,0,1008,0
2026-03-28,09:00,28.33,81,2.682,188,0,1008,0
2026-03-28,10:00,28.89,77,2.682,187,0,1009,0
2026-03-28,11:00,30,75,2.235,191,0,1009,0
2026-03-28,12:00,30,74,2.235,186,0,1008,0
2026-03-28,13:00,29.44,83,1.788,284,0,1008,0
2026-03-28,14:00,28.33,83,1.341,289,0,1007,0
2026-03-28,15:00,29.44,82,1.341,293,0,1006,0
2026-03-28,16:00,29.44,82,1.341,279,0,1006,0
2026-03-28,17:00,28.33,85,1.341,290,0,1006,0
2026-03-28,18:00,28.89,84,0.8941,299,0,1007,0
2026-03-28,19:00,27.22,88,0.447,322,0,1007,0
2026-03-28,20:00,26.67,90,0.447,66,0,1008,0
2026-03-28,21:00,26.11,91,0.447,99,0,1008,0
2026-03-28,22:00,26.67,91,0.447,92,0,1009,0
2026-03-28,23:00,26.11,92,0.8941,95,0,1009,0
2026-03-29,00:00,26.11,93,0.8941,103,0,1008,0
2026-03-29,01:00,26.11,93,1.341,86,0,1008,0
2026-03-29,02:00,26.11,93,0.8941,87,0,1008,0
2026-03-29,03:00,26.11,93,0.8941,96,0,1007,0
2026-03-29,04:00,26.11,93,1.788,97,0,1007,1
2026-03-29,05:00,25.56,95,0.8941,100,0,1007,0
2026-03-29,06:00,25.56,95,0.8941,94,0,1008,0
2026-03-29,07:00,25.56,94,0.447,115,0,1008,0
2026-03-29,08:00,26.11,94,1.341,75,0,1009,0
2026-03-29,09:00,26.11,92,0.8941,55,0,1010,0
2026-03-29,10:00,26.67,92,0.8941,41,0,1011,1
2026-03-29,11:00,26.11,94,0.8941,55,286,1011,2
2026-03-29,12:00,26.67,93,0.8941,14,323,1010,1
2026-03-29,13:00,27.22,92,1.341,49,318,1010,0
2026-03-29,14:00,26.11,94,1.788,66,303,1009,2
2026-03-29,15:00,26.11,94,1.341,68,325,1008,2
2026-03-29,16:00,26.11,93,1.788,68,360,1008,1
2026-03-29,17:00,26.67,93,2.235,71,347,1008,0
2026-03-29,18:00,26.67,92,1.788,80,134,1008,0
2026-03-29,19:00,26.67,92,1.788,82,7,1009,0
2026-03-29,20:00,26.11,93,1.788,97,0,1009,1
2026-03-29,21:00,26.11,93,1.788,98,0,1010,0
2026-03-29,22:00,26.11,92,2.235,90,0,1011,0
2026-03-29,23:00,26.11,91,2.235,92,0,1011,0
2026-03-30,00:00,26.11,92,2.235,89,0,1012,0
2026-03-30,01:00,26.11,92,1.788,85,0,1011,0
2026-03-30,02:00,26.11,92,1.341,88,0,1011,0
2026-03-30,03:00,25.56,92,0.8941,84,0,1011,0
2026-03-30,04:00,25.56,93,0.8941,55,0,1010,0
2026-03-30,05:00,25.56,94,1.788,88,0,1010,1
2026-03-30,06:00,25,95,1.788,81,0,1011,11
2026-03-30,07:00,25.56,95,2.235,86,15,1011,0
2026-03-30,08:00,25.56,94,1.788,85,90,1012,0
2026-03-30,09:00,25.56,95,2.235,88,137,1012,1
2026-03-30,10:00,25.56,96,2.235,80,348,1013,1
2026-03-30,11:00,26.67,91,2.235,80,585,1013,0
2026-03-30,12:00,27.22,89,2.682,70,862,1013,0
2026-03-30,13:00,27.78,87,2.235,72,717,1012,0
2026-03-30,14:00,27.22,89,2.235,74,489,1011,0
2026-03-30,15:00,26.11,93,2.682,80,328,1011,3
2026-03-30,16:00,26.11,92,2.235,77,371,1011,0
2026-03-30,17:00,26.11,92,2.682,75,209,1011,1
2026-03-30,18:00,25.56,94,0.8941,80,38,1011,2
2026-03-30,19:00,26.11,93,3.129,86,3,1011,0
2026-03-30,20:00,26.11,93,3.129,82,0,1011,0
2026-03-30,21:00,26.67,92,3.576,82,0,1012,0
2026-03-30,22:00,26.67,92,3.129,84,0,1012,0
2026-03-30,23:00,26.67,93,3.576,82,0,1012,0
2026-03-31,00:00,26.11,92,3.129,84,0,1012,0
2026-03-31,01:00,26.11,92,3.129,81,0,1012,0
2026-03-31,02:00,26.11,93,3.129,87,0,1012,1
2026-03-31,03:00,26.11,94,3.576,84,0,1011,0
2026-03-31,04:00,26.11,94,3.129,82,0,1011,1
2026-03-31,05:00,26.11,94,3.129,81,0,1011,0
2026-03-31,06:00,26.11,94,2.682,87,0,1011,0
2026-03-31,07:00,26.11,95,2.682,84,20,1012,1
2026-03-31,08:00,26.11,93,2.682,84,180,1013,0
2026-03-31,09:00,27.22,91,2.235,80,366,1013,0
2026-03-31,10:00,27.78,88,2.235,79,442,1013,0
2026-03-31,11:00,28.89,83,2.682,80,590,1013,0
2026-03-31,12:00,28.89,82,3.129,86,610,1013,0
2026-03-31,13:00,29.44,79,3.576,90,803,1013,0
2026-03-31,14:00,28.89,82,3.129,88,457,1012,0
2026-03-31,15:00,29.44,82,3.129,93,411,1011,0
2026-03-31,16:00,28.33,87,2.235,91,249,1010,0
2026-03-31,17:00,28.89,84,2.682,99,4,1011,0
2026-03-31,18:00,28.33,90,1.788,102,52,1011,1
2026-03-31,20:00,27.22,90,1.788,83,0,1012,0
2026-03-31,21:00,27.22,90,1.788,89,0,1013,0
2026-03-31,22:00,27.22,90,2.235,79,0,1013,0
2026-03-31,23:00,27.22,91,2.235,86,0,1013,0
2026-04-01,00:00,27.22,90,2.235,92,0,1013,0
2026-04-01,01:00,27.22,89,1.788,87,0,1013,0
2026-04-01,02:00,26.67,89,1.788,85,0,1013,0
2026-04-01,03:00,26.67,89,1.788,86,0,1012,0
2026-04-01,04:00,26.67,89,1.788,86,0,1012,0
2026-04-01,05:00,26.67,90,2.235,89,0,1012,0
2026-04-01,06:00,26.67,89,2.235,86,0,1012,0
2026-04-01,07:00,26.67,89,1.788,84,21,1013,0
2026-04-01,08:00,27.22,83,2.682,87,191,1013,0
2026-04-01,09:00,28.33,80,3.576,86,420,1014,0
2026-04-01,10:00,29.44,74,3.129,83,660,1014,0
2026-04-01,11:00,29.44,75,3.576,90,673,1014,0
2026-04-01,12:00,30,75,3.129,85,600,1013,0
2026-04-01,13:00,29.44,77,3.576,86,394,1013,0
2026-04-01,14:00,29.44,76,3.129,79,279,1012,0
2026-04-01,15:00,29.44,74,3.129,83,217,1012,0
2026-04-01,16:00,29.44,76,2.682,86,0,1011,0
2026-04-01,17:00,28.89,79,2.682,80,0,1012,0
2026-04-01,18:00,28.33,82,2.682,84,0,1012,0
2026-04-01,19:00,27.78,85,2.235,83,0,1012,0
2026-04-01,20:00,27.78,89,1.788,82,0,1013,0
2026-04-01,21:00,27.22,88,2.235,83,0,1013,0
2026-04-01,22:00,27.22,88,2.235,85,0,1013,0
2026-04-01,23:00,27.22,87,2.235,85,0,1013,0
2026-04-02,00:00,27.22,87,2.235,85,0,1013,0
2026-04-02,01:00,27.22,86,1.788,83,0,1013,0
2026-04-02,02:00,27.22,86,2.235,87,0,1012,0
2026-04-02,03:00,26.67,87,2.235,88,0,1012,0
2026-04-02,04:00,26.67,87,1.788,89,0,1012,0
2026-04-02,05:00,26.67,88,1.341,98,0,1012,0
2026-04-02,06:00,26.11,86,1.341,91,0,1013,0
2026-04-02,07:00,26.11,89,1.788,96,0,1013,0
2026-04-02,08:00,26.67,87,1.788,94,0,1014,0
2026-04-02,09:00,27.78,79,2.235,92,0,1014,0
2026-04-02,10:00,28.89,79,1.788,73,0,1015,0
2026-04-02,11:00,28.89,79,1.788,74,0,1015,0
2026-04-02,12:00,29.44,77,1.788,60,0,1014,0
2026-04-02,13:00,29.44,76,1.788,60,0,1013,0
2026-04-02,14:00,29.44,75,2.235,64,0,1012,0
2026-04-02,15:00,29.44,75,1.788,59,0,1012,0
2026-04-02,16:00,28.89,75,1.788,65,0,1011,0
2026-04-02,17:00,28.89,75,1.788,64,0,1011,0
2026-04-02,18:00,28.33,76,1.788,70,0,1011,0
2026-04-02,19:00,27.78,77,1.788,76,0,1011,0
2026-04-02,20:00,27.22,83,2.235,88,0,1012,0
2026-04-02,21:00,26.67,83,1.788,88,0,1012,0
2026-04-02,22:00,26.11,84,1.341,95,0,1013,0
2026-04-02,23:00,26.11,85,0.8941,102,0,1013,0
2026-04-03,00:00,26.11,85,1.341,91,0,1013,0
2026-04-03,01:00,26.11,88,1.341,88,0,1013,1
2026-04-03,02:00,25,91,0.447,93,0,1012,0
2026-04-03,03:00,25.56,91,0.447,123,0,1012,0
2026-04-03,04:00,25.56,91,0.8941,133,0,1011,0
2026-04-03,05:00,26.11,91,0.8941,98,0,1011,0
2026-04-03,06:00,25.56,90,1.341,89,0,1011,0
2026-04-03,07:00,25.56,87,0.8941,98,0,1012,0
2026-04-03,08:00,27.22,81,1.341,83,0,1012,0
2026-04-03,09:00,28.33,76,2.235,81,0,1013,0
2026-04-03,10:00,28.89,72,2.682,80,0,1013,0
2026-04-03,11:00,29.44,69,2.682,88,0,1013,0
2026-04-03,12:00,29.44,70,2.682,80,0,1012,0
2026-04-03,13:00,29.44,69,2.235,80,0,1012,0
2026-04-03,14:00,29.44,74,2.235,77,0,1011,0
2026-04-03,15:00,28.89,75,2.235,74,0,1010,0
2026-04-03,16:00,28.89,73,2.235,79,0,1010,0
2026-04-03,17:00,28.89,74,2.235,75,0,1010,0
2026-04-03,18:00,28.33,77,2.682,79,0,1010,0
2026-04-03,19:00,27.78,79,2.682,85,0,1011,0
2026-04-03,20:00,27.22,79,2.235,88,0,1011,0
2026-04-03,21:00,27.22,81,2.235,83,0,1012,0
2026-04-03,22:00,27.22,84,2.682,85,0,1012,0
2026-04-03,23:00,26.67,84,3.129,84,0,1012,0
2026-04-04,00:00,25.56,92,3.576,80,0,1012,2
2026-04-04,01:00,25,92,3.129,88,0,1012,0
2026-04-04,02:00,25.56,88,2.235,106,0,1012,2
2026-04-04,03:00,26.11,84,1.788,107,0,1012,0
2026-04-04,04:00,26.11,85,1.341,112,0,1011,0
2026-04-04,05:00,26.67,85,1.341,109,0,1011,0
2026-04-04,06:00,26.11,86,0.8941,115,0,1012,0
2026-04-04,07:00,26.67,86,1.788,100,0,1012,0
2026-04-04,08:00,27.22,83,2.682,105,0,1013,0
2026-04-04,09:00,28.33,77,3.576,96,0,1013,0
2026-04-04,10:00,29.44,74,4.023,90,0,1013,0
2026-04-04,11:00,29.44,73,4.023,89,0,1013,0
2026-04-04,12:00,29.44,72,3.576,94,0,1013,0
2026-04-04,13:00,29.44,72,3.576,93,0,1012,0
2026-04-04,14:00,30,75,3.576,90,0,1012,0
2026-04-04,15:00,29.44,75,3.576,86,0,1011,0
2026-04-04,16:00,29.44,77,3.129,94,0,1011,0
2026-04-04,17:00,28.89,76,3.129,89,0,1011,0
2026-04-04,18:00,28.89,78,3.129,84,0,1011,0
2026-04-04,19:00,28.33,82,2.682,82,0,1011,0
2026-04-04,20:00,27.78,82,3.129,83,0,1012,0
2026-04-04,21:00,28.33,82,3.129,85,0,1012,0
2026-04-04,22:00,27.78,79,4.023,85,0,1013,0
2026-04-04,23:00,27.78,77,3.576,85,0,1013,0
2026-04-05,00:00,27.78,77,4.023,85,0,1013,0
2026-04-05,01:00,27.78,77,4.023,84,0,1013,0
2026-04-05,02:00,27.22,80,4.023,84,0,1013,0
2026-04-05,03:00,27.22,78,4.023,82,0,1012,0
2026-04-05,04:00,27.22,77,4.023,84,0,1012,0
2026-04-05,05:00,27.22,76,4.023,83,0,1012,0
2026-04-05,06:00,27.22,75,4.47,88,0,1013,0
2026-04-05,07:00,27.22,76,3.576,85,0,1013,0
2026-04-05,08:00,27.22,80,3.576,86,0,1014,0
2026-04-05,09:00,28.33,71,4.47,83,0,1014,0
2026-04-05,10:00,28.89,71,4.47,82,0,1014,0
2026-04-05,11:00,29.44,69,4.917,82,0,1014,0
2026-04-05,12:00,29.44,68,4.917,83,0,1013,0
2026-04-05,13:00,29.44,68,4.917,84,0,1013,0
2026-04-05,14:00,29.44,69,3.576,78,0,1012,0
2026-04-05,15:00,29.44,73,3.576,78,0,1012,0
2026-04-05,16:00,28.89,75,3.129,78,0,1011,0
2026-04-05,17:00,28.89,74,3.576,80,0,1012,0
2026-04-05,18:00,28.33,75,3.129,77,0,1012,0
2026-04-05,19:00,27.78,77,3.129,86,0,1013,0
2026-04-05,20:00,27.22,79,2.682,88,0,1013,0
2026-04-05,21:00,27.22,81,2.682,89,0,1014,0
2026-04-05,22:00,27.22,81,2.682,87,0,1014,0
2026-04-05,23:00,27.22,83,2.235,87,0,1014,0
2026-04-06,00:00,27.22,82,2.235,86,0,1014,0
2026-04-06,01:00,27.22,84,1.788,87,0,1013,0
2026-04-06,02:00,26.67,84,2.235,89,0,1013,0
2026-04-06,03:00,26.11,90,1.788,88,0,1013,0
2026-04-06,04:00,25.56,88,2.682,86,0,1012,0
2026-04-06,05:00,25.56,92,4.023,107,0,1013,1
2026-04-06,06:00,25.56,89,2.682,106,0,1013,0
2026-04-06,07:00,25.56,89,1.788,99,0,1013,0
2026-04-06,08:00,27.22,80,3.129,90,0,1014,0
2026-04-06,09:00,28.33,75,3.576,87,0,1014,0
2026-04-06,10:00,28.89,73,4.47,92,0,1014,0
2026-04-06,11:00,29.44,74,4.023,80,0,1014,0
2026-04-06,12:00,28.89,74,4.47,83,0,1014,0
2026-04-06,13:00,29.44,66,4.47,83,0,1013,0
2026-04-06,14:00,29.44,70,4.47,82,0,1012,0
2026-04-06,15:00,29.44,68,4.47,82,0,1012,0
2026-04-06,16:00,28.89,63,4.023,80,0,1011,0
2026-04-06,17:00,28.89,66,3.576,80,0,1011,0
2026-04-06,18:00,28.33,70,3.576,83,0,1011,0
2026-04-06,19:00,27.22,73,3.576,84,0,1011,0
2026-04-06,20:00,27.22,74,3.576,82,0,1012,0
2026-04-06,21:00,27.22,75,3.576,84,0,1012,0
2026-04-06,22:00,27.22,75,3.576,86,0,1012,0
2026-04-06,23:00,27.22,75,3.576,85,0,1012,0
2026-04-07,00:00,27.22,76,3.129,86,0,1012,0
2026-04-07,01:00,26.67,76,2.682,82,0,1012,0
2026-04-07,02:00,27.22,77,2.682,83,0,1012,0
2026-04-07,03:00,26.67,80,2.682,82,0,1011,0
2026-04-07,04:00,26.11,82,3.129,88,0,1011,0
2026-04-07,05:00,26.11,81,2.682,87,0,1011,0
2026-04-07,06:00,26.67,81,2.682,88,0,1011,0
2026-04-07,07:00,27.22,79,2.682,86,0,1012,0
2026-04-07,08:00,26.67,87,3.129,82,0,1012,1
2026-04-07,09:00,25.56,92,3.129,81,0,1013,0
2026-04-07,10:00,26.67,86,3.576,76,0,1013,0
2026-04-07,11:00,26.67,90,3.576,80,0,1012,1
2026-04-07,12:00,26.67,92,4.023,87,0,1012,1
2026-04-07,13:00,27.22,82,4.023,90,0,1011,0
2026-04-07,14:00,28.33,79,4.47,89,0,1010,0
2026-04-07,15:00,27.78,90,4.47,90,0,1009,2
2026-04-07,16:00,26.67,80,3.576,85,0,1009,0
2026-04-07,17:00,27.78,77,3.576,84,0,1009,0
2026-04-07,18:00,27.78,79,4.023,86,0,1009,0
2026-04-07,19:00,27.78,80,3.576,86,0,1010,0
2026-04-07,20:00,27.22,80,3.576,88,0,1011,0
2026-04-07,21:00,27.78,79,3.576,88,0,1011,0
2026-04-07,23:00,27.22,79,3.129,84,0,1012,0
2026-04-08,00:00,27.22,78,2.682,83,0,1012,0
2026-04-08,01:00,26.67,80,2.235,83,0,1012,0
2026-04-08,02:00,26.67,82,1.788,82,0,1012,0
2026-04-08,04:00,26.67,81,2.235,86,0,1011,0
2026-04-08,05:00,26.67,80,2.682,86,0,1011,0
2026-04-08,06:00,26.11,82,1.788,93,0,1011,0
2026-04-08,07:00,26.11,84,1.341,103,0,1012,0
2026-04-08,08:00,27.22,77,2.235,78,0,1012,0
2026-04-08,09:00,28.33,75,2.682,80,0,1013,0
2026-04-08,10:00,28.33,77,3.129,77,0,1013,0
2026-04-08,11:00,28.89,76,2.682,77,0,1013,0
2026-04-08,12:00,28.89,77,2.235,76,0,1013,0
2026-04-08,13:00,28.89,77,2.235,73,0,1012,0
2026-04-08,14:00,28.89,78,2.682,73,0,1011,0
2026-04-08,15:00,29.44,76,2.682,76,0,1011,0
2026-04-08,16:00,28.89,77,2.682,79,0,1010,0
2026-04-08,17:00,28.33,79,3.129,80,0,1010,0
2026-04-08,18:00,28.33,79,3.129,79,0,1010,0
2026-04-08,19:00,27.78,82,2.682,78,0,1011,0
2026-04-08,20:00,27.22,82,2.682,85,0,1011,0
2026-04-08,21:00,27.22,81,2.682,85,0,1012,0
2026-04-08,22:00,27.22,81,2.682,86,0,1012,0
2026-04-08,23:00,27.22,81,2.235,88,0,1013,0
2026-04-09,00:00,27.22,82,2.682,86,0,1013,0
2026-04-09,01:00,27.22,81,2.682,88,0,1012,0
2026-04-09,02:00,26.67,81,2.682,85,0,1012,0
2026-04-09,03:00,26.67,81,2.235,87,0,1011,0
2026-04-09,04:00,26.67,81,2.235,89,0,1011,0
2026-04-09,05:00,26.67,81,2.235,86,0,1010,0
2026-04-09,06:00,26.67,81,2.235,86,0,1011,0
2026-04-09,07:00,26.67,81,2.235,87,0,1011,0
2026-04-09,08:00,27.78,77,2.682,82,0,1012,0
2026-04-09,09:00,28.33,77,3.129,80,0,1012,0
2026-04-09,10:00,28.89,76,3.129,78,0,1013,0
2026-04-09,11:00,28.89,77,2.682,74,0,1013,0
2026-04-09,12:00,28.89,77,3.129,77,0,1012,0
2026-04-09,13:00,29.44,77,2.682,74,0,1011,0
2026-04-09,14:00,29.44,78,3.129,74,0,1010,0
2026-04-09,15:00,29.44,76,3.129,76,0,1009,0
2026-04-09,16:00,28.89,76,3.576,75,0,1009,0
2026-04-09,17:00,28.89,78,3.576,78,0,1009,0
2026-04-09,18:00,28.33,78,3.576,80,0,1009,0
2026-04-09,19:00,27.78,80,3.576,81,0,1010,0
2026-04-09,20:00,27.78,79,3.576,79,0,1011,0
2026-04-09,21:00,27.78,79,4.023,80,0,1011,0
2026-04-09,22:00,27.78,81,3.576,81,0,1011,0
2026-04-09,23:00,27.78,82,3.576,81,0,1011,0
2026-04-10,00:00,26.11,89,3.576,78,0,1011,0
2026-04-10,01:00,26.67,87,3.129,81,0,1011,0
2026-04-10,02:00,26.11,91,3.129,81,0,1010,0
2026-04-10,03:00,26.67,88,3.129,85,0,1009,1
2026-04-10,04:00,27.22,85,3.576,82,0,1009,0
2026-04-10,05:00,27.22,83,3.576,81,0,1009,0
2026-04-10,06:00,27.22,84,3.576,81,0,1009,0
2026-04-10,07:00,27.22,81,3.576,81,0,1010,0
2026-04-10,08:00,27.78,80,4.023,78,0,1010,0
2026-04-10,09:00,28.33,80,4.023,79,0,1011,0
2026-04-10,10:00,28.33,78,3.576,80,0,1011,0
2026-04-10,11:00,28.89,76,3.576,78,0,1011,0
2026-04-10,12:00,29.44,74,4.47,75,0,1010,0
2026-04-10,13:00,29.44,72,4.47,81,0,1009,0
2026-04-10,14:00,29.44,75,4.023,75,0,1009,0
2026-04-10,15:00,28.89,71,4.023,75,0,1008,0
2026-04-10,16:00,28.89,73,4.023,76,0,1008,0
2026-04-10,17:00,28.33,74,3.576,80,0,1008,0
2026-04-10,18:00,28.33,75,3.576,83,0,1008,0
2026-04-10,19:00,27.78,74,3.576,83,0,1009,0
2026-04-10,20:00,27.22,75,3.576,83,0,1009,0
2026-04-10,21:00,27.22,76,3.129,84,0,1010,0
2026-04-10,22:00,27.22,77,3.129,84,0,1010,0
2026-04-10,23:00,27.22,79,3.129,84,0,1010,0
2026-04-11,00:00,27.22,80,3.129,81,0,1010,0
2026-04-11,01:00,27.22,80,3.129,81,0,1009,0
2026-04-11,02:00,27.22,79,3.129,81,0,1009,0
2026-04-11,03:00,27.22,81,2.682,84,0,1008,0
2026-04-11,04:00,27.22,81,3.129,85,0,1008,0
2026-04-11,05:00,27.22,81,2.682,86,0,1008,0
2026-04-11,06:00,27.22,81,2.682,87,0,1008,0
2026-04-11,07:00,27.22,79,3.129,82,0,1009,0
2026-04-11,08:00,27.78,76,3.576,81,0,1009,0
2026-04-11,09:00,28.33,75,3.576,78,0,1009,0
2026-04-11,10:00,28.33,74,3.576,77,0,1010,0
2026-04-11,11:00,28.89,74,3.576,76,0,1009,0
2026-04-11,12:00,28.89,74,3.576,75,0,1009,0
2026-04-11,13:00,28.89,75,3.576,75,0,1008,0
2026-04-11,14:00,29.44,74,3.576,74,0,1007,0
2026-04-11,15:00,29.44,76,3.576,73,0,1007,0
2026-04-11,16:00,28.89,75,3.576,75,0,1007,0
2026-04-11,17:00,28.89,76,3.576,77,0,1007,0
2026-04-11,18:00,28.33,77,3.576,80,0,1007,0
2026-04-11,19:00,28.33,77,4.023,80,0,1007,0
2026-04-11,20:00,27.78,75,3.576,78,0,1008,0
2026-04-11,21:00,27.78,75,3.576,81,0,1009,0
2026-04-11,22:00,27.78,78,3.576,79,0,1009,0
2026-04-11,23:00,27.78,80,3.576,80,0,1009,0
2026-04-12,00:00,27.78,80,3.576,83,0,1008,0
2026-04-12,01:00,27.78,79,3.576,83,0,1008,0
2026-04-12,02:00,27.78,82,3.129,75,0,1007,0
2026-04-12,03:00,26.11,86,3.576,86,0,1007,1
2026-04-12,04:00,27.22,80,3.576,82,0,1007,0
2026-04-12,05:00,27.22,78,3.129,79,0,1007,0
2026-04-12,06:00,27.78,80,2.682,74,0,1007,0
2026-04-12,07:00,27.78,81,2.682,76,0,1007,0
2026-04-12,08:00,27.22,81,3.576,74,0,1008,0
2026-04-12,09:00,27.22,85,3.129,79,0,1008,0
2026-04-12,10:00,27.78,79,3.576,78,0,1008,0
2026-04-12,11:00,28.33,73,4.023,78,0,1008,0
2026-04-12,12:00,28.89,73,4.023,75,0,1008,0
2026-04-12,13:00,28.89,71,3.576,70,0,1007,0
2026-04-12,14:00,29.44,72,3.129,68,0,1006,0
2026-04-12,15:00,28.89,73,3.576,70,0,1005,0
2026-04-12,16:00,28.89,73,3.576,69,0,1005,0
2026-04-12,17:00,28.33,74,3.576,71,0,1005,0
2026-04-12,18:00,28.33,76,3.129,69,0,1005,0
2026-04-12,19:00,27.78,82,3.576,70,0,1006,0
2026-04-12,20:00,27.78,80,3.576,69,0,1006,0
2026-04-12,21:00,27.78,81,3.129,66,0,1006,0
2026-04-12,22:00,27.78,82,2.682,65,0,1007,0
2026-04-12,23:00,27.78,83,3.129,67,0,1006,0
2026-04-13,00:00,27.78,90,2.682,58,0,1006,1
2026-04-13,01:00,26.67,90,3.129,72,0,1005,0
2026-04-13,02:00,27.22,88,3.129,71,0,1005,0
2026-04-13,03:00,27.22,88,3.576,71,0,1004,0
2026-04-13,04:00,27.22,87,3.129,72,0,1003,1
2026-04-13,05:00,27.78,85,3.576,69,0,1003,0
2026-04-13,06:00,27.78,85,4.023,73,0,1004,0
2026-04-13,07:00,26.67,89,4.023,72,0,1004,4
2026-04-13,08:00,27.78,85,3.576,67,0,1004,0
2026-04-13,09:00,28.33,84,4.023,64,0,1004,0
2026-04-13,10:00,28.89,83,3.576,61,0,1004,0
2026-04-13,11:00,28.33,84,3.576,63,0,1004,0
2026-04-13,12:00,28.89,82,3.576,66,0,1003,0
2026-04-13,13:00,28.89,83,3.576,61,0,1002,0
2026-04-13,14:00,28.89,85,3.129,53,0,1001,0
2026-04-13,15:00,28.33,84,4.023,57,0,1000,0
2026-04-13,16:00,27.78,90,4.917,68,0,999.3,1
2026-04-13,17:00,27.78,85,4.917,68,0,999.3,0
2026-04-13,18:00,28.33,85,5.364,69,0,999.3,0
2026-04-13,19:00,27.78,87,4.917,64,0,999.3,1
2026-04-13,21:00,27.78,87,4.47,61,0,999.3,0
2026-04-13,22:00,27.22,88,5.364,70,0,999.7,1
2026-04-13,23:00,27.22,87,6.259,72,0,998.6,0
2026-04-14,00:00,27.78,87,4.47,59,0,997.6,1
2026-04-14,01:00,26.67,94,5.364,60,0,996.3,12
2026-04-14,03:00,26.67,92,5.812,60,0,993.6,4
2026-04-14,04:00,26.67,93,4.917,46,0,992.2,4
2026-04-14,05:00,26.11,96,4.917,36,0,991.2,16
2026-04-14,06:00,26.11,94,5.364,13,0,989.8,2
2026-04-14,07:00,26.11,95,4.917,29,0,988.8,7
2026-04-14,08:00,26.67,95,4.917,37,0,987.8,14
2026-04-14,09:00,26.67,95,5.812,21,0,986.5,6
2026-04-14,10:00,26.67,95,7.153,53,0,985.1,8
2026-04-14,11:00,26.67,95,6.706,50,0,982.4,9
2026-04-14,12:00,26.67,95,7.6,47,0,980,6
2026-04-14,13:00,26.11,96,7.153,42,0,976.6,11
2026-04-14,14:00,26.11,97,7.153,45,0,973.3,14
2026-04-14,15:00,26.67,97,8.047,49,0,969.5,7
2026-04-14,16:00,26.11,98,9.835,55,0,967.5,3
2026-04-14,17:00,26.11,98,11.18,56,1,965.8,1
2026-04-14,18:00,26.11,99,11.18,53,1,963.8,0
2026-04-14,19:00,26.11,98,11.18,55,0,962.8,0
2026-04-14,20:00,26.11,99,12.07,52,0,959.7,0
2026-04-14,21:00,26.11,99,13.41,50,0,955.3,0
2026-04-14,22:00,25.56,100,16.54,52,0,949.2,0
2026-04-14,23:00,25.56,99,21.46,65,0,939.4,1
2026-04-15,00:00,26.11,99,18.33,81,0,932.3,0
2026-04-15,01:00,26.11,99,14.75,105,0,927.9,0
2026-04-15,02:00,26.67,94,12.52,128,0,929.2,1
2026-04-15,03:00,26.67,95,15.2,148,0,933,0
2026-04-15,04:00,25.56,99,17.43,147,0,935.3,0
2026-04-15,05:00,25.56,100,18.78,153,0,935.3,0
2026-04-15,06:00,25.56,100,16.54,169,0,936.7,0